abacelamento	ɐbɐsɨlɐmẽtu	ɐbɐselɐmẽntu	ɐbɐs[ɨ]lɐmẽtu[]	ɐbɐs[e]lɐmẽnt[u]	0
abaetado	ɐbɐetadu	ɐbɐɨtadu	ɐbɐ[e]tadu	ɐbɐ[ɨ]tadu	0
abaetar	ɐbɐetar	ɐbɐɨtar	ɐbɐ[e]tar	ɐbɐ[ɨ]tar	0
abalienado	ɐbɐljenadu	ɐbɐliɨnadu	ɐbɐlj[e]nadu	ɐbɐli[ɨ]nadu	0
abarretinar	ɐbɐʀɨtinar	ɐbɐʀetinar	ɐbɐʀ[ɨ]tinar	ɐbɐʀ[e]tinar	0
abastecedor	ɐbɐʃtɨsɨdor	ɐbɐʃtesɨdor	ɐbɐʃt[ɨ]sɨdor	ɐbɐʃt[e]sɨdor	0
abastecimento	ɐbɐʃtɨsimẽtu	ɐbɐʃtesimẽntu	ɐbɐʃt[ɨ]simẽtu[]	ɐbɐʃt[e]simẽnt[u]	0
abeberação	ɐbɨbɨrɐsɐ̃w̃	ɐbɨberɐsɐ̃w̃	ɐbɨb[ɨ]rɐsɐ̃w̃	ɐbɨb[e]rɐsɐ̃w̃	0
abetarda-pequena	ɐbɨtardɐpɨkenɐ	ɐbɨtardɐpekenɐ	ɐbɨtardɐp[ɨ]kenɐ	ɐbɨtardɐp[e]kenɐ	0
abóbeda	ɐbɔbedɐ	ɐbɔbɨdɐ	ɐbɔb[e]dɐ	ɐbɔb[ɨ]dɐ	0
abóbora-menina	ɐbɔburɐmɨninɐ	ɐbɔburɐmeninɐ	ɐbɔburɐm[ɨ]ninɐ	ɐbɔburɐm[e]ninɐ	0
aboletador	ɐbulɨtɐdor	ɐbuletɐdor	ɐbul[ɨ]tɐdor	ɐbul[e]tɐdor	0
aboletamento	ɐbulɨtɐmẽtu	ɐbuletɐmẽntu	ɐbul[ɨ]tɐmẽtu[]	ɐbul[e]tɐmẽnt[u]	0
aborrecedor	ɐbuʀɨsɨdor	ɐbuʀesɨdor	ɐbuʀ[ɨ]sɨdor	ɐbuʀ[e]sɨdor	0
aborrecimento	ɐbuʀɨsimẽtu	ɐbuʀesimẽntu	ɐbuʀ[ɨ]simẽtu[]	ɐbuʀ[e]simẽnt[u]	0
abotequinar	ɐbutɨkinar	ɐbutekinar	ɐbut[ɨ]kinar	ɐbut[e]kinar	0
aburguesamento	ɐburɡɨzɐmẽtu	ɐburɡezɐmẽntu	ɐburɡ[ɨ]zɐmẽtu[]	ɐburɡ[e]zɐmẽnt[u]	0
acafelador	ɐkɐfɨlɐdor	ɐkɐfelɐdor	ɐkɐf[ɨ]lɐdor	ɐkɐf[e]lɐdor	0
acafelamento	ɐkɐfɨlɐmẽtu	ɐkɐfelɐmẽntu	ɐkɐf[ɨ]lɐmẽtu[]	ɐkɐf[e]lɐmẽnt[u]	0
acairelador	ɐkajrɨlɐdor	ɐkajrelɐdor	ɐkajr[ɨ]lɐdor	ɐkajr[e]lɐdor	0
acairelamento	ɐkajrɨlɐmẽtu	ɐkajrelɐmẽntu	ɐkajr[ɨ]lɐmẽtu[]	ɐkajr[e]lɐmẽnt[u]	0
acaneladura	ɐkɐnɨlɐdurɐ	ɐkɐnelɐdurɐ	ɐkɐn[ɨ]lɐdurɐ	ɐkɐn[e]lɐdurɐ	0
acarretador	ɐkɐʀɨtɐdor	ɐkɐʀetɐdor	ɐkɐʀ[ɨ]tɐdor	ɐkɐʀ[e]tɐdor	0
acarretamento	ɐkɐʀɨtɐmẽtu	ɐkɐʀetɐmẽntu	ɐkɐʀ[ɨ]tɐmẽtu[]	ɐkɐʀ[e]tɐmẽnt[u]	0
acastelamento	ɐkɐʃtɨlɐmẽtu	ɐkɐʃtelɐmẽntu	ɐkɐʃt[ɨ]lɐmẽtu[]	ɐkɐʃt[e]lɐmẽnt[u]	0
acastelhanado	ɐkɐʃtɨʎɐnadu	ɐkɐʃteʎɐnadu	ɐkɐʃt[ɨ]ʎɐnadu	ɐkɐʃt[e]ʎɐnadu	0
acastelhanar	ɐkɐʃtɨʎɐnar	ɐkɐʃteʎɐnar	ɐkɐʃt[ɨ]ʎɐnar	ɐkɐʃt[e]ʎɐnar	0
aceleração	ɐsɨlɨrɐsɐ̃w̃	ɐsɨlerɐsɐ̃w̃	ɐsɨl[ɨ]rɐsɐ̃w̃	ɐsɨl[e]rɐsɐ̃w̃	0
aceleradela	ɐsɨlɨrɐdɛlɐ	ɐsɨlerɐdɛlɐ	ɐsɨl[ɨ]rɐdɛlɐ	ɐsɨl[e]rɐdɛlɐ	0
acelerador	ɐsɨlɨrɐdor	ɐsɨlerɐdor	ɐsɨl[ɨ]rɐdor	ɐsɨl[e]rɐdor	0
aceleramento	ɐsɨlɨrɐmẽtu	ɐsɨlerɐmẽntu	ɐsɨl[ɨ]rɐmẽtu[]	ɐsɨl[e]rɐmẽnt[u]	0
aceleratriz	ɐsɨlɨrɐtriʃ	ɐsɨlerɐtriʃ	ɐsɨl[ɨ]rɐtriʃ	ɐsɨl[e]rɐtriʃ	0
acerbofobia	ɐserbɔfubiɐ	ɐsɨrbufubiɐ	ɐs[e]rb[ɔ]fubiɐ	ɐs[ɨ]rb[u]fubiɐ	0
acoirelamento	ɐkojrɨlɐmẽtu	ɐkojrelɐmẽntu	ɐkojr[ɨ]lɐmẽtu[]	ɐkojr[e]lɐmẽnt[u]	0
acometedor	ɐkumɨtɨdor	ɐkumetɨdor	ɐkum[ɨ]tɨdor	ɐkum[e]tɨdor	0
acometimento	ɐkumɨtimẽtu	ɐkumetimẽntu	ɐkum[ɨ]timẽtu[]	ɐkum[e]timẽnt[u]	0
acourelamento	ɐkowrɨlɐmẽtu	ɐkowrelɐmẽntu	ɐkowr[ɨ]lɐmẽtu[]	ɐkowr[e]lɐmẽnt[u]	0
adenalgia	ɐdenaɫʒiɐ	ɐdɨnaɫʒiɐ	ɐd[e]naɫʒiɐ	ɐd[ɨ]naɫʒiɐ	0
adenocancro	ɐdenɔkɐ̃kru	ɐdɨnukɐ̃nkru	ɐd[e]n[ɔ]kɐ̃[]kru	ɐd[ɨ]n[u]kɐ̃[n]kru	0
adenocarcinoma	ɐdenɔkɐrsinomɐ	ɐdɨnukɐrsinomɐ	ɐd[e]n[ɔ]kɐrsinomɐ	ɐd[ɨ]n[u]kɐrsinomɐ	0
adenodinia	ɐdenɔdiniɐ	ɐdɨnudiniɐ	ɐd[e]n[ɔ]diniɐ	ɐd[ɨ]n[u]diniɐ	0
adenoipófise	ɐdenɔipɔfizɨ	ɐdɨnojpɔfizɨ	ɐd[e]nɔ[i]pɔfizɨ	ɐd[ɨ]no[j]pɔfizɨ	0
adenoipofisiário	ɐdenɔipɔfizjarju	ɐdɨnojpufiziarju	ɐd[e]nɔ[i]p[ɔ]fiz[j]arju	ɐd[ɨ]no[j]p[u]fiz[i]arju	0
adenomegalia	ɐdenɔmɨɡɐliɐ	ɐdɨnumɨɡɐliɐ	ɐd[e]n[ɔ]mɨɡɐliɐ	ɐd[ɨ]n[u]mɨɡɐliɐ	0
adoestar	ɐdweʃtar	ɐduɨʃtar	ɐdw[e]ʃtar	ɐdu[ɨ]ʃtar	0
adormecedor	ɐdurmɨsɨdor	ɐdurmesɨdor	ɐdurm[ɨ]sɨdor	ɐdurm[e]sɨdor	0
adormecimento	ɐdurmɨsimẽtu	ɐdurmesimẽntu	ɐdurm[ɨ]simẽtu[]	ɐdurm[e]simẽnt[u]	0
adrenocorticotrofina	ɐdrenɔkɔrtikɔtrufinɐ	ɐdrɨnukurtikutrufinɐ	ɐdr[e]n[ɔ]k[ɔ]rtik[ɔ]trufinɐ	ɐdr[ɨ]n[u]k[u]rtik[u]trufinɐ	0
adulteração	ɐduɫtɨrɐsɐ̃w̃	ɐduɫterɐsɐ̃w̃	ɐduɫt[ɨ]rɐsɐ̃w̃	ɐduɫt[e]rɐsɐ̃w̃	0
adulterador	ɐduɫtɨrɐdor	ɐduɫterɐdor	ɐduɫt[ɨ]rɐdor	ɐduɫt[e]rɐdor	0
adulterinidade	ɐduɫtɨrinidadɨ	ɐduɫterinidadɨ	ɐduɫt[ɨ]rinidadɨ	ɐduɫt[e]rinidadɨ	0
aferretoar	ɐfɨʀɨtwar	ɐfɨʀetuar	ɐfɨʀ[ɨ]t[w]ar	ɐfɨʀ[e]t[u]ar	0
aglomeração	ɐɡlumɨrɐsɐ̃w̃	ɐɡlumerɐsɐ̃w̃	ɐɡlum[ɨ]rɐsɐ̃w̃	ɐɡlum[e]rɐsɐ̃w̃	0
água-pesada	aɡwɐpɨzadɐ	aɡwɐpezadɐ	aɡwɐp[ɨ]zadɐ	aɡwɐp[e]zadɐ	0
ajaezar	ɐʒɐezar	ɐʒɐɨzar	ɐʒɐ[e]zar	ɐʒɐ[ɨ]zar	0
ajoelhação	ɐʒwɨʎɐsɐ̃w̃	ɐʒueʎɐsɐ̃w̃	ɐʒw[ɨ]ʎɐsɐ̃w̃	ɐʒu[e]ʎɐsɐ̃w̃	0
alce	aɫsɨ	aɫse	aɫs[ɨ]	aɫs[e]	0
alfabetação	aɫfɐbɨtɐsɐ̃w̃	aɫfɐbetɐsɐ̃w̃	aɫfɐb[ɨ]tɐsɐ̃w̃	aɫfɐb[e]tɐsɐ̃w̃	0
alfabetador	aɫfɐbɨtɐdor	aɫfɐbetɐdor	aɫfɐb[ɨ]tɐdor	aɫfɐb[e]tɐdor	0
alfabetização	aɫfɐbɨtizɐsɐ̃w̃	aɫfɐbetizɐsɐ̃w̃	aɫfɐb[ɨ]tizɐsɐ̃w̃	aɫfɐb[e]tizɐsɐ̃w̃	0
alfabetizado	aɫfɐbɨtizadu	aɫfɐbetizadu	aɫfɐb[ɨ]tizadu	aɫfɐb[e]tizadu	0
alfabetizar	aɫfɐbɨtizar	aɫfɐbetizar	aɫfɐb[ɨ]tizar	aɫfɐb[e]tizar	0
alface-repolhuda	aɫfasɨʀɨpuʎudɐ	aɫfasɨʀepuʎudɐ	aɫfasɨʀ[ɨ]puʎudɐ	aɫfasɨʀ[e]puʎudɐ	0
alfarge	aɫfarʒe	aɫfarʒɨ	aɫfarʒ[e]	aɫfarʒ[ɨ]	0
alfarreceptor	aɫfɐʀɨsɛptor	aɫfɐʀesɨptor	aɫfɐʀ[ɨ]s[ɛ]ptor	aɫfɐʀ[e]s[ɨ]ptor	0
alfarrecetor	aɫfɐʀɨsɛtor	aɫfɐʀesɨtor	aɫfɐʀ[ɨ]s[ɛ]tor	aɫfɐʀ[e]s[ɨ]tor	0
alfaterapia	aɫfɐtɨrɐpiɐ	aɫfɐterɐpiɐ	aɫfɐt[ɨ]rɐpiɐ	aɫfɐt[e]rɐpiɐ	0
alfinetear	aɫfinɨtjar	aɫfinetiar	aɫfin[ɨ]t[j]ar	aɫfin[e]t[i]ar	0
alicercear	ɐlisɨrsjar	ɐlisersiar	ɐlis[ɨ]rs[j]ar	ɐlis[e]rs[i]ar	0
alienado	ɐljenadu	ɐliɨnadu	ɐlj[e]nadu	ɐli[ɨ]nadu	0
alienante	ɐljenɐ̃tɨ	ɐliɨnɐ̃ntɨ	ɐlj[e]nɐ̃[]tɨ	ɐli[ɨ]nɐ̃[n]tɨ	0
alienar	ɐljenar	ɐliɨnar	ɐlj[e]nar	ɐli[ɨ]nar	0
alienável	ɐljenavɛɫ	ɐliɨnavɛɫ	ɐlj[e]navɛɫ	ɐli[ɨ]navɛɫ	0
alienígena	ɐljeniʒɨnɐ	ɐliɨniʒɨnɐ	ɐlj[e]niʒɨnɐ	ɐli[ɨ]niʒɨnɐ	0
alienístico	ɐljeniʃtiku	ɐliɨniʃtiku	ɐlj[e]niʃtiku	ɐli[ɨ]niʃtiku	0
aliteração	ɐlitɨrɐsɐ̃w̃	ɐliterɐsɐ̃w̃	ɐlit[ɨ]rɐsɐ̃w̃	ɐlit[e]rɐsɐ̃w̃	0
aliteratado	ɐlitɨrɐtadu	ɐliterɐtadu	ɐlit[ɨ]rɐtadu	ɐlit[e]rɐtadu	0
almocrevaria	aɫmukrɨvɐriɐ	aɫmukrevɐriɐ	aɫmukr[ɨ]vɐriɐ	aɫmukr[e]vɐriɐ	0
alpes	aɫpɨʃ	aɫpeʃ	aɫp[ɨ]ʃ	aɫp[e]ʃ	0
amadurecimento	ɐmɐdurɨsimẽtu	ɐmɐduresimẽntu	ɐmɐdur[ɨ]simẽtu[]	ɐmɐdur[e]simẽnt[u]	0
amanequinar	ɐmɐnɨkinar	ɐmɐnekinar	ɐmɐn[ɨ]kinar	ɐmɐn[e]kinar	0
amarelecimento	ɐmɐrɨlɨsimẽtu	ɐmɐrɨlesimẽntu	ɐmɐrɨl[ɨ]simẽtu[]	ɐmɐrɨl[e]simẽnt[u]	0
amebiforme	ɐmɨbifɔrmɨ	ɐmebifɔrmɨ	ɐm[ɨ]bifɔrmɨ	ɐm[e]bifɔrmɨ	0
amedalhar	ɐmɨdɐʎar	ɐmedɐʎar	ɐm[ɨ]dɐʎar	ɐm[e]dɐʎar	0
amedarense	ɐmɨdɐrẽsɨ	ɐmedɐrẽnsɨ	ɐm[ɨ]dɐrẽsɨ[]	ɐm[e]dɐrẽns[ɨ]	0
amedrontado	ɐmɨdrõtadu	ɐmedrõntadu	ɐm[ɨ]drõtadu[]	ɐm[e]drõntad[u]	0
amedrontador	ɐmɨdrõtɐdor	ɐmedrõntɐdor	ɐm[ɨ]drõtɐdor[]	ɐm[e]drõntɐdo[r]	0
amedrontamento	ɐmɨdrõtɐmẽtu	ɐmedrõntɐmẽntu	ɐm[ɨ]drõtɐmẽtu[]	ɐm[e]drõntɐmẽnt[u]	0
amedrontar	ɐmɨdrõtar	ɐmedrõntar	ɐm[ɨ]drõtar[]	ɐm[e]drõnta[r]	0
amelaçar	ɐmɨlɐsar	ɐmelɐsar	ɐm[ɨ]lɐsar	ɐm[e]lɐsar	0
ameloado	ɐmɨlwadu	ɐmeluadu	ɐm[ɨ]l[w]adu	ɐm[e]l[u]adu	0
amelopia	ɐmɨlupiɐ	ɐmelupiɐ	ɐm[ɨ]lupiɐ	ɐm[e]lupiɐ	0
amenidade	ɐmɨnidadɨ	ɐmenidadɨ	ɐm[ɨ]nidadɨ	ɐm[e]nidadɨ	0
ameninado	ɐmɨninadu	ɐmeninadu	ɐm[ɨ]ninadu	ɐm[e]ninadu	0
ameninar	ɐmɨninar	ɐmeninar	ɐm[ɨ]ninar	ɐm[e]ninar	0
amenizador	ɐmɨnizɐdor	ɐmenizɐdor	ɐm[ɨ]nizɐdor	ɐm[e]nizɐdor	0
amenizar	ɐmɨnizar	ɐmenizar	ɐm[ɨ]nizar	ɐm[e]nizar	0
amenizável	ɐmɨnizavɛɫ	ɐmenizavɛɫ	ɐm[ɨ]nizavɛɫ	ɐm[e]nizavɛɫ	0
amenorreia	ɐmɨnuʀɐjɐ	ɐmenuʀɛjɐ	ɐm[ɨ]nuʀ[ɐ]jɐ	ɐm[e]nuʀ[ɛ]jɐ	0
amenorréia	ɐmɨnuʀɐjɐ	ɐmenuʀɛjɐ	ɐm[ɨ]nuʀ[ɐ]jɐ	ɐm[e]nuʀ[ɛ]jɐ	0
amenorreico	ɐmɨnuʀɐjku	ɐmenuʀɐjku	ɐm[ɨ]nuʀɐjku	ɐm[e]nuʀɐjku	0
amenorréico	ɐmɨnuʀɐjku	ɐmenuʀɛjku	ɐm[ɨ]nuʀ[ɐ]jku	ɐm[e]nuʀ[ɛ]jku	0
amerceador	ɐmɨrsjɐdor	ɐmersiɐdor	ɐm[ɨ]rs[j]ɐdor	ɐm[e]rs[i]ɐdor	0
amerceamento	ɐmɨrsjɐmẽtu	ɐmersiɐmẽntu	ɐm[ɨ]rs[j]ɐmẽtu[]	ɐm[e]rs[i]ɐmẽnt[u]	0
amercear	ɐmɨrsjar	ɐmersiar	ɐm[ɨ]rs[j]ar	ɐm[e]rs[i]ar	0
amerceável	ɐmɨrsjavɛɫ	ɐmersɨavɛɫ	ɐm[ɨ]rs[j]avɛɫ	ɐm[e]rs[ɨ]avɛɫ	0
americana	ɐmɨrikɐnɐ	ɐmerikɐ̃nɐ	ɐm[ɨ]rikɐ[]nɐ	ɐm[e]rikɐ[̃]nɐ	0
americanada	ɐmɨrikɐnadɐ	ɐmerikɐnadɐ	ɐm[ɨ]rikɐnadɐ	ɐm[e]rikɐnadɐ	0
americanice	ɐmɨrikɐnisɨ	ɐmerikɐnisɨ	ɐm[ɨ]rikɐnisɨ	ɐm[e]rikɐnisɨ	0
americanite	ɐmɨrikɐnitɨ	ɐmerikɐnitɨ	ɐm[ɨ]rikɐnitɨ	ɐm[e]rikɐnitɨ	0
americanização	ɐmɨrikɐnizɐsɐ̃w̃	ɐmerikɐnizɐsɐ̃w̃	ɐm[ɨ]rikɐnizɐsɐ̃w̃	ɐm[e]rikɐnizɐsɐ̃w̃	0
americanizar	ɐmɨrikɐnizar	ɐmerikɐnizar	ɐm[ɨ]rikɐnizar	ɐm[e]rikɐnizar	0
americano	ɐmɨrikɐnu	ɐmerikɐ̃nu	ɐm[ɨ]rikɐ[]nu	ɐm[e]rikɐ[̃]nu	0
americanófilo	ɐmɨrikɐnɔfilu	ɐmerikɐnɔfilu	ɐm[ɨ]rikɐnɔfilu	ɐm[e]rikɐnɔfilu	0
americanófobo	ɐmɨrikɐnɔfubu	ɐmerikɐnɔfubu	ɐm[ɨ]rikɐnɔfubu	ɐm[e]rikɐnɔfubu	0
amerissar	ɐmɨrisar	ɐmerisar	ɐm[ɨ]risar	ɐm[e]risar	0
amerujar	ɐmɨruʒar	ɐmeruʒar	ɐm[ɨ]ruʒar	ɐm[e]ruʒar	0
amesendar	ɐmɨzẽdar	ɐmezẽndar	ɐm[ɨ]zẽdar[]	ɐm[e]zẽnda[r]	0
amesquinhador	ɐmɨʃkiɲɐdor	ɐmeʃkiɲɐdor	ɐm[ɨ]ʃkiɲɐdor	ɐm[e]ʃkiɲɐdor	0
amesquinhamento	ɐmɨʃkiɲɐmẽtu	ɐmeʃkiɲɐmẽntu	ɐm[ɨ]ʃkiɲɐmẽtu[]	ɐm[e]ʃkiɲɐmẽnt[u]	0
amesquinhar	ɐmɨʃkiɲar	ɐmeʃkiɲar	ɐm[ɨ]ʃkiɲar	ɐm[e]ʃkiɲar	0
amesterdamês	ɐmɨʃtɛrdɐmeʃ	ɐmeʃtɨrdɐ̃meʃ	ɐm[ɨ]ʃt[ɛ]rdɐ[]meʃ	ɐm[e]ʃt[ɨ]rdɐ[̃]meʃ	0
amestratino	ɐmɨʃtrɐtinu	ɐmeʃtrɐtinu	ɐm[ɨ]ʃtrɐtinu	ɐm[e]ʃtrɐtinu	0
ametabólico	ɐmɨtɐbɔliku	ɐmetɐbɔliku	ɐm[ɨ]tɐbɔliku	ɐm[e]tɐbɔliku	0
ametalar	ɐmɨtɐlar	ɐmetɐlar	ɐm[ɨ]tɐlar	ɐm[e]tɐlar	0
amor-perfeito	ɐmorpɨrfɐjtu	ɐmorperfɐjtu	ɐmorp[ɨ]rfɐjtu	ɐmorp[e]rfɐjtu	0
anediar	ɐnɨdjar	ɐnediar	ɐn[ɨ]d[j]ar	ɐn[e]d[i]ar	0
anedonia	ɐnɨduniɐ	ɐneduniɐ	ɐn[ɨ]duniɐ	ɐn[e]duniɐ	0
anedotário	ɐnɨdutarju	ɐnedutarju	ɐn[ɨ]dutarju	ɐn[e]dutarju	0
anedotista	ɐnɨdutiʃtɐ	ɐnedutiʃtɐ	ɐn[ɨ]dutiʃtɐ	ɐn[e]dutiʃtɐ	0
anedotizar	ɐnɨdutizar	ɐnedutizar	ɐn[ɨ]dutizar	ɐn[e]dutizar	0
anedotomania	ɐnɨdɔtɔmɐniɐ	ɐnedutumɐniɐ	ɐn[ɨ]d[ɔ]t[ɔ]mɐniɐ	ɐn[e]d[u]t[u]mɐniɐ	0
anegralhado	ɐnɨɡrɐʎadu	ɐneɡrɐʎadu	ɐn[ɨ]ɡrɐʎadu	ɐn[e]ɡrɐʎadu	0
anegrejar	ɐnɨɡrɨʒar	ɐneɡrɨʒar	ɐn[ɨ]ɡrɨʒar	ɐn[e]ɡrɨʒar	0
anegriscado	ɐnɨɡriʃkadu	ɐneɡriʃkadu	ɐn[ɨ]ɡriʃkadu	ɐn[e]ɡriʃkadu	0
aneladura	ɐnɨlɐdurɐ	ɐnelɐdurɐ	ɐn[ɨ]lɐdurɐ	ɐn[e]lɐdurɐ	0
anemiante	ɐnɨmjɐ̃tɨ	ɐnemiɐ̃ntɨ	ɐn[ɨ]m[j]ɐ̃[]tɨ	ɐn[e]m[i]ɐ̃[n]tɨ	0
anemiar	ɐnɨmjar	ɐnemiar	ɐn[ɨ]m[j]ar	ɐn[e]m[i]ar	0
anemizante	ɐnɨmizɐ̃tɨ	ɐnemizɐ̃ntɨ	ɐn[ɨ]mizɐ̃[]tɨ	ɐn[e]mizɐ̃[n]tɨ	0
anemizar	ɐnɨmizar	ɐnemizar	ɐn[ɨ]mizar	ɐn[e]mizar	0
anemofilia	ɐnɨmɔfiliɐ	ɐnemufiliɐ	ɐn[ɨ]m[ɔ]filiɐ	ɐn[e]m[u]filiɐ	0
anemofobia	ɐnɨmɔfubiɐ	ɐnemufubiɐ	ɐn[ɨ]m[ɔ]fubiɐ	ɐn[e]m[u]fubiɐ	0
anemografia	ɐnɨmɔɡrɐfiɐ	ɐnemuɡrɐfiɐ	ɐn[ɨ]m[ɔ]ɡrɐfiɐ	ɐn[e]m[u]ɡrɐfiɐ	0
anemográfico	ɐnɨmuɡrafiku	ɐnemuɡrafiku	ɐn[ɨ]muɡrafiku	ɐn[e]muɡrafiku	0
anemograma	ɐnɨmɔɡrɐmɐ	ɐnemuɡrɐ̃mɐ	ɐn[ɨ]m[ɔ]ɡrɐ[]mɐ	ɐn[e]m[u]ɡrɐ[̃]mɐ	0
anemologia	ɐnɨmuluʒiɐ	ɐnemuluʒiɐ	ɐn[ɨ]muluʒiɐ	ɐn[e]muluʒiɐ	0
anemológico	ɐnɨmulɔʒiku	ɐnemulɔʒiku	ɐn[ɨ]mulɔʒiku	ɐn[e]mulɔʒiku	0
anemometria	ɐnɨmɔmɨtriɐ	ɐnemumɨtriɐ	ɐn[ɨ]m[ɔ]mɨtriɐ	ɐn[e]m[u]mɨtriɐ	0
anemométrico	ɐnɨmumɛtriku	ɐnemumɛtriku	ɐn[ɨ]mumɛtriku	ɐn[e]mumɛtriku	0
anemometrógrafo	ɐnɨmɔmɨtrɔɡrɐfu	ɐnemumɨtrɔɡrɐfu	ɐn[ɨ]m[ɔ]mɨtrɔɡrɐfu	ɐn[e]m[u]mɨtrɔɡrɐfu	0
anemopluviógrafo	ɐnɨmɔpluvjɔɡrɐfu	ɐnemupluviɔɡrɐfu	ɐn[ɨ]m[ɔ]pluv[j]ɔɡrɐfu	ɐn[e]m[u]pluv[i]ɔɡrɐfu	0
anemoscopia	ɐnɨmɔʃkupiɐ	ɐnemuʃkupiɐ	ɐn[ɨ]m[ɔ]ʃkupiɐ	ɐn[e]m[u]ʃkupiɐ	0
anemoscópico	ɐnɨmuʃkɔpiku	ɐnemuʃkɔpiku	ɐn[ɨ]muʃkɔpiku	ɐn[e]muʃkɔpiku	0
anemoscópio	ɐnɨmɔʃkɔpju	ɐnemuʃkɔpju	ɐn[ɨ]m[ɔ]ʃkɔpju	ɐn[e]m[u]ʃkɔpju	0
anemoterapia	ɐnɨmɔtɨrɐpiɐ	ɐnemuterɐpiɐ	ɐn[ɨ]m[ɔ]t[ɨ]rɐpiɐ	ɐn[e]m[u]t[e]rɐpiɐ	0
anemoterápico	ɐnɨmɔtɨrapiku	ɐnemutɨrapiku	ɐn[ɨ]m[ɔ]tɨrapiku	ɐn[e]m[u]tɨrapiku	0
anemotropismo	ɐnɨmɔtrupiʒmu	ɐnemutrupiʒmu	ɐn[ɨ]m[ɔ]trupiʒmu	ɐn[e]m[u]trupiʒmu	0
anepático	ɐnepatiku	ɐnɨpatiku	ɐn[e]patiku	ɐn[ɨ]patiku	0
anepígrafo	ɐnepiɡrɐfu	ɐnɨpiɡrɐfu	ɐn[e]piɡrɐfu	ɐn[ɨ]piɡrɐfu	0
anestesia	ɐnɨʃtɨziɐ	ɐneʃtɨziɐ	ɐn[ɨ]ʃtɨziɐ	ɐn[e]ʃtɨziɐ	0
anestesiante	ɐnɨʃtɨzjɐ̃tɨ	ɐneʃtɨziɐ̃ntɨ	ɐn[ɨ]ʃtɨz[j]ɐ̃[]tɨ	ɐn[e]ʃtɨz[i]ɐ̃[n]tɨ	0
anestesiar	ɐnɨʃtɨzjar	ɐneʃtɨziar	ɐn[ɨ]ʃtɨz[j]ar	ɐn[e]ʃtɨz[i]ar	0
anestesiologia	ɐnɨʃtɨzjuluʒiɐ	ɐneʃtɨziuluʒiɐ	ɐn[ɨ]ʃtɨz[j]uluʒiɐ	ɐn[e]ʃtɨz[i]uluʒiɐ	0
anestesiológico	ɐnɨʃtɨzjulɔʒiku	ɐneʃtɨziulɔʒiku	ɐn[ɨ]ʃtɨz[j]ulɔʒiku	ɐn[e]ʃtɨz[i]ulɔʒiku	0
anestesiologista	ɐnɨʃtɨzjuluʒiʃtɐ	ɐneʃtɨziuluʒiʃtɐ	ɐn[ɨ]ʃtɨz[j]uluʒiʃtɐ	ɐn[e]ʃtɨz[i]uluʒiʃtɐ	0
anestesista	ɐnɨʃtɨziʃtɐ	ɐneʃtɨziʃtɐ	ɐn[ɨ]ʃtɨziʃtɐ	ɐn[e]ʃtɨziʃtɐ	0
apainelamento	ɐpajnɨlɐmẽtu	ɐpajnelɐmẽntu	ɐpajn[ɨ]lɐmẽtu[]	ɐpajn[e]lɐmẽnt[u]	0
aparcelamento	ɐpɐrsɨlɐmẽtu	ɐpɐrselɐmẽntu	ɐpɐrs[ɨ]lɐmẽtu[]	ɐpɐrs[e]lɐmẽnt[u]	0
aparecimento	ɐpɐrɨsimẽtu	ɐpɐresimẽntu	ɐpɐr[ɨ]simẽtu[]	ɐpɐr[e]simẽnt[u]	0
aparelhador	ɐpɐrɨʎɐdor	ɐpɐreʎɐdor	ɐpɐr[ɨ]ʎɐdor	ɐpɐr[e]ʎɐdor	0
aparelhamento	ɐpɐrɨʎɐmẽtu	ɐpɐreʎɐmẽntu	ɐpɐr[ɨ]ʎɐmẽtu[]	ɐpɐr[e]ʎɐmẽnt[u]	0
apedregulhar	ɐpɨdrɨɡuʎar	ɐpɨdreɡuʎar	ɐpɨdr[ɨ]ɡuʎar	ɐpɨdr[e]ɡuʎar	0
apedrejador	ɐpɨdrɨʒɐdor	ɐpɨdreʒɐdor	ɐpɨdr[ɨ]ʒɐdor	ɐpɨdr[e]ʒɐdor	0
apedrejamento	ɐpɨdrɨʒɐmẽtu	ɐpɨdreʒɐmẽntu	ɐpɨdr[ɨ]ʒɐmẽtu[]	ɐpɨdr[e]ʒɐmẽnt[u]	0
apercebimento	ɐpɨrsɨbimẽtu	ɐpɨrsebimẽntu	ɐpɨrs[ɨ]bimẽtu[]	ɐpɨrs[e]bimẽnt[u]	0
apfelstrudel	apfɨɫʃtʀudɨɫ	apfeɫʃtrudeɫ	apf[ɨ]ɫʃt[ʀ]ud[ɨ]ɫ	apf[e]ɫʃt[r]ud[e]ɫ	0
apiterapia	ɐpitɨrɐpiɐ	ɐpiterɐpiɐ	ɐpit[ɨ]rɐpiɐ	ɐpit[e]rɐpiɐ	0
apodrecimento	ɐpudrɨsimẽtu	ɐpudresimẽntu	ɐpudr[ɨ]simẽtu[]	ɐpudr[e]simẽnt[u]	0
apolegadura	ɐpulɨɡɐdurɐ	ɐpuleɡɐdurɐ	ɐpul[ɨ]ɡɐdurɐ	ɐpul[e]ɡɐdurɐ	0
apostemação	ɐpuʃtɨmɐsɐ̃w̃	ɐpuʃtemɐsɐ̃w̃	ɐpuʃt[ɨ]mɐsɐ̃w̃	ɐpuʃt[e]mɐsɐ̃w̃	0
apotecial	ɐputɨsjaɫ	ɐputesiaɫ	ɐput[ɨ]s[j]aɫ	ɐput[e]s[i]aɫ	0
apotegmatismo	ɐputɨɡmɐtiʒmu	ɐputeɡmɐtiʒmu	ɐput[ɨ]ɡmɐtiʒmu	ɐput[e]ɡmɐtiʒmu	0
apotegmatista	ɐputɨɡmɐtiʃtɐ	ɐputeɡmɐtiʃtɐ	ɐput[ɨ]ɡmɐtiʃtɐ	ɐput[e]ɡmɐtiʃtɐ	0
apotegmatístico	ɐputɨɡmɐtiʃtiku	ɐputeɡmɐtiʃtiku	ɐput[ɨ]ɡmɐtiʃtiku	ɐput[e]ɡmɐtiʃtiku	0
aquartelamento	ɐkwɐrtɨlɐmẽtu	ɐkwɐrtelɐmẽntu	ɐkwɐrt[ɨ]lɐmẽtu[]	ɐkwɐrt[e]lɐmẽnt[u]	0
arco-celeste	arkusɨlɛʃtɨ	arkuselɛʃtɨ	arkus[ɨ]lɛʃtɨ	arkus[e]lɛʃtɨ	0
arietino	ɐrjetinu	ɐriɨtinu	ɐrj[e]tinu	ɐri[ɨ]tinu	0
armazenamento	ɐrmɐzɨnɐmẽtu	ɐrmɐzenɐmẽntu	ɐrmɐz[ɨ]nɐmẽtu[]	ɐrmɐz[e]nɐmẽnt[u]	0
arremedador	ɐʀɨmɨdɐdor	ɐʀɨmedɐdor	ɐʀɨm[ɨ]dɐdor	ɐʀɨm[e]dɐdor	0
arremessador	ɐʀɨmɨsɐdor	ɐʀɨmesɐdor	ɐʀɨm[ɨ]sɐdor	ɐʀɨm[e]sɐdor	0
arremessamento	ɐʀɨmɨsɐmẽtu	ɐʀɨmesɐmẽntu	ɐʀɨm[ɨ]sɐmẽtu[]	ɐʀɨm[e]sɐmẽnt[u]	0
arremetedor	ɐʀɨmɨtɨdor	ɐʀɨmetɨdor	ɐʀɨm[ɨ]tɨdor	ɐʀɨm[e]tɨdor	0
arremetimento	ɐʀɨmɨtimẽtu	ɐʀɨmetimẽntu	ɐʀɨm[ɨ]timẽtu[]	ɐʀɨm[e]timẽnt[u]	0
arrenegação	ɐʀɨnɨɡɐsɐ̃w̃	ɐʀɨneɡɐsɐ̃w̃	ɐʀɨn[ɨ]ɡɐsɐ̃w̃	ɐʀɨn[e]ɡɐsɐ̃w̃	0
arrenegador	ɐʀɨnɨɡɐdor	ɐʀɨneɡɐdor	ɐʀɨn[ɨ]ɡɐdor	ɐʀɨn[e]ɡɐdor	0
arrepelação	ɐʀɨpɨlɐsɐ̃w̃	ɐʀɨpelɐsɐ̃w̃	ɐʀɨp[ɨ]lɐsɐ̃w̃	ɐʀɨp[e]lɐsɐ̃w̃	0
arrepeladela	ɐʀɨpɨlɐdɛlɐ	ɐʀɨpelɐdɛlɐ	ɐʀɨp[ɨ]lɐdɛlɐ	ɐʀɨp[e]lɐdɛlɐ	0
arrepelador	ɐʀɨpɨlɐdor	ɐʀɨpelɐdor	ɐʀɨp[ɨ]lɐdor	ɐʀɨp[e]lɐdor	0
arrevesadamente	ɐʀɨvɨzadɐmẽtɨ	ɐʀɨvezɐdɐmẽntɨ	ɐʀɨv[ɨ]z[a]dɐmẽtɨ[]	ɐʀɨv[e]z[ɐ]dɐmẽnt[ɨ]	0
arroz-dos-telhados	ɐʀoʒduʃtɨʎaduʃ	ɐʀoʒduʃteʎaduʃ	ɐʀoʒduʃt[ɨ]ʎaduʃ	ɐʀoʒduʃt[e]ʎaduʃ	0
arte-terapeuta	artɨtɨrɐpewtɐ	artɨterɐpewtɐ	artɨt[ɨ]rɐpewtɐ	artɨt[e]rɐpewtɐ	0
arte-terapia	artɨtɨrɐpiɐ	artɨterɐpiɐ	artɨt[ɨ]rɐpiɐ	artɨt[e]rɐpiɐ	0
árvore-da-preguiça	arvurɨdɐprɨɡisɐ	arvurɨdɐpreɡisɐ	arvurɨdɐpr[ɨ]ɡisɐ	arvurɨdɐpr[e]ɡisɐ	0
assedenhar	ɐsedɨɲar	ɐsɨdɨɲar	ɐs[e]dɨɲar	ɐs[ɨ]dɨɲar	0
assemelhação	ɐsɨmɨʎɐsɐ̃w̃	ɐsɨmeʎɐsɐ̃w̃	ɐsɨm[ɨ]ʎɐsɐ̃w̃	ɐsɨm[e]ʎɐsɐ̃w̃	0
asseveração	ɐsɨvɨrɐsɐ̃w̃	ɐsɨverɐsɐ̃w̃	ɐsɨv[ɨ]rɐsɐ̃w̃	ɐsɨv[e]rɐsɐ̃w̃	0
asseverador	ɐsɨvɨrɐdor	ɐsɨverɐdor	ɐsɨv[ɨ]rɐdor	ɐsɨv[e]rɐdor	0
asseverativo	ɐsɨvɨrɐtivu	ɐsɨverɐtivu	ɐsɨv[ɨ]rɐtivu	ɐsɨv[e]rɐtivu	0
assoberbamento	ɐsubɨrbɐmẽtu	ɐsuberbɐmẽntu	ɐsub[ɨ]rbɐmẽtu[]	ɐsub[e]rbɐmẽnt[u]	0
atafegação	ɐtɐfɨɡɐsɐ̃w̃	ɐtɐfeɡɐsɐ̃w̃	ɐtɐf[ɨ]ɡɐsɐ̃w̃	ɐtɐf[e]ɡɐsɐ̃w̃	0
atravessadeira	ɐtrɐvɨsɐdɐjrɐ	ɐtrɐvesɐdɐjrɐ	ɐtrɐv[ɨ]sɐdɐjrɐ	ɐtrɐv[e]sɐdɐjrɐ	0
atravessadiço	ɐtrɐvɨsɐdisu	ɐtrɐvesɐdisu	ɐtrɐv[ɨ]sɐdisu	ɐtrɐv[e]sɐdisu	0
atravessadoiro	ɐtrɐvɨsɐdojru	ɐtrɐvesɐdojru	ɐtrɐv[ɨ]sɐdojru	ɐtrɐv[e]sɐdojru	0
atravessador	ɐtrɐvɨsɐdor	ɐtrɐvesɐdor	ɐtrɐv[ɨ]sɐdor	ɐtrɐv[e]sɐdor	0
atravessadouro	ɐtrɐvɨsɐdowru	ɐtrɐvesɐdowru	ɐtrɐv[ɨ]sɐdowru	ɐtrɐv[e]sɐdowru	0
atravessamento	ɐtrɐvɨsɐmẽtu	ɐtrɐvesɐmẽntu	ɐtrɐv[ɨ]sɐmẽtu[]	ɐtrɐv[e]sɐmẽnt[u]	0
atropelação	ɐtrupɨlɐsɐ̃w̃	ɐtrupelɐsɐ̃w̃	ɐtrup[ɨ]lɐsɐ̃w̃	ɐtrup[e]lɐsɐ̃w̃	0
atropelador	ɐtrupɨlɐdor	ɐtrupelɐdor	ɐtrup[ɨ]lɐdor	ɐtrup[e]lɐdor	0
atropelamento	ɐtrupɨlɐmẽtu	ɐtrupelɐmẽntu	ɐtrup[ɨ]lɐmẽtu[]	ɐtrup[e]lɐmẽnt[u]	0
atrouxemouxado	ɐtrowʃɨmowʃadu	ɐtrowʃemowʃadu	ɐtrowʃ[ɨ]mowʃadu	ɐtrowʃ[e]mowʃadu	0
auriterapia	awritɨrɐpiɐ	awriterɐpiɐ	awrit[ɨ]rɐpiɐ	awrit[e]rɐpiɐ	0
autemoterapia	awtemɔtɨrɐpiɐ	awtɨmutɨrɐpiɐ	awt[e]m[ɔ]tɨrɐpiɐ	awt[ɨ]m[u]tɨrɐpiɐ	0
autóclise	awtɔklize	awtɔklizɨ	awtɔkliz[e]	awtɔkliz[ɨ]	0
autocomiseração	awtɔkumizɨrɐsɐ̃w̃	awtɔkumizerɐsɐ̃w̃	awtɔkumiz[ɨ]rɐsɐ̃w̃	awtɔkumiz[e]rɐsɐ̃w̃	0
autocomiserativo	awtɔkumizɨrɐtivu	awtɔkumizerɐtivu	awtɔkumiz[ɨ]rɐtivu	awtɔkumiz[e]rɐtivu	0
autodestruição	awtɔdɨʃtrwisɐ̃w̃	awtɔdeʃtruisɐ̃w̃	awtɔd[ɨ]ʃtr[w]isɐ̃w̃	awtɔd[e]ʃtr[u]isɐ̃w̃	0
autodestruir	awtɔdɨʃtruir	awtɔdeʃtruir	awtɔd[ɨ]ʃtruir	awtɔd[e]ʃtruir	0
autodestrutivo	awtɔdɨʃtrutivu	awtɔdeʃtrutivu	awtɔd[ɨ]ʃtrutivu	awtɔd[e]ʃtrutivu	0
autofecundação	awtɔfɨkũdɐsɐ̃w̃	awtɔfekũndɐsɐ̃w̃	awtɔf[ɨ]kũdɐ[s]ɐ̃[w]̃[]	awtɔf[e]kũn[d]ɐs[ɐ]̃w[̃]	0
autofertilização	awtɔfɨrtɨlizɐsɐ̃w̃	awtɔfertilizɐsɐ̃w̃	awtɔf[ɨ]rt[ɨ]lizɐsɐ̃w̃	awtɔf[e]rt[i]lizɐsɐ̃w̃	0
automedicação	awtɔmɨdikɐsɐ̃w̃	awtɔmedikɐsɐ̃w̃	awtɔm[ɨ]dikɐsɐ̃w̃	awtɔm[e]dikɐsɐ̃w̃	0
automedicar	awtɔmɨdikar	awtɔmedikar	awtɔm[ɨ]dikar	awtɔm[e]dikar	0
auto-regulador	awtɔʀɨɡulɐdor	awtɔʀeɡulɐdor	awtɔʀ[ɨ]ɡulɐdor	awtɔʀ[e]ɡulɐdor	0
auto-renovável	awtɔʀɨnuvavɛɫ	awtɔʀenuvavɛɫ	awtɔʀ[ɨ]nuvavɛɫ	awtɔʀ[e]nuvavɛɫ	0
auto-retrato	awtɔʀɨtratu	awtɔʀetratu	awtɔʀ[ɨ]tratu	awtɔʀ[e]tratu	0
autorregulador	awtɔʀɨɡulɐdor	awtɔʀeɡulɐdor	awtɔʀ[ɨ]ɡulɐdor	awtɔʀ[e]ɡulɐdor	0
autorrenovável	awtɔʀɨnuvavɛɫ	awtɔʀenuvavɛɫ	awtɔʀ[ɨ]nuvavɛɫ	awtɔʀ[e]nuvavɛɫ	0
auto-serviço	awtɔsɨrvisu	awtɔservisu	awtɔs[ɨ]rvisu	awtɔs[e]rvisu	0
autoterapia	awtɔtɨrɐpiɐ	awtɔterɐpiɐ	awtɔt[ɨ]rɐpiɐ	awtɔt[e]rɐpiɐ	0
azul-bebê	ɐzuɫbebe	ɐzuɫbɨbe	ɐzuɫb[e]be	ɐzuɫb[ɨ]be	0
azul-celeste	ɐzuɫsɨlɛʃtɨ	ɐzuɫselɛʃtɨ	ɐzuɫs[ɨ]lɛʃtɨ	ɐzuɫs[e]lɛʃtɨ	0
azul-de-metileno	ɐzuɫdɨmɨtilenu	ɐzuɫdɨmetilenu	ɐzuɫdɨm[ɨ]tilenu	ɐzuɫdɨm[e]tilenu	0
azulejador	ɐzulɨʒɐdor	ɐzuleʒɐdor	ɐzul[ɨ]ʒɐdor	ɐzul[e]ʒɐdor	0
azulejaria	ɐzulɨʒɐriɐ	ɐzuleʒɐriɐ	ɐzul[ɨ]ʒɐriɐ	ɐzul[e]ʒɐriɐ	0
azul-ferrete	ɐzuɫfɨʀetɨ	ɐzuɫfeʀetɨ	ɐzuɫf[ɨ]ʀetɨ	ɐzuɫf[e]ʀetɨ	0
baetão	bɐetɐ̃w̃	bɐɨtɐ̃w̃	bɐ[e]tɐ̃w̃	bɐ[ɨ]tɐ̃w̃	0
baetilha	baetiʎɐ	bɐɨtiʎɐ	ba[e]tiʎɐ	bɐ[ɨ]tiʎɐ	0
baixo-relevo	bajʃuʀɨlevu	bajʃuʀelevu	bajʃuʀ[ɨ]levu	bajʃuʀ[e]levu	0
balde	baɫdɨ	baɫde	baɫd[ɨ]	baɫd[e]	0
banezianismo	bɐnɨzjɐniʒmu	bɐneziɐniʒmu	bɐn[ɨ]z[j]ɐniʒmu	bɐn[e]z[i]ɐniʒmu	0
baneziano	bɐnɨzjɐnu	bɐneziɐ̃nu	bɐn[ɨ]z[j]ɐ[]nu	bɐn[e]z[i]ɐ[̃]nu	0
barbecue	barbɨkju	barbekiw	barb[ɨ]kj[u]	barb[e]ki[w]	0
barestesiometria	bɐrɨʃtɨzjɔmɨtriɐ	bɐrɨʃteziumɨtriɐ	bɐrɨʃt[ɨ]zj[ɔ]mɨtriɐ	bɐrɨʃt[e]zi[u]mɨtriɐ	0
barestesiométrico	bɐrɨʃtɨzjɔmɛtriku	bɐrɨʃteziumɛtriku	bɐrɨʃt[ɨ]zj[ɔ]mɛtriku	bɐrɨʃt[e]zi[u]mɛtriku	0
barestesiómetro	bɐrɨʃtɨzjɔmɨtru	bɐrɨʃteziɔmɨtru	bɐrɨʃt[ɨ]z[j]ɔmɨtru	bɐrɨʃt[e]z[i]ɔmɨtru	0
barra-pesada	baʀɐpɨzadɐ	baʀɐpezadɐ	baʀɐp[ɨ]zadɐ	baʀɐp[e]zadɐ	0
batata-semente	bɐtatɐsɨmẽtɨ	bɐtatɐsemẽntɨ	bɐtatɐs[ɨ]mẽtɨ[]	bɐtatɐs[e]mẽnt[ɨ]	0
bebê	bebe	bɨbe	b[e]be	b[ɨ]be	0
bebedeira	bɨbɨdɐjrɐ	bebɨdɐjrɐ	b[ɨ]bɨdɐjrɐ	b[e]bɨdɐjrɐ	0
bebedice	bɨbɨdisɨ	bebɨdisɨ	b[ɨ]bɨdisɨ	b[e]bɨdisɨ	0
bebedoiro	bɨbɨdojru	bebɨdojru	b[ɨ]bɨdojru	b[e]bɨdojru	0
bebedor	bɨbɨdor	bebɨdor	b[ɨ]bɨdor	b[e]bɨdor	0
bebedouro	bɨbɨdowru	bebɨdowru	b[ɨ]bɨdowru	b[e]bɨdowru	0
bebedura	bɨbɨdurɐ	bebɨdurɐ	b[ɨ]bɨdurɐ	b[e]bɨdurɐ	0
bebê-proveta	bebepruvetɐ	bɨbepruvetɐ	b[e]bepruvetɐ	b[ɨ]bepruvetɐ	0
beberagem	bɨbɨraʒɐ̃j̃	bebɨraʒɐjn	b[ɨ]bɨraʒɐ[̃]j[̃]	b[e]bɨraʒɐ[]j[n]	0
beberar	bɨbɨrar	bebɨrar	b[ɨ]bɨrar	b[e]bɨrar	0
bebereira	bɨbɨrɐjrɐ	bebɨrɐjrɐ	b[ɨ]bɨrɐjrɐ	b[e]bɨrɐjrɐ	0
beberes	bɨberɨʃ	beberɨʃ	b[ɨ]berɨʃ	b[e]berɨʃ	0
beberete	bɨbɨretɨ	bebɨrɛtɨ	b[ɨ]bɨr[e]tɨ	b[e]bɨr[ɛ]tɨ	0
bebericar	bɨbɨrikar	bebɨrikar	b[ɨ]bɨrikar	b[e]bɨrikar	0
beberrão	bɨbɨʀɐ̃w̃	bebɨʀɐ̃w̃	b[ɨ]bɨʀɐ̃w̃	b[e]bɨʀɐ̃w̃	0
beberraz	bɨbɨʀaʃ	bebɨʀaʃ	b[ɨ]bɨʀaʃ	b[e]bɨʀaʃ	0
beberrica	bɨbɨʀikɐ	bebɨʀikɐ	b[ɨ]bɨʀikɐ	b[e]bɨʀikɐ	0
beberricação	bɨbɨʀikɐsɐ̃w̃	bebɨʀikɐsɐ̃w̃	b[ɨ]bɨʀikɐsɐ̃w̃	b[e]bɨʀikɐsɐ̃w̃	0
beberricador	bɨbɨʀikɐdor	bebɨʀikɐdor	b[ɨ]bɨʀikɐdor	b[e]bɨʀikɐdor	0
beberricar	bɨbɨʀikar	bebɨʀikar	b[ɨ]bɨʀikar	b[e]bɨʀikar	0
beberronia	bɨbɨʀuniɐ	bebɨʀuniɐ	b[ɨ]bɨʀuniɐ	b[e]bɨʀuniɐ	0
beberrote	bɨbɨʀɔtɨ	bebɨʀɔtɨ	b[ɨ]bɨʀɔtɨ	b[e]bɨʀɔtɨ	0
bebestíveis	bɨbɨʃtivɐjʃ	bebɨʃtivɐjʃ	b[ɨ]bɨʃtivɐjʃ	b[e]bɨʃtivɐjʃ	0
bebiano	bɨbjɐnu	bebiɐ̃nu	b[ɨ]b[j]ɐ[]nu	b[e]b[i]ɐ[̃]nu	0
bebida	bɨbidɐ	bebidɐ	b[ɨ]bidɐ	b[e]bidɐ	0
bebível	bɨbivɛɫ	bebivɛɫ	b[ɨ]bivɛɫ	b[e]bivɛɫ	0
bebrício	bɨbrisju	bebrisju	b[ɨ]brisju	b[e]brisju	0
beçá	besa	bɨsa	b[e]sa	b[ɨ]sa	0
becabunga	bɨkɐbũɡɐ	bekɐbũnɡɐ	b[ɨ]kɐbũɡɐ[]	b[e]kɐbũnɡ[ɐ]	0
becuinha	bɨkwiɲɐ	bekuiɲɐ	b[ɨ]k[w]iɲɐ	b[e]k[u]iɲɐ	0
beculonense	bɨkulunẽsɨ	bekulunẽnsɨ	b[ɨ]kulunẽsɨ[]	b[e]kulunẽns[ɨ]	0
bedame	bɨdɐmɨ	bedɐ̃mɨ	b[ɨ]dɐ[]mɨ	b[e]dɐ[̃]mɨ	0
bedegar	bɨdɨɡar	bedɨɡar	b[ɨ]dɨɡar	b[e]dɨɡar	0
bedelhar	bɨdɨʎar	bedɨʎar	b[ɨ]dɨʎar	b[e]dɨʎar	0
bedelheiro	bɨdɨʎɐjru	bedɨʎɐjru	b[ɨ]dɨʎɐjru	b[e]dɨʎɐjru	0
bedelho	bɨdeʎu	bedeʎu	b[ɨ]deʎu	b[e]deʎu	0
bedelia	bɨdɨliɐ	bedɨliɐ	b[ɨ]dɨliɐ	b[e]dɨliɐ	0
bedeteca	bɨdɨtɛkɐ	bedɨtɛkɐ	b[ɨ]dɨtɛkɐ	b[e]dɨtɛkɐ	0
beduim	bɨdwĩ	beduĩn	b[ɨ]dwĩ[]	b[e]duĩ[n]	0
beduíno	bɨdwĩnu	beduinu	b[ɨ]dw[ĩ]nu	b[e]du[i]nu	0
begônia	bɨɡonjɐ	beɡonjɐ	b[ɨ]ɡonjɐ	b[e]ɡonjɐ	0
begónia	bɨɡɔnjɐ	beɡɔnjɐ	b[ɨ]ɡɔnjɐ	b[e]ɡɔnjɐ	0
begoniáceas	bɨɡunjasjɐʃ	beɡuniasiɐʃ	b[ɨ]ɡun[j]as[j]ɐʃ	b[e]ɡun[i]as[i]ɐʃ	0
beguina	bɨɡinɐ	beɡinɐ	b[ɨ]ɡinɐ	b[e]ɡinɐ	0
beguinaria	bɨɡinɐriɐ	beɡinɐriɐ	b[ɨ]ɡinɐriɐ	b[e]ɡinɐriɐ	0
beguino	bɨɡinu	beɡinu	b[ɨ]ɡinu	b[e]ɡinu	0
bejala	bɨʒalɐ	beʒalɐ	b[ɨ]ʒalɐ	b[e]ʒalɐ	0
bejense	bɨʒẽsɨ	beʒẽnsɨ	b[ɨ]ʒẽsɨ[]	b[e]ʒẽns[ɨ]	0
bejoega	bɨʒwɛɡɐ	beʒuɛɡɐ	b[ɨ]ʒ[w]ɛɡɐ	b[e]ʒ[u]ɛɡɐ	0
bejoga	bɨʒɔɡɐ	beʒɔɡɐ	b[ɨ]ʒɔɡɐ	b[e]ʒɔɡɐ	0
belacidade	bɨlɐsidadɨ	belɐsidadɨ	b[ɨ]lɐsidadɨ	b[e]lɐsidadɨ	0
belacíssimo	bɨlɐsisimu	belɐsisimu	b[ɨ]lɐsisimu	b[e]lɐsisimu	0
belatriz	bɨlɐtriʃ	belɐtriʃ	b[ɨ]lɐtriʃ	b[e]lɐtriʃ	0
belecar	bɨlɛkar	belɨkar	b[ɨ]l[ɛ]kar	b[e]l[ɨ]kar	0
beleguim	bɨlɨɡĩ	belɨɡĩn	b[ɨ]lɨɡĩ[]	b[e]lɨɡĩ[n]	0
belemita	bɨlɨmitɐ	belɨmitɐ	b[ɨ]lɨmitɐ	b[e]lɨmitɐ	0
belemnita	bɨlɨmnitɐ	belɨmnitɐ	b[ɨ]lɨmnitɐ	b[e]lɨmnitɐ	0
belemnite	bɨlɨmnitɨ	belɨmnitɨ	b[ɨ]lɨmnitɨ	b[e]lɨmnitɨ	0
belenense	bɨlɨnẽsɨ	belɨnẽnsɨ	b[ɨ]lɨnẽsɨ[]	b[e]lɨnẽns[ɨ]	0
belenzada	bɨlẽzadɐ	belẽnzadɐ	b[ɨ]lẽzadɐ[]	b[e]lẽnzad[ɐ]	0
beletrear	bɨlɨtrjar	belɨtriar	b[ɨ]lɨtr[j]ar	b[e]lɨtr[i]ar	0
beletrismo	bɨlɨtriʒmu	belɨtriʒmu	b[ɨ]lɨtriʒmu	b[e]lɨtriʒmu	0
beletrista	bɨlɨtriʃtɐ	belɨtriʃtɐ	b[ɨ]lɨtriʃtɐ	b[e]lɨtriʃtɐ	0
beletrística	bɨlɨtriʃtikɐ	belɨtriʃtikɐ	b[ɨ]lɨtriʃtikɐ	b[e]lɨtriʃtikɐ	0
beletrístico	bɨlɨtriʃtiku	belɨtriʃtiku	b[ɨ]lɨtriʃtiku	b[e]lɨtriʃtiku	0
beleza	bɨlezɐ	belezɐ	b[ɨ]lezɐ	b[e]lezɐ	0
belhusco	bɨʎuʃku	beʎuʃku	b[ɨ]ʎuʃku	b[e]ʎuʃku	0
beliche	bɨliʃɨ	beliʃɨ	b[ɨ]liʃɨ	b[e]liʃɨ	0
belicismo	bɨlisiʒmu	belisiʒmu	b[ɨ]lisiʒmu	b[e]lisiʒmu	0
belicista	bɨlisiʃtɐ	belisiʃtɐ	b[ɨ]lisiʃtɐ	b[e]lisiʃtɐ	0
belicístico	bɨlisiʃtiku	belisiʃtiku	b[ɨ]lisiʃtiku	b[e]lisiʃtiku	0
belicosidade	bɨlikuzidadɨ	belikuzidadɨ	b[ɨ]likuzidadɨ	b[e]likuzidadɨ	0
belicoso	bɨlikozu	belikozu	b[ɨ]likozu	b[e]likozu	0
belida	bɨlidɐ	belidɐ	b[ɨ]lidɐ	b[e]lidɐ	0
beligerância	bɨliʒɨrɐ̃sjɐ	beliʒɨrɐ̃nsjɐ	b[ɨ]liʒɨrɐ̃[]sjɐ	b[e]liʒɨrɐ̃[n]sjɐ	0
beligerante	bɨliʒɨrɐ̃tɨ	beliʒɨrɐ̃ntɨ	b[ɨ]liʒɨrɐ̃[]tɨ	b[e]liʒɨrɐ̃[n]tɨ	0
belígero	bɨliʒɨru	beliʒɨru	b[ɨ]liʒɨru	b[e]liʒɨru	0
belindre	bɨlĩdre	belĩndrɨ	b[ɨ]lĩdre[]	b[e]lĩndr[ɨ]	0
belindro	bɨlĩdru	belĩndru	b[ɨ]lĩdru[]	b[e]lĩndr[u]	0
belinógrafo	bɨlinɔɡrɐfu	belinɔɡrɐfu	b[ɨ]linɔɡrɐfu	b[e]linɔɡrɐfu	0
belinograma	bɨlinuɡrɐmɐ	belinuɡrɐ̃mɐ	b[ɨ]linuɡrɐ[]mɐ	b[e]linuɡrɐ[̃]mɐ	0
belipotência	bɨliputẽsjɐ	beliputẽnsjɐ	b[ɨ]liputẽsjɐ[]	b[e]liputẽnsj[ɐ]	0
belipotente	bɨliputẽtɨ	beliputẽntɨ	b[ɨ]liputẽtɨ[]	b[e]liputẽnt[ɨ]	0
belisária	bɨlizarjɐ	belizarjɐ	b[ɨ]lizarjɐ	b[e]lizarjɐ	0
belisário	bɨlizarju	belizarju	b[ɨ]lizarju	b[e]lizarju	0
belisca	bɨliʃkɐ	beliʃkɐ	b[ɨ]liʃkɐ	b[e]liʃkɐ	0
beliscadela	bɨliʃkɐdɛlɐ	beliʃkɐdɛlɐ	b[ɨ]liʃkɐdɛlɐ	b[e]liʃkɐdɛlɐ	0
beliscado	bɨliʃkadu	beliʃkadu	b[ɨ]liʃkadu	b[e]liʃkadu	0
beliscadura	bɨliʃkɐdurɐ	beliʃkɐdurɐ	b[ɨ]liʃkɐdurɐ	b[e]liʃkɐdurɐ	0
beliscão	bɨliʃkɐ̃w̃	beliʃkɐ̃w̃	b[ɨ]liʃkɐ̃w̃	b[e]liʃkɐ̃w̃	0
beliscar	bɨliʃkar	beliʃkar	b[ɨ]liʃkar	b[e]liʃkar	0
belisco	bɨliʃku	beliʃku	b[ɨ]liʃku	b[e]liʃku	0
belíssono	bɨlisunu	belisunu	b[ɨ]lisunu	b[e]lisunu	0
belizenho	bɨlizɐjɲu	belizeɲu	b[ɨ]lizɐ[j]ɲu	b[e]lize[]ɲu	0
belizense	bɨlizẽsɨ	belizẽnsɨ	b[ɨ]lizẽsɨ[]	b[e]lizẽns[ɨ]	0
belomancia	bɨlumɐ̃siɐ	belumɐ̃nsiɐ	b[ɨ]lumɐ̃[]siɐ	b[e]lumɐ̃[n]siɐ	0
belona	bɨlonɐ	belonɐ	b[ɨ]lonɐ	b[e]lonɐ	0
belonídeo	bɨlunidju	belunidiw	b[ɨ]lunidj[u]	b[e]lunidi[w]	0
belonídeos	bɨlunidjuʃ	belunidiwʃ	b[ɨ]lunidj[u]ʃ	b[e]lunidi[w]ʃ	0
beloniforme	bɨlunifɔrmɨ	belunifɔrmɨ	b[ɨ]lunifɔrmɨ	b[e]lunifɔrmɨ	0
belonofobia	bɨlɔnɔfubiɐ	belunufubiɐ	b[ɨ]l[ɔ]n[ɔ]fubiɐ	b[e]l[u]n[u]fubiɐ	0
beluária	bɨlwarjɐ	beluarjɐ	b[ɨ]l[w]arjɐ	b[e]l[u]arjɐ	0
beluário	bɨlwarju	beluarju	b[ɨ]l[w]arju	b[e]l[u]arju	0
beluca	bɨlukɐ	belukɐ	b[ɨ]lukɐ	b[e]lukɐ	0
beluga	bɨluɡɐ	beluɡɐ	b[ɨ]luɡɐ	b[e]luɡɐ	0
beluíno	bɨlwinu	beluinu	b[ɨ]l[w]inu	b[e]l[u]inu	0
bemolado	bɨmuladu	bemuladu	b[ɨ]muladu	b[e]muladu	0
bemolar	bɨmular	bemular	b[ɨ]mular	b[e]mular	0
bemolizar	bɨmulizar	bemulizar	b[ɨ]mulizar	b[e]mulizar	0
benacense	bɨnɐsẽsɨ	benɐsẽnsɨ	b[ɨ]nɐsẽsɨ[]	b[e]nɐsẽns[ɨ]	0
benaventense	bɨnɐvẽtẽsɨ	benɐvẽntẽnsɨ	b[ɨ]nɐvẽtẽsɨ[]	b[e]nɐvẽntẽns[ɨ]	0
beneditina	bɨnɨditinɐ	benɨditinɐ	b[ɨ]nɨditinɐ	b[e]nɨditinɐ	0
beneditino	bɨnɨditinu	benɨditinu	b[ɨ]nɨditinu	b[e]nɨditinu	0
beneditismo	bɨnɨditiʒmu	benɨditiʒmu	b[ɨ]nɨditiʒmu	b[e]nɨditiʒmu	0
benefe	bɨnɛfɨ	benɛfɨ	b[ɨ]nɛfɨ	b[e]nɛfɨ	0
beneficência	bɨnɨfisẽsjɐ	benɨfisẽnsjɐ	b[ɨ]nɨfisẽsjɐ[]	b[e]nɨfisẽnsj[ɐ]	0
beneficente	bɨnɨfisẽtɨ	benɨfisẽntɨ	b[ɨ]nɨfisẽtɨ[]	b[e]nɨfisẽnt[ɨ]	0
beneficentíssimo	bɨnɨfisẽtisimu	benɨfisẽntisimu	b[ɨ]nɨfisẽti[s]imu[]	b[e]nɨfisẽn[t]isim[u]	0
beneficiação	bɨnɨfisjɐsɐ̃w̃	benɨfisiɐsɐ̃w̃	b[ɨ]nɨfis[j]ɐsɐ̃w̃	b[e]nɨfis[i]ɐsɐ̃w̃	0
beneficiado	bɨnɨfisjadu	benɨfisiadu	b[ɨ]nɨfis[j]adu	b[e]nɨfis[i]adu	0
beneficiador	bɨnɨfisjɐdor	benɨfisiɐdor	b[ɨ]nɨfis[j]ɐdor	b[e]nɨfis[i]ɐdor	0
beneficial	bɨnɨfisjaɫ	benɨfisiaɫ	b[ɨ]nɨfis[j]aɫ	b[e]nɨfis[i]aɫ	0
beneficiamento	bɨnɨfisjɐmẽtu	benɨfisiɐmẽntu	b[ɨ]nɨfis[j]ɐmẽtu[]	b[e]nɨfis[i]ɐmẽnt[u]	0
beneficiar	bɨnɨfisjar	benɨfisiar	b[ɨ]nɨfis[j]ar	b[e]nɨfis[i]ar	0
beneficiário	bɨnɨfisjarju	benɨfisiarju	b[ɨ]nɨfis[j]arju	b[e]nɨfis[i]arju	0
beneficiável	bɨnɨfisjavɛɫ	benɨfisiavɛɫ	b[ɨ]nɨfis[j]avɛɫ	b[e]nɨfis[i]avɛɫ	0
benefício	bɨnɨfisju	benɨfisju	b[ɨ]nɨfisju	b[e]nɨfisju	0
benéfico	bɨnɛfiku	benɛfiku	b[ɨ]nɛfiku	b[e]nɛfiku	0
benemerência	bɨnɨmɨrẽsjɐ	benɨmɨrẽnsjɐ	b[ɨ]nɨmɨrẽsjɐ[]	b[e]nɨmɨrẽnsj[ɐ]	0
benemerente	bɨnɨmɨrẽtɨ	benɨmɨrẽntɨ	b[ɨ]nɨmɨrẽtɨ[]	b[e]nɨmɨrẽnt[ɨ]	0
benemérito	bɨnɨmɛritu	benɨmɛritu	b[ɨ]nɨmɛritu	b[e]nɨmɛritu	0
beneplácito	bɨnɨplasitu	benɨplasitu	b[ɨ]nɨplasitu	b[e]nɨplasitu	0
benesse	bɨnɛsɨ	benɛsɨ	b[ɨ]nɛsɨ	b[e]nɛsɨ	0
beneventano	bɨnɨvẽtɐnu	benɨvẽntɐ̃nu	b[ɨ]nɨvẽt[ɐ]nu[]	b[e]nɨvẽ[]ntɐ̃n[u]	0
benevolência	bɨnɨvulẽsjɐ	benɨvulẽnsjɐ	b[ɨ]nɨvulẽsjɐ[]	b[e]nɨvulẽnsj[ɐ]	0
benevolente	bɨnɨvulẽtɨ	benɨvulẽntɨ	b[ɨ]nɨvulẽtɨ[]	b[e]nɨvulẽnt[ɨ]	0
benévolo	bɨnɛvulu	benɛvulu	b[ɨ]nɛvulu	b[e]nɛvulu	0
benhenhir	bɨɲɨɲir	beɲɨɲir	b[ɨ]ɲɨɲir	b[e]ɲɨɲir	0
benignidade	bɨniɡnidadɨ	beniɡnidadɨ	b[ɨ]niɡnidadɨ	b[e]niɡnidadɨ	0
benigno	bɨniɡnu	beniɡnu	b[ɨ]niɡnu	b[e]niɡnu	0
beninense	bɨninẽsɨ	beninẽnsɨ	b[ɨ]ninẽsɨ[]	b[e]ninẽns[ɨ]	0
beninês	bɨnineʃ	benineʃ	b[ɨ]nineʃ	b[e]nineʃ	0
benodáctilo	bɨnɔdaktilu	benudatilu	b[ɨ]n[ɔ]da[k]tilu	b[e]n[u]da[]tilu	0
benodátilo	bɨnɔdatilu	benudatilu	b[ɨ]n[ɔ]datilu	b[e]n[u]datilu	0
berbequim	bɨrbɨkĩ	berbɨkĩn	b[ɨ]rbɨkĩ[]	b[e]rbɨkĩ[n]	0
berbere	bɨrbɛrɨ	berberɨ	b[ɨ]rb[ɛ]rɨ	b[e]rb[e]rɨ	0
berberes	bɨrbɛrɨʃ	berberɨʃ	b[ɨ]rb[ɛ]rɨʃ	b[e]rb[e]rɨʃ	0
berberesco	bɨrbɨreʃku	berbɨreʃku	b[ɨ]rbɨreʃku	b[e]rbɨreʃku	0
berbéria	bɨrbɨriɐ	berbɛrjɐ	b[ɨ]rb[ɨ]r[i]ɐ	b[e]rb[ɛ]r[j]ɐ	0
berbérico	bɨrbɛriku	berbɛriku	b[ɨ]rbɛriku	b[e]rbɛriku	0
berberidácea	bɨrbɨridasjɐ	berbɨridasiɐ	b[ɨ]rbɨridas[j]ɐ	b[e]rbɨridas[i]ɐ	0
berberidáceas	bɨrbɨridasjɐʃ	berbɨridasiɐʃ	b[ɨ]rbɨridas[j]ɐʃ	b[e]rbɨridas[i]ɐʃ	0
berberidáceo	bɨrbɨridasju	berbɨridasiw	b[ɨ]rbɨridasj[u]	b[e]rbɨridasi[w]	0
berberina	bɨrbɨrinɐ	berbɨrinɐ	b[ɨ]rbɨrinɐ	b[e]rbɨrinɐ	0
berbicacho	bɨrbikaʃu	berbikaʃu	b[ɨ]rbikaʃu	b[e]rbikaʃu	0
berbigão	bɨrbiɡɐ̃w̃	berbiɡɐ̃w̃	b[ɨ]rbiɡɐ̃w̃	b[e]rbiɡɐ̃w̃	0
berbigoeira	bɨrbiɡwɐjrɐ	berbiɡuɐjrɐ	b[ɨ]rbiɡ[w]ɐjrɐ	b[e]rbiɡ[u]ɐjrɐ	0
berçário	bɨrsarju	bersarju	b[ɨ]rsarju	b[e]rsarju	0
berçudo	bɨrsudu	bersudu	b[ɨ]rsudu	b[e]rsudu	0
bergadinha	bɨrɡɐdiɲɐ	berɡɐdiɲɐ	b[ɨ]rɡɐdiɲɐ	b[e]rɡɐdiɲɐ	0
bergamasca	bɨrɡɐmaʃkɐ	berɡɐmaʃkɐ	b[ɨ]rɡɐmaʃkɐ	b[e]rɡɐmaʃkɐ	0
bergamasco	bɨrɡɐmaʃku	berɡɐmaʃku	b[ɨ]rɡɐmaʃku	b[e]rɡɐmaʃku	0
bergamota	bɨrɡɐmɔtɐ	berɡɐmɔtɐ	b[ɨ]rɡɐmɔtɐ	b[e]rɡɐmɔtɐ	0
berganhar	bɨrɡɐɲar	berɡɐ̃ɲar	b[ɨ]rɡɐ[]ɲar	b[e]rɡɐ[̃]ɲar	0
bergantim	bɨrɡɐ̃tĩ	berɡɐ̃ntĩn	b[ɨ]rɡɐ̃[]tĩ[]	b[e]rɡɐ̃[n]tĩ[n]	0
bergela	bɨrʒɛlɐ	berʒɛlɐ	b[ɨ]rʒɛlɐ	b[e]rʒɛlɐ	0
berícidas	bɨrisidɐʃ	berisidɐʃ	b[ɨ]risidɐʃ	b[e]risidɐʃ	0
bericídeos	bɨrisidjuʃ	berisidiwʃ	b[ɨ]risidj[u]ʃ	b[e]risidi[w]ʃ	0
berílio	bɨrilju	berilju	b[ɨ]rilju	b[e]rilju	0
berilo	bɨrilu	berilu	b[ɨ]rilu	b[e]rilu	0
berimbau	bɨrĩbaw	berĩmbaw	b[ɨ]rĩbaw[]	b[e]rĩmba[w]	0
beringela	bɨrĩʒɛlɐ	berĩnʒɛlɐ	b[ɨ]rĩʒɛlɐ[]	b[e]rĩnʒɛl[ɐ]	0
berkélio	bɨrkɛlju	berkɛlju	b[ɨ]rkɛlju	b[e]rkɛlju	0
berlinda	bɨrlĩdɐ	berlĩndɐ	b[ɨ]rlĩdɐ[]	b[e]rlĩnd[ɐ]	0
berlinde	bɨrlĩdɨ	berlĩndɨ	b[ɨ]rlĩdɨ[]	b[e]rlĩnd[ɨ]	0
berlinense	bɨrlinẽsɨ	berlinẽnsɨ	b[ɨ]rlinẽsɨ[]	b[e]rlinẽns[ɨ]	0
berlinês	bɨrlineʃ	berlineʃ	b[ɨ]rlineʃ	b[e]rlineʃ	0
berliques	bɨrlikɨʃ	berlikɨʃ	b[ɨ]rlikɨʃ	b[e]rlikɨʃ	0
berloque	bɨrlɔkɨ	berlɔkɨ	b[ɨ]rlɔkɨ	b[e]rlɔkɨ	0
bermuda	bɨrmudɐ	bermudɐ	b[ɨ]rmudɐ	b[e]rmudɐ	0
bermudas	bɨrmudɐʃ	bermudɐʃ	b[ɨ]rmudɐʃ	b[e]rmudɐʃ	0
bermudense	bɨrmudẽsɨ	bermudẽnsɨ	b[ɨ]rmudẽsɨ[]	b[e]rmudẽns[ɨ]	0
bermudês	bɨrmudeʃ	bermudeʃ	b[ɨ]rmudeʃ	b[e]rmudeʃ	0
bernaca	bɨrnakɐ	bernakɐ	b[ɨ]rnakɐ	b[e]rnakɐ	0
bernacho	bɨrnaʃu	bernaʃu	b[ɨ]rnaʃu	b[e]rnaʃu	0
bernardesco	bɨrnɐrdeʃku	bernɐrdeʃku	b[ɨ]rnɐrdeʃku	b[e]rnɐrdeʃku	0
bernardice	bɨrnɐrdisɨ	bernɐrdisɨ	b[ɨ]rnɐrdisɨ	b[e]rnɐrdisɨ	0
bernardo	bɨrnardu	bernardu	b[ɨ]rnardu	b[e]rnardu	0
bernardo-eremita	bɨrnardwirɨmitɐ	bernarduerɨmitɐ	b[ɨ]rnardw[i]rɨmitɐ	b[e]rnardu[e]rɨmitɐ	0
bernense	bɨrnẽsɨ	bernẽnsɨ	b[ɨ]rnẽsɨ[]	b[e]rnẽns[ɨ]	0
beroba	bɨrɔbɐ	berobɐ	b[ɨ]r[ɔ]bɐ	b[e]r[o]bɐ	0
beroídeos	bɨrwidjuʃ	beruidiwʃ	b[ɨ]r[w]idj[u]ʃ	b[e]r[u]idi[w]ʃ	0
beroides	bɨrɔjdɨʃ	berɔjdɨʃ	b[ɨ]rɔjdɨʃ	b[e]rɔjdɨʃ	0
beróides	bɨrɔjdɨʃ	berɔjdɨʃ	b[ɨ]rɔjdɨʃ	b[e]rɔjdɨʃ	0
berquélio	bɨrkɛlju	berkɛlju	b[ɨ]rkɛlju	b[e]rkɛlju	0
berração	bɨʀɐsɐ̃w̃	beʀɐsɐ̃w̃	b[ɨ]ʀɐsɐ̃w̃	b[e]ʀɐsɐ̃w̃	0
berrador	bɨʀɐdor	beʀɐdor	b[ɨ]ʀɐdor	b[e]ʀɐdor	0
berrante	bɨʀɐ̃tɨ	beʀɐ̃ntɨ	b[ɨ]ʀɐ̃[]tɨ	b[e]ʀɐ̃[n]tɨ	0
berraria	bɨʀɐriɐ	beʀɐriɐ	b[ɨ]ʀɐriɐ	b[e]ʀɐriɐ	0
berratório	bɨʀɐtɔrju	beʀɐtɔrju	b[ɨ]ʀɐtɔrju	b[e]ʀɐtɔrju	0
berrega	bɨʀɛɡɐ	beʀɛɡɐ	b[ɨ]ʀɛɡɐ	b[e]ʀɛɡɐ	0
berregar	bɨʀɨɡar	beʀɨɡar	b[ɨ]ʀɨɡar	b[e]ʀɨɡar	0
berreiro	bɨʀɐjru	beʀɐjru	b[ɨ]ʀɐjru	b[e]ʀɐjru	0
berrida	bɨʀidɐ	beʀidɐ	b[ɨ]ʀidɐ	b[e]ʀidɐ	0
berroa	bɨʀoɐ	beʀoɐ	b[ɨ]ʀoɐ	b[e]ʀoɐ	0
berrona	bɨʀonɐ	beʀonɐ	b[ɨ]ʀonɐ	b[e]ʀonɐ	0
bertanjil	bɨrtɐ̃ʒiɫ	bertɐ̃nʒiɫ	b[ɨ]rtɐ̃[]ʒiɫ	b[e]rtɐ̃[n]ʒiɫ	0
bertoldice	bɨrtoɫdisɨ	bertuɫdisɨ	b[ɨ]rt[o]ɫdisɨ	b[e]rt[u]ɫdisɨ	0
bertoldo	bɨrtoɫdu	bertɔɫdu	b[ɨ]rt[o]ɫdu	b[e]rt[ɔ]ɫdu	0
berzunda	bɨrzũdɐ	berzũndɐ	b[ɨ]rzũdɐ[]	b[e]rzũnd[ɐ]	0
berzundela	bɨrzũdɛlɐ	berzũndɛlɐ	b[ɨ]rzũdɛlɐ[]	b[e]rzũndɛl[ɐ]	0
besantar	bɨzɐ̃tar	bezɐ̃ntar	b[ɨ]zɐ̃[]tar	b[e]zɐ̃[n]tar	0
besante	bɨzɐ̃tɨ	bezɐ̃ntɨ	b[ɨ]zɐ̃[]tɨ	b[e]zɐ̃[n]tɨ	0
besigue	bɨziɡɨ	beziɡɨ	b[ɨ]ziɡɨ	b[e]ziɡɨ	0
besoirar	bɨzojrar	bezojrar	b[ɨ]zojrar	b[e]zojrar	0
besoiro	bɨzojru	bezojru	b[ɨ]zojru	b[e]zojru	0
besourar	bɨzowrar	bezowrar	b[ɨ]zowrar	b[e]zowrar	0
besouro	bɨzowru	bezowru	b[ɨ]zowru	b[e]zowru	0
bessangana	bɨsɐ̃ɡɐnɐ	besɐ̃nɡɐ̃nɐ	b[ɨ]sɐ̃[]ɡɐ[]nɐ	b[e]sɐ̃[n]ɡɐ[̃]nɐ	0
bestaria	bɨʃtɐriɐ	beʃtɐriɐ	b[ɨ]ʃtɐriɐ	b[e]ʃtɐriɐ	0
bestearia	bɨʃtjɐriɐ	beʃtiɐriɐ	b[ɨ]ʃt[j]ɐriɐ	b[e]ʃt[i]ɐriɐ	0
bestiaga	bɨʃtjaɡɐ	beʃtiaɡɐ	b[ɨ]ʃt[j]aɡɐ	b[e]ʃt[i]aɡɐ	0
bestiagem	bɨʃtjaʒɐ̃j̃	beʃtiaʒɐjn	b[ɨ]ʃt[j]aʒɐ[̃]j[̃]	b[e]ʃt[i]aʒɐ[]j[n]	0
bestial	bɨʃtjaɫ	beʃtiaɫ	b[ɨ]ʃt[j]aɫ	b[e]ʃt[i]aɫ	0
bestialidade	bɨʃtjɐlidadɨ	beʃtiɐlidadɨ	b[ɨ]ʃt[j]ɐlidadɨ	b[e]ʃt[i]ɐlidadɨ	0
bestialização	bɨʃtjɐlizɐsɐ̃w̃	beʃtiɐlizɐsɐ̃w̃	b[ɨ]ʃt[j]ɐlizɐsɐ̃w̃	b[e]ʃt[i]ɐlizɐsɐ̃w̃	0
bestializado	bɨʃtjɐlizadu	beʃtiɐlizadu	b[ɨ]ʃt[j]ɐlizadu	b[e]ʃt[i]ɐlizadu	0
bestializador	bɨʃtjɐlizɐdor	beʃtiɐlizɐdor	b[ɨ]ʃt[j]ɐlizɐdor	b[e]ʃt[i]ɐlizɐdor	0
bestializar	bɨʃtjɐlizar	beʃtiɐlizar	b[ɨ]ʃt[j]ɐlizar	b[e]ʃt[i]ɐlizar	0
bestialmente	bɨʃtjaɫmẽtɨ	beʃtiaɫmẽntɨ	b[ɨ]ʃt[j]aɫmẽtɨ[]	b[e]ʃt[i]aɫmẽnt[ɨ]	0
bestiame	bɨʃtjɐmɨ	beʃtiɐ̃mɨ	b[ɨ]ʃt[j]ɐ[]mɨ	b[e]ʃt[i]ɐ[̃]mɨ	0
bestiário	bɨʃtjarju	beʃtiarju	b[ɨ]ʃt[j]arju	b[e]ʃt[i]arju	0
bestice	bɨʃtisɨ	beʃtisɨ	b[ɨ]ʃtisɨ	b[e]ʃtisɨ	0
bestidade	bɨʃtidadɨ	beʃtidadɨ	b[ɨ]ʃtidadɨ	b[e]ʃtidadɨ	0
bestificação	bɨʃtifikɐsɐ̃w̃	beʃtifikɐsɐ̃w̃	b[ɨ]ʃtifikɐsɐ̃w̃	b[e]ʃtifikɐsɐ̃w̃	0
bestificado	bɨʃtifikadu	beʃtifikadu	b[ɨ]ʃtifikadu	b[e]ʃtifikadu	0
bestificador	bɨʃtifikɐdor	beʃtifikɐdor	b[ɨ]ʃtifikɐdor	b[e]ʃtifikɐdor	0
bestificante	bɨʃtifikɐ̃tɨ	beʃtifikɐ̃ntɨ	b[ɨ]ʃtifikɐ̃[]tɨ	b[e]ʃtifikɐ̃[n]tɨ	0
bestificar	bɨʃtifikar	beʃtifikar	b[ɨ]ʃtifikar	b[e]ʃtifikar	0
bestiola	bɨʃtjɔlɐ	beʃtiɔlɐ	b[ɨ]ʃt[j]ɔlɐ	b[e]ʃt[i]ɔlɐ	0
bestuntar	bɨʃtũtar	beʃtũntar	b[ɨ]ʃtũtar[]	b[e]ʃtũnta[r]	0
bestunto	bɨʃtũtu	beʃtũntu	b[ɨ]ʃtũtu[]	b[e]ʃtũnt[u]	0
besugo	bɨzuɡu	bezuɡu	b[ɨ]zuɡu	b[e]zuɡu	0
besuntadela	bɨzũtɐdɛlɐ	bezũntɐdɛlɐ	b[ɨ]zũtɐdɛlɐ[]	b[e]zũntɐdɛl[ɐ]	0
besuntão	bɨzũtɐ̃w̃	bezũntɐ̃w̃	b[ɨ]zũtɐ̃[w]̃[]	b[e]zũnt[ɐ]̃w[̃]	0
besuntar	bɨzũtar	bezũntar	b[ɨ]zũtar[]	b[e]zũnta[r]	0
betado	bɨtadu	betadu	b[ɨ]tadu	b[e]tadu	0
betarda	bɨtardɐ	betardɐ	b[ɨ]tardɐ	b[e]tardɐ	0
betarda-pequena	bɨtardɐpɨkenɐ	betardɐpekenɐ	b[ɨ]tardɐp[ɨ]kenɐ	b[e]tardɐp[e]kenɐ	0
betecar	bɨtɨkar	betɨkar	b[ɨ]tɨkar	b[e]tɨkar	0
beterraba	bɨtɨʀabɐ	betɨʀabɐ	b[ɨ]tɨʀabɐ	b[e]tɨʀabɐ	0
beterrabal	bɨtɨʀɐbaɫ	betɨʀɐbaɫ	b[ɨ]tɨʀɐbaɫ	b[e]tɨʀɐbaɫ	0
beterrense	bɨtɨʀẽsɨ	betɨʀẽnsɨ	b[ɨ]tɨʀẽsɨ[]	b[e]tɨʀẽns[ɨ]	0
betesga	bɨteʒɡɐ	beteʒɡɐ	b[ɨ]teʒɡɐ	b[e]teʒɡɐ	0
betilho	bɨtiʎu	betiʎu	b[ɨ]tiʎu	b[e]tiʎu	0
betoira	bɨtojrɐ	betojrɐ	b[ɨ]tojrɐ	b[e]tojrɐ	0
betonado	bɨtunadu	betunadu	b[ɨ]tunadu	b[e]tunadu	0
betonagem	bɨtunaʒɐ̃j̃	betunaʒɐjn	b[ɨ]tunaʒɐ[̃]j[̃]	b[e]tunaʒɐ[]j[n]	0
betonar	bɨtunar	betunar	b[ɨ]tunar	b[e]tunar	0
betoneira	bɨtunɐjrɐ	betunɐjrɐ	b[ɨ]tunɐjrɐ	b[e]tunɐjrɐ	0
betônica-bastarda	bɨtonikɐbɐʃtardɐ	betonikɐbɐʃtardɐ	b[ɨ]tonikɐbɐʃtardɐ	b[e]tonikɐbɐʃtardɐ	0
betónica-bastarda	bɨtɔnikɐbɐʃtardɐ	betɔnikɐbɐʃtardɐ	b[ɨ]tɔnikɐbɐʃtardɐ	b[e]tɔnikɐbɐʃtardɐ	0
betônica	bɨtonikɐ	betonikɐ	b[ɨ]tonikɐ	b[e]tonikɐ	0
betónica	bɨtɔnikɐ	betɔnikɐ	b[ɨ]tɔnikɐ	b[e]tɔnikɐ	0
betonicina	bɨtunisinɐ	betunisinɐ	b[ɨ]tunisinɐ	b[e]tunisinɐ	0
betonilha	bɨtuniʎɐ	betuniʎɐ	b[ɨ]tuniʎɐ	b[e]tuniʎɐ	0
betoura	bɨtowrɐ	betowrɐ	b[ɨ]towrɐ	b[e]towrɐ	0
betouro	bɨtowru	betowru	b[ɨ]towru	b[e]towru	0
betuláceas	bɨtulasjɐʃ	betulasiɐʃ	b[ɨ]tulas[j]ɐʃ	b[e]tulas[i]ɐʃ	0
betulíneo	bɨtulinju	betuliniw	b[ɨ]tulinj[u]	b[e]tulini[w]	0
betulonense	bɨtulunẽsɨ	betulunẽnsɨ	b[ɨ]tulunẽsɨ[]	b[e]tulunẽns[ɨ]	0
betumadeira	bɨtumɐdɐjrɐ	betumɐdɐjrɐ	b[ɨ]tumɐdɐjrɐ	b[e]tumɐdɐjrɐ	0
betumado	bɨtumadu	betumadu	b[ɨ]tumadu	b[e]tumadu	0
betumar	bɨtumar	betumar	b[ɨ]tumar	b[e]tumar	0
betume	bɨtumɨ	betumɨ	b[ɨ]tumɨ	b[e]tumɨ	0
betuminização	bɨtumizɐsɐ̃w̃	betuminizɐsɐ̃w̃	b[ɨ]tumizɐ[s]ɐ̃[w]̃[]	b[e]tumini[z]ɐs[ɐ]̃w[̃]	0
betuminoso	bɨtuminozu	betuminozu	b[ɨ]tuminozu	b[e]tuminozu	0
bexiga	bɨʃiɡɐ	beʃiɡɐ	b[ɨ]ʃiɡɐ	b[e]ʃiɡɐ	0
bexiga-de-lobo	bɨʃiɡɐdɨlobu	beʃiɡɐdɨlobu	b[ɨ]ʃiɡɐdɨlobu	b[e]ʃiɡɐdɨlobu	0
bexiga-natatória	bɨʃiɡɐnɐtɐtɔrjɐ	beʃiɡɐnɐtɐtɔrjɐ	b[ɨ]ʃiɡɐnɐtɐtɔrjɐ	b[e]ʃiɡɐnɐtɐtɔrjɐ	0
bexigão	bɨʃiɡɐ̃w̃	beʃiɡɐ̃w̃	b[ɨ]ʃiɡɐ̃w̃	b[e]ʃiɡɐ̃w̃	0
bexigar	bɨʃiɡar	beʃiɡar	b[ɨ]ʃiɡar	b[e]ʃiɡar	0
bexigoso	bɨʃiɡozu	beʃiɡozu	b[ɨ]ʃiɡozu	b[e]ʃiɡozu	0
bexigueiro	bɨʃiɡɐjru	beʃiɡɐjru	b[ɨ]ʃiɡɐjru	b[e]ʃiɡɐjru	0
bexiguento	bɨʃiɡẽtu	beʃiɡẽntu	b[ɨ]ʃiɡẽtu[]	b[e]ʃiɡẽnt[u]	0
bezana	bɨzɐnɐ	bezɐ̃nɐ	b[ɨ]zɐ[]nɐ	b[e]zɐ[̃]nɐ	0
bezedor	bɨzɨdor	bezɨdor	b[ɨ]zɨdor	b[e]zɨdor	0
bezerra	bɨzeʀɐ	bezeʀɐ	b[ɨ]zeʀɐ	b[e]zeʀɐ	0
bezerrada	bɨzɨʀadɐ	bezɨʀadɐ	b[ɨ]zɨʀadɐ	b[e]zɨʀadɐ	0
bezerro	bɨzeʀu	bezeʀu	b[ɨ]zeʀu	b[e]zeʀu	0
bezoante	bɨzwɐ̃tɨ	bezuɐ̃ntɨ	b[ɨ]z[w]ɐ̃[]tɨ	b[e]z[u]ɐ̃[n]tɨ	0
bicameralismo	bikɐmɨrɐliʒmu	bikɐmerɐliʒmu	bikɐm[ɨ]rɐliʒmu	bikɐm[e]rɐliʒmu	0
bicameralista	bikɐmɨrɐliʃtɐ	bikɐmerɐliʃtɐ	bikɐm[ɨ]rɐliʃtɐ	bikɐm[e]rɐliʃtɐ	0
bico-de-cegonha	bikudɨsɨɡoɲɐ	bikudɨseɡõɲɐ	bikudɨs[ɨ]ɡo[]ɲɐ	bikudɨs[e]ɡo[̃]ɲɐ	0
bico-tesoura	bikutɨzowrɐ	bikutezowrɐ	bikut[ɨ]zowrɐ	bikut[e]zowrɐ	0
bilateralidade	bilɐtɨrɐlidadɨ	bilɐterɐlidadɨ	bilɐt[ɨ]rɐlidadɨ	bilɐt[e]rɐlidadɨ	0
blematômetro	blɨmɐtomɨtru	blemɐtomɨtru	bl[ɨ]mɐtomɨtru	bl[e]mɐtomɨtru	0
blematómetro	blɨmɐtɔmɨtru	blemɐtɔmɨtru	bl[ɨ]mɐtɔmɨtru	bl[e]mɐtɔmɨtru	0
blemômetro	blɨmomɨtru	blemomɨtru	bl[ɨ]momɨtru	bl[e]momɨtru	0
blemómetro	blɨmɔmɨtru	blemɔmɨtru	bl[ɨ]mɔmɨtru	bl[e]mɔmɨtru	0
bleníidas	blɨniidɐʃ	bleniidɐʃ	bl[ɨ]niidɐʃ	bl[e]niidɐʃ	0
bleniídeos	blɨniidjuʃ	blenjidiwʃ	bl[ɨ]n[i]idj[u]ʃ	bl[e]n[j]idi[w]ʃ	0
blenorreico	blɨnuʀɐjku	blenuʀɐjku	bl[ɨ]nuʀɐjku	bl[e]nuʀɐjku	0
blenorréico	blɨnuʀɐjku	blenuʀɛjku	bl[ɨ]nuʀ[ɐ]jku	bl[e]nuʀ[ɛ]jku	0
blesidade	blɨzidadɨ	blezidadɨ	bl[ɨ]zidadɨ	bl[e]zidadɨ	0
boemia	bwemiɐ	buɨmiɐ	bw[e]miɐ	bu[ɨ]miɐ	0
bóer	bɔer	bɔɨr	bɔ[e]r	bɔ[ɨ]r	0
borboletear	burbulɨtjar	burbuletiar	burbul[ɨ]t[j]ar	burbul[e]t[i]ar	0
braço-de-preguiça	brasudɨprɨɡisɐ	brasudɨpreɡisɐ	brasudɨpr[ɨ]ɡisɐ	brasudɨpr[e]ɡisɐ	0
braquicefalia	brɐkisɨfɐliɐ	brɐkisefɐliɐ	brɐkis[ɨ]fɐliɐ	brɐkis[e]fɐliɐ	0
braquimetropia	brɐkimɨtrupiɐ	brɐkimetrupiɐ	brɐkim[ɨ]trupiɐ	brɐkim[e]trupiɐ	0
braquiterapêutico	brɐkitɨrɐpewtiku	brɐkiterɐpewtiku	brɐkit[ɨ]rɐpewtiku	brɐkit[e]rɐpewtiku	0
braquiterapia	brɐkitɨrɐpiɐ	brɐkiterɐpiɐ	brɐkit[ɨ]rɐpiɐ	brɐkit[e]rɐpiɐ	0
brejoso	brɨʒozu	breʒozu	br[ɨ]ʒozu	br[e]ʒozu	0
brenhoso	brɨɲozu	breɲozu	br[ɨ]ɲozu	br[e]ɲozu	0
bretanha	brɨtɐɲɐ	bretɐ̃ɲɐ	br[ɨ]tɐ[]ɲɐ	br[e]tɐ[̃]ɲɐ	0
bretanjil	brɨtɐ̃ʒiɫ	bretɐ̃nʒiɫ	br[ɨ]tɐ̃[]ʒiɫ	br[e]tɐ̃[n]ʒiɫ	0
brevetado	brɨvɨtadu	brevɨtadu	br[ɨ]vɨtadu	br[e]vɨtadu	0
brevetar	brɨvɨtar	brevɨtar	br[ɨ]vɨtar	br[e]vɨtar	0
brevetável	brɨvɨtavɛɫ	brevɨtavɛɫ	br[ɨ]vɨtavɛɫ	br[e]vɨtavɛɫ	0
brevete	brɨvetɨ	brevɛtɨ	br[ɨ]v[e]tɨ	br[e]v[ɛ]tɨ	0
breviário	brɨvjarju	breviarju	br[ɨ]v[j]arju	br[e]v[i]arju	0
brevidade	brɨvidadɨ	brevidadɨ	br[ɨ]vidadɨ	br[e]vidadɨ	0
brevista	brɨviʃtɐ	breviʃtɐ	br[ɨ]viʃtɐ	br[e]viʃtɐ	0
brigadeiro-general	briɡɐdɐjruʒɨnɨraɫ	briɡɐdɐjruʒenɨraɫ	briɡɐdɐjruʒ[ɨ]nɨraɫ	briɡɐdɐjruʒ[e]nɨraɫ	0
cabeça-de-tremoço	kɐbesɐdɨtrɨmosu	kɐbesɐdɨtremosu	kɐbesɐdɨtr[ɨ]mosu	kɐbesɐdɨtr[e]mosu	0
cabo-verdianidade	kabuvɨrdjɐnidadɨ	kabuverdiɐnidadɨ	kabuv[ɨ]rd[j]ɐnidadɨ	kabuv[e]rd[i]ɐnidadɨ	0
cabo-verdianismo	kabuvɨrdjɐniʒmu	kabuverdiɐniʒmu	kabuv[ɨ]rd[j]ɐniʒmu	kabuv[e]rd[i]ɐniʒmu	0
cabo-verdiano	kabuvɨrdjɐnu	kabuverdiɐ̃nu	kabuv[ɨ]rd[j]ɐ[]nu	kabuv[e]rd[i]ɐ[̃]nu	0
cacarejador	kɐkɐrɨʒɐdor	kɐkɐreʒɐdor	kɐkɐr[ɨ]ʒɐdor	kɐkɐr[e]ʒɐdor	0
cafeína	kɐfeinɐ	kɐfɨinɐ	kɐf[e]inɐ	kɐf[ɨ]inɐ	0
cafeínico	kɐfeiniku	kɐfɨiniku	kɐf[e]iniku	kɐf[ɨ]iniku	0
cafeísmo	kɐfeiʒmu	kɐfɨiʒmu	kɐf[e]iʒmu	kɐf[ɨ]iʒmu	0
calafetação	kɐlɐfɨtɐsɐ̃w̃	kɐlɐfetɐsɐ̃w̃	kɐlɐf[ɨ]tɐsɐ̃w̃	kɐlɐf[e]tɐsɐ̃w̃	0
calafetador	kɐlɐfɨtɐdor	kɐlɐfetɐdor	kɐlɐf[ɨ]tɐdor	kɐlɐf[e]tɐdor	0
calafetamento	kɐlɐfɨtɐmẽtu	kɐlɐfetɐmẽntu	kɐlɐf[ɨ]tɐmẽtu[]	kɐlɐf[e]tɐmẽnt[u]	0
calce	kaɫsɨ	kaɫse	kaɫs[ɨ]	kaɫs[e]	0
calfe	kaɫfɨ	kaɫfe	kaɫf[ɨ]	kaɫf[e]	0
caliemia	kɐljemiɐ	kɐliɨmiɐ	kɐlj[e]miɐ	kɐli[ɨ]miɐ	0
calque	kaɫkɨ	kaɫke	kaɫk[ɨ]	kaɫk[e]	0
camecefalia	kɐmɨsɨfɐliɐ	kɐmesɨfɐliɐ	kɐm[ɨ]sɨfɐliɐ	kɐm[e]sɨfɐliɐ	0
cameleão	kɐmɨljɐ̃w̃	kɐmeliɐ̃w̃	kɐm[ɨ]l[j]ɐ̃w̃	kɐm[e]l[i]ɐ̃w̃	0
cameleôntidas	kɐmɨljõtidɐʃ	kɐmelɨõntidɐʃ	kɐm[ɨ]ljõtidɐʃ[]	kɐm[e]lɨõntidɐ[ʃ]	0
cameleontídeo	kɐmɨljõtidju	kɐmeliõntidiw	kɐm[ɨ]ljõtidju[]	kɐm[e]liõntidi[w]	0
cameleontídeos	kɐmɨljõtidjuʃ	kɐmeliõntidiwʃ	kɐm[ɨ]ljõtidjuʃ[]	kɐm[e]liõntidiw[ʃ]	0
cameliácea	kɐmɨljasjɐ	kɐmeliasiɐ	kɐm[ɨ]l[j]as[j]ɐ	kɐm[e]l[i]as[i]ɐ	0
cameliáceas	kɐmɨljasjɐʃ	kɐmeliasiɐʃ	kɐm[ɨ]l[j]as[j]ɐʃ	kɐm[e]l[i]as[i]ɐʃ	0
cameliforme	kɐmɨlifɔrmɨ	kɐmelifɔrmɨ	kɐm[ɨ]lifɔrmɨ	kɐm[e]lifɔrmɨ	0
camelornito	kɐmɨlurnitu	kɐmelurnitu	kɐm[ɨ]lurnitu	kɐm[e]lurnitu	0
camerlengado	kɐmɨrlẽɡadu	kɐmerlẽnɡadu	kɐm[ɨ]rlẽɡadu[]	kɐm[e]rlẽnɡad[u]	0
caneladura	kɐnɨlɐdurɐ	kɐnelɐdurɐ	kɐn[ɨ]lɐdurɐ	kɐn[e]lɐdurɐ	0
caramelização	kɐrɐmɨlizɐsɐ̃w̃	kɐrɐmelizɐsɐ̃w̃	kɐrɐm[ɨ]lizɐsɐ̃w̃	kɐrɐm[e]lizɐsɐ̃w̃	0
caramelizar	kɐrɐmɨlizar	kɐrɐmelizar	kɐrɐm[ɨ]lizar	kɐrɐm[e]lizar	0
cara-metade	karɐmɨtadɨ	karɐmetadɨ	karɐm[ɨ]tadɨ	karɐm[e]tadɨ	0
caraterial	kɐrɐtɨrjaɫ	kɐrɐteriaɫ	kɐrɐt[ɨ]r[j]aɫ	kɐrɐt[e]r[i]aɫ	0
caraterização	kɐrɐtɨrizɐsɐ̃w̃	kɐrɐterizɐsɐ̃w̃	kɐrɐt[ɨ]rizɐsɐ̃w̃	kɐrɐt[e]rizɐsɐ̃w̃	0
caraterizado	kɐrɐtɨrizadu	kɐrɐterizadu	kɐrɐt[ɨ]rizadu	kɐrɐt[e]rizadu	0
caraterizador	kɐrɐtɨrizɐdor	kɐrɐterizɐdor	kɐrɐt[ɨ]rizɐdor	kɐrɐt[e]rizɐdor	0
caraterizante	kɐrɐtɨrizɐ̃tɨ	kɐrɐterizɐ̃ntɨ	kɐrɐt[ɨ]rizɐ̃[]tɨ	kɐrɐt[e]rizɐ̃[n]tɨ	0
caraterizar	kɐrɐtɨrizar	kɐrɐterizar	kɐrɐt[ɨ]rizar	kɐrɐt[e]rizar	0
caraterizável	kɐrɐtɨrizavɛɫ	kɐrɐterizavɛɫ	kɐrɐt[ɨ]rizavɛɫ	kɐrɐt[e]rizavɛɫ	0
caraterologia	kɐrɐtɨruluʒiɐ	kɐrɐteruluʒiɐ	kɐrɐt[ɨ]ruluʒiɐ	kɐrɐt[e]ruluʒiɐ	0
caraterológico	kɐrɐtɨrulɔʒiku	kɐrɐterulɔʒiku	kɐrɐt[ɨ]rulɔʒiku	kɐrɐt[e]rulɔʒiku	0
castrametação	kɐʃtrɐmɨtɐsɐ̃w̃	kɐʃtrɐmetɐsɐ̃w̃	kɐʃtrɐm[ɨ]tɐsɐ̃w̃	kɐʃtrɐm[e]tɐsɐ̃w̃	0
castro-verdense	kaʃtruvɨrdẽsɨ	kaʃtruverdẽnsɨ	kaʃtruv[ɨ]rdẽsɨ[]	kaʃtruv[e]rdẽns[ɨ]	0
catamenial	kɐtɐmɨnjaɫ	kɐtɐmeniaɫ	kɐtɐm[ɨ]n[j]aɫ	kɐtɐm[e]n[i]aɫ	0
catatermômetro	kɐtɐtɨrmometru	kɐtɐtɨrmomɨtru	kɐtɐtɨrmom[e]tru	kɐtɐtɨrmom[ɨ]tru	0
catatermómetro	kɐtɐtɨrmɔmetru	kɐtɐtɨrmɔmɨtru	kɐtɐtɨrmɔm[e]tru	kɐtɐtɨrmɔm[ɨ]tru	0
cebídeos	sɨbidjuʃ	sebidiwʃ	s[ɨ]bidj[u]ʃ	s[e]bidi[w]ʃ	0
cebola-albarrã	sɨbolaɫbɐʀɐ̃	sebolɐaɫbɐʀɐ̃	s[ɨ]bol[]aɫbɐʀɐ̃	s[e]bol[ɐ]aɫbɐʀɐ̃	0
cebolada	sɨbuladɐ	sebuladɐ	s[ɨ]buladɐ	s[e]buladɐ	0
cebolal	sɨbulaɫ	sebulaɫ	s[ɨ]bulaɫ	s[e]bulaɫ	0
cebola	sɨbolɐ	sebolɐ	s[ɨ]bolɐ	s[e]bolɐ	0
ceboleira	sɨbulɐjrɐ	sebulɐjrɐ	s[ɨ]bulɐjrɐ	s[e]bulɐjrɐ	0
ceboleiro	sɨbulɐjru	sebulɐjru	s[ɨ]bulɐjru	s[e]bulɐjru	0
cebolinha	sɨbuliɲɐ	sebuliɲɐ	s[ɨ]buliɲɐ	s[e]buliɲɐ	0
cebolinho	sɨbuliɲu	sebuliɲu	s[ɨ]buliɲu	s[e]buliɲu	0
cebolório	sɨbulɔrju	sebulɔrju	s[ɨ]bulɔrju	s[e]bulɔrju	0
cebolo	sɨbolu	sebɔlu	s[ɨ]b[o]lu	s[e]b[ɔ]lu	0
ceceadura	sɨsjɐdurɐ	sesiɐdurɐ	s[ɨ]s[j]ɐdurɐ	s[e]s[i]ɐdurɐ	0
cecear	sɨsjar	sesiar	s[ɨ]s[j]ar	s[e]s[i]ar	0
ceceoso	sɨsjozu	sesiozu	s[ɨ]s[j]ozu	s[e]s[i]ozu	0
cecídia	sɨsidjɐ	sesidjɐ	s[ɨ]sidjɐ	s[e]sidjɐ	0
cedeiro	sɨdɐjru	sedɐjru	s[ɨ]dɐjru	s[e]dɐjru	0
cedência	sɨdẽsjɐ	sedẽnsjɐ	s[ɨ]dẽsjɐ[]	s[e]dẽnsj[ɐ]	0
cedente	sɨdẽtɨ	sedẽntɨ	s[ɨ]dẽtɨ[]	s[e]dẽnt[ɨ]	0
cedido	sɨdidu	sedidu	s[ɨ]didu	s[e]didu	0
cedilhar	sɨdiʎar	sediʎar	s[ɨ]diʎar	s[e]diʎar	0
cedilha	sɨdiʎɐ	sediʎɐ	s[ɨ]diʎɐ	s[e]diʎɐ	0
cedimento	sɨdimẽtu	sedimẽntu	s[ɨ]dimẽtu[]	s[e]dimẽnt[u]	0
cedinho	sɨdiɲu	sediɲu	s[ɨ]diɲu	s[e]diɲu	0
cedível	sɨdivɛɫ	sedivɛɫ	s[ɨ]divɛɫ	s[e]divɛɫ	0
cedreláceas	sɨdrɨlasjɐʃ	sedrɨlasiɐʃ	s[ɨ]drɨlas[j]ɐʃ	s[e]drɨlas[i]ɐʃ	0
cedrino	sɨdrinu	sedrinu	s[ɨ]drinu	s[e]drinu	0
cedrita	sɨdritɐ	sedritɐ	s[ɨ]dritɐ	s[e]dritɐ	0
cedular	sɨdular	sedular	s[ɨ]dular	s[e]dular	0
cefalado	sɨfɐladu	sefɐladu	s[ɨ]fɐladu	s[e]fɐladu	0
cefalalgia	sɨfɐlaɫʒiɐ	sefɐlaɫʒiɐ	s[ɨ]fɐlaɫʒiɐ	s[e]fɐlaɫʒiɐ	0
cefalálgico	sɨfɐlaɫʒiku	sefɐlaɫʒiku	s[ɨ]fɐlaɫʒiku	s[e]fɐlaɫʒiku	0
cefalão	sɨfɐlɐ̃w̃	sefɐlɐ̃w̃	s[ɨ]fɐlɐ̃w̃	s[e]fɐlɐ̃w̃	0
cefaleia	sɨfɐlɐjɐ	sefɐlɛjɐ	s[ɨ]fɐl[ɐ]jɐ	s[e]fɐl[ɛ]jɐ	0
cefaléia	sɨfɐlɐjɐ	sefɐlɛjɐ	s[ɨ]fɐl[ɐ]jɐ	s[e]fɐl[ɛ]jɐ	0
cefálico	sɨfaliku	sefaliku	s[ɨ]faliku	s[e]faliku	0
cefalite	sɨfɐlitɨ	sefɐlitɨ	s[ɨ]fɐlitɨ	s[e]fɐlitɨ	0
cefalização	sɨfɐlizɐsɐ̃w̃	sefɐlizɐsɐ̃w̃	s[ɨ]fɐlizɐsɐ̃w̃	s[e]fɐlizɐsɐ̃w̃	0
cefaloide	sɨfɐlɔjdɨ	sefɐlɔjdɨ	s[ɨ]fɐlɔjdɨ	s[e]fɐlɔjdɨ	0
cefalóide	sɨfɐlɔjdɨ	sefɐlɔjdɨ	s[ɨ]fɐlɔjdɨ	s[e]fɐlɔjdɨ	0
cefalometria	sɨfɐlɔmɨtriɐ	sefɐlumɨtriɐ	s[ɨ]fɐl[ɔ]mɨtriɐ	s[e]fɐl[u]mɨtriɐ	0
cefalômetro	sɨfɐlomɨtru	sefɐlomɨtru	s[ɨ]fɐlomɨtru	s[e]fɐlomɨtru	0
cefalómetro	sɨfɐlɔmɨtru	sefɐlɔmɨtru	s[ɨ]fɐlɔmɨtru	s[e]fɐlɔmɨtru	0
cefalópodes	sɨfɐlɔpudɨʃ	sefɐlɔpudɨʃ	s[ɨ]fɐlɔpudɨʃ	s[e]fɐlɔpudɨʃ	0
cefalotomia	sɨfɐlɔtumiɐ	sefɐlutumiɐ	s[ɨ]fɐl[ɔ]tumiɐ	s[e]fɐl[u]tumiɐ	0
cefalótomo	sɨfɐlɔtumu	sefɐlɔtumu	s[ɨ]fɐlɔtumu	s[e]fɐlɔtumu	0
cegagem	sɨɡaʒɐ̃j̃	seɡaʒɐjn	s[ɨ]ɡaʒɐ[̃]j[̃]	s[e]ɡaʒɐ[]j[n]	0
cegonhão	sɨɡuɲɐ̃w̃	seɡõɲɐ̃w̃	s[ɨ]ɡu[]ɲɐ̃w̃	s[e]ɡo[̃]ɲɐ̃w̃	0
cegonha	sɨɡoɲɐ	seɡõɲɐ	s[ɨ]ɡo[]ɲɐ	s[e]ɡo[̃]ɲɐ	0
cegonho	sɨɡoɲu	seɡõɲu	s[ɨ]ɡo[]ɲu	s[e]ɡo[̃]ɲu	0
cegude	sɨɡudɨ	seɡudɨ	s[ɨ]ɡudɨ	s[e]ɡudɨ	0
cegueira	sɨɡɐjrɐ	seɡɐjrɐ	s[ɨ]ɡɐjrɐ	s[e]ɡɐjrɐ	0
celacanto	sɨlɐkɐ̃tu	selɐkɐ̃ntu	s[ɨ]lɐkɐ̃[]tu	s[e]lɐkɐ̃[n]tu	0
celação	sɨlɐsɐ̃w̃	selɐsɐ̃w̃	s[ɨ]lɐsɐ̃w̃	s[e]lɐsɐ̃w̃	0
celada	sɨladɐ	seladɐ	s[ɨ]ladɐ	s[e]ladɐ	0
celagem	sɨlaʒɐ̃j̃	selaʒɐjn	s[ɨ]laʒɐ[̃]j[̃]	s[e]laʒɐ[]j[n]	0
celamim	sɨlɐmĩ	selɐ̃mĩn	s[ɨ]lɐ[]mĩ[]	s[e]lɐ[̃]mĩ[n]	0
celário	sɨlarju	selarju	s[ɨ]larju	s[e]larju	0
celastráceas	sɨlɐʃtrasjɐʃ	selɐʃtrasiɐʃ	s[ɨ]lɐʃtras[j]ɐʃ	s[e]lɐʃtras[i]ɐʃ	0
celastro	sɨlaʃtru	selaʃtru	s[ɨ]laʃtru	s[e]laʃtru	0
celebérrimo	sɨlɨbɛʀimu	selɨbɛʀimu	s[ɨ]lɨbɛʀimu	s[e]lɨbɛʀimu	0
celebração	sɨlɨbrɐsɐ̃w̃	selɨbrɐsɐ̃w̃	s[ɨ]lɨbrɐsɐ̃w̃	s[e]lɨbrɐsɐ̃w̃	0
celebrador	sɨlɨbrɐdor	selɨbrɐdor	s[ɨ]lɨbrɐdor	s[e]lɨbrɐdor	0
celebrado	sɨlɨbradu	selɨbradu	s[ɨ]lɨbradu	s[e]lɨbradu	0
celebrante	sɨlɨbrɐ̃tɨ	selɨbrɐ̃ntɨ	s[ɨ]lɨbrɐ̃[]tɨ	s[e]lɨbrɐ̃[n]tɨ	0
celebrar	sɨlɨbrar	selɨbrar	s[ɨ]lɨbrar	s[e]lɨbrar	0
celebrativo	sɨlɨbrɐtivu	selɨbrɐtivu	s[ɨ]lɨbrɐtivu	s[e]lɨbrɐtivu	0
celebrável	sɨlɨbravɛɫ	selɨbravɛɫ	s[ɨ]lɨbravɛɫ	s[e]lɨbravɛɫ	0
celebreira	sɨlɨbrɐjrɐ	selɨbrɐjrɐ	s[ɨ]lɨbrɐjrɐ	s[e]lɨbrɐjrɐ	0
celebridade	sɨlɨbridadɨ	selɨbridadɨ	s[ɨ]lɨbridadɨ	s[e]lɨbridadɨ	0
celebrização	sɨlɨbrizɐsɐ̃w̃	selɨbrizɐsɐ̃w̃	s[ɨ]lɨbrizɐsɐ̃w̃	s[e]lɨbrizɐsɐ̃w̃	0
celebrizar	sɨlɨbrizar	selɨbrizar	s[ɨ]lɨbrizar	s[e]lɨbrizar	0
celeireiro	sɨlɐjrɐjru	selɐjrɐjru	s[ɨ]lɐjrɐjru	s[e]lɐjrɐjru	0
celeiro	sɨlɐjru	selɐjru	s[ɨ]lɐjru	s[e]lɐjru	0
celelê	selele	selɨle	sel[e]le	sel[ɨ]le	0
celenterados	sɨlẽtɨraduʃ	selẽntɨraduʃ	s[ɨ]lẽtɨraduʃ[]	s[e]lẽntɨradu[ʃ]	0
celentério	sɨlẽtɛrju	selẽntɛrju	s[ɨ]lẽtɛrju[]	s[e]lẽntɛrj[u]	0
celêntero	sɨlẽtɨru	selẽntɨru	s[ɨ]lẽtɨru[]	s[e]lẽntɨr[u]	0
celeradamente	sɨlɨradɐmẽtɨ	selɨrɐdɐmẽntɨ	s[ɨ]lɨr[a]dɐmẽtɨ[]	s[e]lɨr[ɐ]dɐmẽnt[ɨ]	0
celerado	sɨlɨradu	selɨradu	s[ɨ]lɨradu	s[e]lɨradu	0
celeridade	sɨlɨridadɨ	selɨridadɨ	s[ɨ]lɨridadɨ	s[e]lɨridadɨ	0
celerígrado	sɨlɨriɡrɐdu	selɨriɡrɐdu	s[ɨ]lɨriɡrɐdu	s[e]lɨriɡrɐdu	0
celerímetro	sɨlɨrimɨtru	selɨrimɨtru	s[ɨ]lɨrimɨtru	s[e]lɨrimɨtru	0
celerípede	sɨlɨripɨdɨ	selɨripɨdɨ	s[ɨ]lɨripɨdɨ	s[e]lɨripɨdɨ	0
celérrimo	sɨlɛʀimu	selɛʀimu	s[ɨ]lɛʀimu	s[e]lɛʀimu	0
celesta	sɨlɛʃtɐ	selɛʃtɐ	s[ɨ]lɛʃtɐ	s[e]lɛʃtɐ	0
celeste	sɨlɛʃtɨ	selɛʃtɨ	s[ɨ]lɛʃtɨ	s[e]lɛʃtɨ	0
celestial	sɨlɨʃtjaɫ	selɨʃtiaɫ	s[ɨ]lɨʃt[j]aɫ	s[e]lɨʃt[i]aɫ	0
celestina	sɨlɨʃtinɐ	selɨʃtinɐ	s[ɨ]lɨʃtinɐ	s[e]lɨʃtinɐ	0
celestino	sɨlɨʃtinu	selɨʃtinu	s[ɨ]lɨʃtinu	s[e]lɨʃtinu	0
celeumar	sɨlewmar	selewmar	s[ɨ]lewmar	s[e]lewmar	0
celeuma	sɨlewmɐ	selewmɐ	s[ɨ]lewmɐ	s[e]lewmɐ	0
celeumear	sɨlewmjar	selewmiar	s[ɨ]lewm[j]ar	s[e]lewm[i]ar	0
celhado	sɨʎadu	seʎadu	s[ɨ]ʎadu	s[e]ʎadu	0
celheado	sɨʎjadu	seʎiadu	s[ɨ]ʎ[j]adu	s[e]ʎ[i]adu	0
celíaco	sɨliɐku	seliɐku	s[ɨ]liɐku	s[e]liɐku	0
celiadelfo	sɨljɐdɛlfu	seliɐdeɫfu	s[ɨ]l[j]ɐdɛ[l]fu	s[e]l[i]ɐde[ɫ]fu	0
celialgia	sɨljaɫʒiɐ	seliaɫʒiɐ	s[ɨ]l[j]aɫʒiɐ	s[e]l[i]aɫʒiɐ	0
celibatário	sɨlibɐtarju	selibɐtarju	s[ɨ]libɐtarju	s[e]libɐtarju	0
celibatarismo	sɨlibɐtɐriʒmu	selibɐtɐriʒmu	s[ɨ]libɐtɐriʒmu	s[e]libɐtɐriʒmu	0
celibato	sɨlibatu	selibatu	s[ɨ]libatu	s[e]libatu	0
celícola	sɨlikulɐ	selikulɐ	s[ɨ]likulɐ	s[e]likulɐ	0
celideia	sɨlidɐjɐ	selidɛjɐ	s[ɨ]lid[ɐ]jɐ	s[e]lid[ɛ]jɐ	0
celidéia	sɨlidɐjɐ	selidɛjɐ	s[ɨ]lid[ɐ]jɐ	s[e]lid[ɛ]jɐ	0
celidografia	sɨliduɡrɐfiɐ	seliduɡrɐfiɐ	s[ɨ]liduɡrɐfiɐ	s[e]liduɡrɐfiɐ	0
celidográfico	sɨliduɡrafiku	seliduɡrafiku	s[ɨ]liduɡrafiku	s[e]liduɡrafiku	0
celidônia-menor	sɨlidonjɐmɨnɔr	selidonɪɐmɨnɔr	s[ɨ]lidon[j]ɐmɨnɔr	s[e]lidon[ɪ]ɐmɨnɔr	0
celidónia-menor	sɨlidɔnjɐmɨnɔr	selidɔnɪɐmɨnɔr	s[ɨ]lidɔn[j]ɐmɨnɔr	s[e]lidɔn[ɪ]ɐmɨnɔr	0
celidônia	sɨlidonjɐ	selidonjɐ	s[ɨ]lidonjɐ	s[e]lidonjɐ	0
celidónia	sɨlidɔnjɐ	selidɔnjɐ	s[ɨ]lidɔnjɐ	s[e]lidɔnjɐ	0
celífero	sɨlifɨru	selifɨru	s[ɨ]lifɨru	s[e]lifɨru	0
celificar	sɨlifikar	selifikar	s[ɨ]lifikar	s[e]lifikar	0
celífluo	sɨliflwu	selifluw	s[ɨ]lifl[]w[u]	s[e]lifl[u]w[]	0
celígena	sɨliʒɨnɐ	seliʒɨnɐ	s[ɨ]liʒɨnɐ	s[e]liʒɨnɐ	0
celígero	sɨliʒɨru	seliʒɨru	s[ɨ]liʒɨru	s[e]liʒɨru	0
celioscopia	sɨljɔʃkupiɐ	seliuʃkupiɐ	s[ɨ]lj[ɔ]ʃkupiɐ	s[e]li[u]ʃkupiɐ	0
celiotomia	sɨljɔtumiɐ	seliutumiɐ	s[ɨ]lj[ɔ]tumiɐ	s[e]li[u]tumiɐ	0
celiotômico	sɨljɔtomiku	seliutomiku	s[ɨ]lj[ɔ]tomiku	s[e]li[u]tomiku	0
celiotómico	sɨljɔtɔmiku	seliutɔmiku	s[ɨ]lj[ɔ]tɔmiku	s[e]li[u]tɔmiku	0
celipotente	sɨliputẽtɨ	seliputẽntɨ	s[ɨ]liputẽtɨ[]	s[e]liputẽnt[ɨ]	0
celofanado	sɨlufɐnadu	selufɐnadu	s[ɨ]lufɐnadu	s[e]lufɐnadu	0
celofanar	sɨlufɐnar	selufɐnar	s[ɨ]lufɐnar	s[e]lufɐnar	0
celofane	sɨlɔfɐnɨ	selufɐ̃nɨ	s[ɨ]l[ɔ]fɐ[]nɨ	s[e]l[u]fɐ[̃]nɨ	0
celomado	sɨlumadu	selumadu	s[ɨ]lumadu	s[e]lumadu	0
celoma	sɨlomɐ	selomɐ	s[ɨ]lomɐ	s[e]lomɐ	0
celômata	sɨlomɐtɐ	selomɐtɐ	s[ɨ]lomɐtɐ	s[e]lomɐtɐ	0
celulado	sɨluladu	seluladu	s[ɨ]luladu	s[e]luladu	0
celularidade	sɨlulɐridadɨ	selulɐridadɨ	s[ɨ]lulɐridadɨ	s[e]lulɐridadɨ	0
celular	sɨlular	selular	s[ɨ]lular	s[e]lular	0
celulase	sɨlulazɨ	selulazɨ	s[ɨ]lulazɨ	s[e]lulazɨ	0
celúlase	sɨlulɐzɨ	selulɐzɨ	s[ɨ]lulɐzɨ	s[e]lulɐzɨ	0
celulífero	sɨlulifɨru	selulifɨru	s[ɨ]lulifɨru	s[e]lulifɨru	0
celuliforme	sɨlulifɔrmɨ	selulifɔrmɨ	s[ɨ]lulifɔrmɨ	s[e]lulifɔrmɨ	0
celulífugo	sɨlulifuɡu	selulifuɡu	s[ɨ]lulifuɡu	s[e]lulifuɡu	0
celulípeto	sɨlulipɨtu	selulipɨtu	s[ɨ]lulipɨtu	s[e]lulipɨtu	0
celulite	sɨlulitɨ	selulitɨ	s[ɨ]lulitɨ	s[e]lulitɨ	0
celulítico	sɨlulitiku	selulitiku	s[ɨ]lulitiku	s[e]lulitiku	0
celuloide	sɨlulɔjdɨ	selulɔjdɨ	s[ɨ]lulɔjdɨ	s[e]lulɔjdɨ	0
celulóide	sɨlulɔjdɨ	selulɔjdɨ	s[ɨ]lulɔjdɨ	s[e]lulɔjdɨ	0
celulolítico	sɨlululitiku	selululitiku	s[ɨ]lululitiku	s[e]lululitiku	0
celulose	sɨlulɔzɨ	selulɔzɨ	s[ɨ]lulɔzɨ	s[e]lulɔzɨ	0
celulósico	sɨlulɔziku	selulɔziku	s[ɨ]lulɔziku	s[e]lulɔziku	0
celulosidade	sɨluluzidadɨ	seluluzidadɨ	s[ɨ]luluzidadɨ	s[e]luluzidadɨ	0
celuloso	sɨlulozu	selulozu	s[ɨ]lulozu	s[e]lulozu	0
cementação	sɨmẽtɐsɐ̃w̃	semẽntɐsɐ̃w̃	s[ɨ]mẽtɐ[s]ɐ̃[w]̃[]	s[e]mẽn[t]ɐs[ɐ]̃w[̃]	0
cementador	sɨmẽtɐdor	semẽntɐdor	s[ɨ]mẽtɐdor[]	s[e]mẽntɐdo[r]	0
cementar	sɨmẽtar	semẽntar	s[ɨ]mẽtar[]	s[e]mẽnta[r]	0
cementite	sɨmẽtitɨ	semẽntitɨ	s[ɨ]mẽt[i]tɨ[]	s[e]mẽ[n]tit[ɨ]	0
cemento	sɨmẽtu	semẽntu	s[ɨ]mẽtu[]	s[e]mẽnt[u]	0
cemiterial	sɨmitɨrjaɫ	semiteriaɫ	s[ɨ]mit[ɨ]r[j]aɫ	s[e]mit[e]r[i]aɫ	0
cemitério	sɨmitɛrju	semitɛrju	s[ɨ]mitɛrju	s[e]mitɛrju	0
cenáculo	sɨnakulu	senakulu	s[ɨ]nakulu	s[e]nakulu	0
cenagal	sɨnɐɡaɫ	senɐɡaɫ	s[ɨ]nɐɡaɫ	s[e]nɐɡaɫ	0
cenagoso	ʃɨnɐɡozu	senɐɡozu	ʃ[ɨ]nɐɡozu	s[e]nɐɡozu	0
cenatório	sɨnɐtɔrju	senɐtɔrju	s[ɨ]nɐtɔrju	s[e]nɐtɔrju	0
cenestesia	sɨnɨʃtɨziɐ	senɨʃtɨziɐ	s[ɨ]nɨʃtɨziɐ	s[e]nɨʃtɨziɐ	0
cenestésico	sɨnɨʃtɛziku	senɨʃtɛziku	s[ɨ]nɨʃtɛziku	s[e]nɨʃtɛziku	0
cenestesiopatia	sɨnɨʃtɨzjɔpɐtiɐ	senɨʃteziupɐtiɐ	s[ɨ]nɨʃt[ɨ]zj[ɔ]pɐtiɐ	s[e]nɨʃt[e]zi[u]pɐtiɐ	0
cenestopatia	sɨnɨʃtɔpɐtiɐ	senɨʃtupɐtiɐ	s[ɨ]nɨʃt[ɔ]pɐtiɐ	s[e]nɨʃt[u]pɐtiɐ	0
cenhoso	sɨɲozu	seɲozu	s[ɨ]ɲozu	s[e]ɲozu	0
cenismo	sɨniʒmu	seniʒmu	s[ɨ]niʒmu	s[e]niʒmu	0
cenobiarca	sɨnubjarkɐ	senubiarkɐ	s[ɨ]nub[j]arkɐ	s[e]nub[i]arkɐ	0
cenobiose	sɨnubjɔzɨ	senubiɔzɨ	s[ɨ]nub[j]ɔzɨ	s[e]nub[i]ɔzɨ	0
cenóbio	sɨnɔbju	senɔbju	s[ɨ]nɔbju	s[e]nɔbju	0
cenobiótico	sɨnubjɔtiku	senubiɔtiku	s[ɨ]nub[j]ɔtiku	s[e]nub[i]ɔtiku	0
cenobismo	sɨnubiʒmu	senubiʒmu	s[ɨ]nubiʒmu	s[e]nubiʒmu	0
cenobita	sɨnubitɐ	senubitɐ	s[ɨ]nubitɐ	s[e]nubitɐ	0
cenobítico	sɨnubitiku	senubitiku	s[ɨ]nubitiku	s[e]nubitiku	0
cenobitismo	sɨnubitiʒmu	senubitiʒmu	s[ɨ]nubitiʒmu	s[e]nubitiʒmu	0
cenocítico	sɨnusitiku	senusitiku	s[ɨ]nusitiku	s[e]nusitiku	0
cenócito	sɨnɔsitu	senɔsitu	s[ɨ]nɔsitu	s[e]nɔsitu	0
cenofobia	sɨnufubiɐ	senufubiɐ	s[ɨ]nufubiɐ	s[e]nufubiɐ	0
cenografia	sɨnuɡrɐfiɐ	senuɡrɐfiɐ	s[ɨ]nuɡrɐfiɐ	s[e]nuɡrɐfiɐ	0
cenográfico	sɨnuɡrafiku	senuɡrafiku	s[ɨ]nuɡrafiku	s[e]nuɡrafiku	0
cenógrafo	sɨnɔɡrɐfu	senɔɡrɐfu	s[ɨ]nɔɡrɐfu	s[e]nɔɡrɐfu	0
cenoira	sɨnojrɐ	senojrɐ	s[ɨ]nojrɐ	s[e]nojrɐ	0
cenologia	sɨnuluʒiɐ	senuluʒiɐ	s[ɨ]nuluʒiɐ	s[e]nuluʒiɐ	0
cenológico	sɨnulɔʒiku	senulɔʒiku	s[ɨ]nulɔʒiku	s[e]nulɔʒiku	0
cenopégia	sɨnupɛʒjɐ	senupɛʒjɐ	s[ɨ]nupɛʒjɐ	s[e]nupɛʒjɐ	0
cenosidade	sɨnuzidadɨ	senuzidadɨ	s[ɨ]nuzidadɨ	s[e]nuzidadɨ	0
cenoso	sɨnozu	senozu	s[ɨ]nozu	s[e]nozu	0
cenossarco	sɨnusarku	senusarku	s[ɨ]nusarku	s[e]nusarku	0
cenotáfio	sɨnutafju	senutafju	s[ɨ]nutafju	s[e]nutafju	0
cenoura	sɨnowrɐ	senowrɐ	s[ɨ]nowrɐ	s[e]nowrɐ	0
cenurose	sɨnurɔzɨ	senurɔzɨ	s[ɨ]nurɔzɨ	s[e]nurɔzɨ	0
cenuro	sɨnuru	senuru	s[ɨ]nuru	s[e]nuru	0
cepáceo	sɨpasju	sepasiw	s[ɨ]pasj[u]	s[e]pasi[w]	0
cepeira	sɨpɐjrɐ	sepɐjrɐ	s[ɨ]pɐjrɐ	s[e]pɐjrɐ	0
cepilhar	sɨpiʎar	sepiʎar	s[ɨ]piʎar	s[e]piʎar	0
cepilho	sɨpiʎu	sepiʎu	s[ɨ]piʎu	s[e]piʎu	0
cepudo	sɨpudu	sepudu	s[ɨ]pudu	s[e]pudu	0
ceráceo	sɨrasju	serasiw	s[ɨ]rasj[u]	s[e]rasi[w]	0
cerambícidas	sɨrɐ̃bisidɐʃ	serɐ̃mbisidɐʃ	s[ɨ]rɐ̃[]bisidɐʃ	s[e]rɐ̃[m]bisidɐʃ	0
cerambicídeos	sɨrɐ̃bisidjuʃ	serɐ̃mbisidiwʃ	s[ɨ]rɐ̃[]bisidj[u]ʃ	s[e]rɐ̃[m]bisidi[w]ʃ	0
cerame	sɨrɐmɨ	serɐ̃mɨ	s[ɨ]rɐ[]mɨ	s[e]rɐ[̃]mɨ	0
cerâmica	sɨrɐmikɐ	serɐ̃mikɐ	s[ɨ]rɐ[]mikɐ	s[e]rɐ[̃]mikɐ	0
cerâmico	sɨrɐmiku	serɐ̃miku	s[ɨ]rɐ[]miku	s[e]rɐ[̃]miku	0
ceramista	sɨrɐmiʃtɐ	serɐmiʃtɐ	s[ɨ]rɐmiʃtɐ	s[e]rɐmiʃtɐ	0
ceramografia	sɨrɐmuɡrɐfiɐ	serɐmuɡrɐfiɐ	s[ɨ]rɐmuɡrɐfiɐ	s[e]rɐmuɡrɐfiɐ	0
ceramográfico	sɨrɐmuɡrafiku	serɐmuɡrafiku	s[ɨ]rɐmuɡrafiku	s[e]rɐmuɡrafiku	0
cerasta	sɨraʃtɐ	seraʃtɐ	s[ɨ]raʃtɐ	s[e]raʃtɐ	0
ceratina	sɨrɐtinɐ	serɐtinɐ	s[ɨ]rɐtinɐ	s[e]rɐtinɐ	0
ceratinização	sɨrɐtinizɐsɐ̃w̃	serɐtinizɐsɐ̃w̃	s[ɨ]rɐtinizɐsɐ̃w̃	s[e]rɐtinizɐsɐ̃w̃	0
ceratinizar	sɨrɐtinizar	serɐtinizar	s[ɨ]rɐtinizar	s[e]rɐtinizar	0
ceratinoso	sɨrɐtinozu	serɐtinozu	s[ɨ]rɐtinozu	s[e]rɐtinozu	0
ceratite	sɨrɐtitɨ	serɐtitɨ	s[ɨ]rɐtitɨ	s[e]rɐtitɨ	0
ceratitídeos	sɨrɐtitidjuʃ	serɐtitidiwʃ	s[ɨ]rɐtitidj[u]ʃ	s[e]rɐtitidi[w]ʃ	0
ceratoconjuntivite	sɨrɐtɔkõʒũtivitɨ	serɐtukõnʒũntivitɨ	s[ɨ]rɐt[ɔ]kõʒũtiv[i]tɨ[]	s[e]rɐt[u]kõnʒũ[n]tivit[ɨ]	0
ceratodo	sɨrɐtodu	serɐtodu	s[ɨ]rɐtodu	s[e]rɐtodu	0
ceratômetro	sɨrɐtomɨtru	serɐtomɨtru	s[ɨ]rɐtomɨtru	s[e]rɐtomɨtru	0
ceratómetro	sɨrɐtɔmɨtru	serɐtɔmɨtru	s[ɨ]rɐtɔmɨtru	s[e]rɐtɔmɨtru	0
ceratopatia	sɨrɐtɔpɐtiɐ	serɐtupɐtiɐ	s[ɨ]rɐt[ɔ]pɐtiɐ	s[e]rɐt[u]pɐtiɐ	0
ceratoplastia	sɨrɐtɔplɐʃtiɐ	serɐtuplɐʃtiɐ	s[ɨ]rɐt[ɔ]plɐʃtiɐ	s[e]rɐt[u]plɐʃtiɐ	0
ceratoplástico	sɨrɐtuplaʃtiku	serɐtuplaʃtiku	s[ɨ]rɐtuplaʃtiku	s[e]rɐtuplaʃtiku	0
ceratopsídeo	sɨrɐtɔpsidju	serɐtupsidiw	s[ɨ]rɐt[ɔ]psidj[u]	s[e]rɐt[u]psidi[w]	0
ceratopsídeos	sɨrɐtɔpsidjuʃ	serɐtupsidiwʃ	s[ɨ]rɐt[ɔ]psidj[u]ʃ	s[e]rɐt[u]psidi[w]ʃ	0
ceratoscópio	sɨrɐtɔʃkɔpju	serɐtuʃkɔpju	s[ɨ]rɐt[ɔ]ʃkɔpju	s[e]rɐt[u]ʃkɔpju	0
ceratose	sɨrɐtɔzɨ	serɐtɔzɨ	s[ɨ]rɐtɔzɨ	s[e]rɐtɔzɨ	0
cerato	sɨratu	seratu	s[ɨ]ratu	s[e]ratu	0
ceratotomia	sɨrɐtɔtumiɐ	serɐtutumiɐ	s[ɨ]rɐt[ɔ]tumiɐ	s[e]rɐt[u]tumiɐ	0
ceratótomo	sɨrɐtɔtumu	serɐtɔtumu	s[ɨ]rɐtɔtumu	s[e]rɐtɔtumu	0
ceráunia	sɨrawnjɐ	serawniɐ	s[ɨ]rawn[j]ɐ	s[e]rawn[i]ɐ	0
ceraunita	sɨrawnitɐ	serawnitɐ	s[ɨ]rawnitɐ	s[e]rawnitɐ	0
ceraunite	sɨrawnitɨ	serawnitɨ	s[ɨ]rawnitɨ	s[e]rawnitɨ	0
ceraunógrafo	sɨrawnɔɡrɐfu	serawnɔɡrɐfu	s[ɨ]rawnɔɡrɐfu	s[e]rawnɔɡrɐfu	0
ceraunômetro	sɨrawnomɨtru	serawnomɨtru	s[ɨ]rawnomɨtru	s[e]rawnomɨtru	0
ceraunómetro	sɨrawnɔmɨtru	serawnɔmɨtru	s[ɨ]rawnɔmɨtru	s[e]rawnɔmɨtru	0
ceraunoscopia	sɨrawnɔʃkupiɐ	serawnuʃkupiɐ	s[ɨ]rawn[ɔ]ʃkupiɐ	s[e]rawn[u]ʃkupiɐ	0
cerbatana	sɨrbɐtɐnɐ	serbɐtɐ̃nɐ	s[ɨ]rbɐtɐ[]nɐ	s[e]rbɐtɐ[̃]nɐ	0
cercadeira	sɨrkɐdɐjrɐ	serkɐdɐjrɐ	s[ɨ]rkɐdɐjrɐ	s[e]rkɐdɐjrɐ	0
cercador	sɨrkɐdor	serkɐdor	s[ɨ]rkɐdor	s[e]rkɐdor	0
cercado	sɨrkadu	serkadu	s[ɨ]rkadu	s[e]rkadu	0
cercadura	sɨrkɐdurɐ	serkɐdurɐ	s[ɨ]rkɐdurɐ	s[e]rkɐdurɐ	0
cercania	sɨrkɐniɐ	serkɐniɐ	s[ɨ]rkɐniɐ	s[e]rkɐniɐ	0
cercano	sɨrkɐnu	serkɐ̃nu	s[ɨ]rkɐ[]nu	s[e]rkɐ[̃]nu	0
cercante	sɨrkɐ̃tɨ	serkɐ̃ntɨ	s[ɨ]rkɐ̃[]tɨ	s[e]rkɐ̃[n]tɨ	0
cerceabilidade	sɨrsjɐbilidadɨ	sersiɐbilidadɨ	s[ɨ]rs[j]ɐbilidadɨ	s[e]rs[i]ɐbilidadɨ	0
cerceador	sɨrsjɐdor	sersiɐdor	s[ɨ]rs[j]ɐdor	s[e]rs[i]ɐdor	0
cerceadura	sɨrsjɐdurɐ	sersiɐdurɐ	s[ɨ]rs[j]ɐdurɐ	s[e]rs[i]ɐdurɐ	0
cerceal	sɨrsjaɫ	sersiaɫ	s[ɨ]rs[j]aɫ	s[e]rs[i]aɫ	0
cerceamento	sɨrsjɐmẽtu	sersiɐmẽntu	s[ɨ]rs[j]ɐmẽtu[]	s[e]rs[i]ɐmẽnt[u]	0
cercear	sɨrsjar	sersiar	s[ɨ]rs[j]ar	s[e]rs[i]ar	0
cerceável	sɨrsjavɛɫ	sersɨavɛɫ	s[ɨ]rs[j]avɛɫ	s[e]rs[ɨ]avɛɫ	0
cercefi	sɨrsɨfi	sersɨfi	s[ɨ]rsɨfi	s[e]rsɨfi	0
cerceio	sɨrsɐju	serseju	s[ɨ]rs[ɐ]ju	s[e]rs[e]ju	0
cerceta	sɨrsetɐ	sersɛtɐ	s[ɨ]rs[e]tɐ	s[e]rs[ɛ]tɐ	0
cercilhar	sɨrsiʎar	sersiʎar	s[ɨ]rsiʎar	s[e]rsiʎar	0
cercilho	sɨrsiʎu	sersiʎu	s[ɨ]rsiʎu	s[e]rsiʎu	0
cercopitécidas	sɨrkɔpitɛsidɐʃ	serkupitɛsidɐʃ	s[ɨ]rk[ɔ]pitɛsidɐʃ	s[e]rk[u]pitɛsidɐʃ	0
cercopitecídeos	sɨrkɔpitɨsidjuʃ	serkupitɨsidiwʃ	s[ɨ]rk[ɔ]pitɨsidj[u]ʃ	s[e]rk[u]pitɨsidi[w]ʃ	0
cerdeira	sɨrdɐjrɐ	serdɐjrɐ	s[ɨ]rdɐjrɐ	s[e]rdɐjrɐ	0
cerdoeiro	sɨrdwɐjru	serduɐjru	s[ɨ]rd[w]ɐjru	s[e]rd[u]ɐjru	0
cerdoso	sɨrdozu	serdozu	s[ɨ]rdozu	s[e]rdozu	0
cerebelar	sɨrɨbɨlar	serɨbɨlar	s[ɨ]rɨbɨlar	s[e]rɨbɨlar	0
cerebelite	sɨrɨbɨlitɨ	serɨbɨlitɨ	s[ɨ]rɨbɨlitɨ	s[e]rɨbɨlitɨ	0
cerebelo	sɨrɨbelu	serɨbelu	s[ɨ]rɨbelu	s[e]rɨbelu	0
cerebração	sɨrɨbrɐsɐ̃w̃	serɨbrɐsɐ̃w̃	s[ɨ]rɨbrɐsɐ̃w̃	s[e]rɨbrɐsɐ̃w̃	0
cerebralgia	sɨrɨbraɫʒiɐ	serɨbraɫʒiɐ	s[ɨ]rɨbraɫʒiɐ	s[e]rɨbraɫʒiɐ	0
cerebralização	sɨrɨbrɐlizɐsɐ̃w̃	serɨbrɐlizɐsɐ̃w̃	s[ɨ]rɨbrɐlizɐsɐ̃w̃	s[e]rɨbrɐlizɐsɐ̃w̃	0
cerebralizar	sɨrɨbrɐlizar	serɨbrɐlizar	s[ɨ]rɨbrɐlizar	s[e]rɨbrɐlizar	0
cerebral	sɨrɨbraɫ	serɨbraɫ	s[ɨ]rɨbraɫ	s[e]rɨbraɫ	0
cerebrastenia	sɨrɨbrɐʃtɨniɐ	serɨbrɐʃtɨniɐ	s[ɨ]rɨbrɐʃtɨniɐ	s[e]rɨbrɐʃtɨniɐ	0
cerebrastênico	sɨrɨbrɐʃteniku	serɨbrɐʃteniku	s[ɨ]rɨbrɐʃteniku	s[e]rɨbrɐʃteniku	0
cerebrasténico	sɨrɨbrɐʃtɛniku	serɨbrɐʃtɛniku	s[ɨ]rɨbrɐʃtɛniku	s[e]rɨbrɐʃtɛniku	0
cerebrina	sɨrɨbrinɐ	serɨbrinɐ	s[ɨ]rɨbrinɐ	s[e]rɨbrinɐ	0
cerebrino	sɨrɨbrinu	serɨbrinu	s[ɨ]rɨbrinu	s[e]rɨbrinu	0
cerebrite	sɨrɨbritɨ	serɨbritɨ	s[ɨ]rɨbritɨ	s[e]rɨbritɨ	0
cerebroide	sɨrɨbrɔjdɨ	serɨbrɔjdɨ	s[ɨ]rɨbrɔjdɨ	s[e]rɨbrɔjdɨ	0
cerebróide	sɨrɨbrɔjdɨ	serɨbrɔjdɨ	s[ɨ]rɨbrɔjdɨ	s[e]rɨbrɔjdɨ	0
cerefolho	sɨrɨfoʎu	serɨfoʎu	s[ɨ]rɨfoʎu	s[e]rɨfoʎu	0
cerefólio	sɨrɨfɔlju	serɨfɔlju	s[ɨ]rɨfɔlju	s[e]rɨfɔlju	0
cerejal	sɨrɨʒaɫ	serɨʒaɫ	s[ɨ]rɨʒaɫ	s[e]rɨʒaɫ	0
cereja	sɨrɐjʒɐ	sereʒɐ	s[ɨ]rɐ[j]ʒɐ	s[e]re[]ʒɐ	0
cerejeira	sɨrɨʒɐjrɐ	serɨʒɐjrɐ	s[ɨ]rɨʒɐjrɐ	s[e]rɨʒɐjrɐ	0
cerejinho	sɨrɨʒiɲu	serɨʒiɲu	s[ɨ]rɨʒiɲu	s[e]rɨʒiɲu	0
cerejo	sɨrɐjʒu	sereʒu	s[ɨ]rɐ[j]ʒu	s[e]re[]ʒu	0
ceresina	sɨrɨzinɐ	serɨzinɐ	s[ɨ]rɨzinɐ	s[e]rɨzinɐ	0
ceresitar	sɨrɨzitar	serɨzitar	s[ɨ]rɨzitar	s[e]rɨzitar	0
ceresite	sɨrɨzitɨ	serɨzitɨ	s[ɨ]rɨzitɨ	s[e]rɨzitɨ	0
cerezina	sɨrɨzinɐ	serɨzinɐ	s[ɨ]rɨzinɐ	s[e]rɨzinɐ	0
cerezinho	sɨrɨziɲu	serɨziɲu	s[ɨ]rɨziɲu	s[e]rɨziɲu	0
cerezino	sɨrɨzinu	serɨzinu	s[ɨ]rɨzinu	s[e]rɨzinu	0
ceriato	sɨrjatu	seriatu	s[ɨ]r[j]atu	s[e]r[i]atu	0
cerieira	sɨrjɐjrɐ	seriɐjrɐ	s[ɨ]r[j]ɐjrɐ	s[e]r[i]ɐjrɐ	0
cerieiro	sɨrjɐjru	seriɐjru	s[ɨ]r[j]ɐjru	s[e]r[i]ɐjru	0
cerífero	sɨrifɨru	serifɨru	s[ɨ]rifɨru	s[e]rifɨru	0
cerimonial	sɨrimunjaɫ	serimuniaɫ	s[ɨ]rimun[j]aɫ	s[e]rimun[i]aɫ	0
cerimoniar	sɨrimunjar	serimuniar	s[ɨ]rimun[j]ar	s[e]rimun[i]ar	0
cerimônia	sɨrimonjɐ	serimonjɐ	s[ɨ]rimonjɐ	s[e]rimonjɐ	0
cerimónia	sɨrimɔnjɐ	serimɔnjɐ	s[ɨ]rimɔnjɐ	s[e]rimɔnjɐ	0
cerimoniático	sɨrimunjatiku	serimuniatiku	s[ɨ]rimun[j]atiku	s[e]rimun[i]atiku	0
cerimonioso	sɨrimunjozu	serimuniozu	s[ɨ]rimun[j]ozu	s[e]rimun[i]ozu	0
cerina	sɨrinɐ	serinɐ	s[ɨ]rinɐ	s[e]rinɐ	0
ceriosa	sɨrjɔzɐ	seriɔzɐ	s[ɨ]r[j]ɔzɐ	s[e]r[i]ɔzɐ	0
cerirrostro	sɨriʀoʃtru	seriʀɔʃtru	s[ɨ]riʀ[o]ʃtru	s[e]riʀ[ɔ]ʃtru	0
cerita	sɨritɐ	seritɐ	s[ɨ]ritɐ	s[e]ritɐ	0
cerite	sɨritɨ	seritɨ	s[ɨ]ritɨ	s[e]ritɨ	0
ceritídeos	sɨritidjuʃ	seritidiwʃ	s[ɨ]ritidj[u]ʃ	s[e]ritidi[w]ʃ	0
cerneira	sɨrnɐjrɐ	sernɐjrɐ	s[ɨ]rnɐjrɐ	s[e]rnɐjrɐ	0
cerneiro	sɨrnɐjru	sernɐjru	s[ɨ]rnɐjru	s[e]rnɐjru	0
cernelha	sɨrnɐjʎɐ	serneʎɐ	s[ɨ]rnɐ[j]ʎɐ	s[e]rne[]ʎɐ	0
cernideira	sɨrnidɐjrɐ	sernidɐjrɐ	s[ɨ]rnidɐjrɐ	s[e]rnidɐjrɐ	0
ceroferário	sɨrufɨrarju	serufɨrarju	s[ɨ]rufɨrarju	s[e]rufɨrarju	0
ceroide	sɨrɔjdɨ	serɔjdɨ	s[ɨ]rɔjdɨ	s[e]rɔjdɨ	0
ceróide	sɨrɔjdɨ	serɔjdɨ	s[ɨ]rɔjdɨ	s[e]rɔjdɨ	0
ceromancia	sɨrumɐ̃siɐ	serumɐ̃nsiɐ	s[ɨ]rumɐ̃[]siɐ	s[e]rumɐ̃[n]siɐ	0
ceromante	sɨrumɐ̃tɨ	serumɐ̃ntɨ	s[ɨ]rumɐ̃[]tɨ	s[e]rumɐ̃[n]tɨ	0
ceromel	sɨrumɛɫ	serumɛɫ	s[ɨ]rumɛɫ	s[e]rumɛɫ	0
ceroso	sɨrozu	serozu	s[ɨ]rozu	s[e]rozu	0
ceroto	sɨrotu	serɔtu	s[ɨ]r[o]tu	s[e]r[ɔ]tu	0
ceroulas	sɨrowlɐʃ	serowlɐʃ	s[ɨ]rowlɐʃ	s[e]rowlɐʃ	0
cerqueiro	sɨrkɐjru	serkɐjru	s[ɨ]rkɐjru	s[e]rkɐjru	0
cerquido	sɨrkidu	serkidu	s[ɨ]rkidu	s[e]rkidu	0
cerquilha	sɨrkiʎɐ	serkiʎɐ	s[ɨ]rkiʎɐ	s[e]rkiʎɐ	0
cerquinho	sɨrkiɲu	serkiɲu	s[ɨ]rkiɲu	s[e]rkiɲu	0
cerração	sɨʀɐsɐ̃w̃	seʀɐsɐ̃w̃	s[ɨ]ʀɐsɐ̃w̃	s[e]ʀɐsɐ̃w̃	0
cerradoiro	sɨʀɐdojru	seʀɐdojru	s[ɨ]ʀɐdojru	s[e]ʀɐdojru	0
cerrado	sɨʀadu	seʀadu	s[ɨ]ʀadu	s[e]ʀadu	0
cerradouro	sɨʀɐdowru	seʀɐdowru	s[ɨ]ʀɐdowru	s[e]ʀɐdowru	0
cerradura	sɨʀɐdurɐ	seʀɐdurɐ	s[ɨ]ʀɐdurɐ	s[e]ʀɐdurɐ	0
cerramento	sɨʀɐmẽtu	seʀɐmẽntu	s[ɨ]ʀɐmẽtu[]	s[e]ʀɐmẽnt[u]	0
cerrilha	sɨʀiʎɐ	seʀiʎɐ	s[ɨ]ʀiʎɐ	s[e]ʀiʎɐ	0
cerrote	sɨʀɔtɨ	seʀɔtɨ	s[ɨ]ʀɔtɨ	s[e]ʀɔtɨ	0
certâmen	sɨrtɐmɛn	sertɐ̃mɐjn	s[ɨ]rtɐ[]mɛ[]n	s[e]rtɐ[̃]mɐ[j]n	0
certame	sɨrtɐmɨ	sertɐ̃mɨ	s[ɨ]rtɐ[]mɨ	s[e]rtɐ[̃]mɨ	0
certeiro	sɨrtɐjru	sertɐjru	s[ɨ]rtɐjru	s[e]rtɐjru	0
certeza	sɨrtezɐ	sertezɐ	s[ɨ]rtezɐ	s[e]rtezɐ	0
certidão	sɨrtidɐ̃w̃	sertidɐ̃w̃	s[ɨ]rtidɐ̃w̃	s[e]rtidɐ̃w̃	0
certificabilidade	sɨrtifikɐbilidadɨ	sertifikɐbilidadɨ	s[ɨ]rtifikɐbilidadɨ	s[e]rtifikɐbilidadɨ	0
certificação	sɨrtifikɐsɐ̃w̃	sertifikɐsɐ̃w̃	s[ɨ]rtifikɐsɐ̃w̃	s[e]rtifikɐsɐ̃w̃	0
certificador	sɨrtifikɐdor	sertifikɐdor	s[ɨ]rtifikɐdor	s[e]rtifikɐdor	0
certificado	sɨrtifikadu	sertifikadu	s[ɨ]rtifikadu	s[e]rtifikadu	0
certificante	sɨrtifikɐ̃tɨ	sertifikɐ̃ntɨ	s[ɨ]rtifikɐ̃[]tɨ	s[e]rtifikɐ̃[n]tɨ	0
certificar	sɨrtifikar	sertifikar	s[ɨ]rtifikar	s[e]rtifikar	0
certificativo	sɨrtifikɐtivu	sertifikɐtivu	s[ɨ]rtifikɐtivu	s[e]rtifikɐtivu	0
certificatório	sɨrtifikɐtɔrju	sertifikɐtɔrju	s[ɨ]rtifikɐtɔrju	s[e]rtifikɐtɔrju	0
certificável	sɨrtifikavɛɫ	sertifikavɛɫ	s[ɨ]rtifikavɛɫ	s[e]rtifikavɛɫ	0
certíidas	sɨrtiidɐʃ	sertiidɐʃ	s[ɨ]rtiidɐʃ	s[e]rtiidɐʃ	0
certiídeos	sɨrtiidjuʃ	sertjidiwʃ	s[ɨ]rt[i]idj[u]ʃ	s[e]rt[j]idi[w]ʃ	0
ceruda	sɨrudɐ	serudɐ	s[ɨ]rudɐ	s[e]rudɐ	0
cerude	sɨrudɨ	serudɨ	s[ɨ]rudɨ	s[e]rudɨ	0
cerúleo	sɨrulju	seruliw	s[ɨ]rulj[u]	s[e]ruli[w]	0
cerulicrinito	sɨrulikrinitu	serulikrinitu	s[ɨ]rulikrinitu	s[e]rulikrinitu	0
cerúmen	sɨrumɛn	serumɐjn	s[ɨ]rumɛ[]n	s[e]rumɐ[j]n	0
cerume	sɨrumɨ	serumɨ	s[ɨ]rumɨ	s[e]rumɨ	0
ceruminoso	sɨruminozu	seruminozu	s[ɨ]ruminozu	s[e]ruminozu	0
cerusa	sɨruzɐ	seruzɐ	s[ɨ]ruzɐ	s[e]ruzɐ	0
cerusite	sɨruzitɨ	seruzitɨ	s[ɨ]ruzitɨ	s[e]ruzitɨ	0
cerussita	sɨrusitɐ	serusitɐ	s[ɨ]rusitɐ	s[e]rusitɐ	0
cervantesco	sɨrvɐ̃teʃku	servɐ̃nteʃku	s[ɨ]rvɐ̃[]teʃku	s[e]rvɐ̃[n]teʃku	0
cervantino	sɨrvɐ̃tinu	servɐ̃ntinu	s[ɨ]rvɐ̃[]tinu	s[e]rvɐ̃[n]tinu	0
cervato	sɨrvatu	servatu	s[ɨ]rvatu	s[e]rvatu	0
cerveirense	sɨrvɐjrẽsɨ	servɐjrẽnsɨ	s[ɨ]rvɐjrẽsɨ[]	s[e]rvɐjrẽns[ɨ]	0
cervejada	sɨrvɨʒadɐ	servɨʒadɐ	s[ɨ]rvɨʒadɐ	s[e]rvɨʒadɐ	0
cervejaria	sɨrvɨʒɐriɐ	servɨʒɐriɐ	s[ɨ]rvɨʒɐriɐ	s[e]rvɨʒɐriɐ	0
cerveja	sɨrvɐjʒɐ	serveʒɐ	s[ɨ]rvɐ[j]ʒɐ	s[e]rve[]ʒɐ	0
cervejeiro	sɨrvɨʒɐjru	servɨʒɐjru	s[ɨ]rvɨʒɐjru	s[e]rvɨʒɐjru	0
cervical	sɨrvikaɫ	servikaɫ	s[ɨ]rvikaɫ	s[e]rvikaɫ	0
cervicite	sɨrvisitɨ	servisitɨ	s[ɨ]rvisitɨ	s[e]rvisitɨ	0
cervicobraquial	sɨrvikɔbrɐkjaɫ	servikubrɐkiaɫ	s[ɨ]rvik[ɔ]brɐk[j]aɫ	s[e]rvik[u]brɐk[i]aɫ	0
cervicodorsal	sɨrvikɔdursaɫ	servikudursaɫ	s[ɨ]rvik[ɔ]dursaɫ	s[e]rvik[u]dursaɫ	0
cervicórneo	sɨrvikɔrnju	servikɔrniw	s[ɨ]rvikɔrnj[u]	s[e]rvikɔrni[w]	0
cerviculado	sɨrvikuladu	servikuladu	s[ɨ]rvikuladu	s[e]rvikuladu	0
cervídeos	sɨrvidjuʃ	servidiwʃ	s[ɨ]rvidj[u]ʃ	s[e]rvidi[w]ʃ	0
cervigueira	sɨrviɡɐjrɐ	serviɡɐjrɐ	s[ɨ]rviɡɐjrɐ	s[e]rviɡɐjrɐ	0
cervilheira	sɨrviʎɐjrɐ	serviʎɐjrɐ	s[ɨ]rviʎɐjrɐ	s[e]rviʎɐjrɐ	0
cervino	sɨrvinu	servinu	s[ɨ]rvinu	s[e]rvinu	0
cerzideira	sɨrzidɐjrɐ	serzidɐjrɐ	s[ɨ]rzidɐjrɐ	s[e]rzidɐjrɐ	0
cerzidor	sɨrzidor	serzidor	s[ɨ]rzidor	s[e]rzidor	0
cerzido	sɨrzidu	serzidu	s[ɨ]rzidu	s[e]rzidu	0
cerzidura	sɨrzidurɐ	serzidurɐ	s[ɨ]rzidurɐ	s[e]rzidurɐ	0
cesárea	sɨzarjɐ	sezariɐ	s[ɨ]zar[j]ɐ	s[e]zar[i]ɐ	0
cesáreo	sɨzarju	sezariw	s[ɨ]zarj[u]	s[e]zari[w]	0
cesariana	sɨzɐrjɐnɐ	sezɐriɐ̃nɐ	s[ɨ]zɐr[j]ɐ[]nɐ	s[e]zɐr[i]ɐ[̃]nɐ	0
cesariano	sɨzɐrjɐnu	sezɐriɐ̃nu	s[ɨ]zɐr[j]ɐ[]nu	s[e]zɐr[i]ɐ[̃]nu	0
cesária	sɨzarjɐ	sezarjɐ	s[ɨ]zarjɐ	s[e]zarjɐ	0
cesariense	sɨzɐrjẽsɨ	sezɐriẽnsɨ	s[ɨ]zɐrjẽsɨ[]	s[e]zɐriẽns[ɨ]	0
cesarismo	sɨzɐriʒmu	sezɐriʒmu	s[ɨ]zɐriʒmu	s[e]zɐriʒmu	0
cespitoso	sɨʃpitozu	seʃpitozu	s[ɨ]ʃpitozu	s[e]ʃpitozu	0
cessabilidade	sɨsɐbilidadɨ	sesɐbilidadɨ	s[ɨ]sɐbilidadɨ	s[e]sɐbilidadɨ	0
cessação	sɨsɐsɐ̃w̃	sesɐsɐ̃w̃	s[ɨ]sɐsɐ̃w̃	s[e]sɐsɐ̃w̃	0
cessamento	sɨsɐmẽtu	sesɐmẽntu	s[ɨ]sɐmẽtu[]	s[e]sɐmẽnt[u]	0
cessante	sɨsɐ̃tɨ	sesɐ̃ntɨ	s[ɨ]sɐ̃[]tɨ	s[e]sɐ̃[n]tɨ	0
cessativo	sɨsɐtivu	sesɐtivu	s[ɨ]sɐtivu	s[e]sɐtivu	0
cessável	sɨsavɛɫ	sesavɛɫ	s[ɨ]savɛɫ	s[e]savɛɫ	0
cessibilidade	sɨsibilidadɨ	sesibilidadɨ	s[ɨ]sibilidadɨ	s[e]sibilidadɨ	0
cessionário	sɨsjunarju	sesjunarju	s[ɨ]sjunarju	s[e]sjunarju	0
cessível	sɨsivɛɫ	sesivɛɫ	s[ɨ]sivɛɫ	s[e]sivɛɫ	0
cestada	sɨʃtadɐ	seʃtadɐ	s[ɨ]ʃtadɐ	s[e]ʃtadɐ	0
cestaria	sɨʃtɐriɐ	seʃtɐriɐ	s[ɨ]ʃtɐriɐ	s[e]ʃtɐriɐ	0
cesteiro	sɨʃtɐjru	seʃtɐjru	s[ɨ]ʃtɐjru	s[e]ʃtɐjru	0
cestode	sɨʃtɔdɨ	seʃtodɨ	s[ɨ]ʃt[ɔ]dɨ	s[e]ʃt[o]dɨ	0
cestoide	sɨʃtɔjdɨ	seʃtɔjdɨ	s[ɨ]ʃtɔjdɨ	s[e]ʃtɔjdɨ	0
cestóide	sɨʃtɔjdɨ	seʃtɔjdɨ	s[ɨ]ʃtɔjdɨ	s[e]ʃtɔjdɨ	0
cesurar	sɨzurar	sezurar	s[ɨ]zurar	s[e]zurar	0
cesura	sɨzurɐ	sezurɐ	s[ɨ]zurɐ	s[e]zurɐ	0
cetáceo	sɨtasju	setasiw	s[ɨ]tasj[u]	s[e]tasi[w]	0
cetilha	sɨtiʎɐ	setiʎɐ	s[ɨ]tiʎɐ	s[e]tiʎɐ	0
cetina	sɨtinɐ	setinɐ	s[ɨ]tinɐ	s[e]tinɐ	0
cetineta	sɨtinetɐ	setinetɐ	s[ɨ]tinetɐ	s[e]tinetɐ	0
cetinoso	sɨtinozu	setinozu	s[ɨ]tinozu	s[e]tinozu	0
cetoácido	sɨtɔasidu	setuasidu	s[ɨ]t[ɔ]asidu	s[e]t[u]asidu	0
cetona	sɨtonɐ	setonɐ	s[ɨ]tonɐ	s[e]tonɐ	0
cetonemia	sɨtunɨmiɐ	setunɨmiɐ	s[ɨ]tunɨmiɐ	s[e]tunɨmiɐ	0
cetônico	sɨtoniku	setoniku	s[ɨ]toniku	s[e]toniku	0
cetónico	sɨtɔniku	setɔniku	s[ɨ]tɔniku	s[e]tɔniku	0
cetonúria	sɨtunurjɐ	setunurjɐ	s[ɨ]tunurjɐ	s[e]tunurjɐ	0
cetonúrico	sɨtunuriku	setunuriku	s[ɨ]tunuriku	s[e]tunuriku	0
cetose	sɨtɔzɨ	setɔzɨ	s[ɨ]tɔzɨ	s[e]tɔzɨ	0
cetreiro	sɨtrɐjru	setrɐjru	s[ɨ]trɐjru	s[e]trɐjru	0
cevadal	sɨvɐdaɫ	sevɐdaɫ	s[ɨ]vɐdaɫ	s[e]vɐdaɫ	0
cevadaria	sɨvɐdɐriɐ	sevɐdɐriɐ	s[ɨ]vɐdɐriɐ	s[e]vɐdɐriɐ	0
cevada	sɨvadɐ	sevadɐ	s[ɨ]vadɐ	s[e]vadɐ	0
cevadeira	sɨvɐdɐjrɐ	sevɐdɐjrɐ	s[ɨ]vɐdɐjrɐ	s[e]vɐdɐjrɐ	0
cevadeiro	sɨvɐdɐjru	sevɐdɐjru	s[ɨ]vɐdɐjru	s[e]vɐdɐjru	0
cevádico	sɨvadiku	sevadiku	s[ɨ]vadiku	s[e]vadiku	0
cevadiço	sɨvɐdisu	sevɐdisu	s[ɨ]vɐdisu	s[e]vɐdisu	0
cevadilha	sɨvɐdiʎɐ	sevɐdiʎɐ	s[ɨ]vɐdiʎɐ	s[e]vɐdiʎɐ	0
cevadinha	sɨvɐdiɲɐ	sevɐdiɲɐ	s[ɨ]vɐdiɲɐ	s[e]vɐdiɲɐ	0
cevadoiro	sɨvɐdojru	sevɐdojru	s[ɨ]vɐdojru	s[e]vɐdojru	0
cevador	sɨvɐdor	sevɐdor	s[ɨ]vɐdor	s[e]vɐdor	0
cevado	sɨvadu	sevadu	s[ɨ]vadu	s[e]vadu	0
cevadouro	sɨvɐdowru	sevɐdowru	s[ɨ]vɐdowru	s[e]vɐdowru	0
cevadura	sɨvɐdurɐ	sevɐdurɐ	s[ɨ]vɐdurɐ	s[e]vɐdurɐ	0
cevagem	sɨvaʒɐ̃j̃	sevaʒɐjn	s[ɨ]vaʒɐ[̃]j[̃]	s[e]vaʒɐ[]j[n]	0
cevando	sɨvɐ̃du	sevɐ̃ndu	s[ɨ]vɐ̃[]du	s[e]vɐ̃[n]du	0
cevatício	sɨvɐtisju	sevɐtisju	s[ɨ]vɐtisju	s[e]vɐtisju	0
ceveira	sɨvɐjrɐ	sevɐjrɐ	s[ɨ]vɐjrɐ	s[e]vɐjrɐ	0
chedeiro	ʃɨdɐjru	ʃedɐjru	ʃ[ɨ]dɐjru	ʃ[e]dɐjru	0
chedite	ʃɨditɨ	ʃeditɨ	ʃ[ɨ]ditɨ	ʃ[e]ditɨ	0
chefatura	ʃɨfɐturɐ	ʃefɐturɐ	ʃ[ɨ]fɐturɐ	ʃ[e]fɐturɐ	0
chefia	ʃɨfiɐ	ʃefiɐ	ʃ[ɨ]fiɐ	ʃ[e]fiɐ	0
chefiar	ʃɨfjar	ʃefiar	ʃ[ɨ]f[j]ar	ʃ[e]f[i]ar	0
chefreza	ʃɨfrezɐ	ʃefrezɐ	ʃ[ɨ]frezɐ	ʃ[e]frezɐ	0
chegada	ʃɨɡadɐ	ʃeɡadɐ	ʃ[ɨ]ɡadɐ	ʃ[e]ɡadɐ	0
chegadeira	ʃɨɡɐdɐjrɐ	ʃeɡɐdɐjrɐ	ʃ[ɨ]ɡɐdɐjrɐ	ʃ[e]ɡɐdɐjrɐ	0
chegadela	ʃɨɡɐdɛlɐ	ʃeɡɐdɛlɐ	ʃ[ɨ]ɡɐdɛlɐ	ʃ[e]ɡɐdɛlɐ	0
chegadiço	ʃɨɡɐdisu	ʃeɡɐdisu	ʃ[ɨ]ɡɐdisu	ʃ[e]ɡɐdisu	0
chegado	ʃɨɡadu	ʃeɡadu	ʃ[ɨ]ɡadu	ʃ[e]ɡadu	0
chegador	ʃɨɡɐdor	ʃeɡɐdor	ʃ[ɨ]ɡɐdor	ʃ[e]ɡɐdor	0
chegamento	ʃɨɡɐmẽtu	ʃeɡɐmẽntu	ʃ[ɨ]ɡɐmẽtu[]	ʃ[e]ɡɐmẽnt[u]	0
cheganço	ʃɨɡɐ̃su	ʃeɡɐ̃nsu	ʃ[ɨ]ɡɐ̃[]su	ʃ[e]ɡɐ̃[n]su	0
chegante	ʃɨɡɐ̃tɨ	ʃeɡɐ̃ntɨ	ʃ[ɨ]ɡɐ̃[]tɨ	ʃ[e]ɡɐ̃[n]tɨ	0
cheleira	ʃɨlɐjrɐ	ʃelɐjrɐ	ʃ[ɨ]lɐjrɐ	ʃ[e]lɐjrɐ	0
cheminé	ʃɨminɛ	ʃeminɛ	ʃ[ɨ]minɛ	ʃ[e]minɛ	0
cheringalho	ʃɨrĩɡaʎu	ʃerĩnɡaʎu	ʃ[ɨ]rĩɡaʎu[]	ʃ[e]rĩnɡaʎ[u]	0
cherivia	ʃɨriviɐ	ʃeriviɐ	ʃ[ɨ]riviɐ	ʃ[e]riviɐ	0
chernozem	ʃɨrnɔzɐ̃j̃	ʃernozɐjn	ʃ[ɨ]rn[ɔ]zɐ[̃]j[̃]	ʃ[e]rn[o]zɐ[]j[n]	0
cherovia	ʃɨruviɐ	ʃeruviɐ	ʃ[ɨ]ruviɐ	ʃ[e]ruviɐ	0
cheruvia	ʃɨruviɐ	ʃeruviɐ	ʃ[ɨ]ruviɐ	ʃ[e]ruviɐ	0
cheviote	ʃɨvjɔtɨ	ʃeviɔtɨ	ʃ[ɨ]v[j]ɔtɨ	ʃ[e]v[i]ɔtɨ	0
cheviotina	ʃɨvjutinɐ	ʃeviutinɐ	ʃ[ɨ]v[j]utinɐ	ʃ[e]v[i]utinɐ	0
chorume	ʃurume	ʃurumɨ	ʃurum[e]	ʃurum[ɨ]	0
chuchumecar	ʃuʃumekar	ʃuʃumɨkar	ʃuʃum[e]kar	ʃuʃum[ɨ]kar	0
cinemascópio	sinemɐʃkɔpju	sinɨmɐʃkɔpju	sin[e]mɐʃkɔpju	sin[ɨ]mɐʃkɔpju	0
clematite	klɨmɐtitɨ	klemɐtitɨ	kl[ɨ]mɐtitɨ	kl[e]mɐtitɨ	0
clemência	klɨmẽsjɐ	klemẽnsjɐ	kl[ɨ]mẽsjɐ[]	kl[e]mẽnsj[ɐ]	0
clemenciar	klɨmẽsjar	klemẽnsiar	kl[ɨ]mẽsjar[]	kl[e]mẽnsia[r]	0
clemente	klɨmẽtɨ	klemẽntɨ	kl[ɨ]mẽtɨ[]	kl[e]mẽnt[ɨ]	0
clementina	klɨmẽtinɐ	klemẽntinɐ	kl[ɨ]mẽt[i]nɐ[]	kl[e]mẽ[]ntin[ɐ]	0
clementinas	klɨmẽtinɐʃ	klemẽntinɐʃ	kl[ɨ]mẽt[i]nɐʃ[]	kl[e]mẽ[]ntinɐ[ʃ]	0
clerodendro	klɨrudẽdru	klerudẽndru	kl[ɨ]rudẽdru[]	kl[e]rudẽndr[u]	0
cobre-vermelho	kɔbrɨvɨrmɐjʎu	kɔbrɨvermeʎu	kɔbrɨv[ɨ]rmɐ[j]ʎu	kɔbrɨv[e]rme[]ʎu	0
coelela	kwelɛlɐ	kuɨlɛlɐ	kw[e]lɛlɐ	ku[ɨ]lɛlɐ	0
coequação	kwekwɐsɐ̃w̃	kuɨkwɐsɐ̃w̃	kw[e]kwɐsɐ̃w̃	ku[ɨ]kwɐsɐ̃w̃	0
coerção	kwersɐ̃w̃	kuɨrsɐ̃w̃	kw[e]rsɐ̃w̃	ku[ɨ]rsɐ̃w̃	0
coercibilidade	kwersibilidadɨ	kuɨrsibilidadɨ	kw[e]rsibilidadɨ	ku[ɨ]rsibilidadɨ	0
coercímetro	kwersimɨtru	kuɨrsimɨtru	kw[e]rsimɨtru	ku[ɨ]rsimɨtru	0
coercitividade	kwersitividadɨ	kuɨrsitividadɨ	kw[e]rsitividadɨ	ku[ɨ]rsitividadɨ	0
coercitivo	kwersitivu	kuɨrsitivu	kw[e]rsitivu	ku[ɨ]rsitivu	0
coercível	kwersivɛɫ	kuɨrsivɛɫ	kw[e]rsivɛɫ	ku[ɨ]rsivɛɫ	0
coercividade	kwersividadɨ	kuɨrsividadɨ	kw[e]rsividadɨ	ku[ɨ]rsividadɨ	0
coercivo	kwersivu	kuɨrsivu	kw[e]rsivu	ku[ɨ]rsivu	0
coerdar	koerdar	kuɨrdar	ko[e]rdar	ku[ɨ]rdar	0
coerdeiro	koerdɐjru	kuɨrdɐjru	ko[e]rdɐjru	ku[ɨ]rdɐjru	0
coerência	kwerẽsjɐ	kuɨrẽnsjɐ	kw[e]rẽsjɐ[]	ku[ɨ]rẽnsj[ɐ]	0
coerente	kwerẽtɨ	kuɨrẽntɨ	kw[e]rẽtɨ[]	ku[ɨ]rẽnt[ɨ]	0
coerir	kwerir	kuɨrir	kw[e]rir	ku[ɨ]rir	0
coesão	kwezɐ̃w̃	kuɨzɐ̃w̃	kw[e]zɐ̃w̃	ku[ɨ]zɐ̃w̃	0
coesivo	kwezivu	kuɨzivu	kw[e]zivu	ku[ɨ]zivu	0
coesor	kwezor	kuɨzor	kw[e]zor	ku[ɨ]zor	0
coetaneidade	kwetɐnɐjdadɨ	kuɨtɐnɐjdadɨ	kw[e]tɐnɐjdadɨ	ku[ɨ]tɐnɐjdadɨ	0
coetâneo	kwetɐnju	kuɨtɐ̃niw	kw[e]tɐ[]nj[u]	ku[ɨ]tɐ[̃]ni[w]	0
coevidade	kwevidadɨ	kuɨvidadɨ	kw[e]vidadɨ	ku[ɨ]vidadɨ	0
co-geração	koʒɨrɐsɐ̃w̃	koʒerɐsɐ̃w̃	koʒ[ɨ]rɐsɐ̃w̃	koʒ[e]rɐsɐ̃w̃	0
co-gerência	koʒɨrẽsjɐ	koʒerẽnsjɐ	koʒ[ɨ]rẽsjɐ[]	koʒ[e]rẽnsj[ɐ]	0
co-gerente	koʒɨrẽtɨ	koʒerẽntɨ	koʒ[ɨ]rẽtɨ[]	koʒ[e]rẽnt[ɨ]	0
co-herdar	koerdar	koɨrdar	ko[e]rdar	ko[ɨ]rdar	0
colateralidade	kulɐtɨrɐlidadɨ	kulɐterɐlidadɨ	kulɐt[ɨ]rɐlidadɨ	kulɐt[e]rɐlidadɨ	0
co-legatário	kolɨɡɐtarju	koleɡɐtarju	kol[ɨ]ɡɐtarju	kol[e]ɡɐtarju	0
co-legislativo	kolɨʒiʒlɐtivu	koleʒiʒlɐtivu	kol[ɨ]ʒiʒlɐtivu	kol[e]ʒiʒlɐtivu	0
cometomancia	kumetumɐ̃siɐ	kumɨtumɐ̃nsiɐ	kum[e]tumɐ̃[]siɐ	kum[ɨ]tumɐ̃[n]siɐ	0
comiseração	kumizɨrɐsɐ̃w̃	kumizerɐsɐ̃w̃	kumiz[ɨ]rɐsɐ̃w̃	kumiz[e]rɐsɐ̃w̃	0
comiserador	kumizɨrɐdor	kumizerɐdor	kumiz[ɨ]rɐdor	kumiz[e]rɐdor	0
comiserativo	kumizɨrɐtivu	kumizerɐtivu	kumiz[ɨ]rɐtivu	kumiz[e]rɐtivu	0
cordierita	kurdjeritɐ	kurdiɨritɐ	kurdj[e]ritɐ	kurdi[ɨ]ritɐ	0
cordierite	kurdjeritɨ	kurdiɨritɨ	kurdj[e]ritɨ	kurdi[ɨ]ritɨ	0
co-redactor	koʀɨdator	koʀedɐtor	koʀ[ɨ]d[a]tor	koʀ[e]d[ɐ]tor	0
co-redator	koʀɨdator	koʀedɐtor	koʀ[ɨ]d[a]tor	koʀ[e]d[ɐ]tor	0
co-redentor	koʀɨdẽtor	koʀedẽntor	koʀ[ɨ]dẽtor[]	koʀ[e]dẽnto[r]	0
co-referência	koʀɨfɨrẽsjɐ	koʀefɨrẽnsjɐ	koʀ[ɨ]fɨrẽsjɐ[]	koʀ[e]fɨrẽnsj[ɐ]	0
co-referente	koʀɨfɨrẽtɨ	koʀefɨrẽntɨ	koʀ[ɨ]fɨrẽtɨ[]	koʀ[e]fɨrẽnt[ɨ]	0
co-regência	koʀɨʒẽsjɐ	koʀeʒẽnsjɐ	koʀ[ɨ]ʒẽsjɐ[]	koʀ[e]ʒẽnsj[ɐ]	0
co-regente	koʀɨʒẽtɨ	koʀeʒẽntɨ	koʀ[ɨ]ʒẽtɨ[]	koʀ[e]ʒẽnt[ɨ]	0
co-responsabilidade	koʀɨʃpõsɐbilidadɨ	koʀeʃpõnsɐbilidadɨ	koʀ[ɨ]ʃpõsɐbi[l]id[a]dɨ[]	koʀ[e]ʃpõnsɐ[b]il[i]dad[ɨ]	0
co-responsabilizar	koʀɨʃpõsɐbilizar	koʀeʃpõnsɐbilizar	koʀ[ɨ]ʃpõsɐbi[l]izar[]	koʀ[e]ʃpõnsɐ[b]iliza[r]	0
co-responsável	koʀɨʃpõsavɛɫ	koʀeʃpõnsavɛɫ	koʀ[ɨ]ʃpõsavɛɫ[]	koʀ[e]ʃpõnsavɛ[ɫ]	0
corregedoria	kuʀɨʒɨduriɐ	kuʀɨʒeduriɐ	kuʀɨʒ[ɨ]duriɐ	kuʀɨʒ[e]duriɐ	0
co-secante	kosɨkɐ̃tɨ	kosekɐ̃ntɨ	kos[ɨ]kɐ̃[]tɨ	kos[e]kɐ̃[n]tɨ	0
cotiledonar	kutilɨdunar	kutiledunar	kutil[ɨ]dunar	kutil[e]dunar	0
credência	krɨdẽsjɐ	kredẽnsjɐ	kr[ɨ]dẽsjɐ[]	kr[e]dẽnsj[ɐ]	0
crediário	krɨdjarju	krediarju	kr[ɨ]d[j]arju	kr[e]d[i]arju	0
credibilidade	krɨdibilidadɨ	kredibilidadɨ	kr[ɨ]dibilidadɨ	kr[e]dibilidadɨ	0
credibilizar	krɨdibilizar	kredibilizar	kr[ɨ]dibilizar	kr[e]dibilizar	0
creditar	krɨditar	kreditar	kr[ɨ]ditar	kr[e]ditar	0
creditável	krɨditavɛɫ	kreditavɛɫ	kr[ɨ]ditavɛɫ	kr[e]ditavɛɫ	0
creditício	krɨditisju	kreditisju	kr[ɨ]ditisju	kr[e]ditisju	0
creditório	krɨditɔrju	kreditɔrju	kr[ɨ]ditɔrju	kr[e]ditɔrju	0
credível	krɨdivɛɫ	kredivɛɫ	kr[ɨ]divɛɫ	kr[e]divɛɫ	0
credulidade	krɨdulidadɨ	kredulidadɨ	kr[ɨ]dulidadɨ	kr[e]dulidadɨ	0
creiom	krejõ	krɨjõm	kr[e]jõ[]	kr[ɨ]jõ[m]	0
cremação	krɨmɐsɐ̃w̃	kremɐsɐ̃w̃	kr[ɨ]mɐsɐ̃w̃	kr[e]mɐsɐ̃w̃	0
cremadeiro	krɨmɐdɐjru	kremɐdɐjru	kr[ɨ]mɐdɐjru	kr[e]mɐdɐjru	0
cremadoiro	krɨmɐdojru	kremɐdojru	kr[ɨ]mɐdojru	kr[e]mɐdojru	0
cremador	krɨmɐdor	kremɐdor	kr[ɨ]mɐdor	kr[e]mɐdor	0
cremadouro	krɨmɐdowru	kremɐdowru	kr[ɨ]mɐdowru	kr[e]mɐdowru	0
cremalheira	krɨmɐʎɐjrɐ	kremɐʎɐjrɐ	kr[ɨ]mɐʎɐjrɐ	kr[e]mɐʎɐjrɐ	0
cremáster	krɨmaʃtɛr	kremaʃtɨr	kr[ɨ]maʃt[ɛ]r	kr[e]maʃt[ɨ]r	0
crematística	krɨmɐtiʃtikɐ	kremɐtiʃtikɐ	kr[ɨ]mɐtiʃtikɐ	kr[e]mɐtiʃtikɐ	0
crematório	krɨmɐtɔrju	kremɐtɔrju	kr[ɨ]mɐtɔrju	kr[e]mɐtɔrju	0
cremeira	krɨmɐjrɐ	kremɐjrɐ	kr[ɨ]mɐjrɐ	kr[e]mɐjrɐ	0
cremnofobia	krɨmnɔfubiɐ	kremnufubiɐ	kr[ɨ]mn[ɔ]fubiɐ	kr[e]mn[u]fubiɐ	0
cremômetro	krɨmomɨtru	kremomɨtru	kr[ɨ]momɨtru	kr[e]momɨtru	0
cremómetro	krɨmɔmɨtru	kremɔmɨtru	kr[ɨ]mɔmɨtru	kr[e]mɔmɨtru	0
cremona	krɨmonɐ	kremonɐ	kr[ɨ]monɐ	kr[e]monɐ	0
cremorizar	krɨmurizar	kremurizar	kr[ɨ]murizar	kr[e]murizar	0
cremoso	krɨmozu	kremozu	kr[ɨ]mozu	kr[e]mozu	0
crenado	krɨnadu	krenadu	kr[ɨ]nadu	kr[e]nadu	0
crenulado	krɨnuladu	krenuladu	kr[ɨ]nuladu	kr[e]nuladu	0
crepitação	krɨpitɐsɐ̃w̃	krepitɐsɐ̃w̃	kr[ɨ]pitɐsɐ̃w̃	kr[e]pitɐsɐ̃w̃	0
crepitáculo	krɨpitakulu	krepitakulu	kr[ɨ]pitakulu	kr[e]pitakulu	0
crepitante	krɨpitɐ̃tɨ	krepitɐ̃ntɨ	kr[ɨ]pitɐ̃[]tɨ	kr[e]pitɐ̃[n]tɨ	0
crepitar	krɨpitar	krepitar	kr[ɨ]pitar	kr[e]pitar	0
crepitoso	krɨpitozu	krepitozu	kr[ɨ]pitozu	kr[e]pitozu	0
crepusculários	krɨpuʃkularjuʃ	krepuʃkularɪuʃ	kr[ɨ]puʃkular[j]uʃ	kr[e]puʃkular[ɪ]uʃ	0
crepuscular	krɨpuʃkular	krepuʃkular	kr[ɨ]puʃkular	kr[e]puʃkular	0
crepusculino	krɨpuʃkulinu	krepuʃkulinu	kr[ɨ]puʃkulinu	kr[e]puʃkulinu	0
crepusculizar	krɨpuʃkulizar	krepuʃkulizar	kr[ɨ]puʃkulizar	kr[e]puʃkulizar	0
crepúsculo	krɨpuʃkulu	krepuʃkulu	kr[ɨ]puʃkulu	kr[e]puʃkulu	0
crescença	krɨʃsẽsɐ	kreʃsẽnsɐ	kr[ɨ]ʃsẽsɐ[]	kr[e]ʃsẽns[ɐ]	0
crescendo	krɨʃsẽdu	kreʃsẽndu	kr[ɨ]ʃsẽdu[]	kr[e]ʃsẽnd[u]	0
crescentada	krɨʃsẽtadɐ	kreʃsẽntadɐ	kr[ɨ]ʃsẽtadɐ[]	kr[e]ʃsẽntad[ɐ]	0
crescente	krɨʃsẽtɨ	kreʃsẽntɨ	kr[ɨ]ʃsẽtɨ[]	kr[e]ʃsẽnt[ɨ]	0
crescido	krɨʃsidu	kreʃsidu	kr[ɨ]ʃsidu	kr[e]ʃsidu	0
crescidote	krɨʃsidɔtɨ	kreʃsidɔtɨ	kr[ɨ]ʃsidɔtɨ	kr[e]ʃsidɔtɨ	0
crescimento	krɨʃsimẽtu	kreʃsimẽntu	kr[ɨ]ʃsimẽtu[]	kr[e]ʃsimẽnt[u]	0
crespidão	krɨʃpidɐ̃w̃	kreʃpidɐ̃w̃	kr[ɨ]ʃpidɐ̃w̃	kr[e]ʃpidɐ̃w̃	0
crespido	krɨʃpidu	kreʃpidu	kr[ɨ]ʃpidu	kr[e]ʃpidu	0
crespina	krɨʃpinɐ	kreʃpinɐ	kr[ɨ]ʃpinɐ	kr[e]ʃpinɐ	0
crestadeira	krɨʃtɐdɐjrɐ	kreʃtɐdɐjrɐ	kr[ɨ]ʃtɐdɐjrɐ	kr[e]ʃtɐdɐjrɐ	0
crestadura	krɨʃtɐdurɐ	kreʃtɐdurɐ	kr[ɨ]ʃtɐdurɐ	kr[e]ʃtɐdurɐ	0
crestamento	krɨʃtɐmẽtu	kreʃtɐmẽntu	kr[ɨ]ʃtɐmẽtu[]	kr[e]ʃtɐmẽnt[u]	0
crestante	krɨʃtɐ̃tɨ	kreʃtɐ̃ntɨ	kr[ɨ]ʃtɐ̃[]tɨ	kr[e]ʃtɐ̃[n]tɨ	0
crestomatia	krɨʃtɔmɐtiɐ	kreʃtumɐtiɐ	kr[ɨ]ʃt[ɔ]mɐtiɐ	kr[e]ʃt[u]mɐtiɐ	0
cretáceo	krɨtasju	kretasiw	kr[ɨ]tasj[u]	kr[e]tasi[w]	0
cretácico	krɨtasiku	kretasiku	kr[ɨ]tasiku	kr[e]tasiku	0
cretaico	krɨtajku	kretajku	kr[ɨ]tajku	kr[e]tajku	0
cretcheu	kretʃew	krɨtʃew	kr[e]tʃew	kr[ɨ]tʃew	0
cretense	krɨtẽsɨ	kretẽnsɨ	kr[ɨ]tẽsɨ[]	kr[e]tẽns[ɨ]	0
cretinice	krɨtinisɨ	kretinisɨ	kr[ɨ]tinisɨ	kr[e]tinisɨ	0
cretinismo	krɨtiniʒmu	kretiniʒmu	kr[ɨ]tiniʒmu	kr[e]tiniʒmu	0
cretinização	krɨtinizɐsɐ̃w̃	kretinizɐsɐ̃w̃	kr[ɨ]tinizɐsɐ̃w̃	kr[e]tinizɐsɐ̃w̃	0
cretinizar	krɨtinizar	kretinizar	kr[ɨ]tinizar	kr[e]tinizar	0
cretinoide	krɨtinɔjdɨ	kretinɔjdɨ	kr[ɨ]tinɔjdɨ	kr[e]tinɔjdɨ	0
cretinóide	krɨtinɔjdɨ	kretinɔjdɨ	kr[ɨ]tinɔjdɨ	kr[e]tinɔjdɨ	0
cretino	krɨtinu	kretinu	kr[ɨ]tinu	kr[e]tinu	0
cretinoso	krɨtinozu	kretinozu	kr[ɨ]tinozu	kr[e]tinozu	0
cretone	krɨtɔnɨ	kretonɨ	kr[ɨ]t[ɔ]nɨ	kr[e]t[o]nɨ	0
curta-metragem	kurtɐmɨtraʒɐ̃j̃	kurtɐmetraʒɐjn	kurtɐm[ɨ]traʒɐ[̃]j[̃]	kurtɐm[e]traʒɐ[]j[n]	0
debaga	dɨbaɡɐ	debaɡɐ	d[ɨ]baɡɐ	d[e]baɡɐ	0
debate	dɨbatɨ	debatɨ	d[ɨ]batɨ	d[e]batɨ	0
deblateração	dɨblɐtɨrɐsɐ̃w̃	dɨblɐterɐsɐ̃w̃	dɨblɐt[ɨ]rɐsɐ̃w̃	dɨblɐt[e]rɐsɐ̃w̃	0
debute	dɨbutɨ	debutɨ	d[ɨ]butɨ	d[e]butɨ	0
debuxo	dɨbuʃu	debuʃu	d[ɨ]buʃu	d[e]buʃu	0
decani	dɨkɐni	dekɐ̃ni	d[ɨ]kɐ[]ni	d[e]kɐ[̃]ni	0
decapetaleado	dɨkɐpɨtɐljadu	dɨkɐpetɐliadu	dɨkɐp[ɨ]tɐl[j]adu	dɨkɐp[e]tɐl[i]adu	0
decoro	dɨkoru	dekɔru	d[ɨ]k[o]ru	d[e]k[ɔ]ru	0
decote	dɨkɔtɨ	dekɔtɨ	d[ɨ]kɔtɨ	d[e]kɔtɨ	0
decrescendo	dekrɨʃsẽdo	dɨkrɨʃsẽndu	d[e]krɨʃsẽdo[]	d[ɨ]krɨʃsẽnd[u]	0
dedada	dɨdadɐ	dedadɐ	d[ɨ]dadɐ	d[e]dadɐ	0
defenestração	dɨfɨnɨʃtrɐsɐ̃w̃	dɨfɨneʃtrɐsɐ̃w̃	dɨfɨn[ɨ]ʃtrɐsɐ̃w̃	dɨfɨn[e]ʃtrɐsɐ̃w̃	0
defesa	dɨfezɐ	defezɐ	d[ɨ]fezɐ	d[e]fezɐ	0
defeso	dɨfezu	defezu	d[ɨ]fezu	d[e]fezu	0
degelo	dɨʒelu	deʒelu	d[ɨ]ʒelu	d[e]ʒelu	0
degeneração	dɨʒɨnɨrɐsɐ̃w̃	dɨʒɨnerɐsɐ̃w̃	dɨʒɨn[ɨ]rɐsɐ̃w̃	dɨʒɨn[e]rɐsɐ̃w̃	0
degenerativo	dɨʒɨnɨrɐtivu	dɨʒɨnerɐtivu	dɨʒɨn[ɨ]rɐtivu	dɨʒɨn[e]rɐtivu	0
degenerescência	dɨʒɨnɨrɨʃsẽsjɐ	dɨʒɨnerɨʃsẽnsjɐ	dɨʒɨn[ɨ]rɨʃsẽsjɐ[]	dɨʒɨn[e]rɨʃsẽnsj[ɐ]	0
degenerescente	dɨʒɨnɨrɨʃsẽtɨ	dɨʒɨnerɨʃsẽntɨ	dɨʒɨn[ɨ]rɨʃsẽtɨ[]	dɨʒɨn[e]rɨʃsẽnt[ɨ]	0
degola	dɨɡɔlɐ	deɡɔlɐ	d[ɨ]ɡɔlɐ	d[e]ɡɔlɐ	0
degradê	deɡrade	dɨɡrɐde	d[e]ɡr[a]de	d[ɨ]ɡr[ɐ]de	0
degradé	deɡrade	dɨɡrɐdɛ	d[e]ɡr[a]d[e]	d[ɨ]ɡr[ɐ]d[ɛ]	0
dejeto	dɨʒɛtu	deʒɛtu	d[ɨ]ʒɛtu	d[e]ʒɛtu	0
deliberação	dɨlibɨrɐsɐ̃w̃	dɨliberɐsɐ̃w̃	dɨlib[ɨ]rɐsɐ̃w̃	dɨlib[e]rɐsɐ̃w̃	0
deliberadamente	dɨlibɨradɐmẽtɨ	dɨliberɐdɐmẽntɨ	dɨlib[ɨ]r[a]dɐmẽtɨ[]	dɨlib[e]r[ɐ]dɐmẽnt[ɨ]	0
deliberar	delibɨrar	dɨlibɨrar	d[e]libɨrar	d[ɨ]libɨrar	0
deliberativo	dɨlibɨrɐtivu	dɨliberɐtivu	dɨlib[ɨ]rɐtivu	dɨlib[e]rɐtivu	0
delico-doce	dɨlikɔdosɨ	delikudosɨ	d[ɨ]lik[ɔ]dosɨ	d[e]lik[u]dosɨ	0
delido	dɨlidu	delidu	d[ɨ]lidu	d[e]lidu	0
delineação	delinjɐsɐ̃w̃	dɨliniɐsɐ̃w̃	d[e]lin[j]ɐsɐ̃w̃	d[ɨ]lin[i]ɐsɐ̃w̃	0
deliquar	delikwar	dɨlikwar	d[e]likwar	d[ɨ]likwar	0
delito	dɨlitu	delitu	d[ɨ]litu	d[e]litu	0
deluso	dɨluzu	deluzu	d[ɨ]luzu	d[e]luzu	0
demonetização	dɨmunɨtizɐsɐ̃w̃	dɨmunetizɐsɐ̃w̃	dɨmun[ɨ]tizɐsɐ̃w̃	dɨmun[e]tizɐsɐ̃w̃	0
demonetizar	dɨmunɨtizar	dɨmunetizar	dɨmun[ɨ]tizar	dɨmun[e]tizar	0
demopsicologia	demɔpsikuluʒiɐ	dɨmupsikuluʒiɐ	d[e]m[ɔ]psikuluʒiɐ	d[ɨ]m[u]psikuluʒiɐ	0
demopsicológico	demɔpsikulɔʒiku	dɨmupsikulɔʒiku	d[e]m[ɔ]psikulɔʒiku	d[ɨ]m[u]psikulɔʒiku	0
demopsicólogo	demɔpsikɔluɡu	dɨmupsikɔluɡu	d[e]m[ɔ]psikɔluɡu	d[ɨ]m[u]psikɔluɡu	0
demora	dɨmɔrɐ	demɔrɐ	d[ɨ]mɔrɐ	d[e]mɔrɐ	0
denodo	dɨnodu	denodu	d[ɨ]nodu	d[e]nodu	0
depauperação	dɨpawpɨrɐsɐ̃w̃	dɨpawperɐsɐ̃w̃	dɨpawp[ɨ]rɐsɐ̃w̃	dɨpawp[e]rɐsɐ̃w̃	0
depauperador	dɨpawpɨrɐdor	dɨpawperɐdor	dɨpawp[ɨ]rɐdor	dɨpawp[e]rɐdor	0
depauperamento	dɨpawpɨrɐmẽtu	dɨpawperɐmẽntu	dɨpawp[ɨ]rɐmẽtu[]	dɨpawp[e]rɐmẽnt[u]	0
deperecimento	dɨpɨrɨsimẽtu	dɨpɨresimẽntu	dɨpɨr[ɨ]simẽtu[]	dɨpɨr[e]simẽnt[u]	0
deprecada	deprɨkadɐ	dɨprɨkadɐ	d[e]prɨkadɐ	d[ɨ]prɨkadɐ	0
deprimente	dɨprimẽtɨ	deprimẽntɨ	d[ɨ]primẽtɨ[]	d[e]primẽnt[ɨ]	0
deriva	dɨrivɐ	derivɐ	d[ɨ]rivɐ	d[e]rivɐ	0
desabe	dɨzabɨ	dezabɨ	d[ɨ]zabɨ	d[e]zabɨ	0
desabelhamento	dɨzɐbɨʎɐmẽtu	dɨzɐbeʎɐmẽntu	dɨzɐb[ɨ]ʎɐmẽtu[]	dɨzɐb[e]ʎɐmẽnt[u]	0
desaceleração	dezɐsɨlɨrɐsɐ̃w̃	dɨzɐselɨrɐsɐ̃w̃	d[e]zɐs[ɨ]lɨrɐsɐ̃w̃	d[ɨ]zɐs[e]lɨrɐsɐ̃w̃	0
desacelerar	dɨzɐsɨlɨrar	dɨzɐselɨrar	dɨzɐs[ɨ]lɨrar	dɨzɐs[e]lɨrar	0
desacepilhado	dɨzɐsɨpiʎadu	dɨzɐsepiʎadu	dɨzɐs[ɨ]piʎadu	dɨzɐs[e]piʎadu	0
desacertadamente	dɨzɐsɨrtadɐmẽtɨ	dɨzɐsertɐdɐmẽntɨ	dɨzɐs[ɨ]rt[a]dɐmẽtɨ[]	dɨzɐs[e]rt[ɐ]dɐmẽnt[ɨ]	0
desacreditação	dɨzɐkrɨditɐsɐ̃w̃	dɨzɐkreditɐsɐ̃w̃	dɨzɐkr[ɨ]ditɐsɐ̃w̃	dɨzɐkr[e]ditɐsɐ̃w̃	0
desacreditado	dɨzɐkrɨditadu	dɨzɐkreditadu	dɨzɐkr[ɨ]ditadu	dɨzɐkr[e]ditadu	0
desacreditador	dɨzɐkrɨditɐdor	dɨzɐkreditɐdor	dɨzɐkr[ɨ]ditɐdor	dɨzɐkr[e]ditɐdor	0
desacreditar	dɨzɐkrɨditar	dɨzɐkreditar	dɨzɐkr[ɨ]ditar	dɨzɐkr[e]ditar	0
desacreditável	dɨzɐkrɨditavɛɫ	dɨzɐkreditavɛɫ	dɨzɐkr[ɨ]ditavɛɫ	dɨzɐkr[e]ditavɛɫ	0
desaferroar	dɨzɐfɨʀwar	dɨzɐfeʀuar	dɨzɐf[ɨ]ʀ[w]ar	dɨzɐf[e]ʀ[u]ar	0
desaferrolhamento	dɨzɐfɨʀuʎɐmẽtu	dɨzɐfeʀuʎɐmẽntu	dɨzɐf[ɨ]ʀuʎɐmẽtu[]	dɨzɐf[e]ʀuʎɐmẽnt[u]	0
desaferrolhar	dɨzɐfɨʀuʎar	dɨzɐfeʀuʎar	dɨzɐf[ɨ]ʀuʎar	dɨzɐf[e]ʀuʎar	0
desafervorar	dɨzɐfɨrvurar	dɨzɐfervurar	dɨzɐf[ɨ]rvurar	dɨzɐf[e]rvurar	0
desagregação	dɨzɐɡrɨɡɐsɐ̃w̃	dɨzɐɡreɡɐsɐ̃w̃	dɨzɐɡr[ɨ]ɡɐsɐ̃w̃	dɨzɐɡr[e]ɡɐsɐ̃w̃	0
desagregador	dɨzɐɡrɨɡɐdor	dɨzɐɡreɡɐdor	dɨzɐɡr[ɨ]ɡɐdor	dɨzɐɡr[e]ɡɐdor	0
desagregativo	dɨzɐɡrɨɡɐtivu	dɨzɐɡreɡɐtivu	dɨzɐɡr[ɨ]ɡɐtivu	dɨzɐɡr[e]ɡɐtivu	0
desamedrontar	dɨzɐmɨdrõtar	dɨzɐmedrõntar	dɨzɐm[ɨ]drõtar[]	dɨzɐm[e]drõnta[r]	0
desanalfabetizar	dɨzɐnaɫfɐbɨtizar	dɨzɐnaɫfɐbetizar	dɨzɐnaɫfɐb[ɨ]tizar	dɨzɐnaɫfɐb[e]tizar	0
desapeçonhentar	dɨzɐpɨsuɲẽtar	dɨzɐpesõɲẽntar	dɨzɐp[ɨ]su[]ɲẽtar[]	dɨzɐp[e]so[̃]ɲẽnta[r]	0
desapegamento	dɨzɐpɨɡɐmẽtu	dɨzɐpeɡɐmẽntu	dɨzɐp[ɨ]ɡɐmẽtu[]	dɨzɐp[e]ɡɐmẽnt[u]	0
desaperceber	dɨzɐpɨrsɨber	dɨzɐpersɨber	dɨzɐp[ɨ]rsɨber	dɨzɐp[e]rsɨber	0
desapercebido	dɨzɐpɨrsɨbidu	dɨzɐpersɨbidu	dɨzɐp[ɨ]rsɨbidu	dɨzɐp[e]rsɨbidu	0
desapercebimento	dɨzɐpɨrsɨbimẽtu	dɨzɐpersɨbimẽntu	dɨzɐp[ɨ]rsɨbimẽtu[]	dɨzɐp[e]rsɨbimẽnt[u]	0
desapetitoso	dɨzɐpɨtitozu	dɨzɐpetitozu	dɨzɐp[ɨ]titozu	dɨzɐp[e]titozu	0
desaportuguesamento	dɨzɐpurtuɡɨzɐmẽtu	dɨzɐpurtuɡezɐmẽntu	dɨzɐpurtuɡ[ɨ]zɐmẽtu[]	dɨzɐpurtuɡ[e]zɐmẽnt[u]	0
desapreciar	dɨzɐprɨsjar	dɨzɐpresiar	dɨzɐpr[ɨ]s[j]ar	dɨzɐpr[e]s[i]ar	0
desarrebitar	dɨzɐʀɨbitar	dɨzɐʀebitar	dɨzɐʀ[ɨ]bitar	dɨzɐʀ[e]bitar	0
desarredondar	dɨzɐʀɨdõdar	dɨzɐʀedõndar	dɨzɐʀ[ɨ]dõdar[]	dɨzɐʀ[e]dõnda[r]	0
desarregaçar	dɨzɐʀɨɡɐsar	dɨzɐʀeɡɐsar	dɨzɐʀ[ɨ]ɡɐsar	dɨzɐʀ[e]ɡɐsar	0
desarrenegar	dɨzɐʀɨnɨɡar	dɨzɐʀenɨɡar	dɨzɐʀ[ɨ]nɨɡar	dɨzɐʀ[e]nɨɡar	0
desarterialização	dɨzɐrtɨrjɐlizɐsɐ̃w̃	dɨzɐrteriɐlizɐsɐ̃w̃	dɨzɐrt[ɨ]r[j]ɐlizɐsɐ̃w̃	dɨzɐrt[e]r[i]ɐlizɐsɐ̃w̃	0
desarterializado	dɨzɐrtɨrjɐlizadu	dɨzɐrteriɐlizadu	dɨzɐrt[ɨ]r[j]ɐlizadu	dɨzɐrt[e]r[i]ɐlizadu	0
desassemelhar	dɨzɐsɨmɨʎar	dɨzɐsemɨʎar	dɨzɐs[ɨ]mɨʎar	dɨzɐs[e]mɨʎar	0
desassenhorear	dɨzɐsɨɲurjar	dɨzɐseɲuriar	dɨzɐs[ɨ]ɲur[j]ar	dɨzɐs[e]ɲur[i]ar	0
desate	dɨzatɨ	dezatɨ	d[ɨ]zatɨ	d[e]zatɨ	0
desatemorizamento	dɨzɐtɨmurizɐmẽtu	dɨzɐtemurizɐmẽntu	dɨzɐt[ɨ]murizɐmẽtu[]	dɨzɐt[e]murizɐmẽnt[u]	0
desatemorizar	dɨzɐtɨmurizar	dɨzɐtemurizar	dɨzɐt[ɨ]murizar	dɨzɐt[e]murizar	0
desatencioso	dezɐtẽsjozu	dɨzɐtẽnsiozu	d[e]zɐtẽsjozu[]	d[ɨ]zɐtẽnsioz[u]	0
desaterramento	dɨzɐtɨʀɐmẽtu	dɨzɐteʀɐmẽntu	dɨzɐt[ɨ]ʀɐmẽtu[]	dɨzɐt[e]ʀɐmẽnt[u]	0
desaverbamento	dɨzɐvɨrbɐmẽtu	dɨzɐverbɐmẽntu	dɨzɐv[ɨ]rbɐmẽtu[]	dɨzɐv[e]rbɐmẽnt[u]	0
desavergonhado	dɨzɐvɨrɡuɲadu	dɨzɐverɡõɲadu	dɨzɐv[ɨ]rɡu[]ɲadu	dɨzɐv[e]rɡo[̃]ɲadu	0
desavergonhamento	dɨzɐvɨrɡuɲɐmẽtu	dɨzɐverɡõɲɐmẽntu	dɨzɐv[ɨ]rɡu[]ɲɐmẽtu[]	dɨzɐv[e]rɡo[̃]ɲɐmẽnt[u]	0
desavergonhar	dɨzɐvɨrɡuɲar	dɨzɐverɡõɲar	dɨzɐv[ɨ]rɡu[]ɲar	dɨzɐv[e]rɡo[̃]ɲar	0
desaveriguado	dɨzɐvɨriɡwadu	dɨzɐveriɡwadu	dɨzɐv[ɨ]riɡwadu	dɨzɐv[e]riɡwadu	0
desazo	dɨzazu	dezazu	d[ɨ]zazu	d[e]zazu	0
desblindagem	dɨʒblĩdaʒɐ̃j̃	deʒblĩndaʒɐjn	d[ɨ]ʒblĩdaʒɐ̃[]j[̃]	d[e]ʒblĩndaʒ[ɐ]j[n]	0
desblindar	dɨʒblĩdar	deʒblĩndar	d[ɨ]ʒblĩdar[]	d[e]ʒblĩnda[r]	0
desbloqueamento	dɨʒblukjɐmẽtu	deʒblukeɐmẽntu	d[ɨ]ʒbluk[j]ɐmẽtu[]	d[e]ʒbluk[e]ɐmẽnt[u]	0
desbloquear	dɨʒblukjar	deʒblukɨar	d[ɨ]ʒbluk[j]ar	d[e]ʒbluk[ɨ]ar	0
desbloqueio	dɨʒblukɐju	deʒblukeju	d[ɨ]ʒbluk[ɐ]ju	d[e]ʒbluk[e]ju	0
desbragadamente	dɨʒbrɐɡadɐmẽtɨ	deʒbrɐɡɐdɐmẽntɨ	d[ɨ]ʒbrɐɡ[a]dɐmẽtɨ[]	d[e]ʒbrɐɡ[ɐ]dɐmẽnt[ɨ]	0
desbragado	dɨʒbrɐɡadu	deʒbrɐɡadu	d[ɨ]ʒbrɐɡadu	d[e]ʒbrɐɡadu	0
desbragamento	dɨʒbrɐɡɐmẽtu	deʒbrɐɡɐmẽntu	d[ɨ]ʒbrɐɡɐmẽtu[]	d[e]ʒbrɐɡɐmẽnt[u]	0
desbragar	dɨʒbrɐɡar	deʒbrɐɡar	d[ɨ]ʒbrɐɡar	d[e]ʒbrɐɡar	0
desbrasileirar	dɨʒbrɐzilɐjrar	deʒbrɐzilɐjrar	d[ɨ]ʒbrɐzilɐjrar	d[e]ʒbrɐzilɐjrar	0
desbravado	dɨʒbrɐvadu	deʒbrɐvadu	d[ɨ]ʒbrɐvadu	d[e]ʒbrɐvadu	0
desbravador	dɨʒbrɐvɐdor	deʒbrɐvɐdor	d[ɨ]ʒbrɐvɐdor	d[e]ʒbrɐvɐdor	0
desbravamento	dɨʒbrɐvɐmẽtu	deʒbrɐvɐmẽntu	d[ɨ]ʒbrɐvɐmẽtu[]	d[e]ʒbrɐvɐmẽnt[u]	0
desbravar	dɨʒbrɐvar	deʒbrɐvar	d[ɨ]ʒbrɐvar	d[e]ʒbrɐvar	0
desbriar	dɨʒbrjar	deʒbriar	d[ɨ]ʒbr[j]ar	d[e]ʒbr[i]ar	0
desbridação	dɨʒbridɐsɐ̃w̃	deʒbridɐsɐ̃w̃	d[ɨ]ʒbridɐsɐ̃w̃	d[e]ʒbridɐsɐ̃w̃	0
desbridamento	dɨʒbridɐmẽtu	deʒbridɐmẽntu	d[ɨ]ʒbridɐmẽtu[]	d[e]ʒbridɐmẽnt[u]	0
desbridar	dɨʒbridar	deʒbridar	d[ɨ]ʒbridar	d[e]ʒbridar	0
desbrilho	dɨʒbriʎu	deʒbriʎu	d[ɨ]ʒbriʎu	d[e]ʒbriʎu	0
desbrio	dɨʒbriu	deʒbriw	d[ɨ]ʒbri[u]	d[e]ʒbri[w]	0
desbrioso	dɨʒbrjozu	deʒbriozu	d[ɨ]ʒbr[j]ozu	d[e]ʒbr[i]ozu	0
descabeçador	dɨʃkɐbɨsɐdor	dɨʃkɐbesɐdor	dɨʃkɐb[ɨ]sɐdor	dɨʃkɐb[e]sɐdor	0
descabeçamento	dɨʃkɐbɨsɐmẽtu	dɨʃkɐbesɐmẽntu	dɨʃkɐb[ɨ]sɐmẽtu[]	dɨʃkɐb[e]sɐmẽnt[u]	0
descabeladamente	dɨʃkɐbɨladɐmẽtɨ	dɨʃkɐbelɐdɐmẽntɨ	dɨʃkɐb[ɨ]l[a]dɐmẽtɨ[]	dɨʃkɐb[e]l[ɐ]dɐmẽnt[ɨ]	0
descabelamento	dɨʃkɐbɨlɐmẽtu	dɨʃkɐbelɐmẽntu	dɨʃkɐb[ɨ]lɐmẽtu[]	dɨʃkɐb[e]lɐmẽnt[u]	0
descarregador	dɨʃkɐʀɨɡɐdor	dɨʃkɐʀeɡɐdor	dɨʃkɐʀ[ɨ]ɡɐdor	dɨʃkɐʀ[e]ɡɐdor	0
descarregadouro	dɨʃkɐʀɨɡɐdowru	dɨʃkɐʀeɡɐdowru	dɨʃkɐʀ[ɨ]ɡɐdowru	dɨʃkɐʀ[e]ɡɐdowru	0
descarregamento	dɨʃkɐʀɨɡɐmẽtu	dɨʃkɐʀeɡɐmẽntu	dɨʃkɐʀ[ɨ]ɡɐmẽtu[]	dɨʃkɐʀ[e]ɡɐmẽnt[u]	0
descartelização	dɨʃkɐrtɨlizɐsɐ̃w̃	dɨʃkɐrtelizɐsɐ̃w̃	dɨʃkɐrt[ɨ]lizɐsɐ̃w̃	dɨʃkɐrt[e]lizɐsɐ̃w̃	0
descartelizar	dɨʃkɐrtɨlizar	dɨʃkɐrtelizar	dɨʃkɐrt[ɨ]lizar	dɨʃkɐrt[e]lizar	0
descatequização	dɨʃkɐtɨkizɐsɐ̃w̃	dɨʃkɐtekizɐsɐ̃w̃	dɨʃkɐt[ɨ]kizɐsɐ̃w̃	dɨʃkɐt[e]kizɐsɐ̃w̃	0
descatequizar	dɨʃkɐtɨkizar	dɨʃkɐtekizar	dɨʃkɐt[ɨ]kizar	dɨʃkɐt[e]kizar	0
descentração	dɨʃsẽtrɐsɐ̃w̃	deʃsẽntrɐsɐ̃w̃	d[ɨ]ʃsẽtrɐ[s]ɐ̃[w]̃[]	d[e]ʃsẽnt[r]ɐs[ɐ]̃w[̃]	0
descentralismo	dɨʃsẽtrɐliʒmu	deʃsẽntrɐliʒmu	d[ɨ]ʃsẽtrɐliʒmu[]	d[e]ʃsẽntrɐliʒm[u]	0
descentralista	dɨʃsẽtrɐliʃtɐ	deʃsẽntrɐliʃtɐ	d[ɨ]ʃsẽtrɐliʃtɐ[]	d[e]ʃsẽntrɐliʃt[ɐ]	0
descentralização	dɨʃsẽtrɐlizɐsɐ̃w̃	deʃsẽntrɐlizɐsɐ̃w̃	d[ɨ]ʃsẽtrɐlizɐ[s]ɐ̃[w]̃[]	d[e]ʃsẽntrɐli[z]ɐs[ɐ]̃w[̃]	0
descentralizador	dɨʃsẽtrɐlizɐdor	deʃsẽntrɐlizɐdor	d[ɨ]ʃsẽtrɐlizɐdor[]	d[e]ʃsẽntrɐlizɐdo[r]	0
descentralizar	dɨʃsẽtrɐlizar	deʃsẽntrɐlizar	d[ɨ]ʃsẽtrɐlizar[]	d[e]ʃsẽntrɐliza[r]	0
descentralizável	dɨʃsẽtrɐlizavɛɫ	deʃsẽntrɐlizavɛɫ	d[ɨ]ʃsẽtrɐlizavɛɫ[]	d[e]ʃsẽntrɐlizavɛ[ɫ]	0
descentramento	dɨʃsẽtrɐmẽtu	deʃsẽntrɐmẽntu	d[ɨ]ʃsẽtrɐmẽtu[]	d[e]ʃsẽntrɐmẽnt[u]	0
descentrar	dɨʃsẽtrar	deʃsẽntrar	d[ɨ]ʃsẽtr[a]r[]	d[e]ʃsẽn[t]ra[r]	0
descentrável	dɨʃsẽtravɛɫ	deʃsẽntravɛɫ	d[ɨ]ʃsẽtravɛɫ[]	d[e]ʃsẽntravɛ[ɫ]	0
descerebração	dɨʃsɨrɨbrɐsɐ̃w̃	dɨʃsɨrebrɐsɐ̃w̃	dɨʃsɨr[ɨ]brɐsɐ̃w̃	dɨʃsɨr[e]brɐsɐ̃w̃	0
deschancelar	dɨʃɐ̃sɨlar	deʃɐ̃nsɨlar	d[ɨ]ʃɐ̃[]sɨlar	d[e]ʃɐ̃[n]sɨlar	0
deschapelar	dɨʃɐpɨlar	deʃɐpɨlar	d[ɨ]ʃɐpɨlar	d[e]ʃɐpɨlar	0
deschumbar	dɨʃũbar	deʃũmbar	d[ɨ]ʃũbar[]	d[e]ʃũmba[r]	0
descimbramento	dɨʃsĩbrɐmẽtu	deʃsĩmbrɐmẽntu	d[ɨ]ʃsĩbrɐmẽtu[]	d[e]ʃsĩmbrɐmẽnt[u]	0
descimbrar	dɨʃsĩbrar	deʃsĩmbrar	d[ɨ]ʃsĩbr[a]r[]	d[e]ʃsĩm[b]ra[r]	0
desclaridade	dɨʃklɐridadɨ	deʃklɐridadɨ	d[ɨ]ʃklɐridadɨ	d[e]ʃklɐridadɨ	0
desclassificação	dɨʃklɐsɨfikɐsɐ̃w̃	deʃklɐsifikɐsɐ̃w̃	d[ɨ]ʃklɐs[ɨ]fikɐsɐ̃w̃	d[e]ʃklɐs[i]fikɐsɐ̃w̃	0
desclassificado	dɨʃklɐsɨfikadu	deʃklɐsifikadu	d[ɨ]ʃklɐs[ɨ]fikadu	d[e]ʃklɐs[i]fikadu	0
desclassificar	dɨʃklɐsɨfikar	deʃklɐsifikar	d[ɨ]ʃklɐs[ɨ]fikar	d[e]ʃklɐs[i]fikar	0
descloração	dɨʃklurɐsɐ̃w̃	deʃklurɐsɐ̃w̃	d[ɨ]ʃklurɐsɐ̃w̃	d[e]ʃklurɐsɐ̃w̃	0
desclorar	dɨʃklurar	deʃklurar	d[ɨ]ʃklurar	d[e]ʃklurar	0
descloretação	dɨʃklurɨtɐsɐ̃w̃	deʃkluretɐsɐ̃w̃	d[ɨ]ʃklur[ɨ]tɐsɐ̃w̃	d[e]ʃklur[e]tɐsɐ̃w̃	0
descloretar	dɨʃklurɨtar	deʃklurɨtar	d[ɨ]ʃklurɨtar	d[e]ʃklurɨtar	0
descloridrização	dɨʃkluridrizɐsɐ̃w̃	deʃkluridrizɐsɐ̃w̃	d[ɨ]ʃkluridrizɐsɐ̃w̃	d[e]ʃkluridrizɐsɐ̃w̃	0
descloroformização	dɨʃklɔrɔfurmizɐsɐ̃w̃	deʃklurufurmizɐsɐ̃w̃	d[ɨ]ʃkl[ɔ]r[ɔ]furmizɐsɐ̃w̃	d[e]ʃkl[u]r[u]furmizɐsɐ̃w̃	0
descloroformizar	dɨʃklɔrɔfurmizar	deʃklurufurmizar	d[ɨ]ʃkl[ɔ]r[ɔ]furmizar	d[e]ʃkl[u]r[u]furmizar	0
descomedimento	dɨʃkumɨdimẽtu	dɨʃkumedimẽntu	dɨʃkum[ɨ]dimẽtu[]	dɨʃkum[e]dimẽnt[u]	0
descomplicação	dɨʃkõplikɐsɐ̃w̃	deʃkõmplikɐsɐ̃w̃	d[ɨ]ʃkõplikɐ[s]ɐ̃[w]̃[]	d[e]ʃkõmpli[k]ɐs[ɐ]̃w[̃]	0
descomplicar	dɨʃkõplikar	deʃkõmplikar	d[ɨ]ʃkõplikar[]	d[e]ʃkõmplika[r]	0
descomprazer	dɨʃkõprɐzer	deʃkõmprɐzer	d[ɨ]ʃkõprɐzer[]	d[e]ʃkõmprɐze[r]	0
descompressão	dɨʃkõprɨsɐ̃w̃	deʃkõmprɨsɐ̃w̃	d[ɨ]ʃkõprɨsɐ̃[w]̃[]	d[e]ʃkõmprɨs[ɐ]̃w[̃]	0
descompressivo	dɨʃkõprɨsivu	deʃkõmprɨsivu	d[ɨ]ʃkõprɨsivu[]	d[e]ʃkõmprɨsiv[u]	0
descomprimir	dɨʃkõprimir	deʃkõmprimir	d[ɨ]ʃkõpri[m]ir[]	d[e]ʃkõmp[r]imi[r]	0
descomprometer	dɨʃkõprumɨter	deʃkõmprumɨter	d[ɨ]ʃkõprumɨter[]	d[e]ʃkõmprumɨte[r]	0
descomprometido	dɨʃkõprumɨtidu	deʃkõmprumɨtidu	d[ɨ]ʃkõprumɨtidu[]	d[e]ʃkõmprumɨtid[u]	0
desconchavado	dɨʃkõʃɐvadu	deʃkõnʃɐvadu	d[ɨ]ʃkõʃɐvadu[]	d[e]ʃkõnʃɐvad[u]	0
desconchavar	dɨʃkõʃɐvar	deʃkõnʃɐvar	d[ɨ]ʃkõʃɐvar[]	d[e]ʃkõnʃɐva[r]	0
desconchavo	dɨʃkõʃavu	deʃkõnʃavu	d[ɨ]ʃkõʃavu[]	d[e]ʃkõnʃav[u]	0
desconchegar	dɨʃkõʃɨɡar	deʃkõnʃɨɡar	d[ɨ]ʃkõʃɨɡar[]	d[e]ʃkõnʃɨɡa[r]	0
desconchego	dɨʃkõʃeɡu	deʃkõnʃeɡu	d[ɨ]ʃkõʃeɡu[]	d[e]ʃkõnʃeɡ[u]	0
desconfranger	dɨʃkõfrɐ̃ʒer	deʃkõnfrɐ̃nʒer	d[ɨ]ʃkõfrɐ̃ʒer[]	d[e]ʃkõnfrɐ̃nʒe[r]	0
desconfrangimento	dɨʃkõfrɐ̃ʒimẽtu	deʃkõnfrɐ̃nʒimẽntu	d[ɨ]ʃkõfrɐ̃ʒimẽtu[]	d[e]ʃkõnfrɐ̃nʒimẽnt[u]	0
desconfrontar	dɨʃkõfrõtar	deʃkõnfrõntar	d[ɨ]ʃkõfrõtar[]	d[e]ʃkõnfrõnta[r]	0
desconsciência	dɨʃkõʃsjẽnsjɐ	deʃkõnsjẽnsjɐ	d[ɨ]ʃkõʃ[]sjẽ[]nsjɐ	d[e]ʃkõ[n]sje[̃]nsjɐ	0
desconstitucional	dɨʃkõʃtitusjunaɫ	deʃkõnʃtitusjunaɫ	d[ɨ]ʃkõʃt[i]tus[j]unaɫ[]	d[e]ʃkõn[ʃ]tit[]usjuna[ɫ]	0
desconstitucionalizar	dɨʃkõʃtitusjunɐlizar	deʃkõnʃtitusjunɐlizar	d[ɨ]ʃkõʃt[i]tus[j]unɐlizar[]	d[e]ʃkõn[ʃ]tit[]usjunɐliza[r]	0
desconstranger	dɨʃkõʃtrɐ̃ʒer	deʃkõnʃtrɐ̃nʒer	d[ɨ]ʃkõʃtrɐ̃ʒer[]	d[e]ʃkõnʃtrɐ̃nʒe[r]	0
desconstruído	dɨʃkõʃtruidu	deʃkõnʃtruidu	d[ɨ]ʃkõʃtrui[d]u[]	d[e]ʃkõnʃtr[]uid[u]	0
desconstruir	dɨʃkõʃtruir	deʃkõnʃtruir	d[ɨ]ʃkõʃtru[i]r[]	d[e]ʃkõnʃt[]rui[r]	0
desconstrutivismo	dɨʃkõʃtrutiviʒmu	deʃkõnʃtrutiviʒmu	d[ɨ]ʃkõʃtr[u]tiv[]iʒmu[]	d[e]ʃkõnʃ[]tru[t]iviʒm[u]	0
desconstrutivista	dɨʃkõʃtrutiviʃtɐ	deʃkõnʃtrutiviʃtɐ	d[ɨ]ʃkõʃtr[u]tiv[]iʃtɐ[]	d[e]ʃkõnʃ[]tru[t]iviʃt[ɐ]	0
desconstrutivo	dɨʃkõʃtrutivu	deʃkõnʃtrutivu	d[ɨ]ʃkõʃtr[u]ti[v]u[]	d[e]ʃkõnʃ[]tr[]utiv[u]	0
descontração	dɨʃkõtrasɐ̃w̃	deʃkõntrɐsɐ̃w̃	d[ɨ]ʃkõtra[s]ɐ̃[w]̃[]	d[e]ʃkõnt[r]ɐs[ɐ]̃w[̃]	0
descontracção	dɨʃkõtrasɐ̃w̃	deʃkõntrasɐ̃w̃	d[ɨ]ʃkõtrasɐ̃[w]̃[]	d[e]ʃkõntras[ɐ]̃w[̃]	0
descontraído	dɨʃkõtrɐidu	deʃkõntrɐidu	d[ɨ]ʃkõtrɐidu[]	d[e]ʃkõntrɐid[u]	0
descontrair	dɨʃkõtrɐir	deʃkõntrɐir	d[ɨ]ʃkõtrɐ[i]r[]	d[e]ʃkõnt[]rɐi[r]	0
descontratar	dɨʃkõtrɐtar	deʃkõntrɐtar	d[ɨ]ʃkõtr[ɐ]t[a]r[]	d[e]ʃkõn[]t[]rɐta[r]	0
descontrolado	dɨʃkõtruladu	deʃkõntruladu	d[ɨ]ʃkõtruladu[]	d[e]ʃkõntrulad[u]	0
descontrolar	dɨʃkõtrular	deʃkõntrular	d[ɨ]ʃkõtrular[]	d[e]ʃkõntrula[r]	0
descontrole	dɨʃkõtrɔlɨ	deʃkõntrɔlɨ	d[ɨ]ʃkõtrɔlɨ[]	d[e]ʃkõntrɔl[ɨ]	0
descontrolo	dɨʃkõtrolu	deʃkõntrɔlu	d[ɨ]ʃkõtrolu[]	d[e]ʃkõntrɔl[u]	0
descorrelação	dɨʃkuʀɨlɐsɐ̃w̃	dɨʃkuʀelɐsɐ̃w̃	dɨʃkuʀ[ɨ]lɐsɐ̃w̃	dɨʃkuʀ[e]lɐsɐ̃w̃	0
descorrelacionar	dɨʃkuʀɨlɐsjunar	dɨʃkuʀelɐsjunar	dɨʃkuʀ[ɨ]lɐsjunar	dɨʃkuʀ[e]lɐsjunar	0
descrasear	dɨʃkrɐzjar	deʃkrɐziar	d[ɨ]ʃkrɐz[j]ar	d[e]ʃkrɐz[i]ar	0
descravar	dɨʃkrɐvar	deʃkrɐvar	d[ɨ]ʃkrɐvar	d[e]ʃkrɐvar	0
descravejamento	dɨʃkrɐvɨʒɐmẽtu	deʃkrɐveʒɐmẽntu	d[ɨ]ʃkrɐv[ɨ]ʒɐmẽtu[]	d[e]ʃkrɐv[e]ʒɐmẽnt[u]	0
descravejar	dɨʃkrɐvɨʒar	deʃkrɐvɨʒar	d[ɨ]ʃkrɐvɨʒar	d[e]ʃkrɐvɨʒar	0
descravizar	dɨʃkrɐvizar	deʃkrɐvizar	d[ɨ]ʃkrɐvizar	d[e]ʃkrɐvizar	0
descredibilizar	dɨʃkrɨdibilizar	deʃkrɨdibilizar	d[ɨ]ʃkrɨdibilizar	d[e]ʃkrɨdibilizar	0
descrédito	dɨʃkrɛditu	deʃkrɛditu	d[ɨ]ʃkrɛditu	d[e]ʃkrɛditu	0
descremação	dɨʃkrɨmɐsɐ̃w̃	deʃkrɨmɐsɐ̃w̃	d[ɨ]ʃkrɨmɐsɐ̃w̃	d[e]ʃkrɨmɐsɐ̃w̃	0
descremar	dɨʃkrɨmar	deʃkrɨmar	d[ɨ]ʃkrɨmar	d[e]ʃkrɨmar	0
descrença	dɨʃkrẽsɐ	deʃkrẽnsɐ	d[ɨ]ʃkrẽsɐ[]	d[e]ʃkrẽns[ɐ]	0
descrente	dɨʃkrẽtɨ	deʃkrẽntɨ	d[ɨ]ʃkrẽtɨ[]	d[e]ʃkrẽnt[ɨ]	0
descrever	dɨʃkrɨver	deʃkrɨver	d[ɨ]ʃkrɨver	d[e]ʃkrɨver	0
descriado	dɨʃkrjadu	deʃkriadu	d[ɨ]ʃkr[j]adu	d[e]ʃkr[i]adu	0
descrição	dɨʃkrisɐ̃w̃	deʃkrisɐ̃w̃	d[ɨ]ʃkrisɐ̃w̃	d[e]ʃkrisɐ̃w̃	0
descrido	dɨʃkridu	deʃkridu	d[ɨ]ʃkridu	d[e]ʃkridu	0
descriminação	dɨʃkriminɐsɐ̃w̃	deʃkriminɐsɐ̃w̃	d[ɨ]ʃkriminɐsɐ̃w̃	d[e]ʃkriminɐsɐ̃w̃	0
descriminalização	dɨʃkriminɐlizɐsɐ̃w̃	deʃkriminɐlizɐsɐ̃w̃	d[ɨ]ʃkriminɐlizɐsɐ̃w̃	d[e]ʃkriminɐlizɐsɐ̃w̃	0
descriminalizar	dɨʃkriminɐlizar	deʃkriminɐlizar	d[ɨ]ʃkriminɐlizar	d[e]ʃkriminɐlizar	0
descriminalizável	dɨʃkriminɐlizavɛɫ	deʃkriminɐlizavɛɫ	d[ɨ]ʃkriminɐlizavɛɫ	d[e]ʃkriminɐlizavɛɫ	0
descriminar	dɨʃkriminar	deʃkriminar	d[ɨ]ʃkriminar	d[e]ʃkriminar	0
descriminável	dɨʃkriminavɛɫ	deʃkriminavɛɫ	d[ɨ]ʃkriminavɛɫ	d[e]ʃkriminavɛɫ	0
descristianização	dɨʃkriʃtjɐnizɐsɐ̃w̃	deʃkriʃtiɐnizɐsɐ̃w̃	d[ɨ]ʃkriʃt[j]ɐnizɐsɐ̃w̃	d[e]ʃkriʃt[i]ɐnizɐsɐ̃w̃	0
descristianizar	dɨʃkriʃtjɐnizar	deʃkriʃtiɐnizar	d[ɨ]ʃkriʃt[j]ɐnizar	d[e]ʃkriʃt[i]ɐnizar	0
descritibilidade	dɨʃkritibilidadɨ	deʃkritibilidadɨ	d[ɨ]ʃkritibilidadɨ	d[e]ʃkritibilidadɨ	0
descritível	dɨʃkritivɛɫ	deʃkritivɛɫ	d[ɨ]ʃkritivɛɫ	d[e]ʃkritivɛɫ	0
descritivismo	dɨʃkritiviʒmu	deʃkritiviʒmu	d[ɨ]ʃkritiviʒmu	d[e]ʃkritiviʒmu	0
descritivista	dɨʃkritiviʃtɐ	deʃkritiviʃtɐ	d[ɨ]ʃkritiviʃtɐ	d[e]ʃkritiviʃtɐ	0
descritivístico	dɨʃkritiviʃtiku	deʃkritiviʃtiku	d[ɨ]ʃkritiviʃtiku	d[e]ʃkritiviʃtiku	0
descritivo	dɨʃkritivu	deʃkritivu	d[ɨ]ʃkritivu	d[e]ʃkritivu	0
descrito	dɨʃkritu	deʃkritu	d[ɨ]ʃkritu	d[e]ʃkritu	0
descritor	dɨʃkritor	deʃkritor	d[ɨ]ʃkritor	d[e]ʃkritor	0
descruzamento	dɨʃkruzɐmẽtu	deʃkruzɐmẽntu	d[ɨ]ʃkruzɐmẽtu[]	d[e]ʃkruzɐmẽnt[u]	0
descruzar	dɨʃkruzar	deʃkruzar	d[ɨ]ʃkruzar	d[e]ʃkruzar	0
descruzável	dɨʃkruzavɛɫ	deʃkruzavɛɫ	d[ɨ]ʃkruzavɛɫ	d[e]ʃkruzavɛɫ	0
descumprir	dɨʃkũprir	deʃkũmprir	d[ɨ]ʃkũpr[i]r[]	d[e]ʃkũm[p]ri[r]	0
desdenhado	dɨʒdɨɲadu	dɨʒdeɲadu	dɨʒd[ɨ]ɲadu	dɨʒd[e]ɲadu	0
desdenhador	dɨʒdɨɲɐdor	dɨʒdeɲɐdor	dɨʒd[ɨ]ɲɐdor	dɨʒd[e]ɲɐdor	0
desdenhativo	dɨʒdɨɲɐtivu	dɨʒdeɲɐtivu	dɨʒd[ɨ]ɲɐtivu	dɨʒd[e]ɲɐtivu	0
desdenhável	dɨʒdɨɲavɛɫ	dɨʒdeɲavɛɫ	dɨʒd[ɨ]ɲavɛɫ	dɨʒd[e]ɲavɛɫ	0
desdenhoso	dɨʒdɨɲozu	dɨʒdeɲozu	dɨʒd[ɨ]ɲozu	dɨʒd[e]ɲozu	0
desdramatizar	dɨʒdrɐmɐtizar	deʒdrɐmɐtizar	d[ɨ]ʒdrɐmɐtizar	d[e]ʒdrɐmɐtizar	0
desejo	dɨzajʒu	dezeʒu	d[ɨ]za[j]ʒu	d[e]ze[]ʒu	0
desempestar	dezẽpɛʃtar	dɨzẽmpɨʃtar	d[e]zẽpɛʃtar[]	d[ɨ]zẽmpɨʃta[r]	0
desencolerização	dezẽkulɨrizɐsɐ̃w̃	dɨzẽnkulɨrizɐsɐ̃w̃	d[e]zẽkulɨrizɐ[s]ɐ̃[w]̃[]	d[ɨ]zẽnkulɨri[z]ɐs[ɐ]̃w[̃]	0
desequipar	dɨzekipar	dɨzɨkipar	dɨz[e]kipar	dɨz[ɨ]kipar	0
deserdação	dɨzerdɐsɐ̃w̃	dɨzɨrdɐsɐ̃w̃	dɨz[e]rdɐsɐ̃w̃	dɨz[ɨ]rdɐsɐ̃w̃	0
deserdado	dɨzerdadu	dɨzɨrdadu	dɨz[e]rdadu	dɨz[ɨ]rdadu	0
deserdamento	dɨzerdɐmẽtu	dɨzɨrdɐmẽntu	dɨz[e]rdɐmẽtu[]	dɨz[ɨ]rdɐmẽnt[u]	0
deserdar	dɨzerdar	dɨzɨrdar	dɨz[e]rdar	dɨz[ɨ]rdar	0
desesperação	dɨzɨʃpɨrɐsɐ̃w̃	dɨzɨʃperɐsɐ̃w̃	dɨzɨʃp[ɨ]rɐsɐ̃w̃	dɨzɨʃp[e]rɐsɐ̃w̃	0
desesperador	dɨzɨʃpɨrɐdor	dɨzɨʃperɐdor	dɨzɨʃp[ɨ]rɐdor	dɨzɨʃp[e]rɐdor	0
desesperançar	dɨzɨʃpɨrɐ̃sar	dɨzɨʃperɐ̃nsar	dɨzɨʃp[ɨ]rɐ̃[]sar	dɨzɨʃp[e]rɐ̃[n]sar	0
desesperativo	dɨzɨʃpɨrɐtivu	dɨzɨʃperɐtivu	dɨzɨʃp[ɨ]rɐtivu	dɨzɨʃp[e]rɐtivu	0
desfalecimento	dɨʃfɐlɨsimẽtu	dɨʃfɐlesimẽntu	dɨʃfɐl[ɨ]simẽtu[]	dɨʃfɐl[e]simẽnt[u]	0
desfloração	dɨʃflurɐsɐ̃w̃	deʃflurɐsɐ̃w̃	d[ɨ]ʃflurɐsɐ̃w̃	d[e]ʃflurɐsɐ̃w̃	0
desflorado	dɨʃfluradu	deʃfluradu	d[ɨ]ʃfluradu	d[e]ʃfluradu	0
desflorador	dɨʃflurɐdor	deʃflurɐdor	d[ɨ]ʃflurɐdor	d[e]ʃflurɐdor	0
desfloramento	dɨʃflurɐmẽtu	deʃflurɐmẽntu	d[ɨ]ʃflurɐmẽtu[]	d[e]ʃflurɐmẽnt[u]	0
desflorar	dɨʃflurar	deʃflurar	d[ɨ]ʃflurar	d[e]ʃflurar	0
desflorescer	dɨʃflurɨʃser	deʃflurɨʃser	d[ɨ]ʃflurɨʃser	d[e]ʃflurɨʃser	0
desflorescimento	dɨʃflurɨʃsimẽtu	deʃflureʃsimẽntu	d[ɨ]ʃflur[ɨ]ʃsimẽtu[]	d[e]ʃflur[e]ʃsimẽnt[u]	0
desflorestação	dɨʃflurɨʃtɐsɐ̃w̃	deʃflureʃtɐsɐ̃w̃	d[ɨ]ʃflur[ɨ]ʃtɐsɐ̃w̃	d[e]ʃflur[e]ʃtɐsɐ̃w̃	0
desflorestamento	dɨʃflurɨʃtɐmẽtu	deʃflureʃtɐmẽntu	d[ɨ]ʃflur[ɨ]ʃtɐmẽtu[]	d[e]ʃflur[e]ʃtɐmẽnt[u]	0
desflorestar	dɨʃflurɨʃtar	deʃflurɨʃtar	d[ɨ]ʃflurɨʃtar	d[e]ʃflurɨʃtar	0
desflorir	dɨʃflurir	deʃflurir	d[ɨ]ʃflurir	d[e]ʃflurir	0
desfradar	dɨʃfrɐdar	deʃfrɐdar	d[ɨ]ʃfrɐdar	d[e]ʃfrɐdar	0
desfragmentação	dɨʃfraɡmẽtɐsɐ̃w̃	deʃfrɐɡmẽntɐsɐ̃w̃	d[ɨ]ʃfr[a]ɡmẽtɐ[s]ɐ̃[w]̃[]	d[e]ʃfr[ɐ]ɡmẽn[t]ɐs[ɐ]̃w[̃]	0
desfragmentar	dɨʃfraɡmẽtar	deʃfrɐɡmẽntar	d[ɨ]ʃfr[a]ɡmẽtar[]	d[e]ʃfr[ɐ]ɡmẽnta[r]	0
desfranjar	dɨʃfrɐ̃ʒar	deʃfrɐ̃nʒar	d[ɨ]ʃfrɐ̃[]ʒar	d[e]ʃfrɐ̃[n]ʒar	0
desfranzido	dɨʃfrɐ̃zidu	deʃfrɐ̃nzidu	d[ɨ]ʃfrɐ̃[]zidu	d[e]ʃfrɐ̃[n]zidu	0
desfranzir	dɨʃfrɐ̃zir	deʃfrɐ̃nzir	d[ɨ]ʃfrɐ̃[]zir	d[e]ʃfrɐ̃[n]zir	0
desfrear	dɨʃfrjar	deʃfriar	d[ɨ]ʃfr[j]ar	d[e]ʃfr[i]ar	0
desfrechar	dɨʃfrɛʃar	deʃfrɛʃar	d[ɨ]ʃfrɛʃar	d[e]ʃfrɛʃar	0
desfrequentado	dɨʃfrɨkwẽtadu	deʃfrɨkwẽntadu	d[ɨ]ʃfrɨkwẽtadu[]	d[e]ʃfrɨkwẽntad[u]	0
desfreqüentado	dɨʃfrɨkwẽtadu	deʃfrɨkwẽntadu	d[ɨ]ʃfrɨkwẽtadu[]	d[e]ʃfrɨkwẽntad[u]	0
desfrequentar	dɨʃfrɨkwẽtar	deʃfrɨkwẽntar	d[ɨ]ʃfrɨkwẽtar[]	d[e]ʃfrɨkwẽnta[r]	0
desfreqüentar	dɨʃfrɨkwẽtar	deʃfrɨkwẽntar	d[ɨ]ʃfrɨkwẽtar[]	d[e]ʃfrɨkwẽnta[r]	0
desfrisar	dɨʃfrizar	deʃfrizar	d[ɨ]ʃfrizar	d[e]ʃfrizar	0
desfruir	dɨʃfruir	deʃfruir	d[ɨ]ʃfruir	d[e]ʃfruir	0
desfrutação	dɨʃfrutɐsɐ̃w̃	deʃfrutɐsɐ̃w̃	d[ɨ]ʃfrutɐsɐ̃w̃	d[e]ʃfrutɐsɐ̃w̃	0
desfrutador	dɨʃfrutɐdor	deʃfrutɐdor	d[ɨ]ʃfrutɐdor	d[e]ʃfrutɐdor	0
desfrutar	dɨʃfrutar	deʃfrutar	d[ɨ]ʃfrutar	d[e]ʃfrutar	0
desfrutável	dɨʃfrutavɛɫ	deʃfrutavɛɫ	d[ɨ]ʃfrutavɛɫ	d[e]ʃfrutavɛɫ	0
desfrute	dɨʃfrutɨ	deʃfrutɨ	d[ɨ]ʃfrutɨ	d[e]ʃfrutɨ	0
desfrutescer	dɨʃfrutɨʃser	deʃfrutɨʃser	d[ɨ]ʃfrutɨʃser	d[e]ʃfrutɨʃser	0
desfruto	dɨʃfrutu	deʃfrutu	d[ɨ]ʃfrutu	d[e]ʃfrutu	0
desgaseificação	deʒɡɐzɐjfikɐsɐ̃w̃	dɨʒɡɐzɐjfikɐsɐ̃w̃	d[e]ʒɡɐzɐjfikɐsɐ̃w̃	d[ɨ]ʒɡɐzɐjfikɐsɐ̃w̃	0
desglabração	dɨʒɡlɐbrɐsɐ̃w̃	deʒɡlɐbrɐsɐ̃w̃	d[ɨ]ʒɡlɐbrɐsɐ̃w̃	d[e]ʒɡlɐbrɐsɐ̃w̃	0
desglabrar	dɨʒɡlɐbrar	deʒɡlɐbrar	d[ɨ]ʒɡlɐbrar	d[e]ʒɡlɐbrar	0
desglobulização	dɨʒɡlɔbulizɐsɐ̃w̃	deʒɡlubulizɐsɐ̃w̃	d[ɨ]ʒɡl[ɔ]bulizɐsɐ̃w̃	d[e]ʒɡl[u]bulizɐsɐ̃w̃	0
desglobulizar	dɨʒɡlɔbulizar	deʒɡlubulizar	d[ɨ]ʒɡl[ɔ]bulizar	d[e]ʒɡl[u]bulizar	0
desgovernação	dɨʒɡuvɨrnɐsɐ̃w̃	dɨʒɡuvernɐsɐ̃w̃	dɨʒɡuv[ɨ]rnɐsɐ̃w̃	dɨʒɡuv[e]rnɐsɐ̃w̃	0
desgraçadamente	dɨʒɡrɐsadɐmẽtɨ	deʒɡrɐsɐdɐmẽntɨ	d[ɨ]ʒɡrɐs[a]dɐmẽtɨ[]	d[e]ʒɡrɐs[ɐ]dɐmẽnt[ɨ]	0
desgraça	dɨʒɡrasɐ	deʒɡrasɐ	d[ɨ]ʒɡrasɐ	d[e]ʒɡrasɐ	0
desgraçado	dɨʒɡrɐsadu	deʒɡrɐsadu	d[ɨ]ʒɡrɐsadu	d[e]ʒɡrɐsadu	0
desgraçar	dɨʒɡrɐsar	deʒɡrɐsar	d[ɨ]ʒɡrɐsar	d[e]ʒɡrɐsar	0
desgraceira	dɨʒɡrɐsɐjrɐ	deʒɡrɐsɐjrɐ	d[ɨ]ʒɡrɐsɐjrɐ	d[e]ʒɡrɐsɐjrɐ	0
desgraciar	dɨʒɡrɐsjar	deʒɡrɐsiar	d[ɨ]ʒɡrɐs[j]ar	d[e]ʒɡrɐs[i]ar	0
desgracioso	dɨʒɡrɐsjozu	deʒɡrɐsiozu	d[ɨ]ʒɡrɐs[j]ozu	d[e]ʒɡrɐs[i]ozu	0
desgradear	dɨʒɡrɐdjar	deʒɡrɐdiar	d[ɨ]ʒɡrɐd[j]ar	d[e]ʒɡrɐd[i]ar	0
desgraduar	dɨʒɡrɐdwar	deʒɡrɐduar	d[ɨ]ʒɡrɐd[w]ar	d[e]ʒɡrɐd[u]ar	0
desgranar	dɨʒɡrɐnar	deʒɡrɐnar	d[ɨ]ʒɡrɐnar	d[e]ʒɡrɐnar	0
desgranulação	dɨʒɡrɐnulɐsɐ̃w̃	deʒɡrɐnulɐsɐ̃w̃	d[ɨ]ʒɡrɐnulɐsɐ̃w̃	d[e]ʒɡrɐnulɐsɐ̃w̃	0
desgravar	dɨʒɡrɐvar	deʒɡrɐvar	d[ɨ]ʒɡrɐvar	d[e]ʒɡrɐvar	0
desgravidação	dɨʒɡrɐvidɐsɐ̃w̃	deʒɡrɐvidɐsɐ̃w̃	d[ɨ]ʒɡrɐvidɐsɐ̃w̃	d[e]ʒɡrɐvidɐsɐ̃w̃	0
desgravidar	dɨʒɡrɐvidar	deʒɡrɐvidar	d[ɨ]ʒɡrɐvidar	d[e]ʒɡrɐvidar	0
desgravitado	dɨʒɡrɐvitadu	deʒɡrɐvitadu	d[ɨ]ʒɡrɐvitadu	d[e]ʒɡrɐvitadu	0
desgraxar	dɨʒɡraʃar	deʒɡrɐʃar	d[ɨ]ʒɡr[a]ʃar	d[e]ʒɡr[ɐ]ʃar	0
desgrenhado	dɨʒɡrɨɲadu	deʒɡrɨɲadu	d[ɨ]ʒɡrɨɲadu	d[e]ʒɡrɨɲadu	0
desgrenhamento	dɨʒɡrɨɲɐmẽtu	deʒɡrɨɲɐmẽntu	d[ɨ]ʒɡrɨɲɐmẽtu[]	d[e]ʒɡrɨɲɐmẽnt[u]	0
desgrenhar	dɨʒɡrɨɲar	deʒɡrɨɲar	d[ɨ]ʒɡrɨɲar	d[e]ʒɡrɨɲar	0
desgrilhoar	dɨʒɡriʎwar	deʒɡriʎuar	d[ɨ]ʒɡriʎ[w]ar	d[e]ʒɡriʎ[u]ar	0
desgrinaldar	dɨʒɡrinaɫdar	deʒɡrinaɫdar	d[ɨ]ʒɡrinaɫdar	d[e]ʒɡrinaɫdar	0
desgrudar	dɨʒɡrudar	deʒɡrudar	d[ɨ]ʒɡrudar	d[e]ʒɡrudar	0
desgrumar	dɨʒɡrumar	deʒɡrumar	d[ɨ]ʒɡrumar	d[e]ʒɡrumar	0
desilhado	deziʎadu	dɨziʎadu	d[e]ziʎadu	d[ɨ]ziʎadu	0
deslastrador	dɨʒlɐʃtrɐdor	deʒlɐʃtrɐdor	d[ɨ]ʒlɐʃtrɐdor	d[e]ʒlɐʃtrɐdor	0
deslastrar	dɨʒlɐʃtrar	deʒlɐʃtrar	d[ɨ]ʒlɐʃtrar	d[e]ʒlɐʃtrar	0
deslastre	dɨʒlaʃtrɨ	deʒlaʃtrɨ	d[ɨ]ʒlaʃtrɨ	d[e]ʒlaʃtrɨ	0
deslastro	dɨʒlaʃtru	deʒlaʃtru	d[ɨ]ʒlaʃtru	d[e]ʒlaʃtru	0
deslembrança	dɨʒlẽbrɐ̃sɐ	deʒlẽmbrɐ̃nsɐ	d[ɨ]ʒlẽbrɐ̃[s]ɐ[]	d[e]ʒlẽmbr[]ɐ̃ns[ɐ]	0
deslembrar	dɨʒlẽbrar	deʒlẽmbrar	d[ɨ]ʒlẽbr[a]r[]	d[e]ʒlẽm[b]ra[r]	0
deslembrativo	dɨʒlẽbrɐtivu	deʒlẽmbrɐtivu	d[ɨ]ʒlẽbrɐtivu[]	d[e]ʒlẽmbrɐtiv[u]	0
deslembrável	dɨʒlẽbravɛɫ	deʒlẽmbravɛɫ	d[ɨ]ʒlẽbravɛɫ[]	d[e]ʒlẽmbravɛ[ɫ]	0
deslumbrado	dɨʒlũbradu	deʒlũmbradu	d[ɨ]ʒlũbradu[]	d[e]ʒlũmbrad[u]	0
deslumbrador	dɨʒlũbrɐdor	deʒlũmbrɐdor	d[ɨ]ʒlũbrɐdor[]	d[e]ʒlũmbrɐdo[r]	0
deslumbramento	dɨʒlũbrɐmẽtu	deʒlũmbrɐmẽntu	d[ɨ]ʒlũbrɐmẽtu[]	d[e]ʒlũmbrɐmẽnt[u]	0
deslumbrante	dɨʒlũbrɐ̃tɨ	deʒlũmbrɐ̃ntɨ	d[ɨ]ʒlũbrɐ̃tɨ[]	d[e]ʒlũmbrɐ̃nt[ɨ]	0
deslumbrar	dɨʒlũbrar	deʒlũmbrar	d[ɨ]ʒlũbr[a]r[]	d[e]ʒlũm[b]ra[r]	0
deslumbrativo	dɨʒlũbrɐtivu	deʒlũmbrɐtivu	d[ɨ]ʒlũbrɐtivu[]	d[e]ʒlũmbrɐtiv[u]	0
deslumbre	dɨʒlũbrɨ	deʒlũmbrɨ	d[ɨ]ʒlũbrɨ[]	d[e]ʒlũmbr[ɨ]	0
deslumbroso	dɨʒlũbrozu	deʒlũmbrozu	d[ɨ]ʒlũbrozu[]	d[e]ʒlũmbroz[u]	0
deslustrador	dɨʒluʃtrɐdor	deʒluʃtrɐdor	d[ɨ]ʒluʃtrɐdor	d[e]ʒluʃtrɐdor	0
deslustral	dɨʒluʃtraɫ	deʒluʃtraɫ	d[ɨ]ʒluʃtraɫ	d[e]ʒluʃtraɫ	0
deslustrar	dɨʒluʃtrar	deʒluʃtrar	d[ɨ]ʒluʃtrar	d[e]ʒluʃtrar	0
deslustre	dɨʒluʃtrɨ	deʒluʃtrɨ	d[ɨ]ʒluʃtrɨ	d[e]ʒluʃtrɨ	0
deslustro	dɨʒluʃtru	deʒluʃtru	d[ɨ]ʒluʃtru	d[e]ʒluʃtru	0
desmanchadão	dɨʒmɐ̃ʃɐdɐ̃w̃	deʒmɐ̃nʃɐdɐ̃w̃	d[ɨ]ʒmɐ̃[]ʃɐdɐ̃w̃	d[e]ʒmɐ̃[n]ʃɐdɐ̃w̃	0
desmanchadiço	dɨʒmɐ̃ʃɐdisu	deʒmɐ̃nʃɐdisu	d[ɨ]ʒmɐ̃[]ʃɐdisu	d[e]ʒmɐ̃[n]ʃɐdisu	0
desmancha	dɨʒmɐ̃ʃɐ	deʒmɐ̃nʃɐ	d[ɨ]ʒmɐ̃[]ʃɐ	d[e]ʒmɐ̃[n]ʃɐ	0
desmanchar	dɨʒmɐ̃ʃar	deʒmɐ̃nʃar	d[ɨ]ʒmɐ̃[]ʃar	d[e]ʒmɐ̃[n]ʃar	0
desmancho	dɨʒmɐ̃ʃu	deʒmɐ̃nʃu	d[ɨ]ʒmɐ̃[]ʃu	d[e]ʒmɐ̃[n]ʃu	0
desmarelecer	dɨʒmɐrɨlɨser	dɨʒmɐrelɨser	dɨʒmɐr[ɨ]lɨser	dɨʒmɐr[e]lɨser	0
desmastrar	dɨʒmɐʃtrar	deʒmɐʃtrar	d[ɨ]ʒmɐʃtrar	d[e]ʒmɐʃtrar	0
desmastreamento	dɨʒmɐʃtrjɐmẽtu	deʒmɐʃtriɐmẽntu	d[ɨ]ʒmɐʃtr[j]ɐmẽtu[]	d[e]ʒmɐʃtr[i]ɐmẽnt[u]	0
desmastrear	dɨʒmɐʃtrjar	deʒmɐʃtriar	d[ɨ]ʒmɐʃtr[j]ar	d[e]ʒmɐʃtr[i]ar	0
desmaterialização	dɨʒmɐtɨrjɐlizɐsɐ̃w̃	dɨʒmɐteriɐlizɐsɐ̃w̃	dɨʒmɐt[ɨ]r[j]ɐlizɐsɐ̃w̃	dɨʒmɐt[e]r[i]ɐlizɐsɐ̃w̃	0
desmaterializar	dɨʒmɐtɨrjɐlizar	dɨʒmɐteriɐlizar	dɨʒmɐt[ɨ]r[j]ɐlizar	dɨʒmɐt[e]r[i]ɐlizar	0
desmazelamento	dɨʒmɐzɨlɐmẽtu	dɨʒmɐzelɐmẽntu	dɨʒmɐz[ɨ]lɐmẽtu[]	dɨʒmɐz[e]lɐmẽnt[u]	0
desmembração	dɨʒmẽbrɐsɐ̃w̃	deʒmẽmbrɐsɐ̃w̃	d[ɨ]ʒmẽbrɐ[s]ɐ̃[w]̃[]	d[e]ʒmẽmb[r]ɐs[ɐ]̃w[̃]	0
desmembrado	dɨʒmẽbradu	deʒmẽmbradu	d[ɨ]ʒmẽbradu[]	d[e]ʒmẽmbrad[u]	0
desmembrador	dɨʒmẽbrɐdor	deʒmẽmbrɐdor	d[ɨ]ʒmẽbrɐdor[]	d[e]ʒmẽmbrɐdo[r]	0
desmembramento	dɨʒmẽbrɐmẽtu	deʒmẽmbrɐmẽntu	d[ɨ]ʒmẽbrɐmẽtu[]	d[e]ʒmẽmbrɐmẽnt[u]	0
desmembrar	dɨʒmẽbrar	deʒmẽmbrar	d[ɨ]ʒmẽbr[a]r[]	d[e]ʒmẽm[b]ra[r]	0
desmerecedor	dɨʒmɨrɨsɨdor	dɨʒmɨresɨdor	dɨʒmɨr[ɨ]sɨdor	dɨʒmɨr[e]sɨdor	0
desmerecimento	dɨʒmɨrɨsimẽtu	dɨʒmɨresimẽntu	dɨʒmɨr[ɨ]simẽtu[]	dɨʒmɨr[e]simẽnt[u]	0
desmilitarização	deʒmɨlitɐrizɐsɐ̃w̃	dɨʒmilitɐrizɐsɐ̃w̃	d[e]ʒm[ɨ]litɐrizɐsɐ̃w̃	d[ɨ]ʒm[i]litɐrizɐsɐ̃w̃	0
desmilitarizar	deʒmɨlitɐrizar	dɨʒmilitɐrizar	d[e]ʒm[ɨ]litɐrizar	d[ɨ]ʒm[i]litɐrizar	0
desmineralização	dɨʒminɨrɐlizɐsɐ̃w̃	dɨʒminerɐlizɐsɐ̃w̃	dɨʒmin[ɨ]rɐlizɐsɐ̃w̃	dɨʒmin[e]rɐlizɐsɐ̃w̃	0
desmineralizar	dɨʒminɨrɐlizar	dɨʒminerɐlizar	dɨʒmin[ɨ]rɐlizar	dɨʒmin[e]rɐlizar	0
desmonetização	dɨʒmunɨtizɐsɐ̃w̃	dɨʒmunetizɐsɐ̃w̃	dɨʒmun[ɨ]tizɐsɐ̃w̃	dɨʒmun[e]tizɐsɐ̃w̃	0
desmonetizar	dɨʒmunɨtizar	dɨʒmunetizar	dɨʒmun[ɨ]tizar	dɨʒmun[e]tizar	0
desmoronamento	deʒmurunɐmẽtu	dɨʒmurunɐmẽntu	d[e]ʒmurunɐmẽtu[]	d[ɨ]ʒmurunɐmẽnt[u]	0
desnastrar	dɨʒnɐʃtrar	deʒnɐʃtrar	d[ɨ]ʒnɐʃtrar	d[e]ʒnɐʃtrar	0
desnecessidade	dɨʒnɨsɨsidadɨ	dɨʒnɨsesidadɨ	dɨʒnɨs[ɨ]sidadɨ	dɨʒnɨs[e]sidadɨ	0
desnecessitar	dɨʒnesɨsitar	dɨʒnɨsesitar	dɨʒn[e]s[ɨ]sitar	dɨʒn[ɨ]s[e]sitar	0
desnivelamento	dɨʒnivɨlɐmẽtu	dɨʒnivelɐmẽntu	dɨʒniv[ɨ]lɐmẽtu[]	dɨʒniv[e]lɐmẽnt[u]	0
desonestidade	dɨzunɨʃtidadɨ	dɨzuneʃtidadɨ	dɨzun[ɨ]ʃtidadɨ	dɨzun[e]ʃtidadɨ	0
desova	dɨzɔvɐ	dezɔvɐ	d[ɨ]zɔvɐ	d[e]zɔvɐ	0
despercebidamente	dɨʃpɨrsɨbidɐmẽtɨ	dɨʃpɨrsebidɐmẽntɨ	dɨʃpɨrs[ɨ]bidɐmẽtɨ[]	dɨʃpɨrs[e]bidɐmẽnt[ɨ]	0
despercebimento	dɨʃpɨrsɨbimẽtu	dɨʃpɨrsebimẽntu	dɨʃpɨrs[ɨ]bimẽtu[]	dɨʃpɨrs[e]bimẽnt[u]	0
desplantar	dɨʃplɐ̃tar	deʃplɐ̃ntar	d[ɨ]ʃplɐ̃[]tar	d[e]ʃplɐ̃[n]tar	0
desplante	dɨʃplɐ̃tɨ	deʃplɐ̃ntɨ	d[ɨ]ʃplɐ̃[]tɨ	d[e]ʃplɐ̃[n]tɨ	0
desplumar	dɨʃplumar	deʃplumar	d[ɨ]ʃplumar	d[e]ʃplumar	0
despratear	dɨʃprɐtjar	deʃprɐtiar	d[ɨ]ʃprɐt[j]ar	d[e]ʃprɐt[i]ar	0
desprazer	dɨʃprɐzer	deʃprɐzer	d[ɨ]ʃprɐzer	d[e]ʃprɐzer	0
desprazimento	dɨʃprɐzimẽtu	deʃprɐzimẽntu	d[ɨ]ʃprɐzimẽtu[]	d[e]ʃprɐzimẽnt[u]	0
desprazível	dɨʃprɐzivɛɫ	deʃprɐzivɛɫ	d[ɨ]ʃprɐzivɛɫ	d[e]ʃprɐzivɛɫ	0
desprecatadamente	dɨʃprɨkɐtadɐmẽtɨ	deʃprɨkɐtɐdɐmẽntɨ	d[ɨ]ʃprɨkɐt[a]dɐmẽtɨ[]	d[e]ʃprɨkɐt[ɐ]dɐmẽnt[ɨ]	0
desprecatado	dɨʃprɨkɐtadu	deʃprɨkɐtadu	d[ɨ]ʃprɨkɐtadu	d[e]ʃprɨkɐtadu	0
desprecatar	dɨʃprɨkɐtar	deʃprɨkɐtar	d[ɨ]ʃprɨkɐtar	d[e]ʃprɨkɐtar	0
desprecaução	dɨʃprɨkawsɐ̃w̃	deʃprɨkawsɐ̃w̃	d[ɨ]ʃprɨkawsɐ̃w̃	d[e]ʃprɨkawsɐ̃w̃	0
desprecaver	dɨʃprɨkɐver	deʃprɨkɐver	d[ɨ]ʃprɨkɐver	d[e]ʃprɨkɐver	0
despreconceito	dɨʃprɨkõsɐjtu	deʃprɨkõnsɐjtu	d[ɨ]ʃprɨkõsɐjtu[]	d[e]ʃprɨkõnsɐjt[u]	0
despregado	dɨʃprɨɡadu	deʃprɨɡadu	d[ɨ]ʃprɨɡadu	d[e]ʃprɨɡadu	0
despregadura	dɨʃprɨɡɐdurɐ	deʃprɨɡɐdurɐ	d[ɨ]ʃprɨɡɐdurɐ	d[e]ʃprɨɡɐdurɐ	0
despregar	dɨʃprɨɡar	deʃprɨɡar	d[ɨ]ʃprɨɡar	d[e]ʃprɨɡar	0
despremiar	dɨʃprɨmjar	deʃprɨmiar	d[ɨ]ʃprɨm[j]ar	d[e]ʃprɨm[i]ar	0
desprendado	dɨʃprẽdadu	deʃprẽndadu	d[ɨ]ʃprẽd[a]du[]	d[e]ʃprẽ[n]dad[u]	0
desprender	dɨʃprẽder	deʃprẽnder	d[ɨ]ʃprẽder[]	d[e]ʃprẽnde[r]	0
desprendido	dɨʃprẽdidu	deʃprẽndidu	d[ɨ]ʃprẽd[i]du[]	d[e]ʃprẽ[n]did[u]	0
desprendimento	dɨʃprẽdimẽtu	deʃprẽndimẽntu	d[ɨ]ʃprẽdimẽtu[]	d[e]ʃprẽndimẽnt[u]	0
desprenhar	dɨʃprɨɲar	deʃprɨɲar	d[ɨ]ʃprɨɲar	d[e]ʃprɨɲar	0
despreocupação	dɨʃprjɔkupɐsɐ̃w̃	deʃpriukupɐsɐ̃w̃	d[ɨ]ʃprj[ɔ]kupɐsɐ̃w̃	d[e]ʃpri[u]kupɐsɐ̃w̃	0
despreocupado	dɨʃprjɔkupadu	deʃpriukupadu	d[ɨ]ʃprj[ɔ]kupadu	d[e]ʃpri[u]kupadu	0
despreocupar	dɨʃprjɔkupar	deʃpriukupar	d[ɨ]ʃprj[ɔ]kupar	d[e]ʃpri[u]kupar	0
despreparado	dɨʃprɨpɐradu	deʃprɨpɐradu	d[ɨ]ʃprɨpɐradu	d[e]ʃprɨpɐradu	0
despreparo	dɨʃprɨparu	deʃprɨparu	d[ɨ]ʃprɨparu	d[e]ʃprɨparu	0
despressurização	dɨʃprɨsurizɐsɐ̃w̃	deʃprɨsurizɐsɐ̃w̃	d[ɨ]ʃprɨsurizɐsɐ̃w̃	d[e]ʃprɨsurizɐsɐ̃w̃	0
despressurizar	dɨʃprɨsurizar	deʃprɨsurizar	d[ɨ]ʃprɨsurizar	d[e]ʃprɨsurizar	0
desprestigiador	dɨʃprɨʃtizjɐdor	deʃprɨʃtiʒiɐdor	d[ɨ]ʃprɨʃtiz[j]ɐdor	d[e]ʃprɨʃtiʒ[i]ɐdor	0
desprestigiante	dɨʃprɨʃtiʒjɐ̃tɨ	deʃprɨʃtiʒiɐ̃ntɨ	d[ɨ]ʃprɨʃtiʒ[j]ɐ̃[]tɨ	d[e]ʃprɨʃtiʒ[i]ɐ̃[n]tɨ	0
desprestígio	dɨʃprɨʃtiʒju	deʃprɨʃtiʒju	d[ɨ]ʃprɨʃtiʒju	d[e]ʃprɨʃtiʒju	0
despretensão	dɨʃpretẽsɐ̃w̃	deʃprɨtẽnsɐ̃w̃	d[ɨ]ʃpr[e]tẽsɐ̃[w]̃[]	d[e]ʃpr[ɨ]tẽns[ɐ]̃w[̃]	0
despretensiosamente	dɨʃprɨtẽsjɔzɐmẽtɨ	deʃprɨtẽnsiɔzɐmẽntɨ	d[ɨ]ʃprɨtẽsjɔzɐmẽtɨ[]	d[e]ʃprɨtẽnsiɔzɐmẽnt[ɨ]	0
despretensioso	dɨʃprɨtẽsjozu	deʃprɨtẽnsiozu	d[ɨ]ʃprɨtẽsjozu[]	d[e]ʃprɨtẽnsioz[u]	0
desprevenção	dɨʃprɨvẽsɐ̃w̃	deʃprɨvẽnsɐ̃w̃	d[ɨ]ʃprɨvẽsɐ̃[w]̃[]	d[e]ʃprɨvẽns[ɐ]̃w[̃]	0
desprevenido	dɨʃprɨvɨnidu	deʃprɨvɨnidu	d[ɨ]ʃprɨvɨnidu	d[e]ʃprɨvɨnidu	0
desprevenir	dɨʃprɨvɨnir	deʃprɨvɨnir	d[ɨ]ʃprɨvɨnir	d[e]ʃprɨvɨnir	0
desprezado	dɨʃprɨzadu	deʃprɨzadu	d[ɨ]ʃprɨzadu	d[e]ʃprɨzadu	0
desprezador	dɨʃprɨzɐdor	deʃprɨzɐdor	d[ɨ]ʃprɨzɐdor	d[e]ʃprɨzɐdor	0
desprezar	dɨʃprɨzar	deʃprɨzar	d[ɨ]ʃprɨzar	d[e]ʃprɨzar	0
desprezativo	dɨʃprɨzɐtivu	deʃprɨzɐtivu	d[ɨ]ʃprɨzɐtivu	d[e]ʃprɨzɐtivu	0
desprezável	dɨʃprɨzavɛɫ	deʃprɨzavɛɫ	d[ɨ]ʃprɨzavɛɫ	d[e]ʃprɨzavɛɫ	0
desprezível	dɨʃprɨzivɛɫ	deʃprɨzivɛɫ	d[ɨ]ʃprɨzivɛɫ	d[e]ʃprɨzivɛɫ	0
desprezo	dɨʃprezu	deʃprɛzu	d[ɨ]ʃpr[e]zu	d[e]ʃpr[ɛ]zu	0
desprimorar	dɨʃprimurar	deʃprimurar	d[ɨ]ʃprimurar	d[e]ʃprimurar	0
desprimor	dɨʃprimor	deʃprimor	d[ɨ]ʃprimor	d[e]ʃprimor	0
desprimoroso	dɨʃprimurozu	deʃprimurozu	d[ɨ]ʃprimurozu	d[e]ʃprimurozu	0
desprivar	dɨʃprivar	deʃprivar	d[ɨ]ʃprivar	d[e]ʃprivar	0
desprivilegiar	dɨʃprivilɨʒjar	deʃprivilɨʒiar	d[ɨ]ʃprivilɨʒ[j]ar	d[e]ʃprivilɨʒ[i]ar	0
desprofanar	dɨʃprufɐnar	deʃprufɐnar	d[ɨ]ʃprufɐnar	d[e]ʃprufɐnar	0
desprograma	dɨʃpruɡrɐmɐ	deʃpruɡrɐ̃mɐ	d[ɨ]ʃpruɡrɐ[]mɐ	d[e]ʃpruɡrɐ[̃]mɐ	0
despromoção	dɨʃprumusɐ̃w̃	deʃprumusɐ̃w̃	d[ɨ]ʃprumusɐ̃w̃	d[e]ʃprumusɐ̃w̃	0
despromover	dɨʃprumuver	deʃprumuver	d[ɨ]ʃprumuver	d[e]ʃprumuver	0
despromovido	dɨʃprumuvidu	deʃprumuvidu	d[ɨ]ʃprumuvidu	d[e]ʃprumuvidu	0
despronúncia	dɨʃprunũsjɐ	deʃprunũnsjɐ	d[ɨ]ʃprunũsjɐ[]	d[e]ʃprunũnsj[ɐ]	0
despronunciar	dɨʃprunũsjar	deʃprunũnsiar	d[ɨ]ʃprunũsjar[]	d[e]ʃprunũnsia[r]	0
desproporção	dɨʃprupursɐ̃w̃	deʃprupursɐ̃w̃	d[ɨ]ʃprupursɐ̃w̃	d[e]ʃprupursɐ̃w̃	0
desproporcionado	dɨʃprupursjunadu	deʃprupursjunadu	d[ɨ]ʃprupursjunadu	d[e]ʃprupursjunadu	0
desproporcional	dɨʃprupursjunaɫ	deʃprupursjunaɫ	d[ɨ]ʃprupursjunaɫ	d[e]ʃprupursjunaɫ	0
desproporcionalidade	dɨʃprupursjunɐlidadɨ	deʃprupursjunɐlidadɨ	d[ɨ]ʃprupursjunɐlidadɨ	d[e]ʃprupursjunɐlidadɨ	0
desproporcionar	dɨʃprupursjunar	deʃprupursjunar	d[ɨ]ʃprupursjunar	d[e]ʃprupursjunar	0
despropositado	dɨʃprupuzitadu	deʃprupuzitadu	d[ɨ]ʃprupuzitadu	d[e]ʃprupuzitadu	0
despropositar	dɨʃprupuzitar	deʃprupuzitar	d[ɨ]ʃprupuzitar	d[e]ʃprupuzitar	0
despropósito	dɨʃprupɔzitu	deʃprupɔzitu	d[ɨ]ʃprupɔzitu	d[e]ʃprupɔzitu	0
desproteção	dɨʃprutɛsɐ̃w̃	deʃprutɨsɐ̃w̃	d[ɨ]ʃprut[ɛ]sɐ̃w̃	d[e]ʃprut[ɨ]sɐ̃w̃	0
desprotecção	dɨʃprutɛsɐ̃w̃	deʃprutɛsɐ̃w̃	d[ɨ]ʃprutɛsɐ̃w̃	d[e]ʃprutɛsɐ̃w̃	0
desproteger	dɨʃprutɨʒer	deʃprutɨʒer	d[ɨ]ʃprutɨʒer	d[e]ʃprutɨʒer	0
desprotegido	dɨʃprutɨʒidu	deʃprutɨʒidu	d[ɨ]ʃprutɨʒidu	d[e]ʃprutɨʒidu	0
desproveito	dɨʃpruvɐjtu	deʃpruvɐjtu	d[ɨ]ʃpruvɐjtu	d[e]ʃpruvɐjtu	0
desprover	dɨʃpruver	deʃpruver	d[ɨ]ʃpruver	d[e]ʃpruver	0
desprovido	dɨʃpruvidu	deʃpruvidu	d[ɨ]ʃpruvidu	d[e]ʃpruvidu	0
desprovimento	dɨʃpruvimẽtu	deʃpruvimẽntu	d[ɨ]ʃpruvimẽtu[]	d[e]ʃpruvimẽnt[u]	0
desruralização	deʒʀurɐlizɐsɐ̃w̃	dɨʒrurɐlizɐsɐ̃w̃	d[e]ʒ[ʀ]urɐlizɐsɐ̃w̃	d[ɨ]ʒ[r]urɐlizɐsɐ̃w̃	0
destrabalho	dɨʃtrɐbaʎu	deʃtrɐbaʎu	d[ɨ]ʃtrɐbaʎu	d[e]ʃtrɐbaʎu	0
destraçar	dɨʃtrɐsar	deʃtrɐsar	d[ɨ]ʃtrɐsar	d[e]ʃtrɐsar	0
destramar	dɨʃtrɐmar	deʃtrɐmar	d[ɨ]ʃtrɐmar	d[e]ʃtrɐmar	0
destrambelhado	dɨʃtrɐ̃bɨʎadu	deʃtrɐ̃mbɨʎadu	d[ɨ]ʃtrɐ̃[]bɨʎadu	d[e]ʃtrɐ̃[m]bɨʎadu	0
destrambelhamento	dɨʃtrɐ̃bɨʎɐmẽtu	deʃtrɐ̃mbeʎɐmẽntu	d[ɨ]ʃtrɐ̃[]b[ɨ]ʎɐmẽtu[]	d[e]ʃtrɐ̃[m]b[e]ʎɐmẽnt[u]	0
destrambelhar	dɨʃtrɐ̃bɨʎar	deʃtrɐ̃mbɨʎar	d[ɨ]ʃtrɐ̃[]bɨʎar	d[e]ʃtrɐ̃[m]bɨʎar	0
destrambelho	dɨʃtrɐ̃bɐjʎu	deʃtrɐ̃mbeʎu	d[ɨ]ʃtrɐ̃[]bɐ[j]ʎu	d[e]ʃtrɐ̃[m]be[]ʎu	0
destrancar	dɨʃtrɐ̃kar	deʃtrɐ̃nkar	d[ɨ]ʃtrɐ̃[]kar	d[e]ʃtrɐ̃[n]kar	0
destrançar	dɨʃtrɐ̃sar	deʃtrɐ̃nsar	d[ɨ]ʃtrɐ̃[]sar	d[e]ʃtrɐ̃[n]sar	0
destravado	dɨʃtrɐvadu	deʃtrɐvadu	d[ɨ]ʃtrɐvadu	d[e]ʃtrɐvadu	0
destravar	dɨʃtrɐvar	deʃtrɐvar	d[ɨ]ʃtrɐvar	d[e]ʃtrɐvar	0
destreinado	dɨʃtrɐjnadu	deʃtrɐjnadu	d[ɨ]ʃtrɐjnadu	d[e]ʃtrɐjnadu	0
destreinar	dɨʃtrɐjnar	deʃtrɐjnar	d[ɨ]ʃtrɐjnar	d[e]ʃtrɐjnar	0
destrelar	dɨʃtrɨlar	deʃtrɨlar	d[ɨ]ʃtrɨlar	d[e]ʃtrɨlar	0
destrepar	dɨʃtrɨpar	deʃtrɨpar	d[ɨ]ʃtrɨpar	d[e]ʃtrɨpar	0
destressar	dɨʃtrɛsar	deʃtrɨsar	d[ɨ]ʃtr[ɛ]sar	d[e]ʃtr[ɨ]sar	0
destreza	dɨʃtrezɐ	deʃtrezɐ	d[ɨ]ʃtrezɐ	d[e]ʃtrezɐ	0
destribalizar	dɨʃtribɐlizar	deʃtribɐlizar	d[ɨ]ʃtribɐlizar	d[e]ʃtribɐlizar	0
destribar	dɨʃtribar	deʃtribar	d[ɨ]ʃtribar	d[e]ʃtribar	0
destrímano	dɨʃtrimɐnu	deʃtrimɐnu	d[ɨ]ʃtrimɐnu	d[e]ʃtrimɐnu	0
destrinça	dɨʃtrĩsɐ	deʃtrĩnsɐ	d[ɨ]ʃtrĩsɐ[]	d[e]ʃtrĩns[ɐ]	0
destrinçador	dɨʃtrĩsɐdor	deʃtrĩnsɐdor	d[ɨ]ʃtrĩsɐdor[]	d[e]ʃtrĩnsɐdo[r]	0
destrincar	dɨʃtrĩkar	deʃtrĩnkar	d[ɨ]ʃtrĩkar[]	d[e]ʃtrĩnka[r]	0
destrinçar	dɨʃtrĩsar	deʃtrĩnsar	d[ɨ]ʃtrĩsar[]	d[e]ʃtrĩnsa[r]	0
destrinçável	dɨʃtrĩsavɛɫ	deʃtrĩnsavɛɫ	d[ɨ]ʃtrĩsavɛɫ[]	d[e]ʃtrĩnsavɛ[ɫ]	0
destripar	dɨʃtripar	deʃtripar	d[ɨ]ʃtripar	d[e]ʃtripar	0
destripular	dɨʃtripular	deʃtripular	d[ɨ]ʃtripular	d[e]ʃtripular	0
destroca	dɨʃtrɔkɐ	deʃtrɔkɐ	d[ɨ]ʃtrɔkɐ	d[e]ʃtrɔkɐ	0
destroçador	dɨʃtrusɐdor	deʃtrusɐdor	d[ɨ]ʃtrusɐdor	d[e]ʃtrusɐdor	0
destrocar	dɨʃtrukar	deʃtrukar	d[ɨ]ʃtrukar	d[e]ʃtrukar	0
destroçar	dɨʃtrusar	deʃtrusar	d[ɨ]ʃtrusar	d[e]ʃtrusar	0
destroço	dɨʃtrosu	deʃtrɔsu	d[ɨ]ʃtr[o]su	d[e]ʃtr[ɔ]su	0
destróier	dɨʃtrɔjɐr	deʃtrɔjɛr	d[ɨ]ʃtrɔj[ɐ]r	d[e]ʃtrɔj[ɛ]r	0
destronação	dɨʃtrunɐsɐ̃w̃	deʃtrunɐsɐ̃w̃	d[ɨ]ʃtrunɐsɐ̃w̃	d[e]ʃtrunɐsɐ̃w̃	0
destronado	dɨʃtrunadu	deʃtrunadu	d[ɨ]ʃtrunadu	d[e]ʃtrunadu	0
destronamento	dɨʃtrunɐmẽtu	deʃtrunɐmẽntu	d[ɨ]ʃtrunɐmẽtu[]	d[e]ʃtrunɐmẽnt[u]	0
destronar	dɨʃtrunar	deʃtrunar	d[ɨ]ʃtrunar	d[e]ʃtrunar	0
destronável	dɨʃtrunavɛɫ	deʃtrunavɛɫ	d[ɨ]ʃtrunavɛɫ	d[e]ʃtrunavɛɫ	0
destroncar	dɨʃtrõkar	deʃtrõnkar	d[ɨ]ʃtrõkar[]	d[e]ʃtrõnka[r]	0
destronização	dɨʃtrunizɐsɐ̃w̃	deʃtrunizɐsɐ̃w̃	d[ɨ]ʃtrunizɐsɐ̃w̃	d[e]ʃtrunizɐsɐ̃w̃	0
destronizar	dɨʃtrunizar	deʃtrunizar	d[ɨ]ʃtrunizar	d[e]ʃtrunizar	0
destronizável	dɨʃtrunizavɛɫ	deʃtrunizavɛɫ	d[ɨ]ʃtrunizavɛɫ	d[e]ʃtrunizavɛɫ	0
destruição	dɨʃtruisɐ̃w̃	deʃtruisɐ̃w̃	d[ɨ]ʃtruisɐ̃w̃	d[e]ʃtruisɐ̃w̃	0
destruído	dɨʃtruidu	deʃtruidu	d[ɨ]ʃtruidu	d[e]ʃtruidu	0
destruidor	dɨʃtruidor	deʃtruidor	d[ɨ]ʃtruidor	d[e]ʃtruidor	0
destruir	dɨʃtruir	deʃtruir	d[ɨ]ʃtruir	d[e]ʃtruir	0
destruível	dɨʃtruivɛɫ	deʃtruivɛɫ	d[ɨ]ʃtruivɛɫ	d[e]ʃtruivɛɫ	0
destrutibilidade	dɨʃtrutibilidadɨ	deʃtrutibilidadɨ	d[ɨ]ʃtrutibilidadɨ	d[e]ʃtrutibilidadɨ	0
destrutível	dɨʃtrutivɛɫ	deʃtrutivɛɫ	d[ɨ]ʃtrutivɛɫ	d[e]ʃtrutivɛɫ	0
destrutividade	dɨʃtrutividadɨ	deʃtrutividadɨ	d[ɨ]ʃtrutividadɨ	d[e]ʃtrutividadɨ	0
destrutivismo	dɨʃtrutiviʒmu	deʃtrutiviʒmu	d[ɨ]ʃtrutiviʒmu	d[e]ʃtrutiviʒmu	0
destrutivo	dɨʃtrutivu	deʃtrutivu	d[ɨ]ʃtrutivu	d[e]ʃtrutivu	0
destrutor	dɨʃtrutor	deʃtrutor	d[ɨ]ʃtrutor	d[e]ʃtrutor	0
desuso	dɨzuzu	dezuzu	d[ɨ]zuzu	d[e]zuzu	0
desvanecedor	dɨʒvɐnɨsɨdor	dɨʒvɐnesɨdor	dɨʒvɐn[ɨ]sɨdor	dɨʒvɐn[e]sɨdor	0
desvanecidamente	dɨʒvɐnɨsidɐmẽtɨ	dɨʒvɐnesidɐmẽntɨ	dɨʒvɐn[ɨ]sidɐmẽtɨ[]	dɨʒvɐn[e]sidɐmẽnt[ɨ]	0
desvanecimento	dɨʒvɐnɨsimẽtu	dɨʒvɐnesimẽntu	dɨʒvɐn[ɨ]simẽtu[]	dɨʒvɐn[e]simẽnt[u]	0
desveneração	dɨʒvɨnɨrɐsɐ̃w̃	dɨʒvɨnerɐsɐ̃w̃	dɨʒvɨn[ɨ]rɐsɐ̃w̃	dɨʒvɨn[e]rɐsɐ̃w̃	0
desventração	dɨʒvẽtrɐsɐ̃w̃	deʒvẽntrɐsɐ̃w̃	d[ɨ]ʒvẽtrɐ[s]ɐ̃[w]̃[]	d[e]ʒvẽnt[r]ɐs[ɐ]̃w[̃]	0
desventrar	dɨʒvẽtrar	deʒvẽntrar	d[ɨ]ʒvẽtr[a]r[]	d[e]ʒvẽn[t]ra[r]	0
detidamente	dɨtidɐmẽtɨ	detidɐmẽntɨ	d[ɨ]tidɐmẽtɨ[]	d[e]tidɐmẽnt[ɨ]	0
detido	dɨtidu	detidu	d[ɨ]tidu	d[e]tidu	0
deve	dɛve	dɛvɨ	dɛv[e]	dɛv[ɨ]	0
devera	dɨvɛrɐ	deverɐ	d[ɨ]v[ɛ]rɐ	d[e]v[e]rɐ	0
deveras	dɨvɛrɐʃ	devɛrɐʃ	d[ɨ]vɛrɐʃ	d[e]vɛrɐʃ	0
devesa	dɨvezɐ	devezɐ	d[ɨ]vezɐ	d[e]vezɐ	0
devidamente	dɨvidɐmẽtɨ	devidɐmẽntɨ	d[ɨ]vidɐmẽtɨ[]	d[e]vidɐmẽnt[ɨ]	0
devido	dɨvidu	devidu	d[ɨ]vidu	d[e]vidu	0
devotamente	dɨvɔtɐmẽtɨ	devɔtɐmẽntɨ	d[ɨ]vɔtɐmẽtɨ[]	d[e]vɔtɐmẽnt[ɨ]	0
devoto	dɨvɔtu	devɔtu	d[ɨ]vɔtu	d[e]vɔtu	0
dezena	dɨzenɐ	dezenɐ	d[ɨ]zenɐ	d[e]zenɐ	0
dianegativo	diɐnɨɡɐtivu	diɐneɡɐtivu	diɐn[ɨ]ɡɐtivu	diɐn[e]ɡɐtivu	0
dilaceração	dilɐsɨrɐsɐ̃w̃	dilɐserɐsɐ̃w̃	dilɐs[ɨ]rɐsɐ̃w̃	dilɐs[e]rɐsɐ̃w̃	0
dilacerador	dilɐsɨrɐdor	dilɐserɐdor	dilɐs[ɨ]rɐdor	dilɐs[e]rɐdor	0
dilaceramento	dilɐsɨrɐmẽtu	dilɐserɐmẽntu	dilɐs[ɨ]rɐmẽtu[]	dilɐs[e]rɐmẽnt[u]	0
dinumeração	dinumɨrɐsɐ̃w̃	dinumerɐsɐ̃w̃	dinum[ɨ]rɐsɐ̃w̃	dinum[e]rɐsɐ̃w̃	0
drenador	drɨnɐdor	drenɐdor	dr[ɨ]nɐdor	dr[e]nɐdor	0
drenagem	drɨnaʒɐ̃j̃	drenaʒɐjn	dr[ɨ]naʒɐ[̃]j[̃]	dr[e]naʒɐ[]j[n]	0
drenável	drɨnavɛɫ	drenavɛɫ	dr[ɨ]navɛɫ	dr[e]navɛɫ	0
duetista	dwetiʃtɐ	duɨtiʃtɐ	dw[e]tiʃtɐ	du[ɨ]tiʃtɐ	0
duetístico	dwetiʃtiku	duɨtiʃtiku	dw[e]tiʃtiku	du[ɨ]tiʃtiku	0
ecler	eklɛr	ɨkler	[e]kl[ɛ]r	[ɨ]kl[e]r	0
ecumenicidade	ekumɨnisidadɨ	ekumenisidadɨ	ekum[ɨ]nisidadɨ	ekum[e]nisidadɨ	0
edam	edam	ɨdɐ̃m	[e]da[]m	[ɨ]dɐ[̃]m	0
edaz	edaʃ	ɨdaʃ	[e]daʃ	[ɨ]daʃ	0
edil	ediɫ	ɨdiɫ	[e]diɫ	[ɨ]diɫ	0
efemeridade	ifɨmɨridadɨ	ifɨmeridadɨ	ifɨm[ɨ]ridadɨ	ifɨm[e]ridadɨ	0
efemerizar	ifɨmɨrizar	ifɨmerizar	ifɨm[ɨ]rizar	ifɨm[e]rizar	0
elã	elɐ̃	ɨlɐ̃	[e]lɐ̃	[ɨ]lɐ̃	0
elar	elar	ɨlar	[e]lar	[ɨ]lar	0
emir	emir	ɨmir	[e]mir	[ɨ]mir	0
epicefalia	episɨfɐliɐ	episefɐliɐ	epis[ɨ]fɐliɐ	epis[e]fɐliɐ	0
epifenomenismo	epifɨnumɨniʒmu	epifenumɨniʒmu	epif[ɨ]numɨniʒmu	epif[e]numɨniʒmu	0
epigenesia	epiʒɨnɨʒiɐ	epiʒenɨziɐ	epiʒ[ɨ]nɨ[ʒ]iɐ	epiʒ[e]nɨ[z]iɐ	0
epimetamórfico	epimɨtɐmɔrfiku	epimetɐmɔrfiku	epim[ɨ]tɐmɔrfiku	epim[e]tɐmɔrfiku	0
epistemologia	epiʃtɨmuluʒiɐ	epiʃtemuluʒiɐ	epiʃt[ɨ]muluʒiɐ	epiʃt[e]muluʒiɐ	0
epistemológico	epiʃtɨmulɔʒiku	epiʃtemulɔʒiku	epiʃt[ɨ]mulɔʒiku	epiʃt[e]mulɔʒiku	0
epitelial	epitɨljaɫ	epiteliaɫ	epit[ɨ]l[j]aɫ	epit[e]l[i]aɫ	0
epitelioide	epitɨljɔjdɨ	epiteliɔjdɨ	epit[ɨ]l[j]ɔjdɨ	epit[e]l[i]ɔjdɨ	0
epitelióide	epitɨljɔjdɨ	epiteliɔjdɨ	epit[ɨ]l[j]ɔjdɨ	epit[e]l[i]ɔjdɨ	0
epitelioma	epitɨljomɐ	epiteliomɐ	epit[ɨ]l[j]omɐ	epit[e]l[i]omɐ	0
epiteliomatoso	epitɨljɔmɐtozu	epiteliumɐtozu	epit[ɨ]lj[ɔ]mɐtozu	epit[e]li[u]mɐtozu	0
erguer	erɡer	ɨrɡer	[e]rɡer	[ɨ]rɡer	0
eritematoso	eritɨmɐtozu	eritemɐtozu	erit[ɨ]mɐtozu	erit[e]mɐtozu	0
ermal	ermaɫ	ɨrmaɫ	[e]rmaɫ	[ɨ]rmaɫ	0
ermar	ermar	ɨrmar	[e]rmar	[ɨ]rmar	0
errar	eʀar	ɨʀar	[e]ʀar	[ɨ]ʀar	0
error	eʀor	ɨʀor	[e]ʀor	[ɨ]ʀor	0
erva-belida	ɛrvɐbɨlidɐ	ɛrvɐbelidɐ	ɛrvɐb[ɨ]lidɐ	ɛrvɐb[e]lidɐ	0
erva-besteira	ɛrvɐbɨʃtɐjrɐ	ɛrvɐbeʃtɐjrɐ	ɛrvɐb[ɨ]ʃtɐjrɐ	ɛrvɐb[e]ʃtɐjrɐ	0
erva-bezerra	ɛrvɐbɨzeʀɐ	ɛrvɐbezeʀɐ	ɛrvɐb[ɨ]zeʀɐ	ɛrvɐb[e]zeʀɐ	0
erva-das-feridas	ɛrvɐdɐʃfɨridɐʃ	ɛrvɐdɐʃferidɐʃ	ɛrvɐdɐʃf[ɨ]ridɐʃ	ɛrvɐdɐʃf[e]ridɐʃ	0
erva-das-verrugas	ɛrvɐdɐʒvɨʀuɡɐʃ	ɛrvɐdɐʒveʀuɡɐʃ	ɛrvɐdɐʒv[ɨ]ʀuɡɐʃ	ɛrvɐdɐʒv[e]ʀuɡɐʃ	0
erva-perceveja	ɛrvɐpɨrsɨveʒɐ	ɛrvɐpersɨveʒɐ	ɛrvɐp[ɨ]rsɨveʒɐ	ɛrvɐp[e]rsɨveʒɐ	0
erva-pessegueira	ɛrvɐpɨsɨɡɐjrɐ	ɛrvɐpesɨɡɐjrɐ	ɛrvɐp[ɨ]sɨɡɐjrɐ	ɛrvɐp[e]sɨɡɐjrɐ	0
erva-serôdia	ɛrvɐsɨrodjɐ	ɛrvɐserodjɐ	ɛrvɐs[ɨ]rodjɐ	ɛrvɐs[e]rodjɐ	0
euricefalia	ewrisɨfɐliɐ	ewrisefɐliɐ	ewris[ɨ]fɐliɐ	ewris[e]fɐliɐ	0
exitoso	ɨzitozu	ezitozu	[ɨ]zitozu	[e]zitozu	0
falsa-verônica	faɫsɐvɨronikɐ	faɫsɐveronikɐ	faɫsɐv[ɨ]ronikɐ	faɫsɐv[e]ronikɐ	0
falsa-verónica	faɫsɐvɨrɔnikɐ	faɫsɐverɔnikɐ	faɫsɐv[ɨ]rɔnikɐ	faɫsɐv[e]rɔnikɐ	0
fameniano	fɐmɨnjɐnu	fɐmeniɐ̃nu	fɐm[ɨ]n[j]ɐ[]nu	fɐm[e]n[i]ɐ[̃]nu	0
farta-velhaco	fartɐvɨʎaku	fartɐveʎaku	fartɐv[ɨ]ʎaku	fartɐv[e]ʎaku	0
favorecedor	fɐvurɨsɨdor	fɐvuresɨdor	fɐvur[ɨ]sɨdor	fɐvur[e]sɨdor	0
favorecimento	fɐvurɨsimẽtu	fɐvuresimẽntu	fɐvur[ɨ]simẽtu[]	fɐvur[e]simẽnt[u]	0
febricitação	fɨbrisitɐsɐ̃w̃	febrisitɐsɐ̃w̃	f[ɨ]brisitɐsɐ̃w̃	f[e]brisitɐsɐ̃w̃	0
febricitante	fɨbrisitɐ̃tɨ	febrisitɐ̃ntɨ	f[ɨ]brisitɐ̃[]tɨ	f[e]brisitɐ̃[n]tɨ	0
febricitar	fɨbrisitar	febrisitar	f[ɨ]brisitar	f[e]brisitar	0
febrícula	fɨbrikulɐ	febrikulɐ	f[ɨ]brikulɐ	f[e]brikulɐ	0
febriculoso	fɨbrikulozu	febrikulozu	f[ɨ]brikulozu	f[e]brikulozu	0
febrífugo	fɨbrifuɡu	febrifuɡu	f[ɨ]brifuɡu	f[e]brifuɡu	0
febrígeno	fɨbriʒɨnu	febriʒɨnu	f[ɨ]briʒɨnu	f[e]briʒɨnu	0
febrilidade	fɨbrilidadɨ	febrilidadɨ	f[ɨ]brilidadɨ	f[e]brilidadɨ	0
febrilmente	fɨbriɫmẽtɨ	febriɫmẽntɨ	f[ɨ]briɫmẽtɨ[]	f[e]briɫmẽnt[ɨ]	0
febriologia	fɨbrjuluʒiɐ	febriuluʒiɐ	f[ɨ]br[j]uluʒiɐ	f[e]br[i]uluʒiɐ	0
febriológico	fɨbrjulɔʒiku	febriulɔʒiku	f[ɨ]br[j]ulɔʒiku	f[e]br[i]ulɔʒiku	0
febroso	fɨbrozu	febrozu	f[ɨ]brozu	f[e]brozu	0
fecaloide	fɨkɐlɔjdɨ	fekɐlɔjdɨ	f[ɨ]kɐlɔjdɨ	f[e]kɐlɔjdɨ	0
fecalóide	fɨkɐlɔjdɨ	fekɐlɔjdɨ	f[ɨ]kɐlɔjdɨ	f[e]kɐlɔjdɨ	0
fecial	fɨsjaɫ	fesiaɫ	f[ɨ]s[j]aɫ	f[e]s[i]aɫ	0
fecularia	fɨkulɐriɐ	fekulɐriɐ	f[ɨ]kulɐriɐ	f[e]kulɐriɐ	0
feculência	fɨkulẽsjɐ	fekulẽnsjɐ	f[ɨ]kulẽsjɐ[]	f[e]kulẽnsj[ɐ]	0
feculento	fɨkulẽtu	fekulẽntu	f[ɨ]kulẽtu[]	f[e]kulẽnt[u]	0
feculista	fɨkuliʃtɐ	fekuliʃtɐ	f[ɨ]kuliʃtɐ	f[e]kuliʃtɐ	0
feculoide	fɨkulɔjdɨ	fekulɔjdɨ	f[ɨ]kulɔjdɨ	f[e]kulɔjdɨ	0
feculóide	fɨkulɔjdɨ	fekulɔjdɨ	f[ɨ]kulɔjdɨ	f[e]kulɔjdɨ	0
feculômetro	fɨkulomɨtru	fekulomɨtru	f[ɨ]kulomɨtru	f[e]kulomɨtru	0
feculómetro	fɨkulɔmɨtru	fekulɔmɨtru	f[ɨ]kulɔmɨtru	f[e]kulɔmɨtru	0
feculoso	fɨkulozu	fekulozu	f[ɨ]kulozu	f[e]kulozu	0
fecundação	fɨkũdɐsɐ̃w̃	fekũndɐsɐ̃w̃	f[ɨ]kũdɐ[s]ɐ̃[w]̃[]	f[e]kũn[d]ɐs[ɐ]̃w[̃]	0
fecundador	fɨkũdɐdor	fekũndɐdor	f[ɨ]kũd[ɐ]dor[]	f[e]kũ[n]dɐdo[r]	0
fecundante	fɨkũdɐ̃tɨ	fekũndɐ̃ntɨ	f[ɨ]kũdɐ̃tɨ[]	f[e]kũndɐ̃nt[ɨ]	0
fecundar	fɨkũdar	fekũndar	f[ɨ]kũdar[]	f[e]kũnda[r]	0
fecundativo	fɨkũdɐtivu	fekũndɐtivu	f[ɨ]kũdɐtivu[]	f[e]kũndɐtiv[u]	0
fecundável	fɨkũdavɛɫ	fekũndavɛɫ	f[ɨ]kũdavɛɫ[]	f[e]kũndavɛ[ɫ]	0
fecundez	fɨkũdeʃ	fekũndeʃ	f[ɨ]kũdeʃ[]	f[e]kũnde[ʃ]	0
fecúndia	fɨkũdjɐ	fekũndjɐ	f[ɨ]kũdjɐ[]	f[e]kũndj[ɐ]	0
fecundidade	fɨkũdidadɨ	fekũndidadɨ	f[ɨ]kũd[i]d[a]dɨ[]	f[e]kũ[n]d[i]dad[ɨ]	0
fecundizante	fɨkũdizɐ̃tɨ	fekũndizɐ̃ntɨ	f[ɨ]kũdizɐ̃tɨ[]	f[e]kũndizɐ̃nt[ɨ]	0
fecundizar	fɨkũdizar	fekũndizar	f[ɨ]kũdizar[]	f[e]kũndiza[r]	0
fecundo	fɨkũdu	fekũndu	f[ɨ]kũdu[]	f[e]kũnd[u]	0
fedega	fɨdɛɡɐ	fedɛɡɐ	f[ɨ]dɛɡɐ	f[e]dɛɡɐ	0
fedegosa	fɨdɨɡɔzɐ	fedɨɡɔzɐ	f[ɨ]dɨɡɔzɐ	f[e]dɨɡɔzɐ	0
fedegoso	fɨdɨɡozu	fedɨɡozu	f[ɨ]dɨɡozu	f[e]dɨɡozu	0
fedelhice	fɨdɨʎisɨ	fedɨʎisɨ	f[ɨ]dɨʎisɨ	f[e]dɨʎisɨ	0
fedelho	fɨdɐjʎu	fedeʎu	f[ɨ]dɐ[j]ʎu	f[e]de[]ʎu	0
fedelhote	fɨdɨʎɔtɨ	fedɨʎɔtɨ	f[ɨ]dɨʎɔtɨ	f[e]dɨʎɔtɨ	0
federação	fɨdɨrɐsɐ̃w̃	fedɨrɐsɐ̃w̃	f[ɨ]dɨrɐsɐ̃w̃	f[e]dɨrɐsɐ̃w̃	0
federado	fɨdɨradu	fedɨradu	f[ɨ]dɨradu	f[e]dɨradu	0
federal	fɨdɨraɫ	fedɨraɫ	f[ɨ]dɨraɫ	f[e]dɨraɫ	0
federalismo	fɨdɨrɐliʒmu	fedɨrɐliʒmu	f[ɨ]dɨrɐliʒmu	f[e]dɨrɐliʒmu	0
federalista	fɨdɨrɐliʃtɐ	fedɨrɐliʃtɐ	f[ɨ]dɨrɐliʃtɐ	f[e]dɨrɐliʃtɐ	0
federalização	fɨdɨrɐlizɐsɐ̃w̃	fedɨrɐlizɐsɐ̃w̃	f[ɨ]dɨrɐlizɐsɐ̃w̃	f[e]dɨrɐlizɐsɐ̃w̃	0
federalizar	fɨdɨrɐlizar	fedɨrɐlizar	f[ɨ]dɨrɐlizar	f[e]dɨrɐlizar	0
federar	fɨdɨrar	fedɨrar	f[ɨ]dɨrar	f[e]dɨrar	0
federativo	fɨdɨrɐtivu	fedɨrɐtivu	f[ɨ]dɨrɐtivu	f[e]dɨrɐtivu	0
fedido	fɨdidu	fedidu	f[ɨ]didu	f[e]didu	0
fedífrago	fɨdifrɐɡu	fedifrɐɡu	f[ɨ]difrɐɡu	f[e]difrɐɡu	0
fedinchar	fɨdĩʃar	fedĩnʃar	f[ɨ]dĩʃar[]	f[e]dĩnʃa[r]	0
fedorenta	fɨdurẽtɐ	fedurẽntɐ	f[ɨ]durẽtɐ[]	f[e]durẽnt[ɐ]	0
fedorentina	fɨdurẽtinɐ	fedurẽntinɐ	f[ɨ]durẽt[i]nɐ[]	f[e]durẽ[]ntin[ɐ]	0
fedorento	fɨdurẽtu	fedurẽntu	f[ɨ]durẽtu[]	f[e]durẽnt[u]	0
fedúcia	fɨdusjɐ	fedusjɐ	f[ɨ]dusjɐ	f[e]dusjɐ	0
fedúncia	fɨdũsjɐ	fedũnsjɐ	f[ɨ]dũsjɐ[]	f[e]dũnsj[ɐ]	0
fefetar	fefetar	fefɨtar	fef[e]tar	fef[ɨ]tar	0
felação	fɨlɐsɐ̃w̃	felɐsɐ̃w̃	f[ɨ]lɐsɐ̃w̃	f[e]lɐsɐ̃w̃	0
felândrio	fɨlɐ̃drju	felɐ̃ndriw	f[ɨ]lɐ̃[]drj[u]	f[e]lɐ̃[n]dri[w]	0
feleca	fɨlɛkɐ	felɛkɐ	f[ɨ]lɛkɐ	f[e]lɛkɐ	0
fele-fele	fɛlefɛle	fɛlɨfɛlɨ	fɛl[e]fɛl[e]	fɛl[ɨ]fɛl[ɨ]	0
fele	fɛle	fɛlɨ	fɛl[e]	fɛl[ɨ]	0
felicidade	fɨlɨsidadɨ	felisidadɨ	f[ɨ]l[ɨ]sidadɨ	f[e]l[i]sidadɨ	0
felicíssimo	fɨlisisimu	felisisimu	f[ɨ]lisisimu	f[e]lisisimu	0
felicitação	fɨlisitɐsɐ̃w̃	felisitɐsɐ̃w̃	f[ɨ]lisitɐsɐ̃w̃	f[e]lisitɐsɐ̃w̃	0
felicitador	fɨlisitɐdor	felisitɐdor	f[ɨ]lisitɐdor	f[e]lisitɐdor	0
felicitar	fɨlɨsitar	felisitar	f[ɨ]l[ɨ]sitar	f[e]l[i]sitar	0
felídeo	fɨlidju	felidiw	f[ɨ]lidj[u]	f[e]lidi[w]	0
felídeos	fɨlidjuʃ	felidiwʃ	f[ɨ]lidj[u]ʃ	f[e]lidi[w]ʃ	0
felinicultura	fɨlinikuɫturɐ	felinikuɫturɐ	f[ɨ]linikuɫturɐ	f[e]linikuɫturɐ	0
felino	fɨlinu	felinu	f[ɨ]linu	f[e]linu	0
felispote	fɨliʃpɔtɨ	feliʃpɔtɨ	f[ɨ]liʃpɔtɨ	f[e]liʃpɔtɨ	0
felistreca	fɨliʃtrɛkɐ	feliʃtrɛkɐ	f[ɨ]liʃtrɛkɐ	f[e]liʃtrɛkɐ	0
felizão	fɨlizɐ̃w̃	felizɐ̃w̃	f[ɨ]lizɐ̃w̃	f[e]lizɐ̃w̃	0
felizardo	fɨlizardu	felizardu	f[ɨ]lizardu	f[e]lizardu	0
felizmente	fɨliʒmẽtɨ	feliʒmẽntɨ	f[ɨ]liʒmẽtɨ[]	f[e]liʒmẽnt[ɨ]	0
feloca	fɨlɔkɐ	felɔkɐ	f[ɨ]lɔkɐ	f[e]lɔkɐ	0
felocha	fɨlɔʃɐ	felɔʃɐ	f[ɨ]lɔʃɐ	f[e]lɔʃɐ	0
felonia	fɨluniɐ	feluniɐ	f[ɨ]luniɐ	f[e]luniɐ	0
felosa	fɨlɔzɐ	felɔzɐ	f[ɨ]lɔzɐ	f[e]lɔzɐ	0
felose	fɨlɔzɨ	felɔzɨ	f[ɨ]lɔzɨ	f[e]lɔzɨ	0
felpar	feɫpar	fɨɫpar	f[e]ɫpar	f[ɨ]ɫpar	0
feltrar	feɫtrar	fɨɫtrar	f[e]ɫtrar	f[ɨ]ɫtrar	0
felugem	fɨluʒɐ̃j̃	feluʒɐjn	f[ɨ]luʒɐ[̃]j[̃]	f[e]luʒɐ[]j[n]	0
felugento	fɨluʒẽtu	feluʒẽntu	f[ɨ]luʒẽtu[]	f[e]luʒẽnt[u]	0
felupe	fɨlupɨ	felupɨ	f[ɨ]lupɨ	f[e]lupɨ	0
felupes	fɨlupɨʃ	felupɨʃ	f[ɨ]lupɨʃ	f[e]lupɨʃ	0
felupo	fɨlupu	felupu	f[ɨ]lupu	f[e]lupu	0
felupos	fɨlupuʃ	felupuʃ	f[ɨ]lupuʃ	f[e]lupuʃ	0
felustrias	fɨluʃtriɐ	feluʃtriɐʃ	f[ɨ]luʃtriɐ[]	f[e]luʃtriɐ[ʃ]	0
femeaço	fɨmjasu	femiasu	f[ɨ]m[j]asu	f[e]m[i]asu	0
femeal	fɨmjaɫ	femiaɫ	f[ɨ]m[j]aɫ	f[e]m[i]aɫ	0
femeeiro	fɨmjɐjru	femiɐjru	f[ɨ]m[j]ɐjru	f[e]m[i]ɐjru	0
fementido	fɨmẽtidu	femẽntidu	f[ɨ]mẽtidu[]	f[e]mẽntid[u]	0
feminação	fɨminɐsɐ̃w̃	feminɐsɐ̃w̃	f[ɨ]minɐsɐ̃w̃	f[e]minɐsɐ̃w̃	0
feminal	fɨminaɫ	feminaɫ	f[ɨ]minaɫ	f[e]minaɫ	0
femíneo	fɨminju	feminiw	f[ɨ]minj[u]	f[e]mini[w]	0
feminidade	fɨmɨnidadɨ	feminidadɨ	f[ɨ]m[ɨ]nidadɨ	f[e]m[i]nidadɨ	0
feminifloro	fɨmɨniflɔru	feminiflɔru	f[ɨ]m[ɨ]niflɔru	f[e]m[i]niflɔru	0
feminiforme	fɨmɨnifɔrmɨ	feminifɔrmɨ	f[ɨ]m[ɨ]nifɔrmɨ	f[e]m[i]nifɔrmɨ	0
feminil	fɨmɨniɫ	feminiɫ	f[ɨ]m[ɨ]niɫ	f[e]m[i]niɫ	0
feminilidade	fɨmɨnilidadɨ	feminilidadɨ	f[ɨ]m[ɨ]nilidadɨ	f[e]m[i]nilidadɨ	0
feminino	fɨmɨninu	femininu	f[ɨ]m[ɨ]ninu	f[e]m[i]ninu	0
feminismo	fɨmɨniʒmu	feminiʒmu	f[ɨ]m[ɨ]niʒmu	f[e]m[i]niʒmu	0
feminista	fɨmɨniʃtɐ	feminiʃtɐ	f[ɨ]m[ɨ]niʃtɐ	f[e]m[i]niʃtɐ	0
feminização	fɨmɨnizɐsɐ̃w̃	feminizɐsɐ̃w̃	f[ɨ]m[ɨ]nizɐsɐ̃w̃	f[e]m[i]nizɐsɐ̃w̃	0
feminizar	fɨmɨnizar	feminizar	f[ɨ]m[ɨ]nizar	f[e]m[i]nizar	0
femoral	fɨmuraɫ	femuraɫ	f[ɨ]muraɫ	f[e]muraɫ	0
fenação	fɨnɐsɐ̃w̃	fenɐsɐ̃w̃	f[ɨ]nɐsɐ̃w̃	f[e]nɐsɐ̃w̃	0
fenacetina	fɨnɐsɨtinɐ	fenɐsɨtinɐ	f[ɨ]nɐsɨtinɐ	f[e]nɐsɨtinɐ	0
fenacho	fɨnaʃu	fenaʃu	f[ɨ]naʃu	f[e]naʃu	0
fenasco	fɨnaʃku	fenaʃku	f[ɨ]naʃku	f[e]naʃku	0
fenecente	fɨnɨsẽtɨ	fenɨsẽntɨ	f[ɨ]nɨsẽtɨ[]	f[e]nɨsẽnt[ɨ]	0
fenecer	fɨnɨser	fenɨser	f[ɨ]nɨser	f[e]nɨser	0
fenecido	fɨnɨsidu	fenɨsidu	f[ɨ]nɨsidu	f[e]nɨsidu	0
fenecimento	fɨnɨsimẽtu	fenɨsimẽntu	f[ɨ]nɨsimẽtu[]	f[e]nɨsimẽnt[u]	0
feneco	fɨnɛku	fenɛku	f[ɨ]nɛku	f[e]nɛku	0
feneiro	fɨnɐjru	fenɐjru	f[ɨ]nɐjru	f[e]nɐjru	0
fenestração	fɨnɨʃtrɐsɐ̃w̃	fenɨʃtrɐsɐ̃w̃	f[ɨ]nɨʃtrɐsɐ̃w̃	f[e]nɨʃtrɐsɐ̃w̃	0
fenestrado	fɨnɨʃtradu	fenɨʃtradu	f[ɨ]nɨʃtradu	f[e]nɨʃtradu	0
fenestragem	fɨnɨʃtraʒɐ̃j̃	fenɨʃtraʒɐjn	f[ɨ]nɨʃtraʒɐ[̃]j[̃]	f[e]nɨʃtraʒɐ[]j[n]	0
fenestral	fɨnɨʃtraɫ	fenɨʃtraɫ	f[ɨ]nɨʃtraɫ	f[e]nɨʃtraɫ	0
fenestrar	fɨnɨʃtrar	fenɨʃtrar	f[ɨ]nɨʃtrar	f[e]nɨʃtrar	0
fenética	fɨnɛtikɐ	fenɛtikɐ	f[ɨ]nɛtikɐ	f[e]nɛtikɐ	0
fenético	fɨnɛtiku	fenɛtiku	f[ɨ]nɛtiku	f[e]nɛtiku	0
fenianismo	fɨnjɐniʒmu	feniɐniʒmu	f[ɨ]n[j]ɐniʒmu	f[e]n[i]ɐniʒmu	0
feniano	fɨnjɐnu	feniɐ̃nu	f[ɨ]n[j]ɐ[]nu	f[e]n[i]ɐ[̃]nu	0
fenicado	fɨnikadu	fenikadu	f[ɨ]nikadu	f[e]nikadu	0
fenício	fɨnisju	fenisju	f[ɨ]nisju	f[e]nisju	0
fenícios	fɨnisjuʃ	fenisɪuʃ	f[ɨ]nis[j]uʃ	f[e]nis[ɪ]uʃ	0
fenicoptérida	fɨnikɔptɛridɐ	fenikuptɛridɐ	f[ɨ]nik[ɔ]ptɛridɐ	f[e]nik[u]ptɛridɐ	0
fenicoptéridas	fɨnikɔptɛridɐʃ	fenikuptɛridɐʃ	f[ɨ]nik[ɔ]ptɛridɐʃ	f[e]nik[u]ptɛridɐʃ	0
fenicopterídeo	fɨnikɔptɨridju	fenikuptɨridiw	f[ɨ]nik[ɔ]ptɨridj[u]	f[e]nik[u]ptɨridi[w]	0
fenicopterídeos	fɨnikɔptɨridjuʃ	fenikuptɨridiwʃ	f[ɨ]nik[ɔ]ptɨridj[u]ʃ	f[e]nik[u]ptɨridi[w]ʃ	0
fenígeno	fɨniʒɨnu	feniʒɨnu	f[ɨ]niʒɨnu	f[e]niʒɨnu	0
fenila	fɨnilɐ	fenilɐ	f[ɨ]nilɐ	f[e]nilɐ	0
fenilalanina	fɨnilɐlɐninɐ	fenilɐlɐninɐ	f[ɨ]nilɐlɐninɐ	f[e]nilɐlɐninɐ	0
fenilcetonuria	fɨniɫsɨtunuriɐ	feniɫsetunuriɐ	f[ɨ]niɫs[ɨ]tunuriɐ	f[e]niɫs[e]tunuriɐ	0
fenilcetonúria	fɨniɫsɨtunurjɐ	feniɫsetunurjɐ	f[ɨ]niɫs[ɨ]tunurjɐ	f[e]niɫs[e]tunurjɐ	0
fenilcetonúrico	fɨniɫsɨtunuriku	feniɫsetunuriku	f[ɨ]niɫs[ɨ]tunuriku	f[e]niɫs[e]tunuriku	0
fenilo	fɨnilu	fenilu	f[ɨ]nilu	f[e]nilu	0
feninha	fɨniɲɐ	feniɲɐ	f[ɨ]niɲɐ	f[e]niɲɐ	0
fenolftaleína	fɨnɔɫftɐlɐinɐ	fenuɫftɐlɨinɐ	f[ɨ]n[ɔ]ɫftɐl[ɐ]inɐ	f[e]n[u]ɫftɐl[ɨ]inɐ	0
fenólico	fɨnɔliku	fenɔliku	f[ɨ]nɔliku	f[e]nɔliku	0
fenologia	fɨnuluʒiɐ	fenuluʒiɐ	f[ɨ]nuluʒiɐ	f[e]nuluʒiɐ	0
fenológico	fɨnulɔʒiku	fenulɔʒiku	f[ɨ]nulɔʒiku	f[e]nulɔʒiku	0
fenolsulfônico	fɨnɔɫsuɫfoniku	fenuɫsuɫfoniku	f[ɨ]n[ɔ]ɫsuɫfoniku	f[e]n[u]ɫsuɫfoniku	0
fenolsulfónico	fɨnɔɫsuɫfɔniku	fenuɫsuɫfɔniku	f[ɨ]n[ɔ]ɫsuɫfɔniku	f[e]n[u]ɫsuɫfɔniku	0
fenomenal	fɨnumɨnaɫ	fenumɨnaɫ	f[ɨ]numɨnaɫ	f[e]numɨnaɫ	0
fenomenalidade	fɨnumɨnɐlidadɨ	fenumenɐlidadɨ	f[ɨ]num[ɨ]nɐlidadɨ	f[e]num[e]nɐlidadɨ	0
fenomenalização	fɨnumɨnɐlizɐsɐ̃w̃	fenumenɐlizɐsɐ̃w̃	f[ɨ]num[ɨ]nɐlizɐsɐ̃w̃	f[e]num[e]nɐlizɐsɐ̃w̃	0
fenomenalizar	fɨnumɨnɐlizar	fenumenɐlizar	f[ɨ]num[ɨ]nɐlizar	f[e]num[e]nɐlizar	0
fenomenalizável	fɨnumɨnɐlizavɛɫ	fenumenɐlizavɛɫ	f[ɨ]num[ɨ]nɐlizavɛɫ	f[e]num[e]nɐlizavɛɫ	0
fenomênico	fɨnumeniku	fenumeniku	f[ɨ]numeniku	f[e]numeniku	0
fenoménico	fɨnumɛniku	fenumɛniku	f[ɨ]numɛniku	f[e]numɛniku	0
fenomenismo	fɨnumɨniʒmu	fenumɨniʒmu	f[ɨ]numɨniʒmu	f[e]numɨniʒmu	0
fenomenista	fɨnumɨniʃtɐ	fenumɨniʃtɐ	f[ɨ]numɨniʃtɐ	f[e]numɨniʃtɐ	0
fenomenístico	fɨnumɨniʃtiku	fenumɨniʃtiku	f[ɨ]numɨniʃtiku	f[e]numɨniʃtiku	0
fenômeno	fɨnomɨnu	fenomɨnu	f[ɨ]nomɨnu	f[e]nomɨnu	0
fenómeno	fɨnɔmɨnu	fenɔmɨnu	f[ɨ]nɔmɨnu	f[e]nɔmɨnu	0
fenomenologia	fɨnumɨnuluʒiɐ	fenumenuluʒiɐ	f[ɨ]num[ɨ]nuluʒiɐ	f[e]num[e]nuluʒiɐ	0
fenomenológico	fɨnumɨnulɔʒiku	fenumenulɔʒiku	f[ɨ]num[ɨ]nulɔʒiku	f[e]num[e]nulɔʒiku	0
fenomenologista	fɨnumɨnuluʒiʃtɐ	fenumenuluʒiʃtɐ	f[ɨ]num[ɨ]nuluʒiʃtɐ	f[e]num[e]nuluʒiʃtɐ	0
fenomenólogo	fɨnumɨnɔluɡu	fenumɨnɔluɡu	f[ɨ]numɨnɔluɡu	f[e]numɨnɔluɡu	0
feracidade	fɨrɐsidadɨ	ferɐsidadɨ	f[ɨ]rɐsidadɨ	f[e]rɐsidadɨ	0
feracíssimo	fɨrɐsisimu	ferɐsisimu	f[ɨ]rɐsisimu	f[e]rɐsisimu	0
feramina	fɨrɐminɐ	ferɐminɐ	f[ɨ]rɐminɐ	f[e]rɐminɐ	0
ferberita	fɨrbɨritɐ	ferbɨritɐ	f[ɨ]rbɨritɐ	f[e]rbɨritɐ	0
ferberite	fɨrbɨritɨ	ferbɨritɨ	f[ɨ]rbɨritɨ	f[e]rbɨritɨ	0
ferecrácio	fɨrɨkrasju	ferɛkrasju	f[ɨ]r[ɨ]krasju	f[e]r[ɛ]krasju	0
fereza	fɨrezɐ	ferezɐ	f[ɨ]rezɐ	f[e]rezɐ	0
ferferir	fɨrfɨrir	ferfɨrir	f[ɨ]rfɨrir	f[e]rfɨrir	0
feriado	fɨrjadu	feriadu	f[ɨ]r[j]adu	f[e]r[i]adu	0
ferial	fɨrjaɫ	feriaɫ	f[ɨ]r[j]aɫ	f[e]r[i]aɫ	0
feriar	fɨrjar	feriar	f[ɨ]r[j]ar	f[e]r[i]ar	0
feriável	fɨrjavɛɫ	feriavɛɫ	f[ɨ]r[j]avɛɫ	f[e]r[i]avɛɫ	0
feridade	fɨridadɨ	feridadɨ	f[ɨ]ridadɨ	f[e]ridadɨ	0
ferida	fɨridɐ	feridɐ	f[ɨ]ridɐ	f[e]ridɐ	0
ferido	fɨridu	feridu	f[ɨ]ridu	f[e]ridu	0
feridor	fɨridor	feridor	f[ɨ]ridor	f[e]ridor	0
ferifolha	fɨrifoʎɐ	ferifoʎɐ	f[ɨ]rifoʎɐ	f[e]rifoʎɐ	0
ferimento	fɨrimẽtu	ferimẽntu	f[ɨ]rimẽtu[]	f[e]rimẽnt[u]	0
ferino	fɨrinu	ferinu	f[ɨ]rinu	f[e]rinu	0
fermentação	fɨrmẽtɐsɐ̃w̃	fermẽntɐsɐ̃w̃	f[ɨ]rmẽtɐ[s]ɐ̃[w]̃[]	f[e]rmẽn[t]ɐs[ɐ]̃w[̃]	0
fermentáceo	fɨrmẽtasju	fermẽntasiw	f[ɨ]rmẽtasju[]	f[e]rmẽntasi[w]	0
fermentador	fɨrmẽtɐdor	fermẽntɐdor	f[ɨ]rmẽtɐdor[]	f[e]rmẽntɐdo[r]	0
fermentante	fɨrmẽtɐ̃tɨ	fermẽntɐ̃ntɨ	f[ɨ]rmẽtɐ[̃]tɨ[]	f[e]rmẽn[]tɐ̃nt[ɨ]	0
fermentar	fɨrmẽtar	fermẽntar	f[ɨ]rmẽtar[]	f[e]rmẽnta[r]	0
fermentativo	fɨrmẽtɐtivu	fermẽntɐtivu	f[ɨ]rmẽt[ɐ]tivu[]	f[e]rmẽ[n]tɐtiv[u]	0
fermentável	fɨrmẽtavɛɫ	fermẽntavɛɫ	f[ɨ]rmẽtavɛɫ[]	f[e]rmẽntavɛ[ɫ]	0
fermentescente	fɨrmẽtɨʃsẽtɨ	fermẽntɨʃsẽntɨ	f[ɨ]rmẽtɨʃsẽtɨ[]	f[e]rmẽntɨʃsẽnt[ɨ]	0
fermentescibilidade	fɨrmẽtɨʃsibilidadɨ	fermẽnteʃsibilidadɨ	f[ɨ]rmẽtɨʃsi[b]i[l]id[a]dɨ[]	f[e]rmẽnteʃ[s]i[b]il[i]dad[ɨ]	0
fermentescível	fɨrmẽtɨʃsivɛɫ	fermẽntɨʃsivɛɫ	f[ɨ]rmẽtɨʃsivɛɫ[]	f[e]rmẽntɨʃsivɛ[ɫ]	0
fermento	fɨrmẽtu	fermẽntu	f[ɨ]rmẽtu[]	f[e]rmẽnt[u]	0
fermentoso	fɨrmẽtozu	fermẽntozu	f[ɨ]rmẽtozu[]	f[e]rmẽntoz[u]	0
fermião	fɨrmjɐ̃w̃	fermiɐ̃w̃	f[ɨ]rm[j]ɐ̃w̃	f[e]rm[i]ɐ̃w̃	0
fernandino	fɨrnɐ̃dinu	fernɐ̃ndinu	f[ɨ]rnɐ̃[]dinu	f[e]rnɐ̃[n]dinu	0
ferócia	fɨrɔsjɐ	ferɔsjɐ	f[ɨ]rɔsjɐ	f[e]rɔsjɐ	0
ferocidade	fɨrusidadɨ	ferusidadɨ	f[ɨ]rusidadɨ	f[e]rusidadɨ	0
ferocíssimo	fɨrusisimu	ferusisimu	f[ɨ]rusisimu	f[e]rusisimu	0
feromona	fɨrɔmonɐ	ferumonɐ	f[ɨ]r[ɔ]monɐ	f[e]r[u]monɐ	0
ferraça	fɨʀasɐ	feʀasɐ	f[ɨ]ʀasɐ	f[e]ʀasɐ	0
ferração	fɨʀɐsɐ̃w̃	feʀɐsɐ̃w̃	f[ɨ]ʀɐsɐ̃w̃	f[e]ʀɐsɐ̃w̃	0
ferrada	fɨʀadɐ	feʀadɐ	f[ɨ]ʀadɐ	f[e]ʀadɐ	0
ferradela	fɨʀɐdɛlɐ	feʀɐdɛlɐ	f[ɨ]ʀɐdɛlɐ	f[e]ʀɐdɛlɐ	0
ferrador	fɨʀɐdor	feʀɐdor	f[ɨ]ʀɐdor	f[e]ʀɐdor	0
ferradoria	fɨʀɐduriɐ	feʀɐduriɐ	f[ɨ]ʀɐduriɐ	f[e]ʀɐduriɐ	0
ferradura	fɨʀɐdurɐ	feʀɐdurɐ	f[ɨ]ʀɐdurɐ	f[e]ʀɐdurɐ	0
ferradurina	fɨʀɐdurinɐ	feʀɐdurinɐ	f[ɨ]ʀɐdurinɐ	f[e]ʀɐdurinɐ	0
ferrageiro	fɨʀɐʒɐjru	feʀɐʒɐjru	f[ɨ]ʀɐʒɐjru	f[e]ʀɐʒɐjru	0
ferragem	fɨʀaʒɐ̃j̃	feʀaʒɐjn	f[ɨ]ʀaʒɐ[̃]j[̃]	f[e]ʀaʒɐ[]j[n]	0
ferragial	fɨʀɐʒjaɫ	feʀɐʒiaɫ	f[ɨ]ʀɐʒ[j]aɫ	f[e]ʀɐʒ[i]aɫ	0
ferragista	fɨʀɐʒiʃtɐ	feʀɐʒiʃtɐ	f[ɨ]ʀɐʒiʃtɐ	f[e]ʀɐʒiʃtɐ	0
ferragoilo	fɨʀɐɡojlu	feʀɐɡojlu	f[ɨ]ʀɐɡojlu	f[e]ʀɐɡojlu	0
ferragoulo	fɨʀɐɡowlu	feʀɐɡowlu	f[ɨ]ʀɐɡowlu	f[e]ʀɐɡowlu	0
ferraguso	fɨʀɐɡuzu	feʀɐɡuzu	f[ɨ]ʀɐɡuzu	f[e]ʀɐɡuzu	0
ferrajaria	fɨʀɐʒɐriɐ	feʀɐʒɐriɐ	f[ɨ]ʀɐʒɐriɐ	f[e]ʀɐʒɐriɐ	0
ferramenteiro	fɨʀɐmẽtɐjru	feʀɐmẽntɐjru	f[ɨ]ʀɐmẽtɐjru[]	f[e]ʀɐmẽntɐjr[u]	0
ferranchão	fɨʀɐ̃ʃɐ̃w̃	feʀɐ̃nʃɐ̃w̃	f[ɨ]ʀɐ̃[]ʃɐ̃w̃	f[e]ʀɐ̃[n]ʃɐ̃w̃	0
ferrancho	fɨʀɐ̃ʃu	feʀɐ̃nʃu	f[ɨ]ʀɐ̃[]ʃu	f[e]ʀɐ̃[n]ʃu	0
ferranha	fɨʀɐɲɐ	feʀɐ̃ɲɐ	f[ɨ]ʀɐ[]ɲɐ	f[e]ʀɐ[̃]ɲɐ	0
ferranho	fɨʀɐɲu	feʀɐ̃ɲu	f[ɨ]ʀɐ[]ɲu	f[e]ʀɐ[̃]ɲu	0
ferraria	fɨʀɐriɐ	feʀɐriɐ	f[ɨ]ʀɐriɐ	f[e]ʀɐriɐ	0
ferrato	fɨʀatu	feʀatu	f[ɨ]ʀatu	f[e]ʀatu	0
ferregial	fɨʀɨʒjaɫ	feʀɨʒiaɫ	f[ɨ]ʀɨʒ[j]aɫ	f[e]ʀɨʒ[i]aɫ	0
ferreira	fɨʀɐjrɐ	feʀɐjrɐ	f[ɨ]ʀɐjrɐ	f[e]ʀɐjrɐ	0
ferreirinha	fɨʀɐjriɲɐ	feʀɐjriɲɐ	f[ɨ]ʀɐjriɲɐ	f[e]ʀɐjriɲɐ	0
ferreirinho	fɨʀɐjriɲu	feʀɐjriɲu	f[ɨ]ʀɐjriɲu	f[e]ʀɐjriɲu	0
ferreiro	fɨʀɐjru	feʀɐjru	f[ɨ]ʀɐjru	f[e]ʀɐjru	0
ferrejar	fɨʀɨʒar	feʀɨʒar	f[ɨ]ʀɨʒar	f[e]ʀɨʒar	0
ferrejo	fɨʀɐjʒu	feʀeʒu	f[ɨ]ʀɐ[j]ʒu	f[e]ʀe[]ʒu	0
ferrelectricidade	fɨʀilɛktrisidadɨ	feʀɨlɛtrisidadɨ	f[ɨ]ʀ[i]lɛ[k]trisidadɨ	f[e]ʀ[ɨ]lɛ[]trisidadɨ	0
ferreletricidade	fɨʀilɛtrisidadɨ	feʀɨletrisidadɨ	f[ɨ]ʀ[i]l[ɛ]trisidadɨ	f[e]ʀ[ɨ]l[e]trisidadɨ	0
ferrelha	fɨʀɐjʎɐ	feʀeʎɐ	f[ɨ]ʀɐ[j]ʎɐ	f[e]ʀe[]ʎɐ	0
ferrenho	fɨʀɐjɲu	feʀeɲu	f[ɨ]ʀɐ[j]ɲu	f[e]ʀe[]ɲu	0
ferreta	fɨʀetɐ	feʀɛtɐ	f[ɨ]ʀ[e]tɐ	f[e]ʀ[ɛ]tɐ	0
ferretar	fɨʀɨtar	feʀɨtar	f[ɨ]ʀɨtar	f[e]ʀɨtar	0
ferreteamento	fɨʀɨtjɐmẽtu	feʀɨtiɐmẽntu	f[ɨ]ʀɨt[j]ɐmẽtu[]	f[e]ʀɨt[i]ɐmẽnt[u]	0
ferretear	fɨʀɨtjar	feʀɨtiar	f[ɨ]ʀɨt[j]ar	f[e]ʀɨt[i]ar	0
ferrete	fɨʀetɨ	feʀetɨ	f[ɨ]ʀetɨ	f[e]ʀetɨ	0
ferretoada	fɨʀɨtwadɐ	feʀɨtuadɐ	f[ɨ]ʀɨt[w]adɐ	f[e]ʀɨt[u]adɐ	0
ferretoar	fɨʀɨtwar	feʀɨtuar	f[ɨ]ʀɨt[w]ar	f[e]ʀɨt[u]ar	0
ferrífero	fɨʀifɨʀru	feʀifɨru	f[ɨ]ʀifɨ[ʀ]ru	f[e]ʀifɨ[]ru	0
ferrificação	fɨʀifikɐsɐ̃w̃	feʀifikɐsɐ̃w̃	f[ɨ]ʀifikɐsɐ̃w̃	f[e]ʀifikɐsɐ̃w̃	0
ferrimagnetismo	fɨʀimaɡnɨtiʒmu	feʀimɐɡnɨtiʒmu	f[ɨ]ʀim[a]ɡnɨtiʒmu	f[e]ʀim[ɐ]ɡnɨtiʒmu	0
ferrite	fɨʀitɨ	feʀitɨ	f[ɨ]ʀitɨ	f[e]ʀitɨ	0
ferrítico	fɨʀitiku	feʀitiku	f[ɨ]ʀitiku	f[e]ʀitiku	0
ferroada	fɨʀwadɐ	feʀuadɐ	f[ɨ]ʀ[w]adɐ	f[e]ʀ[u]adɐ	0
ferroadela	fɨʀwɐdɛlɐ	feʀuɐdɛlɐ	f[ɨ]ʀ[w]ɐdɛlɐ	f[e]ʀ[u]ɐdɛlɐ	0
ferroar	fɨʀwar	feʀuar	f[ɨ]ʀ[w]ar	f[e]ʀ[u]ar	0
ferroelectricidade	fɨʀɔilɛtrisidadɨ	feʀuelɛtrisidadɨ	f[ɨ]ʀɔ[i]lɛtrisidadɨ	f[e]ʀu[e]lɛtrisidadɨ	0
ferroeletricidade	fɨʀɔilɛtrisidadɨ	feʀuelɨtrisidadɨ	f[ɨ]ʀɔ[i]l[ɛ]trisidadɨ	f[e]ʀu[e]l[ɨ]trisidadɨ	0
ferrolhar	fɨʀuʎar	feʀuʎar	f[ɨ]ʀuʎar	f[e]ʀuʎar	0
ferrolho	fɨʀoʎu	feʀoʎu	f[ɨ]ʀoʎu	f[e]ʀoʎu	0
ferropear	fɨʀupjar	feʀupiar	f[ɨ]ʀup[j]ar	f[e]ʀup[i]ar	0
ferropeia	fɨʀupɐjɐ	feʀupejɐ	f[ɨ]ʀup[ɐ]jɐ	f[e]ʀup[e]jɐ	0
ferropéia	fɨʀupɐjɐ	feʀupɛjɐ	f[ɨ]ʀup[ɐ]jɐ	f[e]ʀup[ɛ]jɐ	0
ferroso	fɨʀozu	feʀozu	f[ɨ]ʀozu	f[e]ʀozu	0
ferrovial	fɨʀuvjaɫ	feʀuviaɫ	f[ɨ]ʀuv[j]aɫ	f[e]ʀuv[i]aɫ	0
ferrugem	fɨʀuʒɐ̃j̃	feʀuʒɐjn	f[ɨ]ʀuʒɐ[̃]j[̃]	f[e]ʀuʒɐ[]j[n]	0
ferrugenta	fɨʀuʒẽtɐ	feʀuʒẽntɐ	f[ɨ]ʀuʒẽtɐ[]	f[e]ʀuʒẽnt[ɐ]	0
ferrugento	fɨʀuʒẽtu	feʀuʒẽntu	f[ɨ]ʀuʒẽtu[]	f[e]ʀuʒẽnt[u]	0
ferrugíneo	fɨʀuʒinju	feʀuʒiniw	f[ɨ]ʀuʒinj[u]	f[e]ʀuʒini[w]	0
ferruginosidade	fɨʀuʒinuzidadɨ	feʀuʒinuzidadɨ	f[ɨ]ʀuʒinuzidadɨ	f[e]ʀuʒinuzidadɨ	0
ferruginoso	fɨʀuʒinozu	feʀuʒinozu	f[ɨ]ʀuʒinozu	f[e]ʀuʒinozu	0
ferruncho	fɨʀũʃu	feʀũnʃu	f[ɨ]ʀũʃu[]	f[e]ʀũnʃ[u]	0
ferrusco	fɨʀuʃku	feʀuʃku	f[ɨ]ʀuʃku	f[e]ʀuʃku	0
fertilidade	fɨrtɨlidadɨ	fertilidadɨ	f[ɨ]rt[ɨ]lidadɨ	f[e]rt[i]lidadɨ	0
fertilização	fɨrtɨlizɐsɐ̃w̃	fertilizɐsɐ̃w̃	f[ɨ]rt[ɨ]lizɐsɐ̃w̃	f[e]rt[i]lizɐsɐ̃w̃	0
fertilizador	fɨrtɨlizɐdor	fertilizɐdor	f[ɨ]rt[ɨ]lizɐdor	f[e]rt[i]lizɐdor	0
fertilizante	fɨrtɨlizɐ̃tɨ	fertilizɐ̃ntɨ	f[ɨ]rt[ɨ]lizɐ̃[]tɨ	f[e]rt[i]lizɐ̃[n]tɨ	0
fertilizar	fɨrtɨlizar	fertilizar	f[ɨ]rt[ɨ]lizar	f[e]rt[i]lizar	0
fertilizável	fɨrtɨlizavɛɫ	fertilizavɛɫ	f[ɨ]rt[ɨ]lizavɛɫ	f[e]rt[i]lizavɛɫ	0
feruláceo	fɨrulasju	ferulasiw	f[ɨ]rulasj[u]	f[e]rulasi[w]	0
fervedoiro	fɨrvɨdojru	fervɨdojru	f[ɨ]rvɨdojru	f[e]rvɨdojru	0
fervedor	fɨrvɨdor	fervɨdor	f[ɨ]rvɨdor	f[e]rvɨdor	0
fervedouro	fɨrvɨdowru	fervɨdowru	f[ɨ]rvɨdowru	f[e]rvɨdowru	0
fervedura	fɨrvɨdurɐ	fervɨdurɐ	f[ɨ]rvɨdurɐ	f[e]rvɨdurɐ	0
fervelhar	fɨrvɨʎar	fervɨʎar	f[ɨ]rvɨʎar	f[e]rvɨʎar	0
fervelho	fɨrvɐjʎu	ferveʎu	f[ɨ]rvɐ[j]ʎu	f[e]rve[]ʎu	0
fervença	fɨrvẽsɐ	fervẽnsɐ	f[ɨ]rvẽsɐ[]	f[e]rvẽns[ɐ]	0
fervência	fɨrvẽsjɐ	fervẽnsjɐ	f[ɨ]rvẽsjɐ[]	f[e]rvẽnsj[ɐ]	0
ferventar	fɨrvẽtar	fervẽntar	f[ɨ]rvẽtar[]	f[e]rvẽnta[r]	0
fervente	fɨrvẽtɨ	fervẽntɨ	f[ɨ]rvẽtɨ[]	f[e]rvẽnt[ɨ]	0
fervescente	fɨrvɨʃsẽtɨ	fervɨʃsẽntɨ	f[ɨ]rvɨʃsẽtɨ[]	f[e]rvɨʃsẽnt[ɨ]	0
fervida	fɨrvidɐ	fervidɐ	f[ɨ]rvidɐ	f[e]rvidɐ	0
fervido	fɨrvidu	fervidu	f[ɨ]rvidu	f[e]rvidu	0
fervilhação	fɨrviʎɐsɐ̃w̃	ferviʎɐsɐ̃w̃	f[ɨ]rviʎɐsɐ̃w̃	f[e]rviʎɐsɐ̃w̃	0
fervilha	fɨrviʎɐ	ferviʎɐ	f[ɨ]rviʎɐ	f[e]rviʎɐ	0
fervilhamento	fɨrviʎɐmẽtu	ferviʎɐmẽntu	f[ɨ]rviʎɐmẽtu[]	f[e]rviʎɐmẽnt[u]	0
fervilhar	fɨrviʎar	ferviʎar	f[ɨ]rviʎar	f[e]rviʎar	0
fervilheiro	fɨrviʎɐjru	ferviʎɐjru	f[ɨ]rviʎɐjru	f[e]rviʎɐjru	0
fervorar	fɨrvurar	fervurar	f[ɨ]rvurar	f[e]rvurar	0
fervoroso	fɨrvurozu	fervurozu	f[ɨ]rvurozu	f[e]rvurozu	0
fervura	fɨrvurɐ	fervurɐ	f[ɨ]rvurɐ	f[e]rvurɐ	0
fesceninas	fɨʃsɨninɐʃ	feʃsɨninɐʃ	f[ɨ]ʃsɨninɐʃ	f[e]ʃsɨninɐʃ	0
fescenino	fɨʃsɨninu	feʃsɨninu	f[ɨ]ʃsɨninu	f[e]ʃsɨninu	0
festada	fɨʃtadɐ	feʃtadɐ	f[ɨ]ʃtadɐ	f[e]ʃtadɐ	0
festança	fɨʃtɐ̃sɐ	feʃtɐ̃nsɐ	f[ɨ]ʃtɐ̃[]sɐ	f[e]ʃtɐ̃[n]sɐ	0
festarola	fɨʃtɐrɔlɐ	feʃtɐrɔlɐ	f[ɨ]ʃtɐrɔlɐ	f[e]ʃtɐrɔlɐ	0
festejado	fɨʃtɨʒadu	feʃtɨʒadu	f[ɨ]ʃtɨʒadu	f[e]ʃtɨʒadu	0
festejador	fɨʃtɨʒɐdor	feʃtɨʒɐdor	f[ɨ]ʃtɨʒɐdor	f[e]ʃtɨʒɐdor	0
festejar	fɨʃtɨʒar	feʃtɨʒar	f[ɨ]ʃtɨʒar	f[e]ʃtɨʒar	0
festejável	fɨʃtɨʒavɛɫ	feʃtɨʒavɛɫ	f[ɨ]ʃtɨʒavɛɫ	f[e]ʃtɨʒavɛɫ	0
festejo	fɨʃtɐjʒu	feʃteʒu	f[ɨ]ʃtɐ[j]ʒu	f[e]ʃte[]ʒu	0
festinação	fɨʃtinɐsɐ̃w̃	feʃtinɐsɐ̃w̃	f[ɨ]ʃtinɐsɐ̃w̃	f[e]ʃtinɐsɐ̃w̃	0
festinha	fɨʃtiɲɐ	feʃtiɲɐ	f[ɨ]ʃtiɲɐ	f[e]ʃtiɲɐ	0
festivaleiro	fɨʃtivɐlɐjru	feʃtivɐlɐjru	f[ɨ]ʃtivɐlɐjru	f[e]ʃtivɐlɐjru	0
festival	fɨʃtivaɫ	feʃtivaɫ	f[ɨ]ʃtivaɫ	f[e]ʃtivaɫ	0
festividade	fɨʃtividadɨ	feʃtividadɨ	f[ɨ]ʃtividadɨ	f[e]ʃtividadɨ	0
festivo	fɨʃtivu	feʃtivu	f[ɨ]ʃtivu	f[e]ʃtivu	0
festoar	fɨʃtwar	feʃtuar	f[ɨ]ʃt[w]ar	f[e]ʃt[u]ar	0
festonadas	fɨʃtunadɐʃ	feʃtunadɐʃ	f[ɨ]ʃtunadɐʃ	f[e]ʃtunadɐʃ	0
festonar	fɨʃtunar	feʃtunar	f[ɨ]ʃtunar	f[e]ʃtunar	0
festuca	fɨʃtukɐ	feʃtukɐ	f[ɨ]ʃtukɐ	f[e]ʃtukɐ	0
festúceas	fɨʃtusjɐʃ	feʃtusiɐʃ	f[ɨ]ʃtus[j]ɐʃ	f[e]ʃtus[i]ɐʃ	0
fetação	fɨtɐsɐ̃w̃	fetɐsɐ̃w̃	f[ɨ]tɐsɐ̃w̃	f[e]tɐsɐ̃w̃	0
fetáceo	fɨtasju	fetasiw	f[ɨ]tasj[u]	f[e]tasi[w]	0
fevereiro	fɨvɨrɐjru	fevɨrɐjru	f[ɨ]vɨrɐjru	f[e]vɨrɐjru	0
fevereiro	fɨvɨrɐjru	fevɨrɐjru	f[ɨ]vɨrɐjru	f[e]vɨrɐjru	0
fevroso	fɨvrozu	fevrozu	f[ɨ]vrozu	f[e]vrozu	0
finissecular	finisɨkular	finisekular	finis[ɨ]kular	finis[e]kular	0
flamejamento	flɐmɨʒɐmẽtu	flɐmeʒɐmẽntu	flɐm[ɨ]ʒɐmẽtu[]	flɐm[e]ʒɐmẽnt[u]	0
flebite	flɨbitɨ	flebitɨ	fl[ɨ]bitɨ	fl[e]bitɨ	0
flecê	flese	flɨse	fl[e]se	fl[ɨ]se	0
flertar	flertar	flɨrtar	fl[e]rtar	fl[ɨ]rtar	0
flor-seráfica	florsɨrafikɐ	florserafikɐ	flors[ɨ]rafikɐ	flors[e]rafikɐ	0
fortalecedor	furtɐlɨsɨdor	furtɐlesɨdor	furtɐl[ɨ]sɨdor	furtɐl[e]sɨdor	0
fortalecimento	furtɐlɨsimẽtu	furtɐlesimẽntu	furtɐl[ɨ]simẽtu[]	furtɐl[e]simẽnt[u]	0
fregona	frɨɡonɐ	freɡonɐ	fr[ɨ]ɡonɐ	fr[e]ɡonɐ	0
fremebundo	frɨmɨbũdu	fremɨbũndu	fr[ɨ]mɨbũdu[]	fr[e]mɨbũnd[u]	0
fremência	frɨmẽsjɐ	fremẽnsjɐ	fr[ɨ]mẽsjɐ[]	fr[e]mẽnsj[ɐ]	0
fremente	frɨmẽtɨ	fremẽntɨ	fr[ɨ]mẽtɨ[]	fr[e]mẽnt[ɨ]	0
frenação	frɨnɐsɐ̃w̃	frenɐsɐ̃w̃	fr[ɨ]nɐsɐ̃w̃	fr[e]nɐsɐ̃w̃	0
frenagem	frɨnaʒɐ̃j̃	frenaʒɐjn	fr[ɨ]naʒɐ[̃]j[̃]	fr[e]naʒɐ[]j[n]	0
frenesiar	frɨnɨzjar	frenɨziar	fr[ɨ]nɨz[j]ar	fr[e]nɨz[i]ar	0
frenesi	frɨnɨzi	frenɨzi	fr[ɨ]nɨzi	fr[e]nɨzi	0
frenesim	frɨnɨzĩ	frenɨzĩn	fr[ɨ]nɨzĩ[]	fr[e]nɨzĩ[n]	0
frenético	frɨnɛtiku	frenɛtiku	fr[ɨ]nɛtiku	fr[e]nɛtiku	0
frenite	frɨnitɨ	frenitɨ	fr[ɨ]nitɨ	fr[e]nitɨ	0
frenologia	frɨnuluʒiɐ	frenuluʒiɐ	fr[ɨ]nuluʒiɐ	fr[e]nuluʒiɐ	0
frenológico	frɨnulɔʒiku	frenulɔʒiku	fr[ɨ]nulɔʒiku	fr[e]nulɔʒiku	0
frenologismo	frɨnuluʒiʒmu	frenuluʒiʒmu	fr[ɨ]nuluʒiʒmu	fr[e]nuluʒiʒmu	0
frenologista	frɨnuluʒiʃtɐ	frenuluʒiʃtɐ	fr[ɨ]nuluʒiʃtɐ	fr[e]nuluʒiʃtɐ	0
frenólogo	frɨnɔluɡu	frenɔluɡu	fr[ɨ]nɔluɡu	fr[e]nɔluɡu	0
frenômetro	frɨnomɨtru	frenomɨtru	fr[ɨ]nomɨtru	fr[e]nomɨtru	0
frenómetro	frɨnɔmɨtru	frenɔmɨtru	fr[ɨ]nɔmɨtru	fr[e]nɔmɨtru	0
frequência	frɨkwẽsjɐ	frekwẽnsjɐ	fr[ɨ]kwẽsjɐ[]	fr[e]kwẽnsj[ɐ]	0
freqüência	frɨkwẽsjɐ	frekwẽnsjɐ	fr[ɨ]kwẽsjɐ[]	fr[e]kwẽnsj[ɐ]	0
frequencímetro	frɨkwẽsimɨtru	frekẽnsimɨtru	fr[ɨ]kwẽ[]simɨtru	fr[e]kẽ[n]simɨtru	0
freqüencímetro	frɨkwẽsimɨtru	frekwẽnsimɨtru	fr[ɨ]kwẽsimɨtru[]	fr[e]kwẽnsimɨtr[u]	0
frequentação	frɨkwẽtɐsɐ̃w̃	frekwẽntɐsɐ̃w̃	fr[ɨ]kwẽtɐ[s]ɐ̃[w]̃[]	fr[e]kwẽn[t]ɐs[ɐ]̃w[̃]	0
freqüentação	frɨkwẽtɐsɐ̃w̃	frekwẽntɐsɐ̃w̃	fr[ɨ]kwẽtɐ[s]ɐ̃[w]̃[]	fr[e]kwẽn[t]ɐs[ɐ]̃w[̃]	0
frequentado	frɨkwẽtadu	frekwẽntadu	fr[ɨ]kwẽtadu[]	fr[e]kwẽntad[u]	0
freqüentado	frɨkwẽtadu	frekwẽntadu	fr[ɨ]kwẽtadu[]	fr[e]kwẽntad[u]	0
frequentador	frɨkwẽtɐdor	frekwẽntɐdor	fr[ɨ]kwẽtɐdor[]	fr[e]kwẽntɐdo[r]	0
freqüentador	frɨkwẽtɐdor	frekwẽntɐdor	fr[ɨ]kwẽtɐdor[]	fr[e]kwẽntɐdo[r]	0
frequentar	frɨkwẽtar	frekwẽntar	fr[ɨ]kwẽtar[]	fr[e]kwẽnta[r]	0
freqüentar	frɨkwẽtar	frekwẽntar	fr[ɨ]kwẽtar[]	fr[e]kwẽnta[r]	0
frequentativo	frɨkwẽtɐtivu	frekwẽntɐtivu	fr[ɨ]kwẽt[ɐ]tivu[]	fr[e]kwẽ[n]tɐtiv[u]	0
freqüentativo	frɨkwẽtɐtivu	frekwẽntɐtivu	fr[ɨ]kwẽt[ɐ]tivu[]	fr[e]kwẽ[n]tɐtiv[u]	0
frequentável	frɨkwẽtavɛɫ	frekwẽntavɛɫ	fr[ɨ]kwẽtavɛɫ[]	fr[e]kwẽntavɛ[ɫ]	0
freqüentável	frɨkwẽtavɛɫ	frekwẽntavɛɫ	fr[ɨ]kwẽtavɛɫ[]	fr[e]kwẽntavɛ[ɫ]	0
frequente	frɨkwẽtɨ	frekwẽntɨ	fr[ɨ]kwẽtɨ[]	fr[e]kwẽnt[ɨ]	0
freqüente	frɨkwẽtɨ	frekwẽntɨ	fr[ɨ]kwẽtɨ[]	fr[e]kwẽnt[ɨ]	0
frequentemente	frɨkwẽtɨmẽtɨ	frekwẽntɨmẽntɨ	fr[ɨ]kwẽtɨmẽtɨ[]	fr[e]kwẽntɨmẽnt[ɨ]	0
freqüentemente	frɨkwẽtɨmẽtɨ	frekwẽntɨmẽntɨ	fr[ɨ]kwẽtɨmẽtɨ[]	fr[e]kwẽntɨmẽnt[ɨ]	0
fresadora	frɨzɐdorɐ	frezɐdorɐ	fr[ɨ]zɐdorɐ	fr[e]zɐdorɐ	0
fresador	frɨzɐdor	frezɐdor	fr[ɨ]zɐdor	fr[e]zɐdor	0
fresagem	frɨzaʒɐ̃j̃	frezaʒɐjn	fr[ɨ]zaʒɐ[̃]j[̃]	fr[e]zaʒɐ[]j[n]	0
frescaço	frɨʃkasu	freʃkasu	fr[ɨ]ʃkasu	fr[e]ʃkasu	0
frescalhão	frɨʃkɐʎɐ̃w̃	freʃkɐʎɐ̃w̃	fr[ɨ]ʃkɐʎɐ̃w̃	fr[e]ʃkɐʎɐ̃w̃	0
frescalhote	frɨʃkɐʎɔtɨ	freʃkɐʎɔtɨ	fr[ɨ]ʃkɐʎɔtɨ	fr[e]ʃkɐʎɔtɨ	0
frescata	frɨʃkatɐ	freʃkatɐ	fr[ɨ]ʃkatɐ	fr[e]ʃkatɐ	0
frescura	frɨʃkurɐ	freʃkurɐ	fr[ɨ]ʃkurɐ	fr[e]ʃkurɐ	0
fresquidão	frɨʃkidɐ̃w̃	freʃkidɐ̃w̃	fr[ɨ]ʃkidɐ̃w̃	fr[e]ʃkidɐ̃w̃	0
fresquita	frɨʃkitɐ	freʃkitɐ	fr[ɨ]ʃkitɐ	fr[e]ʃkitɐ	0
fressura	frɨsurɐ	fresurɐ	fr[ɨ]surɐ	fr[e]surɐ	0
fressureiro	frɨsurɐjru	fresurɐjru	fr[ɨ]surɐjru	fr[e]surɐjru	0
frestado	frɨʃtadu	freʃtadu	fr[ɨ]ʃtadu	fr[e]ʃtadu	0
fretado	frɨtadu	fretadu	fr[ɨ]tadu	fr[e]tadu	0
fretador	frɨtɐdor	fretɐdor	fr[ɨ]tɐdor	fr[e]tɐdor	0
fretagem	fʀɨtaʒɐ̃j̃	fretaʒɐjn	fʀ[ɨ]taʒɐ[̃]j[̃]	fr[e]taʒɐ[]j[n]	0
fretamento	frɨtɐmẽtu	fretɐmẽntu	fr[ɨ]tɐmẽtu[]	fr[e]tɐmẽnt[u]	0
fretejador	frɨtɨʒɐdor	fretɨʒɐdor	fr[ɨ]tɨʒɐdor	fr[e]tɨʒɐdor	0
fretejar	fʀɨtɨʒar	fretɨʒar	fʀ[ɨ]tɨʒar	fr[e]tɨʒar	0
fretenir	frɨtɨnir	fretɨnir	fr[ɨ]tɨnir	fr[e]tɨnir	0
gametogênese	ɡɐmɨtɔʒenɨzɨ	ɡɐmetuʒenɨzɨ	ɡɐm[ɨ]t[ɔ]ʒenɨzɨ	ɡɐm[e]t[u]ʒenɨzɨ	0
gametogénese	ɡɐmɨtɔʒɛnɨzɨ	ɡɐmetuʒɛnɨzɨ	ɡɐm[ɨ]t[ɔ]ʒɛnɨzɨ	ɡɐm[e]t[u]ʒɛnɨzɨ	0
gargarejamento	ɡɐrɡɐrɨʒɐmẽtu	ɡɐrɡɐreʒɐmẽntu	ɡɐrɡɐr[ɨ]ʒɐmẽtu[]	ɡɐrɡɐr[e]ʒɐmẽnt[u]	0
gebada	ʒɨbadɐ	ʒebadɐ	ʒ[ɨ]badɐ	ʒ[e]badɐ	0
gebice	ʒɨbisɨ	ʒebisɨ	ʒ[ɨ]bisɨ	ʒ[e]bisɨ	0
geboso	ʒɨbozu	ʒebozu	ʒ[ɨ]bozu	ʒ[e]bozu	0
gebreira	ʒɨbrɐjrɐ	ʒebrɐjrɐ	ʒ[ɨ]brɐjrɐ	ʒ[e]brɐjrɐ	0
geconídeos	ʒɨkunidjuʃ	ʒekunidiwʃ	ʒ[ɨ]kunidj[u]ʃ	ʒ[e]kunidi[w]ʃ	0
geconídeo	ʒɨkunidju	ʒekunidiw	ʒ[ɨ]kunidj[u]	ʒ[e]kunidi[w]	0
gediniano	ʒɨdinjɐnu	ʒediniɐ̃nu	ʒ[ɨ]din[j]ɐ[]nu	ʒ[e]din[i]ɐ[̃]nu	0
gefíreos	ʒɨfirjuʃ	ʒefiriwʃ	ʒ[ɨ]firj[u]ʃ	ʒ[e]firi[w]ʃ	0
gefirinos	ʒɨfirinuʃ	ʒefirinuʃ	ʒ[ɨ]firinuʃ	ʒ[e]firinuʃ	0
gefirofobia	ʒɨfirɔfubiɐ	ʒefirufubiɐ	ʒ[ɨ]fir[ɔ]fubiɐ	ʒ[e]fir[u]fubiɐ	0
gefirofóbico	ʒɨfirɔfɔbiku	ʒefirufɔbiku	ʒ[ɨ]fir[ɔ]fɔbiku	ʒ[e]fir[u]fɔbiku	0
gefirófobo	ʒɨfirɔfubu	ʒefirɔfubu	ʒ[ɨ]firɔfubu	ʒ[e]firɔfubu	0
geladaria	ʒɨlɐdɐriɐ	ʒelɐdɐriɐ	ʒ[ɨ]lɐdɐriɐ	ʒ[e]lɐdɐriɐ	0
gelada	ʒɨladɐ	ʒeladɐ	ʒ[ɨ]ladɐ	ʒ[e]ladɐ	0
geladeira	ʒɨlɐdɐjrɐ	ʒelɐdɐjrɐ	ʒ[ɨ]lɐdɐjrɐ	ʒ[e]lɐdɐjrɐ	0
geladiço	ʒɨlɐdisu	ʒelɐdisu	ʒ[ɨ]lɐdisu	ʒ[e]lɐdisu	0
gelador	ʒɨlɐdor	ʒelɐdor	ʒ[ɨ]lɐdor	ʒ[e]lɐdor	0
gelado	ʒɨladu	ʒeladu	ʒ[ɨ]ladu	ʒ[e]ladu	0
geladura	ʒɨlɐdurɐ	ʒelɐdurɐ	ʒ[ɨ]lɐdurɐ	ʒ[e]lɐdurɐ	0
gelasina	ʒɨlɐzinɐ	ʒelɐzinɐ	ʒ[ɨ]lɐzinɐ	ʒ[e]lɐzinɐ	0
gelataria	ʒɨlɐtɐriɐ	ʒelɐtɐriɐ	ʒ[ɨ]lɐtɐriɐ	ʒ[e]lɐtɐriɐ	0
gelatinado	ʒɨlɐtinadu	ʒelɐtinadu	ʒ[ɨ]lɐtinadu	ʒ[e]lɐtinadu	0
gelatina	ʒɨlɐtinɐ	ʒelɐtinɐ	ʒ[ɨ]lɐtinɐ	ʒ[e]lɐtinɐ	0
gelatiniforme	ʒɨlɐtinifɔrmɨ	ʒelɐtinifɔrmɨ	ʒ[ɨ]lɐtinifɔrmɨ	ʒ[e]lɐtinifɔrmɨ	0
gelatinização	ʒɨlɐtinizɐsɐ̃w̃	ʒelɐtinizɐsɐ̃w̃	ʒ[ɨ]lɐtinizɐsɐ̃w̃	ʒ[e]lɐtinizɐsɐ̃w̃	0
gelatinizar	ʒɨlɐtinizar	ʒelɐtinizar	ʒ[ɨ]lɐtinizar	ʒ[e]lɐtinizar	0
gelatinografia	ʒɨlɐtinuɡrɐfiɐ	ʒelɐtinuɡrɐfiɐ	ʒ[ɨ]lɐtinuɡrɐfiɐ	ʒ[e]lɐtinuɡrɐfiɐ	0
gelatinográfico	ʒɨlɐtinuɡrafiku	ʒelɐtinuɡrafiku	ʒ[ɨ]lɐtinuɡrafiku	ʒ[e]lɐtinuɡrafiku	0
gelatinoso	ʒɨlɐtinozu	ʒelɐtinozu	ʒ[ɨ]lɐtinozu	ʒ[e]lɐtinozu	0
geleia	ʒɨlɐjɐ	ʒelɛjɐ	ʒ[ɨ]l[ɐ]jɐ	ʒ[e]l[ɛ]jɐ	0
geléia	ʒɨlɐjɐ	ʒelɛjɐ	ʒ[ɨ]l[ɐ]jɐ	ʒ[e]l[ɛ]jɐ	0
geleira	ʒɨlɐjrɐ	ʒelɐjrɐ	ʒ[ɨ]lɐjrɐ	ʒ[e]lɐjrɐ	0
gelícola	ʒɨlikulɐ	ʒelikulɐ	ʒ[ɨ]likulɐ	ʒ[e]likulɐ	0
gelidez	ʒɨlideʃ	ʒelideʃ	ʒ[ɨ]lideʃ	ʒ[e]lideʃ	0
gelifazer	ʒɨlifɐzer	ʒelifɐzer	ʒ[ɨ]lifɐzer	ʒ[e]lifɐzer	0
gelificação	ʒɨlifikɐsɐ̃w̃	ʒelifikɐsɐ̃w̃	ʒ[ɨ]lifikɐsɐ̃w̃	ʒ[e]lifikɐsɐ̃w̃	0
gelificante	ʒɨlifikɐ̃tɨ	ʒelifikɐ̃ntɨ	ʒ[ɨ]lifikɐ̃[]tɨ	ʒ[e]lifikɐ̃[n]tɨ	0
gelificar	ʒɨlifikar	ʒelifikar	ʒ[ɨ]lifikar	ʒ[e]lifikar	0
gelificável	ʒɨlifikavɛɫ	ʒelifikavɛɫ	ʒ[ɨ]lifikavɛɫ	ʒ[e]lifikavɛɫ	0
gelividade	ʒɨlividadɨ	ʒelividadɨ	ʒ[ɨ]lividadɨ	ʒ[e]lividadɨ	0
gelose	ʒɨlɔzɨ	ʒelɔzɨ	ʒ[ɨ]lɔzɨ	ʒ[e]lɔzɨ	0
gelosia	ʒɨluziɐ	ʒeluziɐ	ʒ[ɨ]luziɐ	ʒ[e]luziɐ	0
gemação	ʒɨmɐsɐ̃w̃	ʒemɐsɐ̃w̃	ʒ[ɨ]mɐsɐ̃w̃	ʒ[e]mɐsɐ̃w̃	0
gemada	ʒɨmadɐ	ʒemadɐ	ʒ[ɨ]madɐ	ʒ[e]madɐ	0
gemado	ʒɨmadu	ʒemadu	ʒ[ɨ]madu	ʒ[e]madu	0
gemante	ʒɨmɐ̃tɨ	ʒemɐ̃ntɨ	ʒ[ɨ]mɐ̃[]tɨ	ʒ[e]mɐ̃[n]tɨ	0
gemara	ʒɨmarɐ	ʒemarɐ	ʒ[ɨ]marɐ	ʒ[e]marɐ	0
gemebundo	ʒɨmɨbũdu	ʒemɨbũndu	ʒ[ɨ]mɨbũdu[]	ʒ[e]mɨbũnd[u]	0
gemedoiro	ʒɨmɨdojru	ʒemɨdojru	ʒ[ɨ]mɨdojru	ʒ[e]mɨdojru	0
gemedor	ʒɨmɨdor	ʒemɨdor	ʒ[ɨ]mɨdor	ʒ[e]mɨdor	0
gemedouro	ʒɨmɨdowru	ʒemɨdowru	ʒ[ɨ]mɨdowru	ʒ[e]mɨdowru	0
gemeidade	ʒɨmɐjdadɨ	ʒemɐjdadɨ	ʒ[ɨ]mɐjdadɨ	ʒ[e]mɐjdadɨ	0
gemelaridade	ʒɨmɨlɐridadɨ	ʒemɨlɐridadɨ	ʒ[ɨ]mɨlɐridadɨ	ʒ[e]mɨlɐridadɨ	0
gemelar	ʒɨmɨlar	ʒemɨlar	ʒ[ɨ]mɨlar	ʒ[e]mɨlar	0
gemelgar	ʒɨmɛɫɡar	ʒemɨɫɡar	ʒ[ɨ]m[ɛ]ɫɡar	ʒ[e]m[ɨ]ɫɡar	0
gemelgo	ʒɨmɛɫɡu	ʒemeɫɡu	ʒ[ɨ]m[ɛ]ɫɡu	ʒ[e]m[e]ɫɡu	0
gemelhicar	ʒɨmɨʎikar	ʒemɨʎikar	ʒ[ɨ]mɨʎikar	ʒ[e]mɨʎikar	0
gemelíparo	ʒɨmɨlipɐru	ʒemɨlipɐru	ʒ[ɨ]mɨlipɐru	ʒ[e]mɨlipɐru	0
gemelo	ʒɨmɛlu	ʒemɛlu	ʒ[ɨ]mɛlu	ʒ[e]mɛlu	0
gemente	ʒɨmẽtɨ	ʒemẽntɨ	ʒ[ɨ]mẽtɨ[]	ʒ[e]mẽnt[ɨ]	0
gemeologia	ʒɨmjuluʒiɐ	ʒemiuluʒiɐ	ʒ[ɨ]m[j]uluʒiɐ	ʒ[e]m[i]uluʒiɐ	0
gemicar	ʒɨmikar	ʒemikar	ʒ[ɨ]mikar	ʒ[e]mikar	0
gemido	ʒɨmidu	ʒemidu	ʒ[ɨ]midu	ʒ[e]midu	0
gemífero	ʒɨmifɨru	ʒemifɨru	ʒ[ɨ]mifɨru	ʒ[e]mifɨru	0
geminação	ʒɨminɐsɐ̃w̃	ʒeminɐsɐ̃w̃	ʒ[ɨ]minɐsɐ̃w̃	ʒ[e]minɐsɐ̃w̃	0
geminado	ʒɨminadu	ʒeminadu	ʒ[ɨ]minadu	ʒ[e]minadu	0
geminar	ʒɨminar	ʒeminar	ʒ[ɨ]minar	ʒ[e]minar	0
geminável	ʒɨminavɛɫ	ʒeminavɛɫ	ʒ[ɨ]minavɛɫ	ʒ[e]minavɛɫ	0
geminiano	ʒɨminjɐnu	ʒeminiɐ̃nu	ʒ[ɨ]min[j]ɐ[]nu	ʒ[e]min[i]ɐ[̃]nu	0
geminifloro	ʒɨmɨniflɔru	ʒeminiflɔru	ʒ[ɨ]m[ɨ]niflɔru	ʒ[e]m[i]niflɔru	0
gemiparidade	ʒɨmipɐridadɨ	ʒemipɐridadɨ	ʒ[ɨ]mipɐridadɨ	ʒ[e]mipɐridadɨ	0
gemíparo	ʒɨmipɐru	ʒemipɐru	ʒ[ɨ]mipɐru	ʒ[e]mipɐru	0
gemologia	ʒɨmuluʒiɐ	ʒemuluʒiɐ	ʒ[ɨ]muluʒiɐ	ʒ[e]muluʒiɐ	0
gemológico	ʒɨmulɔʒiku	ʒemulɔʒiku	ʒ[ɨ]mulɔʒiku	ʒ[e]mulɔʒiku	0
gemologista	ʒɨmuluʒiʃtɐ	ʒemuluʒiʃtɐ	ʒ[ɨ]muluʒiʃtɐ	ʒ[e]muluʒiʃtɐ	0
gemólogo	ʒɨmɔluɡu	ʒemɔluɡu	ʒ[ɨ]mɔluɡu	ʒ[e]mɔluɡu	0
gemônias	ʒɨmonjɐʃ	ʒemonɪɐʃ	ʒ[ɨ]mon[j]ɐʃ	ʒ[e]mon[ɪ]ɐʃ	0
gemónias	ʒɨmɔnjɐʃ	ʒemɔnɪɐʃ	ʒ[ɨ]mɔn[j]ɐʃ	ʒ[e]mɔn[ɪ]ɐʃ	0
gemulação	ʒɨmulɐsɐ̃w̃	ʒemulɐsɐ̃w̃	ʒ[ɨ]mulɐsɐ̃w̃	ʒ[e]mulɐsɐ̃w̃	0
genealogia	ʒɨnjɐluʒiɐ	ʒeniɐluʒiɐ	ʒ[ɨ]n[j]ɐluʒiɐ	ʒ[e]n[i]ɐluʒiɐ	0
genealógico	ʒɨnjɐlɔʒiku	ʒeniɐlɔʒiku	ʒ[ɨ]n[j]ɐlɔʒiku	ʒ[e]n[i]ɐlɔʒiku	0
genealogista	ʒɨnjɐluʒiʃtɐ	ʒeniɐluʒiʃtɐ	ʒ[ɨ]n[j]ɐluʒiʃtɐ	ʒ[e]n[i]ɐluʒiʃtɐ	0
genearca	ʒɨnjarkɐ	ʒeniarkɐ	ʒ[ɨ]n[j]arkɐ	ʒ[e]n[i]arkɐ	0
genebrada	ʒɨnɨbradɐ	ʒenɨbradɐ	ʒ[ɨ]nɨbradɐ	ʒ[e]nɨbradɐ	0
genebra	ʒɨnɛbrɐ	ʒenɛbrɐ	ʒ[ɨ]nɛbrɐ	ʒ[e]nɛbrɐ	0
genebreiro	ʒɨnɨbrɐjru	ʒenɨbrɐjru	ʒ[ɨ]nɨbrɐjru	ʒ[e]nɨbrɐjru	0
genebrense	ʒɨnɨbrẽsɨ	ʒenɨbrẽnsɨ	ʒ[ɨ]nɨbrẽsɨ[]	ʒ[e]nɨbrẽns[ɨ]	0
genebrês	ʒɨnɨbreʃ	ʒenɨbreʃ	ʒ[ɨ]nɨbreʃ	ʒ[e]nɨbreʃ	0
genebrino	ʒɨnɨbrinu	ʒenɨbrinu	ʒ[ɨ]nɨbrinu	ʒ[e]nɨbrinu	0
genepi	ʒɨnɨpi	ʒenɨpi	ʒ[ɨ]nɨpi	ʒ[e]nɨpi	0
genequim	ʒɨnɨkĩ	ʒenɨkĩn	ʒ[ɨ]nɨkĩ[]	ʒ[e]nɨkĩ[n]	0
generacionismo	ʒɨnɨrɐsjuniʒmu	ʒenɨrɐsjuniʒmu	ʒ[ɨ]nɨrɐsjuniʒmu	ʒ[e]nɨrɐsjuniʒmu	0
generacionista	ʒɨnɨrɐsjuniʃtɐ	ʒenɨrɐsjuniʃtɐ	ʒ[ɨ]nɨrɐsjuniʃtɐ	ʒ[e]nɨrɐsjuniʃtɐ	0
generacionístico	ʒɨnɨrɐsjuniʃtiku	ʒenɨrɐsjuniʃtiku	ʒ[ɨ]nɨrɐsjuniʃtiku	ʒ[e]nɨrɐsjuniʃtiku	0
generalado	ʒɨnɨrɐladu	ʒenɨrɐladu	ʒ[ɨ]nɨrɐladu	ʒ[e]nɨrɐladu	0
generalato	ʒɨnɨrɐlatu	ʒenɨrɐlatu	ʒ[ɨ]nɨrɐlatu	ʒ[e]nɨrɐlatu	0
generala	ʒɨnɨralɐ	ʒenɨralɐ	ʒ[ɨ]nɨralɐ	ʒ[e]nɨralɐ	0
generalício	ʒɨnɨrɐlisju	ʒenɨrɐlisju	ʒ[ɨ]nɨrɐlisju	ʒ[e]nɨrɐlisju	0
generalidade	ʒɨnɨrɐlidadɨ	ʒenɨrɐlidadɨ	ʒ[ɨ]nɨrɐlidadɨ	ʒ[e]nɨrɐlidadɨ	0
generalíssimo	ʒɨnɨrɐlisimu	ʒenɨrɐlisimu	ʒ[ɨ]nɨrɐlisimu	ʒ[e]nɨrɐlisimu	0
generalista	ʒɨnɨrɐliʃtɐ	ʒenɨrɐliʃtɐ	ʒ[ɨ]nɨrɐliʃtɐ	ʒ[e]nɨrɐliʃtɐ	0
generalização	ʒɨnɨrɐlizɐsɐ̃w̃	ʒenɨrɐlizɐsɐ̃w̃	ʒ[ɨ]nɨrɐlizɐsɐ̃w̃	ʒ[e]nɨrɐlizɐsɐ̃w̃	0
generalizador	ʒɨnɨrɐlizɐdor	ʒenɨrɐlizɐdor	ʒ[ɨ]nɨrɐlizɐdor	ʒ[e]nɨrɐlizɐdor	0
generalizado	ʒɨnɨrɐlizadu	ʒenɨrɐlizadu	ʒ[ɨ]nɨrɐlizadu	ʒ[e]nɨrɐlizadu	0
generalizar	ʒɨnɨrɐlizar	ʒenɨrɐlizar	ʒ[ɨ]nɨrɐlizar	ʒ[e]nɨrɐlizar	0
generalizável	ʒɨnɨrɐlizavɛɫ	ʒenɨrɐlizavɛɫ	ʒ[ɨ]nɨrɐlizavɛɫ	ʒ[e]nɨrɐlizavɛɫ	0
general	ʒɨnɨraɫ	ʒenɨraɫ	ʒ[ɨ]nɨraɫ	ʒ[e]nɨraɫ	0
generante	ʒɨnɨrɐ̃tɨ	ʒenɨrɐ̃ntɨ	ʒ[ɨ]nɨrɐ̃[]tɨ	ʒ[e]nɨrɐ̃[n]tɨ	0
generativismo	ʒɨnɨrɐtiviʒmu	ʒenɨrɐtiviʒmu	ʒ[ɨ]nɨrɐtiviʒmu	ʒ[e]nɨrɐtiviʒmu	0
generativo	ʒɨnɨrɐtivu	ʒenɨrɐtivu	ʒ[ɨ]nɨrɐtivu	ʒ[e]nɨrɐtivu	0
generatriz	ʒɨnɨrɐtriʃ	ʒenɨrɐtriʃ	ʒ[ɨ]nɨrɐtriʃ	ʒ[e]nɨrɐtriʃ	0
genérico	ʒɨnɛriku	ʒenɛriku	ʒ[ɨ]nɛriku	ʒ[e]nɛriku	0
generosidade	ʒɨnɨruzidadɨ	ʒenɨruzidadɨ	ʒ[ɨ]nɨruzidadɨ	ʒ[e]nɨruzidadɨ	0
generoso	ʒɨnɨrozu	ʒenɨrozu	ʒ[ɨ]nɨrozu	ʒ[e]nɨrozu	0
genesíaco	ʒɨnɨziɐku	ʒenɨziɐku	ʒ[ɨ]nɨziɐku	ʒ[e]nɨziɐku	0
genésico	ʒɨnɛziku	ʒenɛziku	ʒ[ɨ]nɛziku	ʒ[e]nɛziku	0
geneta	ʒɨnetɐ	ʒenetɐ	ʒ[ɨ]netɐ	ʒ[e]netɐ	0
genética	ʒɨnɛtikɐ	ʒenɛtikɐ	ʒ[ɨ]nɛtikɐ	ʒ[e]nɛtikɐ	0
geneticista	ʒɨnɛtisiʃtɐ	ʒenɨtisiʃtɐ	ʒ[ɨ]n[ɛ]tisiʃtɐ	ʒ[e]n[ɨ]tisiʃtɐ	0
genético	ʒɨnɛtiku	ʒenɛtiku	ʒ[ɨ]nɛtiku	ʒ[e]nɛtiku	0
genetista	ʒɨnɨtiʃtɐ	ʒenɨtiʃtɐ	ʒ[ɨ]nɨtiʃtɐ	ʒ[e]nɨtiʃtɐ	0
genetlíaco	ʒɨnɨtliɐku	ʒenɨtliɐku	ʒ[ɨ]nɨtliɐku	ʒ[e]nɨtliɐku	0
genetliologia	ʒɨnɨtljuluʒiɐ	ʒenɨtliuluʒiɐ	ʒ[ɨ]nɨtl[j]uluʒiɐ	ʒ[e]nɨtl[i]uluʒiɐ	0
genetliológico	ʒɨnɨtljulɔʒiku	ʒenɨtliulɔʒiku	ʒ[ɨ]nɨtl[j]ulɔʒiku	ʒ[e]nɨtl[i]ulɔʒiku	0
genetriz	ʒɨnɨtriʃ	ʒenɨtriʃ	ʒ[ɨ]nɨtriʃ	ʒ[e]nɨtriʃ	0
genialidade	ʒɨnjɐlidadɨ	ʒeniɐlidadɨ	ʒ[ɨ]n[j]ɐlidadɨ	ʒ[e]n[i]ɐlidadɨ	0
genialmente	ʒɨnjaɫmẽtɨ	ʒeniaɫmẽntɨ	ʒ[ɨ]n[j]aɫmẽtɨ[]	ʒ[e]n[i]aɫmẽnt[ɨ]	0
genial	ʒɨnjaɫ	ʒeniaɫ	ʒ[ɨ]n[j]aɫ	ʒ[e]n[i]aɫ	0
genica	ʒɨnikɐ	ʒenikɐ	ʒ[ɨ]nikɐ	ʒ[e]nikɐ	0
geniculação	ʒɨnikulɐsɐ̃w̃	ʒenikulɐsɐ̃w̃	ʒ[ɨ]nikulɐsɐ̃w̃	ʒ[e]nikulɐsɐ̃w̃	0
geniculado	ʒɨnikuladu	ʒenikuladu	ʒ[ɨ]nikuladu	ʒ[e]nikuladu	0
genicular	ʒɨnikular	ʒenikular	ʒ[ɨ]nikular	ʒ[e]nikular	0
genioplastia	ʒɨnjɔplɐʃtiɐ	ʒeniuplɐʃtiɐ	ʒ[ɨ]nj[ɔ]plɐʃtiɐ	ʒ[e]ni[u]plɐʃtiɐ	0
genioplástico	ʒɨnjɔplaʃtiku	ʒeniuplaʃtiku	ʒ[ɨ]nj[ɔ]plaʃtiku	ʒ[e]ni[u]plaʃtiku	0
genioso	ʒɨnjozu	ʒeniozu	ʒ[ɨ]n[j]ozu	ʒ[e]n[i]ozu	0
genitais	ʒɨnitajʃ	ʒenitajʃ	ʒ[ɨ]nitajʃ	ʒ[e]nitajʃ	0
genitália	ʒɨnitaljɐ	ʒenitaljɐ	ʒ[ɨ]nitaljɐ	ʒ[e]nitaljɐ	0
genital	ʒɨnitaɫ	ʒenitaɫ	ʒ[ɨ]nitaɫ	ʒ[e]nitaɫ	0
genitivo	ʒɨnitivu	ʒenitivu	ʒ[ɨ]nitivu	ʒ[e]nitivu	0
genitor	ʒɨnitor	ʒenitor	ʒ[ɨ]nitor	ʒ[e]nitor	0
geniturinário	ʒɨniturinarju	ʒeniturinarju	ʒ[ɨ]niturinarju	ʒ[e]niturinarju	0
genocídio	ʒɨnusidju	ʒenusidju	ʒ[ɨ]nusidju	ʒ[e]nusidju	0
genologia	ʒɨnuluʒiɐ	ʒenuluʒiɐ	ʒ[ɨ]nuluʒiɐ	ʒ[e]nuluʒiɐ	0
genológico	ʒɨnulɔʒiku	ʒenulɔʒiku	ʒ[ɨ]nulɔʒiku	ʒ[e]nulɔʒiku	0
genoma	ʒɨnomɐ	ʒenomɐ	ʒ[ɨ]nomɐ	ʒ[e]nomɐ	0
genômica	ʒɨnomikɐ	ʒenomikɐ	ʒ[ɨ]nomikɐ	ʒ[e]nomikɐ	0
genómica	ʒɨnɔmikɐ	ʒenɔmikɐ	ʒ[ɨ]nɔmikɐ	ʒ[e]nɔmikɐ	0
genômico	ʒɨnomiku	ʒenomiku	ʒ[ɨ]nomiku	ʒ[e]nomiku	0
genómico	ʒɨnɔmiku	ʒenɔmiku	ʒ[ɨ]nɔmiku	ʒ[e]nɔmiku	0
genótipo	ʒɨnɔtipu	ʒenɔtipu	ʒ[ɨ]nɔtipu	ʒ[e]nɔtipu	0
genovense	ʒɨnuvẽsɨ	ʒenuvẽnsɨ	ʒ[ɨ]nuvẽsɨ[]	ʒ[e]nuvẽns[ɨ]	0
genovês	ʒɨnuveʃ	ʒenuveʃ	ʒ[ɨ]nuveʃ	ʒ[e]nuveʃ	0
genucubital	ʒɨnukubitaɫ	ʒenukubitaɫ	ʒ[ɨ]nukubitaɫ	ʒ[e]nukubitaɫ	0
genuense	ʒɨnwẽsɨ	ʒenuẽnsɨ	ʒ[ɨ]nwẽsɨ[]	ʒ[e]nuẽns[ɨ]	0
genuflectir	ʒɨnuflɛktir	ʒenuflɛtir	ʒ[ɨ]nuflɛ[k]tir	ʒ[e]nuflɛ[]tir	0
genuflector	ʒɨnuflɛktor	ʒenuflɛtor	ʒ[ɨ]nuflɛ[k]tor	ʒ[e]nuflɛ[]tor	0
genufletir	ʒɨnuflɛtir	ʒenuflɨtir	ʒ[ɨ]nufl[ɛ]tir	ʒ[e]nufl[ɨ]tir	0
genufletor	ʒɨnuflɛtor	ʒenuflɨtor	ʒ[ɨ]nufl[ɛ]tor	ʒ[e]nufl[ɨ]tor	0
genuflexão	ʒɨnuflɛksɐ̃w̃	ʒenuflɨksɐ̃w̃	ʒ[ɨ]nufl[ɛ]ksɐ̃w̃	ʒ[e]nufl[ɨ]ksɐ̃w̃	0
genuflexório	ʒɨnuflɛksɔrju	ʒenuflɨksɔrju	ʒ[ɨ]nufl[ɛ]ksɔrju	ʒ[e]nufl[ɨ]ksɔrju	0
genuflexo	ʒɨnuflɛksu	ʒenuflɛksu	ʒ[ɨ]nuflɛksu	ʒ[e]nuflɛksu	0
genuinamente	ʒɨnwinɐmẽtɨ	ʒenwinɐmẽntɨ	ʒ[ɨ]nwinɐmẽtɨ[]	ʒ[e]nwinɐmẽnt[ɨ]	0
genuinidade	ʒɨnwinidadɨ	ʒenujnidadɨ	ʒ[ɨ]nw[i]nidadɨ	ʒ[e]nu[j]nidadɨ	0
genuíno	ʒɨnwinu	ʒenuinu	ʒ[ɨ]n[w]inu	ʒ[e]n[u]inu	0
genupeitoral	ʒɨnupɐjturaɫ	ʒenupɐjturaɫ	ʒ[ɨ]nupɐjturaɫ	ʒ[e]nupɐjturaɫ	0
geração	ʒɨrɐsɐ̃w̃	ʒerɐsɐ̃w̃	ʒ[ɨ]rɐsɐ̃w̃	ʒ[e]rɐsɐ̃w̃	0
geracional	ʒɨrɐsjunaɫ	ʒerɐsjunaɫ	ʒ[ɨ]rɐsjunaɫ	ʒ[e]rɐsjunaɫ	0
geradoiro	ʒɨrɐdojru	ʒerɐdojru	ʒ[ɨ]rɐdojru	ʒ[e]rɐdojru	0
gerador	ʒɨrɐdor	ʒerɐdor	ʒ[ɨ]rɐdor	ʒ[e]rɐdor	0
geradouro	ʒɨrɐdowru	ʒerɐdowru	ʒ[ɨ]rɐdowru	ʒ[e]rɐdowru	0
geralista	ʒɨrɐliʃtɐ	ʒerɐliʃtɐ	ʒ[ɨ]rɐliʃtɐ	ʒ[e]rɐliʃtɐ	0
geralmente	ʒɨraɫmẽtɨ	ʒeraɫmẽntɨ	ʒ[ɨ]raɫmẽtɨ[]	ʒ[e]raɫmẽnt[ɨ]	0
geraniáceas	ʒɨrɐnjasjɐʃ	ʒerɐniasiɐʃ	ʒ[ɨ]rɐn[j]as[j]ɐʃ	ʒ[e]rɐn[i]as[i]ɐʃ	0
geraniácea	ʒɨrɐnjasjɐ	ʒerɐniasiɐ	ʒ[ɨ]rɐn[j]as[j]ɐ	ʒ[e]rɐn[i]as[i]ɐ	0
gerânio-sanguíneo	ʒɨrɐnjusɐ̃ɡwinju	ʒerɐ̃nɪusɐ̃nɡwiniw	ʒ[ɨ]rɐ[]n[j]usɐ̃[]ɡwinj[u]	ʒ[e]rɐ[̃]n[ɪ]usɐ̃[n]ɡwini[w]	0
gerânio	ʒɨrɐnju	ʒerɐ̃nju	ʒ[ɨ]rɐ[]nju	ʒ[e]rɐ[̃]nju	0
gerascofobia	ʒɨraʃkɔfubiɐ	ʒerɐʃkufubiɐ	ʒ[ɨ]r[a]ʃk[ɔ]fubiɐ	ʒ[e]r[ɐ]ʃk[u]fubiɐ	0
gerativo	ʒɨrɐtivu	ʒerɐtivu	ʒ[ɨ]rɐtivu	ʒ[e]rɐtivu	0
geratriz	ʒɨrɐtriʃ	ʒerɐtriʃ	ʒ[ɨ]rɐtriʃ	ʒ[e]rɐtriʃ	0
gerbera	ʒɨrbɛrɐ	ʒerberɐ	ʒ[ɨ]rb[ɛ]rɐ	ʒ[e]rb[e]rɐ	0
gerbéria	ʒɨrbɛrjɐ	ʒerbɛrjɐ	ʒ[ɨ]rbɛrjɐ	ʒ[e]rbɛrjɐ	0
gerecer	ʒɨrɨser	ʒerɨser	ʒ[ɨ]rɨser	ʒ[e]rɨser	0
gerenciar	ʒɨrẽsjar	ʒerẽnsiar	ʒ[ɨ]rẽsjar[]	ʒ[e]rẽnsia[r]	0
gerência	ʒɨrẽsjɐ	ʒerẽnsjɐ	ʒ[ɨ]rẽsjɐ[]	ʒ[e]rẽnsj[ɐ]	0
gerente	ʒɨrẽtɨ	ʒerẽntɨ	ʒ[ɨ]rẽtɨ[]	ʒ[e]rẽnt[ɨ]	0
geresano	ʒɨrɨzɐnu	ʒerɨzɐ̃nu	ʒ[ɨ]rɨzɐ[]nu	ʒ[e]rɨzɐ[̃]nu	0
geresão	ʒɨrɨzɐ̃w̃	ʒerɨzɐ̃w̃	ʒ[ɨ]rɨzɐ̃w̃	ʒ[e]rɨzɐ̃w̃	0
geresiano	ʒɨrɨzjɐnu	ʒerɨziɐ̃nu	ʒ[ɨ]rɨz[j]ɐ[]nu	ʒ[e]rɨz[i]ɐ[̃]nu	0
geresino	ʒɨrɨzinu	ʒerɨzinu	ʒ[ɨ]rɨzinu	ʒ[e]rɨzinu	0
gereza	ʒɨrezɐ	ʒerezɐ	ʒ[ɨ]rezɐ	ʒ[e]rezɐ	0
gergelim	ʒɨrʒɨlĩ	ʒerʒɨlĩn	ʒ[ɨ]rʒɨlĩ[]	ʒ[e]rʒɨlĩ[n]	0
gergilada	ʒɨrʒiladɐ	ʒerʒiladɐ	ʒ[ɨ]rʒiladɐ	ʒ[e]rʒiladɐ	0
geriatra	ʒɨrjatrɐ	ʒeriatrɐ	ʒ[ɨ]r[j]atrɐ	ʒ[e]r[i]atrɐ	0
geriatria	ʒɨrjɐtriɐ	ʒeriɐtriɐ	ʒ[ɨ]r[j]ɐtriɐ	ʒ[e]r[i]ɐtriɐ	0
geriátrico	ʒɨrjatriku	ʒeriatriku	ʒ[ɨ]r[j]atriku	ʒ[e]r[i]atriku	0
geribanda	ʒɨribɐ̃dɐ	ʒeribɐ̃ndɐ	ʒ[ɨ]ribɐ̃[]dɐ	ʒ[e]ribɐ̃[n]dɐ	0
geribé	ʒɨribɛ	ʒeribɛ	ʒ[ɨ]ribɛ	ʒ[e]ribɛ	0
gerido	ʒɨridu	ʒeridu	ʒ[ɨ]ridu	ʒ[e]ridu	0
gerifalco	ʒɨrifaɫku	ʒerifaɫku	ʒ[ɨ]rifaɫku	ʒ[e]rifaɫku	0
gerifalte	ʒɨrifaɫtɨ	ʒerifaɫtɨ	ʒ[ɨ]rifaɫtɨ	ʒ[e]rifaɫtɨ	0
gerifalto	ʒɨrifaɫtu	ʒerifaɫtu	ʒ[ɨ]rifaɫtu	ʒ[e]rifaɫtu	0
gerigonça	ʒɨriɡõsɐ	ʒeriɡõnsɐ	ʒ[ɨ]riɡõsɐ[]	ʒ[e]riɡõns[ɐ]	0
gerigoto	ʒɨriɡotu	ʒeriɡɔtu	ʒ[ɨ]riɡ[o]tu	ʒ[e]riɡ[ɔ]tu	0
geringonça	ʒɨrĩɡõsɐ	ʒerĩnɡõnsɐ	ʒ[ɨ]rĩɡõsɐ[]	ʒ[e]rĩnɡõns[ɐ]	0
germanada	ʒɨrmɐnadɐ	ʒermɐnadɐ	ʒ[ɨ]rmɐnadɐ	ʒ[e]rmɐnadɐ	0
germanal	ʒɨrmɐnaɫ	ʒermɐ̃naɫ	ʒ[ɨ]rmɐ[]naɫ	ʒ[e]rmɐ[̃]naɫ	0
germanar	ʒɨrmɐnar	ʒermɐnar	ʒ[ɨ]rmɐnar	ʒ[e]rmɐnar	0
germânico	ʒɨrmɐniku	ʒermɐ̃niku	ʒ[ɨ]rmɐ[]niku	ʒ[e]rmɐ[̃]niku	0
germânio	ʒɨrmɐnju	ʒermɐ̃nju	ʒ[ɨ]rmɐ[]nju	ʒ[e]rmɐ[̃]nju	0
germanismo	ʒɨrmɐniʒmu	ʒermɐniʒmu	ʒ[ɨ]rmɐniʒmu	ʒ[e]rmɐniʒmu	0
germanista	ʒɨrmɐniʃtɐ	ʒermɐniʃtɐ	ʒ[ɨ]rmɐniʃtɐ	ʒ[e]rmɐniʃtɐ	0
germanística	ʒɨrmɐniʃtikɐ	ʒermɐniʃtikɐ	ʒ[ɨ]rmɐniʃtikɐ	ʒ[e]rmɐniʃtikɐ	0
germanístico	ʒɨrmɐniʃtiku	ʒermɐniʃtiku	ʒ[ɨ]rmɐniʃtiku	ʒ[e]rmɐniʃtiku	0
germanização	ʒɨrmɐnizɐsɐ̃w̃	ʒermɐnizɐsɐ̃w̃	ʒ[ɨ]rmɐnizɐsɐ̃w̃	ʒ[e]rmɐnizɐsɐ̃w̃	0
germanizar	ʒɨrmɐnizar	ʒermɐnizar	ʒ[ɨ]rmɐnizar	ʒ[e]rmɐnizar	0
germanofilia	ʒɨrmɐnɔfiliɐ	ʒermɐnufiliɐ	ʒ[ɨ]rmɐn[ɔ]filiɐ	ʒ[e]rmɐn[u]filiɐ	0
germanófilo	ʒɨrmɐnɔfilu	ʒermɐnɔfilu	ʒ[ɨ]rmɐnɔfilu	ʒ[e]rmɐnɔfilu	0
germanofobia	ʒɨrmɐnɔfubiɐ	ʒermɐnufubiɐ	ʒ[ɨ]rmɐn[ɔ]fubiɐ	ʒ[e]rmɐn[u]fubiɐ	0
germanófobo	ʒɨrmɐnɔfubu	ʒermɐnɔfubu	ʒ[ɨ]rmɐnɔfubu	ʒ[e]rmɐnɔfubu	0
germanos	ʒɨrmɐnuʃ	ʒermɐ̃nuʃ	ʒ[ɨ]rmɐ[]nuʃ	ʒ[e]rmɐ[̃]nuʃ	0
germicida	ʒɨrmisidɐ	ʒermisidɐ	ʒ[ɨ]rmisidɐ	ʒ[e]rmisidɐ	0
germífugo	ʒɨrmifuɡu	ʒermifuɡu	ʒ[ɨ]rmifuɡu	ʒ[e]rmifuɡu	0
germinabilidade	ʒɨrminɐbilidadɨ	ʒerminɐbilidadɨ	ʒ[ɨ]rminɐbilidadɨ	ʒ[e]rminɐbilidadɨ	0
germinação	ʒɨrminɐsɐ̃w̃	ʒerminɐsɐ̃w̃	ʒ[ɨ]rminɐsɐ̃w̃	ʒ[e]rminɐsɐ̃w̃	0
germinadoiro	ʒɨrminɐdojru	ʒerminɐdojru	ʒ[ɨ]rminɐdojru	ʒ[e]rminɐdojru	0
germinador	ʒɨrminɐdor	ʒerminɐdor	ʒ[ɨ]rminɐdor	ʒ[e]rminɐdor	0
germinadouro	ʒɨrminɐdowru	ʒerminɐdowru	ʒ[ɨ]rminɐdowru	ʒ[e]rminɐdowru	0
germinal	ʒɨrminaɫ	ʒerminaɫ	ʒ[ɨ]rminaɫ	ʒ[e]rminaɫ	0
germinante	ʒɨrminɐ̃tɨ	ʒerminɐ̃ntɨ	ʒ[ɨ]rminɐ̃[]tɨ	ʒ[e]rminɐ̃[n]tɨ	0
germinar	ʒɨrminar	ʒerminar	ʒ[ɨ]rminar	ʒ[e]rminar	0
germinativo	ʒɨrminɐtivu	ʒerminɐtivu	ʒ[ɨ]rminɐtivu	ʒ[e]rminɐtivu	0
germiníparo	ʒɨrminipɐru	ʒerminipɐru	ʒ[ɨ]rminipɐru	ʒ[e]rminipɐru	0
gerocomia	ʒɨrukumiɐ	ʒerukumiɐ	ʒ[ɨ]rukumiɐ	ʒ[e]rukumiɐ	0
gerocômio	ʒɨrukomju	ʒerukomju	ʒ[ɨ]rukomju	ʒ[e]rukomju	0
gerocómio	ʒɨrukɔmju	ʒerukɔmju	ʒ[ɨ]rukɔmju	ʒ[e]rukɔmju	0
gerodermia	ʒɨrudɛrmiɐ	ʒerudɨrmiɐ	ʒ[ɨ]rud[ɛ]rmiɐ	ʒ[e]rud[ɨ]rmiɐ	0
geromorfismo	ʒɨrɔmurfiʒmu	ʒerumurfiʒmu	ʒ[ɨ]r[ɔ]murfiʒmu	ʒ[e]r[u]murfiʒmu	0
geronte	ʒɨrõtɨ	ʒerõntɨ	ʒ[ɨ]rõtɨ[]	ʒ[e]rõnt[ɨ]	0
gerontocômio	ʒɨrõtɔkomju	ʒerõntukomju	ʒ[ɨ]rõtɔkomju[]	ʒ[e]rõntukomj[u]	0
gerontocómio	ʒɨrõtɔkɔmju	ʒerõntukɔmju	ʒ[ɨ]rõtɔkɔmju[]	ʒ[e]rõntukɔmj[u]	0
gerontocracia	ʒɨrõtɔkrɐsiɐ	ʒerõntukrɐsiɐ	ʒ[ɨ]rõtɔkrɐs[i]ɐ[]	ʒ[e]rõntukr[]ɐsi[ɐ]	0
gerontocrático	ʒɨrõtɔkratiku	ʒerõntukratiku	ʒ[ɨ]rõtɔkratiku[]	ʒ[e]rõntukratik[u]	0
gerontofilia	ʒɨrõtɔfiliɐ	ʒerõntufiliɐ	ʒ[ɨ]rõtɔfi[l]iɐ[]	ʒ[e]rõntu[f]ili[ɐ]	0
gerontologia	ʒɨrõtuluʒiɐ	ʒerõntuluʒiɐ	ʒ[ɨ]rõtu[l]uʒiɐ[]	ʒ[e]rõn[t]uluʒi[ɐ]	0
gerontológico	ʒɨrõtulɔʒiku	ʒerõntulɔʒiku	ʒ[ɨ]rõtulɔʒiku[]	ʒ[e]rõntulɔʒik[u]	0
gerontomotricidade	ʒɨrõtɔmutrisidadɨ	ʒerõntumutrisidadɨ	ʒ[ɨ]rõtɔ[m]utri[s]id[a]dɨ[]	ʒ[e]rõn[t]umut[r]is[i]dad[ɨ]	0
geroterapia	ʒɨrɔtɨrɐpiɐ	ʒeruterɐpiɐ	ʒ[ɨ]r[ɔ]t[ɨ]rɐpiɐ	ʒ[e]r[u]t[e]rɐpiɐ	0
gerundial	ʒɨrũdjaɫ	ʒerũndiaɫ	ʒ[ɨ]rũdjaɫ[]	ʒ[e]rũndia[ɫ]	0
gerundífico	ʒɨrũdifiku	ʒerũndifiku	ʒ[ɨ]rũdi[f]iku[]	ʒ[e]rũn[d]ifik[u]	0
gerúndio	ʒɨrũdju	ʒerũndju	ʒ[ɨ]rũdju[]	ʒ[e]rũndj[u]	0
gerundivo	ʒɨrũdivu	ʒerũndivu	ʒ[ɨ]rũdivu[]	ʒ[e]rũndiv[u]	0
gerúsia	ʒɨruzjɐ	ʒeruzjɐ	ʒ[ɨ]ruzjɐ	ʒ[e]ruzjɐ	0
gessada	ʒɨsadɐ	ʒesadɐ	ʒ[ɨ]sadɐ	ʒ[e]sadɐ	0
gesseira	ʒɨsɐjrɐ	ʒesɐjrɐ	ʒ[ɨ]sɐjrɐ	ʒ[e]sɐjrɐ	0
gesseiro	ʒɨsɐjru	ʒesɐjru	ʒ[ɨ]sɐjru	ʒ[e]sɐjru	0
gessete	ʒɨsetɨ	ʒesɛtɨ	ʒ[ɨ]s[e]tɨ	ʒ[e]s[ɛ]tɨ	0
gessoso	ʒɨsozu	ʒesozu	ʒ[ɨ]sozu	ʒ[e]sozu	0
gestação	ʒɨʃtɐsɐ̃w̃	ʒeʃtɐsɐ̃w̃	ʒ[ɨ]ʃtɐsɐ̃w̃	ʒ[e]ʃtɐsɐ̃w̃	0
gestacional	ʒɨʃtɐsjunaɫ	ʒeʃtɐsjunaɫ	ʒ[ɨ]ʃtɐsjunaɫ	ʒ[e]ʃtɐsjunaɫ	0
gestante	ʒɨʃtɐ̃tɨ	ʒeʃtɐ̃ntɨ	ʒ[ɨ]ʃtɐ̃[]tɨ	ʒ[e]ʃtɐ̃[n]tɨ	0
gestativo	ʒɨʃtɐtivu	ʒeʃtɐtivu	ʒ[ɨ]ʃtɐtivu	ʒ[e]ʃtɐtivu	0
gestatório	ʒɨʃtɐtɔrju	ʒeʃtɐtɔrju	ʒ[ɨ]ʃtɐtɔrju	ʒ[e]ʃtɐtɔrju	0
gesticulação	ʒɨʃtikulɐsɐ̃w̃	ʒeʃtikulɐsɐ̃w̃	ʒ[ɨ]ʃtikulɐsɐ̃w̃	ʒ[e]ʃtikulɐsɐ̃w̃	0
gesticulador	ʒɨʃtikulɐdor	ʒeʃtikulɐdor	ʒ[ɨ]ʃtikulɐdor	ʒ[e]ʃtikulɐdor	0
gesticulado	ʒɨʃtikuladu	ʒeʃtikuladu	ʒ[ɨ]ʃtikuladu	ʒ[e]ʃtikuladu	0
gesticular	ʒɨʃtikular	ʒeʃtikular	ʒ[ɨ]ʃtikular	ʒ[e]ʃtikular	0
gestrela	ʒɨʃtrɛlɐ	ʒeʃtrɛlɐ	ʒ[ɨ]ʃtrɛlɐ	ʒ[e]ʃtrɛlɐ	0
gira-pescoço	ʒirɐpɨʃkosu	ʒirɐpeʃkosu	ʒirɐp[ɨ]ʃkosu	ʒirɐp[e]ʃkosu	0
glenoidal	ɡlɨnɔjdaɫ	ɡlenojdaɫ	ɡl[ɨ]n[ɔ]jdaɫ	ɡl[e]n[o]jdaɫ	0
glenoide	ɡlɨnɔjdɨ	ɡlenɔjdɨ	ɡl[ɨ]nɔjdɨ	ɡl[e]nɔjdɨ	0
glenóide	ɡlɨnɔjdɨ	ɡlenɔjdɨ	ɡl[ɨ]nɔjdɨ	ɡl[e]nɔjdɨ	0
glenóideo	ɡlɨnɔjdju	ɡlenɔjdiw	ɡl[ɨ]nɔjdj[u]	ɡl[e]nɔjdi[w]	0
goma-resina	ɡomɐʀɨzinɐ	ɡomɐʀezinɐ	ɡomɐʀ[ɨ]zinɐ	ɡomɐʀ[e]zinɐ	0
gota-serena	ɡotɐsɨrenɐ	ɡotɐserenɐ	ɡotɐs[ɨ]renɐ	ɡotɐs[e]renɐ	0
gralha-de-bico-vermelho	ɡraʎɐdɨbikuvɨrmɐjʎu	ɡraʎɐdɨbikuvermeʎu	ɡraʎɐdɨbikuv[ɨ]rmɐ[j]ʎu	ɡraʎɐdɨbikuv[e]rme[]ʎu	0
grecismo	ɡrɨsiʒmu	ɡresiʒmu	ɡr[ɨ]siʒmu	ɡr[e]siʒmu	0
grecista	ɡrɨsiʃtɐ	ɡresiʃtɐ	ɡr[ɨ]siʃtɐ	ɡr[e]siʃtɐ	0
grecizar	ɡrɨsizar	ɡresizar	ɡr[ɨ]sizar	ɡr[e]sizar	0
gredelém	ɡrɨdɨlɐ̃j̃	ɡredɨlɐjn	ɡr[ɨ]dɨlɐ[̃]j[̃]	ɡr[e]dɨlɐ[]j[n]	0
gredoso	ɡrɨdozu	ɡredozu	ɡr[ɨ]dozu	ɡr[e]dozu	0
gregalada	ɡrɨɡɐladɐ	ɡreɡɐladɐ	ɡr[ɨ]ɡɐladɐ	ɡr[e]ɡɐladɐ	0
gregarinas	ɡrɨɡɐrinɐʃ	ɡreɡɐrinɐʃ	ɡr[ɨ]ɡɐrinɐʃ	ɡr[e]ɡɐrinɐʃ	0
gregarinídeos	ɡrɨɡɐrinidjuʃ	ɡreɡɐrinidiwʃ	ɡr[ɨ]ɡɐrinidj[u]ʃ	ɡr[e]ɡɐrinidi[w]ʃ	0
gregário	ɡrɨɡarju	ɡreɡarju	ɡr[ɨ]ɡarju	ɡr[e]ɡarju	0
gregarismo	ɡrɨɡɐriʒmu	ɡreɡɐriʒmu	ɡr[ɨ]ɡɐriʒmu	ɡr[e]ɡɐriʒmu	0
gregoriano	ɡrɨɡurjɐnu	ɡreɡuriɐ̃nu	ɡr[ɨ]ɡur[j]ɐ[]nu	ɡr[e]ɡur[i]ɐ[̃]nu	0
gregotins	ɡrɨɡutĩʃ	ɡreɡutĩnʃ	ɡr[ɨ]ɡutĩʃ[]	ɡr[e]ɡutĩn[ʃ]	0
greguejar	ɡrɨɡɨʒar	ɡreɡɨʒar	ɡr[ɨ]ɡɨʒar	ɡr[e]ɡɨʒar	0
grelado	ɡrɨladu	ɡreladu	ɡr[ɨ]ladu	ɡr[e]ladu	0
grelhado	ɡrɨʎadu	ɡreʎadu	ɡr[ɨ]ʎadu	ɡr[e]ʎadu	0
grelhador	ɡrɨʎɐdor	ɡreʎɐdor	ɡr[ɨ]ʎɐdor	ɡr[e]ʎɐdor	0
grelheiro	ɡʀɨʎɐjru	ɡreʎɐjru	ɡʀ[ɨ]ʎɐjru	ɡr[e]ʎɐjru	0
gremilha	ɡrɨmiʎɐ	ɡremiʎɐ	ɡr[ɨ]miʎɐ	ɡr[e]miʎɐ	0
grenetina	ɡrɨnɨtinɐ	ɡrenɨtinɐ	ɡr[ɨ]nɨtinɐ	ɡr[e]nɨtinɐ	0
gresífero	ɡrɨzifɨru	ɡrezifɨru	ɡr[ɨ]zifɨru	ɡr[e]zifɨru	0
gressino	ɡrɨsinu	ɡresinu	ɡr[ɨ]sinu	ɡr[e]sinu	0
gretado	ɡrɨtadu	ɡretadu	ɡr[ɨ]tadu	ɡr[e]tadu	0
gretadura	ɡrɨtɐdurɐ	ɡretɐdurɐ	ɡr[ɨ]tɐdurɐ	ɡr[e]tɐdurɐ	0
gretamento	ɡrɨtɐmẽtu	ɡretɐmẽntu	ɡr[ɨ]tɐmẽtu[]	ɡr[e]tɐmẽnt[u]	0
grevado	ɡrɨvadu	ɡrevadu	ɡr[ɨ]vadu	ɡr[e]vadu	0
grotescamente	ɡruteʃkɐmẽtɨ	ɡrutɨʃkɐmẽntɨ	ɡrut[e]ʃkɐmẽtɨ[]	ɡrut[ɨ]ʃkɐmẽnt[ɨ]	0
guadamecileiro	ɡwɐdɐmɨsilajru	ɡwɐdɐmesilɐjru	ɡwɐdɐm[ɨ]sil[a]jru	ɡwɐdɐm[e]sil[ɐ]jru	0
gualde	ɡwaɫdɨ	ɡwaɫde	ɡwaɫd[ɨ]	ɡwaɫd[e]	0
guarda-vestidos	ɡwardɐvɨʃtiduʃ	ɡwardɐveʃtiduʃ	ɡwardɐv[ɨ]ʃtiduʃ	ɡwardɐv[e]ʃtiduʃ	0
guedelha	ɡɨdɐjʎɐ	ɡedeʎɐ	ɡ[ɨ]dɐ[j]ʎɐ	ɡ[e]de[]ʎɐ	0
guedelho	ɡɨdɐjʎu	ɡedeʎu	ɡ[ɨ]dɐ[j]ʎu	ɡ[e]de[]ʎu	0
guedelhudo	ɡɨdɨʎudu	ɡedɨʎudu	ɡ[ɨ]dɨʎudu	ɡ[e]dɨʎudu	0
gueguelé	ɡeɡelɛ	ɡeɡɨlɛ	ɡeɡ[e]lɛ	ɡeɡ[ɨ]lɛ	0
guelengue	ɡɨlẽɡɨ	ɡelẽnɡwɨ	ɡ[ɨ]lẽɡɨ[]	ɡ[e]lẽnɡw[ɨ]	0
gueredão	ɡɨrɨdɐ̃w̃	ɡerɨdɐ̃w̃	ɡ[ɨ]rɨdɐ̃w̃	ɡ[e]rɨdɐ̃w̃	0
guerra-relâmpago	ɡɛʀɐʀɨlɐ̃pɐɡu	ɡɛʀɐʀelɐ̃mpɐɡu	ɡɛʀɐʀ[ɨ]lɐ̃[]pɐɡu	ɡɛʀɐʀ[e]lɐ̃[m]pɐɡu	0
guerreador	ɡɨʀjɐdor	ɡeʀiɐdor	ɡ[ɨ]ʀ[j]ɐdor	ɡ[e]ʀ[i]ɐdor	0
guerreão	ɡɨʀjɐ̃w̃	ɡeʀiɐ̃w̃	ɡ[ɨ]ʀ[j]ɐ̃w̃	ɡ[e]ʀ[i]ɐ̃w̃	0
guerrear	ɡɨʀjar	ɡeʀiar	ɡ[ɨ]ʀ[j]ar	ɡ[e]ʀ[i]ar	0
guerreia	ɡɨʀɐjɐ	ɡeʀejɐ	ɡ[ɨ]ʀ[ɐ]jɐ	ɡ[e]ʀ[e]jɐ	0
guerreiro	ɡɨʀɐjru	ɡeʀɐjru	ɡ[ɨ]ʀɐjru	ɡ[e]ʀɐjru	0
guerrento	ɡɨʀẽtu	ɡeʀẽntu	ɡ[ɨ]ʀẽtu[]	ɡ[e]ʀẽnt[u]	0
guerrilhagem	ɡɨʀiʎaʒɐ̃j̃	ɡeʀiʎaʒɐjn	ɡ[ɨ]ʀiʎaʒɐ[̃]j[̃]	ɡ[e]ʀiʎaʒɐ[]j[n]	0
guerrilha	ɡɨʀiʎɐ	ɡeʀiʎɐ	ɡ[ɨ]ʀiʎɐ	ɡ[e]ʀiʎɐ	0
guerrilhar	ɡɨʀiʎar	ɡeʀiʎar	ɡ[ɨ]ʀiʎar	ɡ[e]ʀiʎar	0
guerrilheiro	ɡɨʀiʎɐjru	ɡeʀiʎɐjru	ɡ[ɨ]ʀiʎɐjru	ɡ[e]ʀiʎɐjru	0
guevissar	ɡɨvisar	ɡevisar	ɡ[ɨ]visar	ɡ[e]visar	0
guxe	ɡuʃe	ɡuʃɨ	ɡuʃ[e]	ɡuʃ[ɨ]	0
hamamelidácea	ɐmɐmɨlidasjɐ	ɐmɐmelidasiɐ	ɐmɐm[ɨ]lidas[j]ɐ	ɐmɐm[e]lidas[i]ɐ	0
hamamelidáceas	ɐmɐmɨlidasjɐʃ	ɐmɐmelidasiɐʃ	ɐmɐm[ɨ]lidas[j]ɐʃ	ɐmɐm[e]lidas[i]ɐʃ	0
hemal	emaɫ	ɨmaɫ	[e]maɫ	[ɨ]maɫ	0
hera-terrestre	ɛrɐtɨʀɛʃtrɨ	ɛrɐteʀɛʃtrɨ	ɛrɐt[ɨ]ʀɛʃtrɨ	ɛrɐt[e]ʀɛʃtrɨ	0
herdar	erdar	ɨrdar	[e]rdar	[ɨ]rdar	0
hermeticamente	ermɛtikɐmẽtɨ	ɨrmɛtikɐmẽntɨ	[e]rmɛtikɐmẽtɨ[]	[ɨ]rmɛtikɐmẽnt[ɨ]	0
hienídeo	jenidju	iɨnidiw	j[e]nidj[u]	i[ɨ]nidi[w]	0
hienídeos	jenidjuʃ	iɨnidiwʃ	j[e]nidj[u]ʃ	i[ɨ]nidi[w]ʃ	0
hieracite	jerɐsitɨ	iɨrɐsitɨ	j[e]rɐsitɨ	i[ɨ]rɐsitɨ	0
hiparterial	ipɐrtɨrjaɫ	ipɐrteriaɫ	ipɐrt[ɨ]r[j]aɫ	ipɐrt[e]r[i]aɫ	0
hipercaliemia	ipɛrkɐljemiɐ	ipɛrkɐliɨmiɐ	ipɛrkɐlj[e]miɐ	ipɛrkɐli[ɨ]miɐ	0
hiperceratose	ipɛrsɨrɐtɔzɨ	ipɛrserɐtɔzɨ	ipɛrs[ɨ]rɐtɔzɨ	ipɛrs[e]rɐtɔzɨ	0
hipercerebração	ipɛrsɨrɨbrɐsɐ̃w̃	ipɛrserɨbrɐsɐ̃w̃	ipɛrs[ɨ]rɨbrɐsɐ̃w̃	ipɛrs[e]rɨbrɐsɐ̃w̃	0
hipergenesia	ipɛrʒɨnɨziɐ	ipɛrʒenɨziɐ	ipɛrʒ[ɨ]nɨziɐ	ipɛrʒ[e]nɨziɐ	0
hipermenorreia	ipɛrmɨnuʀɐjɐ	ipɛrmenuʀɛjɐ	ipɛrm[ɨ]nuʀ[ɐ]jɐ	ipɛrm[e]nuʀ[ɛ]jɐ	0
hipermenorréia	ipɛrmɨnuʀɐjɐ	ipɛrmenuʀɛjɐ	ipɛrm[ɨ]nuʀ[ɐ]jɐ	ipɛrm[e]nuʀ[ɛ]jɐ	0
hipermetropia	ipɛrmɨtrupiɐ	ipɛrmetrupiɐ	ipɛrm[ɨ]trupiɐ	ipɛrm[e]trupiɐ	0
hiperqueratose	ipɛrkɨrɐtɔzɨ	ipɛrkerɐtɔzɨ	ipɛrk[ɨ]rɐtɔzɨ	ipɛrk[e]rɐtɔzɨ	0
hipoemia	ipɔemiɐ	ipɔɨmiɐ	ipɔ[e]miɐ	ipɔ[ɨ]miɐ	0
homogeneidade	ɔmɔʒɨnɐjdadɨ	ɔmɔʒenɐjdadɨ	ɔmɔʒ[ɨ]nɐjdadɨ	ɔmɔʒ[e]nɐjdadɨ	0
homogeneização	ɔmɔʒɨnɐjzɐsɐ̃w̃	ɔmɔʒenɐjzɐsɐ̃w̃	ɔmɔʒ[ɨ]nɐjzɐsɐ̃w̃	ɔmɔʒ[e]nɐjzɐsɐ̃w̃	0
homogeneizado	ɔmɔʒɨnɐjzadu	ɔmɔʒenɐjzadu	ɔmɔʒ[ɨ]nɐjzadu	ɔmɔʒ[e]nɐjzadu	0
homogeneizador	ɔmɔʒɨnɐjzɐdor	ɔmɔʒenɐjzɐdor	ɔmɔʒ[ɨ]nɐjzɐdor	ɔmɔʒ[e]nɐjzɐdor	0
homogeneizante	ɔmɔʒɨnɐjzɐ̃tɨ	ɔmɔʒenɐjzɐ̃ntɨ	ɔmɔʒ[ɨ]nɐjzɐ̃[]tɨ	ɔmɔʒ[e]nɐjzɐ̃[n]tɨ	0
homogeneizar	ɔmɔʒɨnɐjzar	ɔmɔʒenɐjzar	ɔmɔʒ[ɨ]nɐjzar	ɔmɔʒ[e]nɐjzar	0
homogenesia	ɔmɔʒɨnɨziɐ	ɔmɔʒenɨziɐ	ɔmɔʒ[ɨ]nɨziɐ	ɔmɔʒ[e]nɨziɐ	0
homomerologia	ɔmɔmɨruluʒiɐ	ɔmɔmeruluʒiɐ	ɔmɔm[ɨ]ruluʒiɐ	ɔmɔm[e]ruluʒiɐ	0
homomerológico	ɔmɔmɨrulɔʒiku	ɔmɔmerulɔʒiku	ɔmɔm[ɨ]rulɔʒiku	ɔmɔm[e]rulɔʒiku	0
iliberalidade	ilibɨrɐlidadɨ	iliberɐlidadɨ	ilib[ɨ]rɐlidadɨ	ilib[e]rɐlidadɨ	0
iliberalismo	ilibɨrɐliʒmu	iliberɐliʒmu	ilib[ɨ]rɐliʒmu	ilib[e]rɐliʒmu	0
iliteracia	ilitɨrɐsiɐ	iliterɐsiɐ	ilit[ɨ]rɐsiɐ	ilit[e]rɐsiɐ	0
imarcescibilidade	imɐrsɨʃsibilidadɨ	imɐrseʃsibilidadɨ	imɐrs[ɨ]ʃsibilidadɨ	imɐrs[e]ʃsibilidadɨ	0
imaterialidade	imɐtɨrjɐlidadɨ	imɐteriɐlidadɨ	imɐt[ɨ]r[j]ɐlidadɨ	imɐt[e]r[i]ɐlidadɨ	0
imaterial	imɐtɨrjaɫ	imɐteriaɫ	imɐt[ɨ]r[j]aɫ	imɐt[e]r[i]aɫ	0
imaterialismo	imɐtɨrjɐliʒmu	imɐteriɐliʒmu	imɐt[ɨ]r[j]ɐliʒmu	imɐt[e]r[i]ɐliʒmu	0
imaterialista	imɐtɨrjɐliʃtɐ	imɐteriɐliʃtɐ	imɐt[ɨ]r[j]ɐliʃtɐ	imɐt[e]r[i]ɐliʃtɐ	0
imaterializar	imɐtɨrjɐlizar	imɐteriɐlizar	imɐt[ɨ]r[j]ɐlizar	imɐt[e]r[i]ɐlizar	0
imerecidamente	imɨrɨsidɐmẽtɨ	imɨresidɐmẽntɨ	imɨr[ɨ]sidɐmẽtɨ[]	imɨr[e]sidɐmẽnt[ɨ]	0
imisericórdia	imizɨrikɔrdjɐ	imizerikɔrdjɐ	imiz[ɨ]rikɔrdjɐ	imiz[e]rikɔrdjɐ	0
imisericordioso	imizɨrikurdjozu	imizerikurdiozu	imiz[ɨ]rikurd[j]ozu	imiz[e]rikurd[i]ozu	0
inacessibilidade	inɐsɨsibilidadɨ	inɐsesibilidadɨ	inɐs[ɨ]sibilidadɨ	inɐs[e]sibilidadɨ	0
inacreditável	inɐkrɨditavɛɫ	inɐkreditavɛɫ	inɐkr[ɨ]ditavɛɫ	inɐkr[e]ditavɛɫ	0
inacreditavelmente	inɐkrɨditavɛɫmẽtɨ	inɐkreditavɛɫmẽntɨ	inɐkr[ɨ]ditavɛɫmẽtɨ[]	inɐkr[e]ditavɛɫmẽnt[ɨ]	0
inadvertidamente	inɐdvɨrtidɐmẽtɨ	inɐdvertidɐmẽntɨ	inɐdv[ɨ]rtidɐmẽtɨ[]	inɐdv[e]rtidɐmẽnt[ɨ]	0
inalienado	inɐljenadu	inɐliɨnadu	inɐlj[e]nadu	inɐli[ɨ]nadu	0
inalienar	inɐljenar	inɐliɨnar	inɐlj[e]nar	inɐli[ɨ]nar	0
inapelabilidade	inɐpɨlɐbilidadɨ	inɐpelɐbilidadɨ	inɐp[ɨ]lɐbilidadɨ	inɐp[e]lɐbilidadɨ	0
inapercebido	inɐpɨrsɨbidu	inɐpersɨbidu	inɐp[ɨ]rsɨbidu	inɐp[e]rsɨbidu	0
inapreciado	inɐprɨsjadu	inɐpresiadu	inɐpr[ɨ]s[j]adu	inɐpr[e]s[i]adu	0
inapreciável	inɐprɨsjavɛɫ	inɐpresiavɛɫ	inɐpr[ɨ]s[j]avɛɫ	inɐpr[e]s[i]avɛɫ	0
inapresentável	inɐprɨzẽtavɛɫ	inɐprezẽntavɛɫ	inɐpr[ɨ]zẽtavɛɫ[]	inɐpr[e]zẽntavɛ[ɫ]	0
inarrecadável	inɐʀɨkɐdavɛɫ	inɐʀekɐdavɛɫ	inɐʀ[ɨ]kɐdavɛɫ	inɐʀ[e]kɐdavɛɫ	0
inauferibilidade	inawfɨribilidadɨ	inawferibilidadɨ	inawf[ɨ]ribilidadɨ	inawf[e]ribilidadɨ	0
inavegabilidade	inɐvɨɡɐbilidadɨ	inɐveɡɐbilidadɨ	inɐv[ɨ]ɡɐbilidadɨ	inɐv[e]ɡɐbilidadɨ	0
inaveriguabilidade	inɐvɨriɡwɐbilidadɨ	inɐveriɡwɐbilidadɨ	inɐv[ɨ]riɡwɐbilidadɨ	inɐv[e]riɡwɐbilidadɨ	0
inaveriguável	inɐvɨriɡwavɛɫ	inɐveriɡwavɛɫ	inɐv[ɨ]riɡwavɛɫ	inɐv[e]riɡwavɛɫ	0
inequifacial	inekwifɐsjaɫ	inɨkifɐsiaɫ	in[e]k[w]ifɐs[j]aɫ	in[ɨ]k[]ifɐs[i]aɫ	0
inequilátero	inekwilatɨru	inɨkilatɨru	in[e]k[w]ilatɨru	in[ɨ]k[]ilatɨru	0
ineqüilátero	inekwilatɨru	inɨkwilatɨru	in[e]kwilatɨru	in[ɨ]kwilatɨru	0
inequivalve	inekwivaɫvɨ	inɨkivaɫvɨ	in[e]k[w]ivaɫvɨ	in[ɨ]k[]ivaɫvɨ	0
ineqüivalve	inekwivaɫvɨ	inɨkwivaɫvɨ	in[e]kwivaɫvɨ	in[ɨ]kwivaɫvɨ	0
inerrância	ineʀɐ̃sjɐ	inɨʀɐ̃nsjɐ	in[e]ʀɐ̃[]sjɐ	in[ɨ]ʀɐ̃[n]sjɐ	0
inerrante	ineʀɐ̃tɨ	inɨʀɐ̃ntɨ	in[e]ʀɐ̃[]tɨ	in[ɨ]ʀɐ̃[n]tɨ	0
inexecução	inɨzɨkusɐ̃w̃	inɨzekusɐ̃w̃	inɨz[ɨ]kusɐ̃w̃	inɨz[e]kusɐ̃w̃	0
inexecutável	inɨzɨkutavɛɫ	inɨzekutavɛɫ	inɨz[ɨ]kutavɛɫ	inɨz[e]kutavɛɫ	0
irregenerável	iʀɨʒɨnɨravɛɫ	iʀɨʒenɨravɛɫ	iʀɨʒ[ɨ]nɨravɛɫ	iʀɨʒ[e]nɨravɛɫ	0
irremediabilidade	iʀɨmɨdjɐbilidadɨ	iʀɨmediɐbilidadɨ	iʀɨm[ɨ]d[j]ɐbilidadɨ	iʀɨm[e]d[i]ɐbilidadɨ	0
irremediável	iʀɨmɨdjavɛɫ	iʀɨmediavɛɫ	iʀɨm[ɨ]d[j]avɛɫ	iʀɨm[e]d[i]avɛɫ	0
irrenegociável	iʀɨnɨɡusjavɛɫ	iʀɨneɡusiavɛɫ	iʀɨn[ɨ]ɡus[j]avɛɫ	iʀɨn[e]ɡus[i]avɛɫ	0
irrepresentabilidade	iʀɨprɨzẽtɐbilidadɨ	iʀɨprezẽntɐbilidadɨ	iʀɨpr[ɨ]zẽtɐbi[l]id[a]dɨ[]	iʀɨpr[e]zẽntɐ[b]il[i]dad[ɨ]	0
irrepresentatividade	iʀɨprɨzẽtɐtividadɨ	iʀɨprezẽntɐtividadɨ	iʀɨpr[ɨ]zẽt[ɐ]ti[v]id[a]dɨ[]	iʀɨpr[e]zẽ[n]tɐ[t]iv[i]dad[ɨ]	0
irrepresentativo	iʀɨprɨzẽtɐtivu	iʀɨprezẽntɐtivu	iʀɨpr[ɨ]zẽt[ɐ]tivu[]	iʀɨpr[e]zẽ[n]tɐtiv[u]	0
irrepresentável	iʀɨprɨzẽtavɛɫ	iʀɨprezẽntavɛɫ	iʀɨpr[ɨ]zẽtavɛɫ[]	iʀɨpr[e]zẽntavɛ[ɫ]	0
irreverenciar	iʀɨvɨrẽsjar	iʀɨverẽnsiar	iʀɨv[ɨ]rẽsjar[]	iʀɨv[e]rẽnsia[r]	0
irreverenciosamente	iʀɨvɨrẽsjɔzɐmẽtɨ	iʀɨverẽnsiɔzɐmẽntɨ	iʀɨv[ɨ]rẽsjɔzɐmẽtɨ[]	iʀɨv[e]rẽnsiɔzɐmẽnt[ɨ]	0
irreverencioso	iʀɨvɨrẽsjozu	iʀɨverẽnsiozu	iʀɨv[ɨ]rẽsjozu[]	iʀɨv[e]rẽnsioz[u]	0
irreverentemente	iʀɨvɨrẽtɨmẽtɨ	iʀɨverẽntɨmẽntɨ	iʀɨv[ɨ]rẽtɨmẽtɨ[]	iʀɨv[e]rẽntɨmẽnt[ɨ]	0
irreversibilidade	iʀɨvɨrsibilidadɨ	iʀɨversibilidadɨ	iʀɨv[ɨ]rsibilidadɨ	iʀɨv[e]rsibilidadɨ	0
jalde	ʒaɫdɨ	ʒaɫde	ʒaɫd[ɨ]	ʒaɫd[e]	0
jalne	ʒaɫnɨ	ʒaɫne	ʒaɫn[ɨ]	ʒaɫn[e]	0
jecoral	ʒɨkuraɫ	ʒekuraɫ	ʒ[ɨ]kuraɫ	ʒ[e]kuraɫ	0
jecorário	ʒɨkurarju	ʒekurarju	ʒ[ɨ]kurarju	ʒ[e]kurarju	0
jecuíba	ʒɨkwibɐ	ʒekuibɐ	ʒ[ɨ]k[w]ibɐ	ʒ[e]k[u]ibɐ	0
jejuador	ʒɨʒwɐdor	ʒeʒuɐdor	ʒ[ɨ]ʒ[w]ɐdor	ʒ[e]ʒ[u]ɐdor	0
jejuar	ʒɨʒwar	ʒeʒuar	ʒ[ɨ]ʒ[w]ar	ʒ[e]ʒ[u]ar	0
jejunal	ʒɨʒunaɫ	ʒeʒunaɫ	ʒ[ɨ]ʒunaɫ	ʒ[e]ʒunaɫ	0
jejunostomia	ʒɨʒunɔʃtumiɐ	ʒeʒunuʃtumiɐ	ʒ[ɨ]ʒun[ɔ]ʃtumiɐ	ʒ[e]ʒun[u]ʃtumiɐ	0
jejuno	ʒɨʒunu	ʒeʒunu	ʒ[ɨ]ʒunu	ʒ[e]ʒunu	0
jelaba	ʒɨlabɐ	ʒelabɐ	ʒ[ɨ]labɐ	ʒ[e]labɐ	0
jenipapada	ʒɨnipɐpadɐ	ʒenipɐpadɐ	ʒ[ɨ]nipɐpadɐ	ʒ[e]nipɐpadɐ	0
jenipapeiro	ʒɨnipɐpɐjru	ʒenipɐpɐjru	ʒ[ɨ]nipɐpɐjru	ʒ[e]nipɐpɐjru	0
jenipapo	ʒɨnipapu	ʒenipapu	ʒ[ɨ]nipapu	ʒ[e]nipapu	0
jenolim	ʒɨnulĩ	ʒenulĩn	ʒ[ɨ]nulĩ[]	ʒ[e]nulĩ[n]	0
jequirioba	ʒɨkirjɔbɐ	ʒekiriobɐ	ʒ[ɨ]kirj[ɔ]bɐ	ʒ[e]kiri[o]bɐ	0
jequitiranaboia	ʒɨkitirɐnɐbɔjɐ	ʒekitirɐnɐbɔjɐ	ʒ[ɨ]kitirɐnɐbɔjɐ	ʒ[e]kitirɐnɐbɔjɐ	0
jequitiranabóia	ʒɨkitirɐnɐbɔjɐ	ʒekitirɐnɐbɔjɐ	ʒ[ɨ]kitirɐnɐbɔjɐ	ʒ[e]kitirɐnɐbɔjɐ	0
jerárquico	ʒɨrarkiku	ʒerarkiku	ʒ[ɨ]rarkiku	ʒ[e]rarkiku	0
jereba	ʒɨrebɐ	ʒerɛbɐ	ʒ[ɨ]r[e]bɐ	ʒ[e]r[ɛ]bɐ	0
jeremiada	ʒɨrɨmjadɐ	ʒerɨmiadɐ	ʒ[ɨ]rɨm[j]adɐ	ʒ[e]rɨm[i]adɐ	0
jeremiar	ʒɨrɨmjar	ʒerɨmiar	ʒ[ɨ]rɨm[j]ar	ʒ[e]rɨm[i]ar	0
jererê	ʒɨrɛre	ʒerɨre	ʒ[ɨ]r[ɛ]re	ʒ[e]r[ɨ]re	0
jereré	ʒɨrɛrɛ	ʒerɨrɛ	ʒ[ɨ]r[ɛ]rɛ	ʒ[e]r[ɨ]rɛ	0
jeribazeiro	ʒɨribɐzɐjru	ʒeribɐzɐjru	ʒ[ɨ]ribɐzɐjru	ʒ[e]ribɐzɐjru	0
jeribá	ʒɨriba	ʒeriba	ʒ[ɨ]riba	ʒ[e]riba	0
jeribita	ʒɨribitɐ	ʒeribitɐ	ʒ[ɨ]ribitɐ	ʒ[e]ribitɐ	0
jericada	ʒɨrikadɐ	ʒerikadɐ	ʒ[ɨ]rikadɐ	ʒ[e]rikadɐ	0
jerical	ʒɨrikaɫ	ʒerikaɫ	ʒ[ɨ]rikaɫ	ʒ[e]rikaɫ	0
jerico	ʒɨriku	ʒeriku	ʒ[ɨ]riku	ʒ[e]riku	0
jerimum	ʒɨrimũ	ʒerimũm	ʒ[ɨ]rimũ[]	ʒ[e]rimũ[m]	0
jerimu	ʒɨrimu	ʒerimu	ʒ[ɨ]rimu	ʒ[e]rimu	0
jeripiti	ʒɨripiti	ʒeripiti	ʒ[ɨ]ripiti	ʒ[e]ripiti	0
jerivá	ʒɨriva	ʒeriva	ʒ[ɨ]riva	ʒ[e]riva	0
jeronimita	ʒɨrɔnimitɐ	ʒerunimitɐ	ʒ[ɨ]r[ɔ]nimitɐ	ʒ[e]r[u]nimitɐ	0
jerônimo	ʒɨronimu	ʒeronimu	ʒ[ɨ]ronimu	ʒ[e]ronimu	0
jerónimo	ʒɨrɔnimu	ʒerɔnimu	ʒ[ɨ]rɔnimu	ʒ[e]rɔnimu	0
jeropiga	ʒɨrupiɡɐ	ʒerupiɡɐ	ʒ[ɨ]rupiɡɐ	ʒ[e]rupiɡɐ	0
jerosolimitano	ʒɨruzulimitɐnu	ʒeruzulimitɐ̃nu	ʒ[ɨ]ruzulimitɐ[]nu	ʒ[e]ruzulimitɐ[̃]nu	0
jessaí	ʒɨsɐi	ʒesɐi	ʒ[ɨ]sɐi	ʒ[e]sɐi	0
jesuitada	ʒɨzwitadɐ	ʒezujtadɐ	ʒ[ɨ]zw[i]tadɐ	ʒ[e]zu[j]tadɐ	0
jesuíta	ʒɨzwitɐ	ʒezuitɐ	ʒ[ɨ]z[w]itɐ	ʒ[e]z[u]itɐ	0
jesuitice	ʒɨzwitisɨ	ʒezujtisɨ	ʒ[ɨ]zw[i]tisɨ	ʒ[e]zu[j]tisɨ	0
jesuítico	ʒɨzwitiku	ʒezuitiku	ʒ[ɨ]z[w]itiku	ʒ[e]z[u]itiku	0
jesuitismo	ʒɨzwitiʒmu	ʒezujtiʒmu	ʒ[ɨ]zw[i]tiʒmu	ʒ[e]zu[j]tiʒmu	0
jesuitofobia	ʒɨzwitɔfubiɐ	ʒezujtufubiɐ	ʒ[ɨ]zw[i]t[ɔ]fubiɐ	ʒ[e]zu[j]t[u]fubiɐ	0
jetaíba	ʒɨtaibɐ	ʒetɐibɐ	ʒ[ɨ]t[a]ibɐ	ʒ[e]t[ɐ]ibɐ	0
jetaiuva	ʒɨtajuvɐ	ʒetɐjuvɐ	ʒ[ɨ]t[a]juvɐ	ʒ[e]t[ɐ]juvɐ	0
jetaiúva	ʒɨtajuvɐ	ʒetɐjuvɐ	ʒ[ɨ]t[a]juvɐ	ʒ[e]t[ɐ]juvɐ	0
jetaí	ʒɨtai	ʒetɐi	ʒ[ɨ]t[a]i	ʒ[e]t[ɐ]i	0
jetica	ʒɨtikɐ	ʒetikɐ	ʒ[ɨ]tikɐ	ʒ[e]tikɐ	0
jupiteriano	ʒupitɨrjɐnu	ʒupiteriɐ̃nu	ʒupit[ɨ]r[j]ɐ[]nu	ʒupit[e]r[i]ɐ[̃]nu	0
justavertebral	ʒuʃtɐvɨrtɨbraɫ	ʒuʃtɐvertɨbraɫ	ʒuʃtɐv[ɨ]rtɨbraɫ	ʒuʃtɐv[e]rtɨbraɫ	0
kepleriano	kɛplɨrjɐnu	kɛpleriɐ̃nu	kɛpl[ɨ]r[j]ɐ[]nu	kɛpl[e]r[i]ɐ[̃]nu	0
kernita	kɨrnitɐ	kernitɐ	k[ɨ]rnitɐ	k[e]rnitɐ	0
kierkegaardiano	kirkɨɡardjɐnu	kirkeɡardiɐ̃nu	kirk[ɨ]ɡard[j]ɐ[]nu	kirk[e]ɡard[i]ɐ[̃]nu	0
lacrimejamento	lɐkrimɨʒɐmẽtu	lɐkrimeʒɐmẽntu	lɐkrim[ɨ]ʒɐmẽtu[]	lɐkrim[e]ʒɐmẽnt[u]	0
lágrimas-de-nossa-senhora	laɡrimɐʒdɨnɔsɐsɨɲorɐ	laɡrimɐʒdɨnɔsɐseɲorɐ	laɡrimɐʒdɨnɔsɐs[ɨ]ɲorɐ	laɡrimɐʒdɨnɔsɐs[e]ɲorɐ	0
lamelação	lɐmɨlɐsɐ̃w̃	lɐmelɐsɐ̃w̃	lɐm[ɨ]lɐsɐ̃w̃	lɐm[e]lɐsɐ̃w̃	0
lamelofone	lɐmɨlɔfɔnɨ	lɐmelufonɨ	lɐm[ɨ]l[ɔ]f[ɔ]nɨ	lɐm[e]l[u]f[o]nɨ	0
lápide	lapide	lapidɨ	lapid[e]	lapid[ɨ]	0
leborinho	lɨburiɲu	leburiɲu	l[ɨ]buriɲu	l[e]buriɲu	0
lebracho	lɨbraʃu	lebraʃu	l[ɨ]braʃu	l[e]braʃu	0
lebrada	lɨbradɐ	lebradɐ	l[ɨ]bradɐ	l[e]bradɐ	0
lebreiro	lɨbrɐjru	lebrɐjru	l[ɨ]brɐjru	l[e]brɐjru	0
lecanomancia	lɨkɐnumɐ̃siɐ	lekɐnumɐ̃nsiɐ	l[ɨ]kɐnumɐ̃[]siɐ	l[e]kɐnumɐ̃[n]siɐ	0
lecanomante	lɨkɐnumɐ̃tɨ	lekɐnumɐ̃ntɨ	l[ɨ]kɐnumɐ̃[]tɨ	l[e]kɐnumɐ̃[n]tɨ	0
lecanomântico	lɨkɐnumɐ̃tiku	lekɐnumɐ̃ntiku	l[ɨ]kɐnumɐ̃[]tiku	l[e]kɐnumɐ̃[n]tiku	0
lecitidáceas	lɨsitidasjɐʃ	lesitidasiɐʃ	l[ɨ]sitidas[j]ɐʃ	l[e]sitidas[i]ɐʃ	0
lecitina	lɨsitinɐ	lesitinɐ	l[ɨ]sitinɐ	l[e]sitinɐ	0
lediano	lɨdjɐnu	lediɐ̃nu	l[ɨ]d[j]ɐ[]nu	l[e]d[i]ɐ[̃]nu	0
ledice	lɨdisɨ	ledisɨ	l[ɨ]disɨ	l[e]disɨ	0
legacão	lɨɡɐkɐ̃w̃	leɡɐkɐ̃w̃	l[ɨ]ɡɐkɐ̃w̃	l[e]ɡɐkɐ̃w̃	0
legação	lɨɡɐsɐ̃w̃	leɡɐsɐ̃w̃	l[ɨ]ɡɐsɐ̃w̃	l[e]ɡɐsɐ̃w̃	0
legacia	lɨɡɐsiɐ	leɡɐsiɐ	l[ɨ]ɡɐsiɐ	l[e]ɡɐsiɐ	0
legalidade	lɨɡɐlidadɨ	leɡɐlidadɨ	l[ɨ]ɡɐlidadɨ	l[e]ɡɐlidadɨ	0
legalismo	lɨɡɐliʒmu	leɡɐliʒmu	l[ɨ]ɡɐliʒmu	l[e]ɡɐliʒmu	0
legalista	lɨɡɐliʃtɐ	leɡɐliʃtɐ	l[ɨ]ɡɐliʃtɐ	l[e]ɡɐliʃtɐ	0
legalístico	lɨɡɐliʃtiku	leɡɐliʃtiku	l[ɨ]ɡɐliʃtiku	l[e]ɡɐliʃtiku	0
legalitário	lɨɡɐlitarju	leɡɐlitarju	l[ɨ]ɡɐlitarju	l[e]ɡɐlitarju	0
legalização	lɨɡɐlizɐsɐ̃w̃	leɡɐlizɐsɐ̃w̃	l[ɨ]ɡɐlizɐsɐ̃w̃	l[e]ɡɐlizɐsɐ̃w̃	0
legalizado	lɨɡɐlizadu	leɡɐlizadu	l[ɨ]ɡɐlizadu	l[e]ɡɐlizadu	0
legalizar	lɨɡɐlizar	leɡɐlizar	l[ɨ]ɡɐlizar	l[e]ɡɐlizar	0
legalmente	lɨɡaɫmẽtɨ	leɡaɫmẽntɨ	l[ɨ]ɡaɫmẽtɨ[]	l[e]ɡaɫmẽnt[ɨ]	0
legatário	lɨɡɐtarju	leɡɐtarju	l[ɨ]ɡɐtarju	l[e]ɡɐtarju	0
legatório	lɨɡɐtɔrju	leɡɐtɔrju	l[ɨ]ɡɐtɔrju	l[e]ɡɐtɔrju	0
legendado	lɨʒẽdadu	leʒẽndadu	l[ɨ]ʒẽd[a]du[]	l[e]ʒẽ[n]dad[u]	0
legendagem	lɨʒẽdaʒɐ̃j̃	leʒẽndaʒɐjn	l[ɨ]ʒẽdaʒɐ̃[]j[̃]	l[e]ʒẽndaʒ[ɐ]j[n]	0
legenda	lɨʒẽdɐ	leʒẽndɐ	l[ɨ]ʒẽdɐ[]	l[e]ʒẽnd[ɐ]	0
legendário	lɨʒẽdarju	leʒẽndarju	l[ɨ]ʒẽdarju[]	l[e]ʒẽndarj[u]	0
legendar	lɨʒẽdar	leʒẽndar	l[ɨ]ʒẽdar[]	l[e]ʒẽnda[r]	0
legião	lɨʒjɐ̃w̃	leʒiɐ̃w̃	l[ɨ]ʒ[j]ɐ̃w̃	l[e]ʒ[i]ɐ̃w̃	0
legibilidade	lɨʒibilidadɨ	leʒibilidadɨ	l[ɨ]ʒibilidadɨ	l[e]ʒibilidadɨ	0
legiferação	lɨʒifɨrɐsɐ̃w̃	leʒiferɐsɐ̃w̃	l[ɨ]ʒif[ɨ]rɐsɐ̃w̃	l[e]ʒif[e]rɐsɐ̃w̃	0
legiferar	lɨʒifɨrar	leʒifɨrar	l[ɨ]ʒifɨrar	l[e]ʒifɨrar	0
legífero	lɨʒifɨru	leʒifɨru	l[ɨ]ʒifɨru	l[e]ʒifɨru	0
legionário	lɨʒjunarju	leʒjunarju	l[ɨ]ʒjunarju	l[e]ʒjunarju	0
legislação	lɨʒiʒlɐsɐ̃w̃	leʒiʒlɐsɐ̃w̃	l[ɨ]ʒiʒlɐsɐ̃w̃	l[e]ʒiʒlɐsɐ̃w̃	0
legislado	lɨʒiʒladu	leʒiʒladu	l[ɨ]ʒiʒladu	l[e]ʒiʒladu	0
legislador	lɨʒiʒlɐdor	leʒiʒlɐdor	l[ɨ]ʒiʒlɐdor	l[e]ʒiʒlɐdor	0
legislar	lɨʒiʒlar	leʒiʒlar	l[ɨ]ʒiʒlar	l[e]ʒiʒlar	0
legislativas	lɨʒiʒlɐtivɐʃ	leʒiʒlɐtivɐʃ	l[ɨ]ʒiʒlɐtivɐʃ	l[e]ʒiʒlɐtivɐʃ	0
legislativo	lɨʒiʒlɐtivu	leʒiʒlɐtivu	l[ɨ]ʒiʒlɐtivu	l[e]ʒiʒlɐtivu	0
legislatório	lɨʒiʒlɐtɔrju	leʒiʒlɐtɔrju	l[ɨ]ʒiʒlɐtɔrju	l[e]ʒiʒlɐtɔrju	0
legislatura	lɨʒiʒlɐturɐ	leʒiʒlɐturɐ	l[ɨ]ʒiʒlɐturɐ	l[e]ʒiʒlɐturɐ	0
legislável	lɨʒiʒlavɛɫ	leʒiʒlavɛɫ	l[ɨ]ʒiʒlavɛɫ	l[e]ʒiʒlavɛɫ	0
legisperito	lɨʒiʃpɨritu	leʒiʃpɨritu	l[ɨ]ʒiʃpɨritu	l[e]ʒiʃpɨritu	0
legista	lɨʒiʃtɐ	leʒiʃtɐ	l[ɨ]ʒiʃtɐ	l[e]ʒiʃtɐ	0
legística	lɨʒiʃtikɐ	leʒiʃtikɐ	l[ɨ]ʒiʃtikɐ	l[e]ʒiʃtikɐ	0
legitimação	lɨʒitimɐsɐ̃w̃	leʒitimɐsɐ̃w̃	l[ɨ]ʒitimɐsɐ̃w̃	l[e]ʒitimɐsɐ̃w̃	0
legitimado	lɨʒitimadu	leʒitimadu	l[ɨ]ʒitimadu	l[e]ʒitimadu	0
legitimador	lɨʒitimɐdor	leʒitimɐdor	l[ɨ]ʒitimɐdor	l[e]ʒitimɐdor	0
legítima	lɨʒitimɐ	leʒitimɐ	l[ɨ]ʒitimɐ	l[e]ʒitimɐ	0
legitimário	lɨʒitimarju	leʒitimarju	l[ɨ]ʒitimarju	l[e]ʒitimarju	0
legitimar	lɨʒitimar	leʒitimar	l[ɨ]ʒitimar	l[e]ʒitimar	0
legitimidade	lɨʒitimidadɨ	leʒitimidadɨ	l[ɨ]ʒitimidadɨ	l[e]ʒitimidadɨ	0
legitimismo	lɨʒitimiʒmu	leʒitimiʒmu	l[ɨ]ʒitimiʒmu	l[e]ʒitimiʒmu	0
legitimista	lɨʒitimiʃtɐ	leʒitimiʃtɐ	l[ɨ]ʒitimiʃtɐ	l[e]ʒitimiʃtɐ	0
legitimístico	lɨʒitimiʃtiku	leʒitimiʃtiku	l[ɨ]ʒitimiʃtiku	l[e]ʒitimiʃtiku	0
legítimo	lɨʒitimu	leʒitimu	l[ɨ]ʒitimu	l[e]ʒitimu	0
legível	lɨʒivɛɫ	leʒivɛɫ	l[ɨ]ʒivɛɫ	l[e]ʒivɛɫ	0
legração	lɨɡrɐsɐ̃w̃	leɡrɐsɐ̃w̃	l[ɨ]ɡrɐsɐ̃w̃	l[e]ɡrɐsɐ̃w̃	0
legradura	lɨɡrɐdurɐ	leɡrɐdurɐ	l[ɨ]ɡrɐdurɐ	l[e]ɡrɐdurɐ	0
leguelhé	lɨɡɨʎɛ	leɡɨʎɛ	l[ɨ]ɡɨʎɛ	l[e]ɡɨʎɛ	0
leguleio	lɨɡulɐju	leɡuleju	l[ɨ]ɡul[ɐ]ju	l[e]ɡul[e]ju	0
legulejo	lɨɡulɐjʒu	leɡuleʒu	l[ɨ]ɡulɐ[j]ʒu	l[e]ɡule[]ʒu	0
legumeiro	lɨɡumɐjru	leɡumɐjru	l[ɨ]ɡumɐjru	l[e]ɡumɐjru	0
legume	lɨɡumɨ	leɡumɨ	l[ɨ]ɡumɨ	l[e]ɡumɨ	0
legumina	lɨɡuminɐ	leɡuminɐ	l[ɨ]ɡuminɐ	l[e]ɡuminɐ	0
leguminário	lɨɡuminarju	leɡuminarju	l[ɨ]ɡuminarju	l[e]ɡuminarju	0
leguminiforme	lɨɡuminifɔrmɨ	leɡuminifɔrmɨ	l[ɨ]ɡuminifɔrmɨ	l[e]ɡuminifɔrmɨ	0
leguminista	lɨɡuminiʃtɐ	leɡuminiʃtɐ	l[ɨ]ɡuminiʃtɐ	l[e]ɡuminiʃtɐ	0
leguminívoro	lɨɡuminivuru	leɡuminivuru	l[ɨ]ɡuminivuru	l[e]ɡuminivuru	0
leguminosas	lɨɡuminɔzɐʃ	leɡuminɔzɐʃ	l[ɨ]ɡuminɔzɐʃ	l[e]ɡuminɔzɐʃ	0
legumista	lɨɡumiʃtɐ	leɡumiʃtɐ	l[ɨ]ɡumiʃtɐ	l[e]ɡumiʃtɐ	0
lemático	lɨmatiku	lematiku	l[ɨ]matiku	l[e]matiku	0
lematização	lɨmɐtizɐsɐ̃w̃	lemɐtizɐsɐ̃w̃	l[ɨ]mɐtizɐsɐ̃w̃	l[e]mɐtizɐsɐ̃w̃	0
lematizar	lɨmɐtizar	lemɐtizar	l[ɨ]mɐtizar	l[e]mɐtizar	0
lemiste	lɨmiʃtɨ	lemiʃtɨ	l[ɨ]miʃtɨ	l[e]miʃtɨ	0
lemografia	lɨmuɡrɐfiɐ	lemuɡrɐfiɐ	l[ɨ]muɡrɐfiɐ	l[e]muɡrɐfiɐ	0
lemural	lɨmuraɫ	lemuraɫ	l[ɨ]muraɫ	l[e]muraɫ	0
lemúria	lɨmurjɐ	lemurjɐ	l[ɨ]murjɐ	l[e]murjɐ	0
lemuriano	lɨmurjɐnu	lemuriɐ̃nu	l[ɨ]mur[j]ɐ[]nu	l[e]mur[i]ɐ[̃]nu	0
lemúrias	lɨmurjɐʃ	lemurɪɐʃ	l[ɨ]mur[j]ɐʃ	l[e]mur[ɪ]ɐʃ	0
lemúridas	lɨmuridɐʃ	lemuridɐʃ	l[ɨ]muridɐʃ	l[e]muridɐʃ	0
lemurídeos	lɨmuridjuʃ	lemuridiwʃ	l[ɨ]muridj[u]ʃ	l[e]muridi[w]ʃ	0
lemúrio	lɨmurju	lemurju	l[ɨ]murju	l[e]murju	0
leneias	lɨnɐjɐʃ	lenɛjɐʃ	l[ɨ]n[ɐ]jɐʃ	l[e]n[ɛ]jɐʃ	0
lenhador	lɨɲɐdor	leɲɐdor	l[ɨ]ɲɐdor	l[e]ɲɐdor	0
lenheiro	lɨɲɐjru	leɲɐjru	l[ɨ]ɲɐjru	l[e]ɲɐjru	0
lenhificação	lɨɲifikɐsɐ̃w̃	leɲifikɐsɐ̃w̃	l[ɨ]ɲifikɐsɐ̃w̃	l[e]ɲifikɐsɐ̃w̃	0
lenhificar	lɨɲifikar	leɲifikar	l[ɨ]ɲifikar	l[e]ɲifikar	0
lenhina	lɨɲinɐ	leɲinɐ	l[ɨ]ɲinɐ	l[e]ɲinɐ	0
lenhita	lɨɲitɐ	leɲitɐ	l[ɨ]ɲitɐ	l[e]ɲitɐ	0
lenhite	lɨɲitɨ	leɲitɨ	l[ɨ]ɲitɨ	l[e]ɲitɨ	0
lenhito	lɨɲitu	leɲitu	l[ɨ]ɲitu	l[e]ɲitu	0
lenhívoro	lɨɲivuru	leɲivuru	l[ɨ]ɲivuru	l[e]ɲivuru	0
lenhose	lɨɲɔzɨ	leɲɔzɨ	l[ɨ]ɲɔzɨ	l[e]ɲɔzɨ	0
lenhoso	lɨɲozu	leɲozu	l[ɨ]ɲozu	l[e]ɲozu	0
lenidade	lɨnidadɨ	lenidadɨ	l[ɨ]nidadɨ	l[e]nidadɨ	0
leniente	lɨnjẽtɨ	leniẽntɨ	l[ɨ]njẽtɨ[]	l[e]niẽnt[ɨ]	0
lenificar	lɨnifikar	lenifikar	l[ɨ]nifikar	l[e]nifikar	0
lenimento	lɨnimẽtu	lenimẽntu	l[ɨ]nimẽtu[]	l[e]nimẽnt[u]	0
lenimentoso	lɨnimẽtozu	lenimẽntozu	l[ɨ]nimẽtozu[]	l[e]nimẽntoz[u]	0
lenitivo	lɨnitivu	lenitivu	l[ɨ]nitivu	l[e]nitivu	0
lenocínio	lɨnusinju	lenusinju	l[ɨ]nusinju	l[e]nusinju	0
lepádidas	lɨpadidɐʃ	lepadidɐʃ	l[ɨ]padidɐʃ	l[e]padidɐʃ	0
lepadídeos	lɨpɐdidjuʃ	lepɐdidiwʃ	l[ɨ]pɐdidj[u]ʃ	l[e]pɐdidi[w]ʃ	0
lepidopídeos	lɨpidupidjuʃ	lepidupidiwʃ	l[ɨ]pidupidj[u]ʃ	l[e]pidupidi[w]ʃ	0
lepidossirênidas	lɨpidɔsirenidɐʃ	lepidusirenidɐʃ	l[ɨ]pid[ɔ]sirenidɐʃ	l[e]pid[u]sirenidɐʃ	0
lepidossirénidas	lɨpidɔsirɛnidɐʃ	lepidusirɛnidɐʃ	l[ɨ]pid[ɔ]sirɛnidɐʃ	l[e]pid[u]sirɛnidɐʃ	0
lepidossirenídeos	lɨpidɔsirɨnidjuʃ	lepidusirɨnidiwʃ	l[ɨ]pid[ɔ]sirɨnidj[u]ʃ	l[e]pid[u]sirɨnidi[w]ʃ	0
lepisma	lɨpiʒmɐ	lepiʒmɐ	l[ɨ]piʒmɐ	l[e]piʒmɐ	0
leporário	lɨpurarju	lepurarju	l[ɨ]purarju	l[e]purarju	0
lepóridas	lɨpɔridɐʃ	lepɔridɐʃ	l[ɨ]pɔridɐʃ	l[e]pɔridɐʃ	0
leporídeos	lɨpuridjuʃ	lepuridiwʃ	l[ɨ]puridj[u]ʃ	l[e]puridi[w]ʃ	0
leporino	lɨpurinu	lepurinu	l[ɨ]purinu	l[e]purinu	0
leprocômio	lɨprɔkomju	leprukomju	l[ɨ]pr[ɔ]komju	l[e]pr[u]komju	0
leprocómio	lɨprɔkɔmju	leprukɔmju	l[ɨ]pr[ɔ]kɔmju	l[e]pr[u]kɔmju	0
leprologia	lɨpruluʒiɐ	lepruluʒiɐ	l[ɨ]pruluʒiɐ	l[e]pruluʒiɐ	0
leprológico	lɨprulɔʒiku	leprulɔʒiku	l[ɨ]prulɔʒiku	l[e]prulɔʒiku	0
leprólogo	lɨprɔluɡu	leprɔluɡu	l[ɨ]prɔluɡu	l[e]prɔluɡu	0
leproma	lɨpromɐ	lepromɐ	l[ɨ]promɐ	l[e]promɐ	0
lepromatoso	lɨprumɐtozu	leprumɐtozu	l[ɨ]prumɐtozu	l[e]prumɐtozu	0
leprosaria	lɨpruzɐriɐ	lepruzɐriɐ	l[ɨ]pruzɐriɐ	l[e]pruzɐriɐ	0
leprosário	lɨpruzarju	lepruzarju	l[ɨ]pruzarju	l[e]pruzarju	0
leprose	lɨprɔzɨ	leprɔzɨ	l[ɨ]prɔzɨ	l[e]prɔzɨ	0
leproso	lɨprozu	leprozu	l[ɨ]prozu	l[e]prozu	0
leprosório	lɨpruzɔrju	lepruzɔrju	l[ɨ]pruzɔrju	l[e]pruzɔrju	0
lerdaço	lɨrdasu	lerdasu	l[ɨ]rdasu	l[e]rdasu	0
lerdeza	lɨrdezɐ	lerdezɐ	l[ɨ]rdezɐ	l[e]rdezɐ	0
lerdice	lɨrdisɨ	lerdisɨ	l[ɨ]rdisɨ	l[e]rdisɨ	0
lereia	lɨrɐjɐ	lerejɐ	l[ɨ]r[ɐ]jɐ	l[e]r[e]jɐ	0
leriar	lɨrjar	leriar	l[ɨ]r[j]ar	l[e]r[i]ar	0
lerica	lɨrikɐ	lerikɐ	l[ɨ]rikɐ	l[e]rikɐ	0
lesado	lɨzadu	lezadu	l[ɨ]zadu	l[e]zadu	0
lesador	lɨzɐdor	lezɐdor	l[ɨ]zɐdor	l[e]zɐdor	0
lesante	lɨzɐ̃tɨ	lezɐ̃ntɨ	l[ɨ]zɐ̃[]tɨ	l[e]zɐ̃[n]tɨ	0
lesbíaco	lɨʒbiɐku	leʒbiɐku	l[ɨ]ʒbiɐku	l[e]ʒbiɐku	0
lesbiana	lɨʒbjɐnɐ	leʒbiɐ̃nɐ	l[ɨ]ʒb[j]ɐ[]nɐ	l[e]ʒb[i]ɐ[̃]nɐ	0
lesbianismo	lɨʒbjɐniʒmu	leʒbiɐniʒmu	l[ɨ]ʒb[j]ɐniʒmu	l[e]ʒb[i]ɐniʒmu	0
lesbiano	lɨʒbjɐnu	leʒbiɐ̃nu	l[ɨ]ʒb[j]ɐ[]nu	l[e]ʒb[i]ɐ[̃]nu	0
leseira	lɨzɐjrɐ	lezɐjrɐ	l[ɨ]zɐjrɐ	l[e]zɐjrɐ	0
lesionar	lɨzjunar	lezjunar	l[ɨ]zjunar	l[e]zjunar	0
lesivo	lɨzivu	lezivu	l[ɨ]zivu	l[e]zivu	0
lesmento	lɨʒmẽtu	leʒmẽntu	l[ɨ]ʒmẽtu[]	l[e]ʒmẽnt[u]	0
lesotense	lɨzotẽsɨ	lezutẽnsɨ	l[ɨ]z[o]tẽsɨ[]	l[e]z[u]tẽns[ɨ]	0
lesotiano	lɨzotjɐnu	lezutiɐ̃nu	l[ɨ]z[o]t[j]ɐ[]nu	l[e]z[u]t[i]ɐ[̃]nu	0
lestia	lɨʃtiɐ	leʃtiɐ	l[ɨ]ʃtiɐ	l[e]ʃtiɐ	0
letalidade	lɨtɐlidadɨ	letɐlidadɨ	l[ɨ]tɐlidadɨ	l[e]tɐlidadɨ	0
letargia	lɨtɐrʒiɐ	letɐrʒiɐ	l[ɨ]tɐrʒiɐ	l[e]tɐrʒiɐ	0
letargiar	lɨtɐrʒjar	letɐrʒiar	l[ɨ]tɐrʒ[j]ar	l[e]tɐrʒ[i]ar	0
letárgico	lɨtarʒiku	letarʒiku	l[ɨ]tarʒiku	l[e]tarʒiku	0
letargo	lɨtarɡu	letarɡu	l[ɨ]tarɡu	l[e]tarɡu	0
letícia	lɨtisjɐ	letisjɐ	l[ɨ]tisjɐ	l[e]tisjɐ	0
letífero	lɨtifɨru	letifɨru	l[ɨ]tifɨru	l[e]tifɨru	0
letificante	lɨtifikɐ̃tɨ	letifikɐ̃ntɨ	l[ɨ]tifikɐ̃[]tɨ	l[e]tifikɐ̃[n]tɨ	0
letificar	lɨtifikar	letifikar	l[ɨ]tifikar	l[e]tifikar	0
letômano	lɨtomɐnu	letomɐnu	l[ɨ]tomɐnu	l[e]tomɐnu	0
letómano	lɨtɔmɐnu	letɔmɐnu	l[ɨ]tɔmɐnu	l[e]tɔmɐnu	0
letônico	lɨtoniku	letoniku	l[ɨ]toniku	l[e]toniku	0
letónico	lɨtɔniku	letɔniku	l[ɨ]tɔniku	l[e]tɔniku	0
letônio	lɨtonju	letonju	l[ɨ]tonju	l[e]tonju	0
letónio	lɨtɔnju	letɔnju	l[ɨ]tɔnju	l[e]tɔnju	0
letrache	lɨtraʃɨ	letraʃɨ	l[ɨ]traʃɨ	l[e]traʃɨ	0
letradice	lɨtrɐdisɨ	letrɐdisɨ	l[ɨ]trɐdisɨ	l[e]trɐdisɨ	0
letrado	lɨtradu	letradu	l[ɨ]tradu	l[e]tradu	0
letradura	lɨtrɐdurɐ	letrɐdurɐ	l[ɨ]trɐdurɐ	l[e]trɐdurɐ	0
letrear	lɨtrjar	letriar	l[ɨ]tr[j]ar	l[e]tr[i]ar	0
letreira	lɨtrɐjrɐ	letrɐjrɐ	l[ɨ]trɐjrɐ	l[e]trɐjrɐ	0
letreiro	lɨtrɐjru	letrɐjru	l[ɨ]trɐjru	l[e]trɐjru	0
letria	lɨtriɐ	letriɐ	l[ɨ]triɐ	l[e]triɐ	0
letrista	lɨtriʃtɐ	letriʃtɐ	l[ɨ]triʃtɐ	l[e]triʃtɐ	0
letrudo	lɨtrudu	letrudu	l[ɨ]trudu	l[e]trudu	0
levada	lɨvadɐ	levadɐ	l[ɨ]vadɐ	l[e]vadɐ	0
levadia	lɨvɐdiɐ	levɐdiɐ	l[ɨ]vɐdiɐ	l[e]vɐdiɐ	0
levadiça	lɨvɐdisɐ	levɐdisɐ	l[ɨ]vɐdisɐ	l[e]vɐdisɐ	0
levadiço	lɨvɐdisu	levɐdisu	l[ɨ]vɐdisu	l[e]vɐdisu	0
levadinho	lɨvɐdiɲu	levɐdiɲu	l[ɨ]vɐdiɲu	l[e]vɐdiɲu	0
levadio	lɨvɐdiu	levɐdiw	l[ɨ]vɐdi[u]	l[e]vɐdi[w]	0
levadoira	lɨvɐdojrɐ	levɐdojrɐ	l[ɨ]vɐdojrɐ	l[e]vɐdojrɐ	0
levado	lɨvadu	levadu	l[ɨ]vadu	l[e]vadu	0
levador	lɨvɐdor	levɐdor	l[ɨ]vɐdor	l[e]vɐdor	0
levadoura	lɨvɐdowrɐ	levɐdowrɐ	l[ɨ]vɐdowrɐ	l[e]vɐdowrɐ	0
levadura	lɨvɐdurɐ	levɐdurɐ	l[ɨ]vɐdurɐ	l[e]vɐdurɐ	0
levadurina	lɨvɐdurinɐ	levɐdurinɐ	l[ɨ]vɐdurinɐ	l[e]vɐdurinɐ	0
levagante	lɨvɐɡɐ̃tɨ	levɐɡɐ̃ntɨ	l[ɨ]vɐɡɐ̃[]tɨ	l[e]vɐɡɐ̃[n]tɨ	0
levamento	lɨvɐmẽtu	levɐmẽntu	l[ɨ]vɐmẽtu[]	l[e]vɐmẽnt[u]	0
levantada	lɨvɐ̃tadɐ	levɐ̃ntadɐ	l[ɨ]vɐ̃[]tadɐ	l[e]vɐ̃[n]tadɐ	0
levantadiço	lɨvɐ̃tɐdisu	levɐ̃ntɐdisu	l[ɨ]vɐ̃[]tɐdisu	l[e]vɐ̃[n]tɐdisu	0
levantado	lɨvɐ̃tadu	levɐ̃ntadu	l[ɨ]vɐ̃[]tadu	l[e]vɐ̃[n]tadu	0
levantador	lɨvɐ̃tɐdor	levɐ̃ntɐdor	l[ɨ]vɐ̃[]tɐdor	l[e]vɐ̃[n]tɐdor	0
levantadura	lɨvɐ̃tɐdurɐ	levɐ̃ntɐdurɐ	l[ɨ]vɐ̃[]tɐdurɐ	l[e]vɐ̃[n]tɐdurɐ	0
levantamento	lɨvɐ̃tɐmẽtu	levɐ̃ntɐmẽntu	l[ɨ]vɐ̃[]tɐmẽtu[]	l[e]vɐ̃[n]tɐmẽnt[u]	0
levantante	lɨvɐ̃tɐ̃tɨ	levɐ̃ntɐ̃ntɨ	l[ɨ]vɐ̃[]tɐ̃[]tɨ	l[e]vɐ̃[n]tɐ̃[n]tɨ	0
levantar	lɨvɐ̃tar	levɐ̃ntar	l[ɨ]vɐ̃[]tar	l[e]vɐ̃[n]tar	0
levante	lɨvɐ̃tɨ	levɐ̃ntɨ	l[ɨ]vɐ̃[]tɨ	l[e]vɐ̃[n]tɨ	0
levântico	lɨvɐ̃tiku	levɐ̃ntiku	l[ɨ]vɐ̃[]tiku	l[e]vɐ̃[n]tiku	0
levantina	lɨvɐ̃tinɐ	levɐ̃ntinɐ	l[ɨ]vɐ̃[]tinɐ	l[e]vɐ̃[n]tinɐ	0
levantino	lɨvɐ̃tinu	levɐ̃ntinu	l[ɨ]vɐ̃[]tinu	l[e]vɐ̃[n]tinu	0
levanto	lɨvɐ̃tu	levɐ̃ntu	l[ɨ]vɐ̃[]tu	l[e]vɐ̃[n]tu	0
levedação	lɨvɨdɐsɐ̃w̃	levɨdɐsɐ̃w̃	l[ɨ]vɨdɐsɐ̃w̃	l[e]vɨdɐsɐ̃w̃	0
levedado	lɨvɨdadu	levɨdadu	l[ɨ]vɨdadu	l[e]vɨdadu	0
levedadura	lɨvɨdɐdurɐ	levɨdɐdurɐ	l[ɨ]vɨdɐdurɐ	l[e]vɨdɐdurɐ	0
levedar	lɨvɨdar	levɨdar	l[ɨ]vɨdar	l[e]vɨdar	0
levedura	lɨvɨdurɐ	levɨdurɐ	l[ɨ]vɨdurɐ	l[e]vɨdurɐ	0
levedurina	lɨvɨdurinɐ	levɨdurinɐ	l[ɨ]vɨdurinɐ	l[e]vɨdurinɐ	0
leveiro	lɨvɐjru	levɐjru	l[ɨ]vɐjru	l[e]vɐjru	0
leveza	lɨvezɐ	levezɐ	l[ɨ]vezɐ	l[e]vezɐ	0
levianamente	lɨvjɐnɐmẽtɨ	leviɐ̃nɐmẽntɨ	l[ɨ]v[j]ɐ[]nɐmẽtɨ[]	l[e]v[i]ɐ[̃]nɐmẽnt[ɨ]	0
leviandade	lɨvjɐ̃dadɨ	leviɐ̃ndadɨ	l[ɨ]v[j]ɐ̃[]dadɨ	l[e]v[i]ɐ̃[n]dadɨ	0
leviano	lɨvjɐnu	leviɐ̃nu	l[ɨ]v[j]ɐ[]nu	l[e]v[i]ɐ[̃]nu	0
leviatã	lɨvjɐtɐ̃	leviɐtɐ̃	l[ɨ]v[j]ɐtɐ̃	l[e]v[i]ɐtɐ̃	0
leviatão	lɨvjɐtɐ̃w̃	leviɐtɐ̃w̃	l[ɨ]v[j]ɐtɐ̃w̃	l[e]v[i]ɐtɐ̃w̃	0
levidade	lɨvidadɨ	levidadɨ	l[ɨ]vidadɨ	l[e]vidadɨ	0
levidão	lɨvidɐ̃w̃	levidɐ̃w̃	l[ɨ]vidɐ̃w̃	l[e]vidɐ̃w̃	0
levigação	lɨviɡɐsɐ̃w̃	leviɡɐsɐ̃w̃	l[ɨ]viɡɐsɐ̃w̃	l[e]viɡɐsɐ̃w̃	0
levigar	lɨviɡar	leviɡar	l[ɨ]viɡar	l[e]viɡar	0
levípede	lɨvipɨdɨ	levipɨdɨ	l[ɨ]vipɨdɨ	l[e]vipɨdɨ	0
levirato	lɨviratu	leviratu	l[ɨ]viratu	l[e]viratu	0
levirrostro	lɨviʀoʃtru	leviʀɔʃtru	l[ɨ]viʀ[o]ʃtru	l[e]viʀ[ɔ]ʃtru	0
levístico	lɨviʃtiku	leviʃtiku	l[ɨ]viʃtiku	l[e]viʃtiku	0
levitação	lɨvitɐsɐ̃w̃	levitɐsɐ̃w̃	l[ɨ]vitɐsɐ̃w̃	l[e]vitɐsɐ̃w̃	0
levitar	lɨvitar	levitar	l[ɨ]vitar	l[e]vitar	0
levítico	lɨvitiku	levitiku	l[ɨ]vitiku	l[e]vitiku	0
levogiro	lɨvɔʒiru	levuʒiru	l[ɨ]v[ɔ]ʒiru	l[e]v[u]ʒiru	0
levulose	lɨvulɔzɨ	levulɔzɨ	l[ɨ]vulɔzɨ	l[e]vulɔzɨ	0
levurômetro	lɨvuromɨtru	levuromɨtru	l[ɨ]vuromɨtru	l[e]vuromɨtru	0
levurómetro	lɨvurɔmɨtru	levurɔmɨtru	l[ɨ]vurɔmɨtru	l[e]vurɔmɨtru	0
lezira	lɨzirɐ	lezirɐ	l[ɨ]zirɐ	l[e]zirɐ	0
lezirão	lɨzirɐ̃w̃	lezirɐ̃w̃	l[ɨ]zirɐ̃w̃	l[e]zirɐ̃w̃	0
lezíria	lɨzirjɐ	lezirjɐ	l[ɨ]zirjɐ	l[e]zirjɐ	0
lherzólito	ʎɨrzɔlitu	ʎerzɔlitu	ʎ[ɨ]rzɔlitu	ʎ[e]rzɔlitu	0
lienal	ljenaɫ	liɨnaɫ	lj[e]naɫ	li[ɨ]naɫ	0
lienite	ljenitɨ	liɨnitɨ	lj[e]nitɨ	li[ɨ]nitɨ	0
lienocele	ljenosɛlɨ	liɨnusɛlɨ	lj[e]n[o]sɛlɨ	li[ɨ]n[u]sɛlɨ	0
lienopatia	ljenopɐtiɐ	liɨnupɐtiɐ	lj[e]n[o]pɐtiɐ	li[ɨ]n[u]pɐtiɐ	0
lienoso	ljenozu	liɨnozu	lj[e]nozu	li[ɨ]nozu	0
limusine	limuzine	limuzinɨ	limuzin[e]	limuzin[ɨ]	0
louro-cerejo	lowrusɨrɐjʒu	lowrusereʒu	lowrus[ɨ]rɐ[j]ʒu	lowrus[e]re[]ʒu	0
lua-bebê	luɐbebe	luɐbɨbe	luɐb[e]be	luɐb[ɨ]be	0
lugar-tenência	luɡartɨnẽsjɐ	luɡartenẽnsjɐ	luɡart[ɨ]nẽsjɐ[]	luɡart[e]nẽnsj[ɐ]	0
lugar-tenente	luɡartɨnẽtɨ	luɡartenẽntɨ	luɡart[ɨ]nẽtɨ[]	luɡart[e]nẽnt[ɨ]	0
luzerna-de-sequeiro	luzɛrnɐdɨsɨkɐjru	luzɛrnɐdɨsekɐjru	luzɛrnɐdɨs[ɨ]kɐjru	luzɛrnɐdɨs[e]kɐjru	0
macrocefalia	makrɔsɨfɐliɐ	makrɔsefɐliɐ	makrɔs[ɨ]fɐliɐ	makrɔs[e]fɐliɐ	0
magdaleniano	mɐɡdɐlɨnjɐnu	mɐɡdɐleniɐ̃nu	mɐɡdɐl[ɨ]n[j]ɐ[]nu	mɐɡdɐl[e]n[i]ɐ[̃]nu	0
mais-que-perfeito	majʃkɨpɨrfɐjtu	majʃkɨperfɐjtu	majʃkɨp[ɨ]rfɐjtu	majʃkɨp[e]rfɐjtu	0
malha-ferreiro	maʎɐfɨʀɐjru	maʎɐfeʀɐjru	maʎɐf[ɨ]ʀɐjru	maʎɐf[e]ʀɐjru	0
malte	maɫtɨ	maɫte	maɫt[ɨ]	maɫt[e]	0
mameliforme	mɐmɨlifɔrmɨ	mɐmelifɔrmɨ	mɐm[ɨ]lifɔrmɨ	mɐm[e]lifɔrmɨ	0
mamelonado	mɐmɨlunadu	mɐmelunadu	mɐm[ɨ]lunadu	mɐm[e]lunadu	0
manejador	mɐnɨʒɐdor	mɐneʒɐdor	mɐn[ɨ]ʒɐdor	mɐn[e]ʒɐdor	0
maquequê	mɐkeke	mɐkɨke	mɐk[e]ke	mɐk[ɨ]ke	0
martinho-pescador	mɐrtiɲupɨʃkɐdor	mɐrtiɲupeʃkɐdor	mɐrtiɲup[ɨ]ʃkɐdor	mɐrtiɲup[e]ʃkɐdor	0
mar-vermelhense	marvɨrmɨʎẽsɨ	marvermɨʎẽnsɨ	marv[ɨ]rmɨʎẽsɨ[]	marv[e]rmɨʎẽns[ɨ]	0
masse	mase	masɨ	mas[e]	mas[ɨ]	0
mebáxi	mɨbaʃi	mebaksi	m[ɨ]baʃ[]i	m[e]bak[s]i	0
mecânica	mɨkɐnikɐ	mekɐ̃nikɐ	m[ɨ]kɐ[]nikɐ	m[e]kɐ[̃]nikɐ	0
mecanicismo	mɨkɐnisiʒmu	mekɐnisiʒmu	m[ɨ]kɐnisiʒmu	m[e]kɐnisiʒmu	0
mecanicista	mɨkɐnisiʃtɐ	mekɐnisiʃtɐ	m[ɨ]kɐnisiʃtɐ	m[e]kɐnisiʃtɐ	0
mecânico	mɨkɐniku	mekɐ̃niku	m[ɨ]kɐ[]niku	m[e]kɐ[̃]niku	0
mecanismo	mɨkɐniʒmu	mekɐniʒmu	m[ɨ]kɐniʒmu	m[e]kɐniʒmu	0
mecanização	mɨkɐnizɐsɐ̃w̃	mekɐnizɐsɐ̃w̃	m[ɨ]kɐnizɐsɐ̃w̃	m[e]kɐnizɐsɐ̃w̃	0
mecanizado	mɨkɐnizadu	mekɐnizadu	m[ɨ]kɐnizadu	m[e]kɐnizadu	0
mecanizar	mɨkɐnizar	mekɐnizar	m[ɨ]kɐnizar	m[e]kɐnizar	0
mecanografia	mɨkɐnuɡrɐfiɐ	mekɐnuɡrɐfiɐ	m[ɨ]kɐnuɡrɐfiɐ	m[e]kɐnuɡrɐfiɐ	0
mecanográfico	mɨkɐnuɡrafiku	mekɐnuɡrafiku	m[ɨ]kɐnuɡrafiku	m[e]kɐnuɡrafiku	0
mecanógrafo	mɨkɐnɔɡrɐfu	mekɐnɔɡrɐfu	m[ɨ]kɐnɔɡrɐfu	m[e]kɐnɔɡrɐfu	0
mecanoterapia	mɨkɐnɔtɨrɐpiɐ	mekɐnutɨrɐpiɐ	m[ɨ]kɐn[ɔ]tɨrɐpiɐ	m[e]kɐn[u]tɨrɐpiɐ	0
mecanoterápico	mɨkɐnɔtɨrapiku	mekɐnutɨrapiku	m[ɨ]kɐn[ɔ]tɨrapiku	m[e]kɐn[u]tɨrapiku	0
mecenático	mɨsɨnatiku	mesɨnatiku	m[ɨ]sɨnatiku	m[e]sɨnatiku	0
mecenatismo	mɨsɨnɐtiʒmu	mesɨnɐtiʒmu	m[ɨ]sɨnɐtiʒmu	m[e]sɨnɐtiʒmu	0
mecenato	mɨsɨnatu	mesɨnatu	m[ɨ]sɨnatu	m[e]sɨnatu	0
mecômetro	mɨkomɨtru	mekomɨtru	m[ɨ]komɨtru	m[e]komɨtru	0
mecómetro	mɨkɔmɨtru	mekɔmɨtru	m[ɨ]kɔmɨtru	m[e]kɔmɨtru	0
mecônio	mɨkonju	mekonju	m[ɨ]konju	m[e]konju	0
mecónio	mɨkɔnju	mekɔnju	m[ɨ]kɔnju	m[e]kɔnju	0
meconofagia	mɨkunɔfɐʒiɐ	mekunufɐʒiɐ	m[ɨ]kun[ɔ]fɐʒiɐ	m[e]kun[u]fɐʒiɐ	0
meconófago	mɨkunɔfɐɡu	mekunɔfɐɡu	m[ɨ]kunɔfɐɡu	m[e]kunɔfɐɡu	0
mecópode	mɨkɔpudɨ	mekɔpudɨ	m[ɨ]kɔpudɨ	m[e]kɔpudɨ	0
mecota	mɨkɔtɐ	mekɔtɐ	m[ɨ]kɔtɐ	m[e]kɔtɐ	0
mecurro	mɨkuʀu	mekuʀu	m[ɨ]kuʀu	m[e]kuʀu	0
medalha-do-papa	mɨdaʎɐdupapɐ	medaʎɐdupapɐ	m[ɨ]daʎɐdupapɐ	m[e]daʎɐdupapɐ	0
medalha	mɨdaʎɐ	medaʎɐ	m[ɨ]daʎɐ	m[e]daʎɐ	0
medalhão	mɨdɐʎɐ̃w̃	medɐʎɐ̃w̃	m[ɨ]dɐʎɐ̃w̃	m[e]dɐʎɐ̃w̃	0
medalhário	mɨdɐʎarju	medɐʎarju	m[ɨ]dɐʎarju	m[e]dɐʎarju	0
medalhar	mɨdɐʎar	medɐʎar	m[ɨ]dɐʎar	m[e]dɐʎar	0
medalhista	mɨdɐʎiʃtɐ	medɐʎiʃtɐ	m[ɨ]dɐʎiʃtɐ	m[e]dɐʎiʃtɐ	0
medalhística	mɨdɐʎiʃtikɐ	medɐʎiʃtikɐ	m[ɨ]dɐʎiʃtikɐ	m[e]dɐʎiʃtikɐ	0
medeiro	mɨdɐjru	medɐjru	m[ɨ]dɐjru	m[e]dɐjru	0
medense	mɨdẽsɨ	medẽnsɨ	m[ɨ]dẽsɨ[]	m[e]dẽns[ɨ]	0
mediação	mɨdjɐsɐ̃w̃	mediɐsɐ̃w̃	m[ɨ]d[j]ɐsɐ̃w̃	m[e]d[i]ɐsɐ̃w̃	0
mediador	mɨdjɐdor	mediɐdor	m[ɨ]d[j]ɐdor	m[e]d[i]ɐdor	0
medial	mɨdjaɫ	mediaɫ	m[ɨ]d[j]aɫ	m[e]d[i]aɫ	0
medianamente	mɨdjɐnɐmẽtɨ	mediɐ̃nɐmẽntɨ	m[ɨ]d[j]ɐ[]nɐmẽtɨ[]	m[e]d[i]ɐ[̃]nɐmẽnt[ɨ]	0
mediana	mɨdjɐnɐ	mediɐ̃nɐ	m[ɨ]d[j]ɐ[]nɐ	m[e]d[i]ɐ[̃]nɐ	0
medianeiro	mɨdjɐnɐjru	mediɐnɐjru	m[ɨ]d[j]ɐnɐjru	m[e]d[i]ɐnɐjru	0
mediania	mɨdjɐniɐ	mediɐniɐ	m[ɨ]d[j]ɐniɐ	m[e]d[i]ɐniɐ	0
medianímico	mɨdjɐnimiku	mediɐnimiku	m[ɨ]d[j]ɐnimiku	m[e]d[i]ɐnimiku	0
medianimidade	mɨdjɐnimidadɨ	mediɐnimidadɨ	m[ɨ]d[j]ɐnimidadɨ	m[e]d[i]ɐnimidadɨ	0
medianismo	mɨdjɐniʒmu	mediɐniʒmu	m[ɨ]d[j]ɐniʒmu	m[e]d[i]ɐniʒmu	0
medianizar	mɨdjɐnizar	mediɐnizar	m[ɨ]d[j]ɐnizar	m[e]d[i]ɐnizar	0
medianiz	mɨdjɐniʃ	mediɐ̃niʃ	m[ɨ]d[j]ɐ[]niʃ	m[e]d[i]ɐ[̃]niʃ	0
mediano	mɨdjɐnu	mediɐ̃nu	m[ɨ]d[j]ɐ[]nu	m[e]d[i]ɐ[̃]nu	0
mediante	mɨdjɐ̃tɨ	mediɐ̃ntɨ	m[ɨ]d[j]ɐ̃[]tɨ	m[e]d[i]ɐ̃[n]tɨ	0
mediar	mɨdjar	mediar	m[ɨ]d[j]ar	m[e]d[i]ar	0
mediastinal	mɨdjɐʃtinaɫ	mediɐʃtinaɫ	m[ɨ]d[j]ɐʃtinaɫ	m[e]d[i]ɐʃtinaɫ	0
mediastínico	mɨdjɐʃtiniku	mediɐʃtiniku	m[ɨ]d[j]ɐʃtiniku	m[e]d[i]ɐʃtiniku	0
mediastinite	mɨdjɐʃtinitɨ	mediɐʃtinitɨ	m[ɨ]d[j]ɐʃtinitɨ	m[e]d[i]ɐʃtinitɨ	0
mediastino	mɨdjɐʃtinu	mediɐʃtinu	m[ɨ]d[j]ɐʃtinu	m[e]d[i]ɐʃtinu	0
mediatamente	mɨdjatɐmẽtɨ	mediɐtɐmẽntɨ	m[ɨ]dj[a]tɐmẽtɨ[]	m[e]di[ɐ]tɐmẽnt[ɨ]	0
mediatário	mɨdjɐtarju	mediɐtarju	m[ɨ]d[j]ɐtarju	m[e]d[i]ɐtarju	0
mediateca	mɨdjɐtɛkɐ	mediɐtɛkɐ	m[ɨ]d[j]ɐtɛkɐ	m[e]d[i]ɐtɛkɐ	0
mediatecário	mɨdjɐtɨkarju	mediɐtɨkarju	m[ɨ]d[j]ɐtɨkarju	m[e]d[i]ɐtɨkarju	0
mediático	mɨdjatiku	mediatiku	m[ɨ]d[j]atiku	m[e]d[i]atiku	0
mediatização	mɨdjɐtizɐsɐ̃w̃	mediɐtizɐsɐ̃w̃	m[ɨ]d[j]ɐtizɐsɐ̃w̃	m[e]d[i]ɐtizɐsɐ̃w̃	0
mediatizado	mɨdjɐtizadu	mediɐtizadu	m[ɨ]d[j]ɐtizadu	m[e]d[i]ɐtizadu	0
mediato	mɨdjatu	mediatu	m[ɨ]d[j]atu	m[e]d[i]atu	0
mediatriz	mɨdjɐtriʃ	mediɐtriʃ	m[ɨ]d[j]ɐtriʃ	m[e]d[i]ɐtriʃ	0
medicação	mɨdikɐsɐ̃w̃	medikɐsɐ̃w̃	m[ɨ]dikɐsɐ̃w̃	m[e]dikɐsɐ̃w̃	0
medical	mɨdikaɫ	medikaɫ	m[ɨ]dikaɫ	m[e]dikaɫ	0
medicamentação	mɨdikɐmẽtɐsɐ̃w̃	medikɐmẽntɐsɐ̃w̃	m[ɨ]dikɐmẽtɐ[s]ɐ̃[w]̃[]	m[e]dikɐmẽn[t]ɐs[ɐ]̃w[̃]	0
medicamentar	mɨdikɐmẽtar	medikɐmẽntar	m[ɨ]dikɐmẽtar[]	m[e]dikɐmẽnta[r]	0
medicamento	mɨdikɐmẽtu	medikɐmẽntu	m[ɨ]dikɐmẽtu[]	m[e]dikɐmẽnt[u]	0
medicamentoso	mɨdikɐmẽtozu	medikɐmẽntozu	m[ɨ]dikɐmẽtozu[]	m[e]dikɐmẽntoz[u]	0
medicando	mɨdikɐ̃du	medikɐ̃ndu	m[ɨ]dikɐ̃[]du	m[e]dikɐ̃[n]du	0
medicante	mɨdikɐ̃tɨ	medikɐ̃ntɨ	m[ɨ]dikɐ̃[]tɨ	m[e]dikɐ̃[n]tɨ	0
medição	mɨdisɐ̃w̃	medisɐ̃w̃	m[ɨ]disɐ̃w̃	m[e]disɐ̃w̃	0
medicar	mɨdikar	medikar	m[ɨ]dikar	m[e]dikar	0
medicastro	mɨdikaʃtru	medikaʃtru	m[ɨ]dikaʃtru	m[e]dikaʃtru	0
medicativo	mɨdikɐtivu	medikɐtivu	m[ɨ]dikɐtivu	m[e]dikɐtivu	0
medicatriz	mɨdikɐtriʃ	medikɐtriʃ	m[ɨ]dikɐtriʃ	m[e]dikɐtriʃ	0
medicável	mɨdikavɛɫ	medikavɛɫ	m[ɨ]dikavɛɫ	m[e]dikavɛɫ	0
medicinal	mɨdɨsinaɫ	medisinaɫ	m[ɨ]d[ɨ]sinaɫ	m[e]d[i]sinaɫ	0
medicina	mɨdɨsinɐ	medisinɐ	m[ɨ]d[ɨ]sinɐ	m[e]d[i]sinɐ	0
medicinar	mɨdɨsinar	medisinar	m[ɨ]d[ɨ]sinar	m[e]d[i]sinar	0
medicineiro	mɨdɨsinɐjru	medisinɐjru	m[ɨ]d[ɨ]sinɐjru	m[e]d[i]sinɐjru	0
médico-legista	mɛdikulɨʒiʃtɐ	mɛdikuleʒiʃtɐ	mɛdikul[ɨ]ʒiʃtɐ	mɛdikul[e]ʒiʃtɐ	0
medícua	mɨdikwɐ	medikuɐ	m[ɨ]dik[w]ɐ	m[e]dik[u]ɐ	0
medidagem	mɨdidaʒɐ̃j̃	medidaʒɐjn	m[ɨ]didaʒɐ[̃]j[̃]	m[e]didaʒɐ[]j[n]	0
medida	mɨdidɐ	medidɐ	m[ɨ]didɐ	m[e]didɐ	0
medido	mɨdidu	medidu	m[ɨ]didu	m[e]didu	0
medidor	mɨdidor	medidor	m[ɨ]didor	m[e]didor	0
medievalismo	mɨdjɛvɐliʒmu	medievɐliʒmu	m[ɨ]dj[ɛ]vɐliʒmu	m[e]di[e]vɐliʒmu	0
medievalista	mɨdjɛvɐliʃtɐ	medievɐliʃtɐ	m[ɨ]dj[ɛ]vɐliʃtɐ	m[e]di[e]vɐliʃtɐ	0
medievalístico	mɨdjɛvɐliʃtiku	medievɐliʃtiku	m[ɨ]dj[ɛ]vɐliʃtiku	m[e]di[e]vɐliʃtiku	0
medieval	mɨdjɛvaɫ	mediɨvaɫ	m[ɨ]dj[ɛ]vaɫ	m[e]di[ɨ]vaɫ	0
mediévico	mɨdjɛviku	medjɛviku	m[ɨ]djɛviku	m[e]djɛviku	0
medievismo	mɨdjɛviʒmu	mediɨviʒmu	m[ɨ]dj[ɛ]viʒmu	m[e]di[ɨ]viʒmu	0
medievista	mɨdjɛviʃtɐ	mediɨviʃtɐ	m[ɨ]dj[ɛ]viʃtɐ	m[e]di[ɨ]viʃtɐ	0
medievo	mɨdjɛvu	mediɛvu	m[ɨ]d[j]ɛvu	m[e]d[i]ɛvu	0
medíocre	mɨdiukrɨ	mediukrɨ	m[ɨ]diukrɨ	m[e]diukrɨ	0
mediocridade	mɨdjukridadɨ	mediukridadɨ	m[ɨ]d[j]ukridadɨ	m[e]d[i]ukridadɨ	0
mediocrismo	mɨdjukriʒmu	mediukriʒmu	m[ɨ]d[j]ukriʒmu	m[e]d[i]ukriʒmu	0
mediocrização	mɨdjukrizɐsɐ̃w̃	mediukrizɐsɐ̃w̃	m[ɨ]d[j]ukrizɐsɐ̃w̃	m[e]d[i]ukrizɐsɐ̃w̃	0
mediocrizado	mɨdjukrizadu	mediukrizadu	m[ɨ]d[j]ukrizadu	m[e]d[i]ukrizadu	0
mediocrizar	mɨdjukrizar	mediukrizar	m[ɨ]d[j]ukrizar	m[e]d[i]ukrizar	0
mediolanense	mɨdjulɐnẽsɨ	mediulɐnẽnsɨ	m[ɨ]d[j]ulɐnẽsɨ[]	m[e]d[i]ulɐnẽns[ɨ]	0
meditabundo	mɨditɐbũdu	meditɐbũndu	m[ɨ]ditɐbũdu[]	m[e]ditɐbũnd[u]	0
meditação	mɨditɐsɐ̃w̃	meditɐsɐ̃w̃	m[ɨ]ditɐsɐ̃w̃	m[e]ditɐsɐ̃w̃	0
meditadamente	mɨditadɐmẽtɨ	meditɐdɐmẽntɨ	m[ɨ]dit[a]dɐmẽtɨ[]	m[e]dit[ɐ]dɐmẽnt[ɨ]	0
meditador	mɨditɐdor	meditɐdor	m[ɨ]ditɐdor	m[e]ditɐdor	0
meditar	mɨditar	meditar	m[ɨ]ditar	m[e]ditar	0
meditativo	mɨditɐtivu	meditɐtivu	m[ɨ]ditɐtivu	m[e]ditɐtivu	0
meditável	mɨditavɛɫ	meditavɛɫ	m[ɨ]ditavɛɫ	m[e]ditavɛɫ	0
mediterrâneo	mɨditɨʀɐnju	meditɨʀɐ̃niw	m[ɨ]ditɨʀɐ[]nj[u]	m[e]ditɨʀɐ[̃]ni[w]	0
mediterrânico	mɨditɨʀɐniku	meditɨʀɐ̃niku	m[ɨ]ditɨʀɐ[]niku	m[e]ditɨʀɐ[̃]niku	0
mediúnico	mɨdjuniku	mediuniku	m[ɨ]d[j]uniku	m[e]d[i]uniku	0
mediunidade	mɨdjunidadɨ	medjunidadɨ	m[ɨ]djunidadɨ	m[e]djunidadɨ	0
medível	mɨdivɛɫ	medivɛɫ	m[ɨ]divɛɫ	m[e]divɛɫ	0
medonho	mɨdoɲu	medõɲu	m[ɨ]do[]ɲu	m[e]do[̃]ɲu	0
medorreia	mɨduʀɐjɐ	meduʀɛjɐ	m[ɨ]duʀ[ɐ]jɐ	m[e]duʀ[ɛ]jɐ	0
medorréia	mɨduʀɐjɐ	meduʀɛjɐ	m[ɨ]duʀ[ɐ]jɐ	m[e]duʀ[ɛ]jɐ	0
medouço	mɨdowsu	medowsu	m[ɨ]dowsu	m[e]dowsu	0
medrança	mɨdrɐ̃sɐ	medrɐ̃nsɐ	m[ɨ]drɐ̃[]sɐ	m[e]drɐ̃[n]sɐ	0
medrançoso	mɨdrɐ̃sozu	medrɐ̃nsozu	m[ɨ]drɐ̃[]sozu	m[e]drɐ̃[n]sozu	0
medrica	mɨdrikɐ	medrikɐ	m[ɨ]drikɐ	m[e]drikɐ	0
medrio	mɨdriu	medriw	m[ɨ]dri[u]	m[e]dri[w]	0
medronhal	mɨdruɲaɫ	medrõɲaɫ	m[ɨ]dru[]ɲaɫ	m[e]dro[̃]ɲaɫ	0
medronheiro	mɨdruɲɐjru	medrõɲɐjru	m[ɨ]dru[]ɲɐjru	m[e]dro[̃]ɲɐjru	0
medronho	mɨdroɲu	medrõɲu	m[ɨ]dro[]ɲu	m[e]dro[̃]ɲu	0
medroso	mɨdrozu	medrozu	m[ɨ]drozu	m[e]drozu	0
medubrigense	mɨdubriʒẽsɨ	medubriʒẽnsɨ	m[ɨ]dubriʒẽsɨ[]	m[e]dubriʒẽns[ɨ]	0
medula	mɨdulɐ	medulɐ	m[ɨ]dulɐ	m[e]dulɐ	0
medular	mɨdular	medular	m[ɨ]dular	m[e]dular	0
medulina	mɨdulinɐ	medulinɐ	m[ɨ]dulinɐ	m[e]dulinɐ	0
medulino	mɨdulinu	medulinu	m[ɨ]dulinu	m[e]dulinu	0
medulite	mɨdulitɨ	medulitɨ	m[ɨ]dulitɨ	m[e]dulitɨ	0
meduloblastoma	mɨdulɔblɐʃtomɐ	medulublɐʃtomɐ	m[ɨ]dul[ɔ]blɐʃtomɐ	m[e]dul[u]blɐʃtomɐ	0
meduloso	mɨdulozu	medulozu	m[ɨ]dulozu	m[e]dulozu	0
medusa-acalefa	mɨduzakɐlɛfɐ	meduzɐɐkɐlɛfɐ	m[ɨ]duza[]kɐlɛfɐ	m[e]duzɐ[ɐ]kɐlɛfɐ	0
medusa	mɨduzɐ	meduzɐ	m[ɨ]duzɐ	m[e]duzɐ	0
medusário	mɨduzarju	meduzarju	m[ɨ]duzarju	m[e]duzarju	0
medúseo	mɨduzju	meduziw	m[ɨ]duzj[u]	m[e]duzi[w]	0
meduseu	mɨduzew	meduzew	m[ɨ]duzew	m[e]duzew	0
medúsico	mɨduziku	meduziku	m[ɨ]duziku	m[e]duziku	0
medusoide	mɨduzɔjdɨ	meduzɔjdɨ	m[ɨ]duzɔjdɨ	m[e]duzɔjdɨ	0
medusóide	mɨduzɔjdɨ	meduzɔjdɨ	m[ɨ]duzɔjdɨ	m[e]duzɔjdɨ	0
mefistofélico	mɨfiʃtufɛliku	mefiʃtufɛliku	m[ɨ]fiʃtufɛliku	m[e]fiʃtufɛliku	0
mefítico	mɨfitiku	mefitiku	m[ɨ]fitiku	m[e]fitiku	0
mefitismo	mɨfitiʒmu	mefitiʒmu	m[ɨ]fitiʒmu	m[e]fitiʒmu	0
mefitizar	mɨfitizar	mefitizar	m[ɨ]fitizar	m[e]fitizar	0
megalegoria	mɛɡɐlɨɡuriɐ	mɛɡɐleɡuriɐ	mɛɡɐl[ɨ]ɡuriɐ	mɛɡɐl[e]ɡuriɐ	0
megalepatia	mɛɡɐlɨpɐtiɐ	mɛɡɐlepɐtiɐ	mɛɡɐl[ɨ]pɐtiɐ	mɛɡɐl[e]pɐtiɐ	0
megálio	mɨɡalju	meɡalju	m[ɨ]ɡalju	m[e]ɡalju	0
megera	mɨʒɛrɐ	meʒɛrɐ	m[ɨ]ʒɛrɐ	m[e]ʒɛrɐ	0
mejengra	mɨʒẽɡrɐ	meʒẽnɡrɐ	m[ɨ]ʒẽɡrɐ[]	m[e]ʒẽnɡr[ɐ]	0
melaceiro	mɨlɐsɐjru	melɐsɐjru	m[ɨ]lɐsɐjru	m[e]lɐsɐjru	0
melaço	mɨlasu	melasu	m[ɨ]lasu	m[e]lasu	0
melacotão	mɨlɐkutɐ̃w̃	melɐkutɐ̃w̃	m[ɨ]lɐkutɐ̃w̃	m[e]lɐkutɐ̃w̃	0
melada	mɨladɐ	meladɐ	m[ɨ]ladɐ	m[e]ladɐ	0
meladinha	mɨlɐdiɲɐ	melɐdiɲɐ	m[ɨ]lɐdiɲɐ	m[e]lɐdiɲɐ	0
meladura	mɨlɐdurɐ	melɐdurɐ	m[ɨ]lɐdurɐ	m[e]lɐdurɐ	0
meláfiro	mɨlafiru	melafiru	m[ɨ]lafiru	m[e]lafiru	0
melaleuca	mɨlɐlewkɐ	melɐlewkɐ	m[ɨ]lɐlewkɐ	m[e]lɐlewkɐ	0
melambeira	mɨlɐ̃bɐjrɐ	melɐ̃mbɐjrɐ	m[ɨ]lɐ̃[]bɐjrɐ	m[e]lɐ̃[m]bɐjrɐ	0
melambo	mɨlɐ̃bu	melɐ̃mbu	m[ɨ]lɐ̃[]bu	m[e]lɐ̃[m]bu	0
melamina	mɨlɐminɐ	melɐminɐ	m[ɨ]lɐminɐ	m[e]lɐminɐ	0
melampiro	mɨlɐ̃piru	melɐ̃mpiru	m[ɨ]lɐ̃[]piru	m[e]lɐ̃[m]piru	0
melananto	mɨlɐnɐ̃tu	melɐnɐ̃ntu	m[ɨ]lɐnɐ̃[]tu	m[e]lɐnɐ̃[n]tu	0
melancial	mɨlɐ̃sjaɫ	melɐ̃nsiaɫ	m[ɨ]lɐ̃[]s[j]aɫ	m[e]lɐ̃[n]s[i]aɫ	0
melancia	mɨlɐ̃siɐ	melɐ̃nsiɐ	m[ɨ]lɐ̃[]siɐ	m[e]lɐ̃[n]siɐ	0
melancieira	mɨlɐ̃sjɐjrɐ	melɐ̃nsiɐjrɐ	m[ɨ]lɐ̃[]s[j]ɐjrɐ	m[e]lɐ̃[n]s[i]ɐjrɐ	0
melancolia	mɨlɐ̃kuliɐ	melɐ̃nkuliɐ	m[ɨ]lɐ̃[]kuliɐ	m[e]lɐ̃[n]kuliɐ	0
melancólico	mɨlɐ̃kɔliku	melɐ̃nkɔliku	m[ɨ]lɐ̃[]kɔliku	m[e]lɐ̃[n]kɔliku	0
melancolizador	mɨlɐ̃kulizɐdor	melɐ̃nkulizɐdor	m[ɨ]lɐ̃[]kulizɐdor	m[e]lɐ̃[n]kulizɐdor	0
melancolizar	mɨlɐ̃kulizar	melɐ̃nkulizar	m[ɨ]lɐ̃[]kulizar	m[e]lɐ̃[n]kulizar	0
melanemia	mɨlɐnɨmiɐ	melɐnɨmiɐ	m[ɨ]lɐnɨmiɐ	m[e]lɐnɨmiɐ	0
melanêmico	mɨlɐnemiku	melɐnemiku	m[ɨ]lɐnemiku	m[e]lɐnemiku	0
melanémico	mɨlɐnɛmiku	melɐnɛmiku	m[ɨ]lɐnɛmiku	m[e]lɐnɛmiku	0
melanésio	mɨlɐnɛzju	melɐnɛzju	m[ɨ]lɐnɛzju	m[e]lɐnɛzju	0
melania	mɨlɐniɐ	melɐ̃njɐ	m[ɨ]lɐ[]n[i]ɐ	m[e]lɐ[̃]n[j]ɐ	0
melânia	mɨlɐnjɐ	melɐ̃njɐ	m[ɨ]lɐ[]njɐ	m[e]lɐ[̃]njɐ	0
melânico	mɨlɐniku	melɐ̃niku	m[ɨ]lɐ[]niku	m[e]lɐ[̃]niku	0
melanina	mɨlɐninɐ	melɐninɐ	m[ɨ]lɐninɐ	m[e]lɐninɐ	0
melanismo	mɨlɐniʒmu	melɐniʒmu	m[ɨ]lɐniʒmu	m[e]lɐniʒmu	0
melanita	mɨlɐnitɐ	melɐnitɐ	m[ɨ]lɐnitɐ	m[e]lɐnitɐ	0
melanite	mɨlɐnitɨ	melɐnitɨ	m[ɨ]lɐnitɨ	m[e]lɐnitɨ	0
melanítico	mɨlɐnitiku	melɐnitiku	m[ɨ]lɐnitiku	m[e]lɐnitiku	0
melanizar	mɨlɐnizar	melɐnizar	m[ɨ]lɐnizar	m[e]lɐnizar	0
melanocarpo	mɨlɐnɔkarpu	melɐnukarpu	m[ɨ]lɐn[ɔ]karpu	m[e]lɐn[u]karpu	0
melanocéfalo	mɨlɐnɔsɛfɐlu	melɐnusɛfɐlu	m[ɨ]lɐn[ɔ]sɛfɐlu	m[e]lɐn[u]sɛfɐlu	0
melanócero	mɨlɐnɔsɨru	melɐnɔsɨru	m[ɨ]lɐnɔsɨru	m[e]lɐnɔsɨru	0
melanócito	mɨlɐnɔsitu	melɐnɔsitu	m[ɨ]lɐnɔsitu	m[e]lɐnɔsitu	0
melanócomo	mɨlɐnɔkumu	melɐnɔkumu	m[ɨ]lɐnɔkumu	m[e]lɐnɔkumu	0
melanocrático	mɨlɐnɔkratiku	melɐnukratiku	m[ɨ]lɐn[ɔ]kratiku	m[e]lɐn[u]kratiku	0
melanoderme	mɨlɐnɔdɛrmɨ	melɐnudɛrmɨ	m[ɨ]lɐn[ɔ]dɛrmɨ	m[e]lɐn[u]dɛrmɨ	0
melanodermia	mɨlɐnɔdɨrmiɐ	melɐnudɨrmiɐ	m[ɨ]lɐn[ɔ]dɨrmiɐ	m[e]lɐn[u]dɨrmiɐ	0
melanodoncia	mɨlɐnɔdõsiɐ	melɐnudõnsiɐ	m[ɨ]lɐn[ɔ]dõsiɐ[]	m[e]lɐn[u]dõnsi[ɐ]	0
melanoftalmo	mɨlɐnɔftaɫmu	melɐnuftaɫmu	m[ɨ]lɐn[ɔ]ftaɫmu	m[e]lɐn[u]ftaɫmu	0
melanoma	mɨlɐnomɐ	melɐnomɐ	m[ɨ]lɐnomɐ	m[e]lɐnomɐ	0
melanopatia	mɨlɐnɔpɐtiɐ	melɐnupɐtiɐ	m[ɨ]lɐn[ɔ]pɐtiɐ	m[e]lɐn[u]pɐtiɐ	0
melanope	mɨlɐnɔpɨ	melɐnɔpɨ	m[ɨ]lɐnɔpɨ	m[e]lɐnɔpɨ	0
melanóptero	mɨlɐnɔptɨru	melɐnɔptɨru	m[ɨ]lɐnɔptɨru	m[e]lɐnɔptɨru	0
melanóptico	mɨlɐnɔptiku	melɐnɔptiku	m[ɨ]lɐnɔptiku	m[e]lɐnɔptiku	0
melanose	mɨlɐnɔzɨ	melɐnɔzɨ	m[ɨ]lɐnɔzɨ	m[e]lɐnɔzɨ	0
melanostimulina	mɨlɐnɔʃtimulinɐ	melɐnuʃtimulinɐ	m[ɨ]lɐn[ɔ]ʃtimulinɐ	m[e]lɐn[u]ʃtimulinɐ	0
melanóstomo	mɨlɐnɔʃtumu	melɐnɔʃtumu	m[ɨ]lɐnɔʃtumu	m[e]lɐnɔʃtumu	0
melanótico	mɨlɐnɔtiku	melɐnɔtiku	m[ɨ]lɐnɔtiku	m[e]lɐnɔtiku	0
melanótrico	mɨlɐnɔtriku	melɐnɔtriku	m[ɨ]lɐnɔtriku	m[e]lɐnɔtriku	0
melanotropina	mɨlɐnɔtrupinɐ	melɐnutrupinɐ	m[ɨ]lɐn[ɔ]trupinɐ	m[e]lɐn[u]trupinɐ	0
melanúria	mɨlɐnurjɐ	melɐnurjɐ	m[ɨ]lɐnurjɐ	m[e]lɐnurjɐ	0
melanuro	mɨlɐnuru	melɐnuru	m[ɨ]lɐnuru	m[e]lɐnuru	0
melápio	mɨlapju	melapju	m[ɨ]lapju	m[e]lapju	0
melasma	mɨlaʒmɐ	melaʒmɐ	m[ɨ]laʒmɐ	m[e]laʒmɐ	0
melasmo	mɨlaʒmu	melaʒmu	m[ɨ]laʒmu	m[e]laʒmu	0
melastomáceas	mɨlɐʃtumasjɐʃ	melɐʃtumasiɐʃ	m[ɨ]lɐʃtumas[j]ɐʃ	m[e]lɐʃtumas[i]ɐʃ	0
melatonina	mɨlɐtuninɐ	melɐtuninɐ	m[ɨ]lɐtuninɐ	m[e]lɐtuninɐ	0
melatrofia	mɨlɐtrufiɐ	melɐtrufiɐ	m[ɨ]lɐtrufiɐ	m[e]lɐtrufiɐ	0
meleca	mɨlɛkɐ	melɛkɐ	m[ɨ]lɛkɐ	m[e]lɛkɐ	0
meleiro	mɨlɐjru	melɐjru	m[ɨ]lɐjru	m[e]lɐjru	0
melharuco	mɨʎɐruku	meʎɐruku	m[ɨ]ʎɐruku	m[e]ʎɐruku	0
melheirós	mɨʎɐjrɔʃ	meʎɐjrɔʃ	m[ɨ]ʎɐjrɔʃ	m[e]ʎɐjrɔʃ	0
melhorada	mɨʎuradɐ	meʎuradɐ	m[ɨ]ʎuradɐ	m[e]ʎuradɐ	0
melhorado	mɨʎuradu	meʎuradu	m[ɨ]ʎuradu	m[e]ʎuradu	0
melhorador	mɨʎurɐdor	meʎurɐdor	m[ɨ]ʎurɐdor	m[e]ʎurɐdor	0
melhoramento	mɨʎurɐmẽtu	meʎurɐmẽntu	m[ɨ]ʎurɐmẽtu[]	m[e]ʎurɐmẽnt[u]	0
melhora	mɨʎɔrɐ	meʎɔrɐ	m[ɨ]ʎɔrɐ	m[e]ʎɔrɐ	0
melhorar	mɨʎurar	meʎurar	m[ɨ]ʎurar	m[e]ʎurar	0
melhoras	mɨʎɔrɐʃ	meʎɔrɐʃ	m[ɨ]ʎɔrɐʃ	m[e]ʎɔrɐʃ	0
melhorativo	mɨʎurɐtivu	meʎurɐtivu	m[ɨ]ʎurɐtivu	m[e]ʎurɐtivu	0
melhorável	mɨʎuravɛɫ	meʎuravɛɫ	m[ɨ]ʎuravɛɫ	m[e]ʎuravɛɫ	0
melhoria	mɨʎuriɐ	meʎuriɐ	m[ɨ]ʎuriɐ	m[e]ʎuriɐ	0
melhormente	mɨʎɔrmẽtɨ	meʎurmẽntɨ	m[ɨ]ʎ[ɔ]rmẽtɨ[]	m[e]ʎ[u]rmẽnt[ɨ]	0
meliáceas	mɨljasjɐʃ	meliasiɐʃ	m[ɨ]l[j]as[j]ɐʃ	m[e]l[i]as[i]ɐʃ	0
meliana	mɨljɐnɐ	meliɐ̃nɐ	m[ɨ]l[j]ɐ[]nɐ	m[e]l[i]ɐ[̃]nɐ	0
meliante	mɨljɐ̃tɨ	meliɐ̃ntɨ	m[ɨ]l[j]ɐ̃[]tɨ	m[e]l[i]ɐ̃[n]tɨ	0
melibeu	mɨlibew	melibew	m[ɨ]libew	m[e]libew	0
melicéride	mɨlisɛridɨ	melisɛridɨ	m[ɨ]lisɛridɨ	m[e]lisɛridɨ	0
melicéris	mɨlisɛriʃ	melisɛriʃ	m[ɨ]lisɛriʃ	m[e]lisɛriʃ	0
melícia	mɨlisjɐ	melisjɐ	m[ɨ]lisjɐ	m[e]lisjɐ	0
melida	mɨlidɐ	melidɐ	m[ɨ]lidɐ	m[e]lidɐ	0
melieiro	mɨljɐjru	meliɐjru	m[ɨ]l[j]ɐjru	m[e]l[i]ɐjru	0
melífago	mɨlifɐɡu	melifɐɡu	m[ɨ]lifɐɡu	m[e]lifɐɡu	0
melífero	mɨlifɨru	melifɨru	m[ɨ]lifɨru	m[e]lifɨru	0
melificação	mɨlifikɐsɐ̃w̃	melifikɐsɐ̃w̃	m[ɨ]lifikɐsɐ̃w̃	m[e]lifikɐsɐ̃w̃	0
melificador	mɨlifikɐdor	melifikɐdor	m[ɨ]lifikɐdor	m[e]lifikɐdor	0
melificar	mɨlifikar	melifikar	m[ɨ]lifikar	m[e]lifikar	0
melífico	mɨlifiku	melifiku	m[ɨ]lifiku	m[e]lifiku	0
melifluentar	mɨlifluẽtar	melifluẽntar	m[ɨ]lifluẽtar[]	m[e]lifluẽnta[r]	0
melifluidade	mɨlifluidadɨ	melifluidadɨ	m[ɨ]lifluidadɨ	m[e]lifluidadɨ	0
melífluo	mɨliflwu	melifluw	m[ɨ]lifl[]w[u]	m[e]lifl[u]w[]	0
meliloto	mɨlilotu	melilɔtu	m[ɨ]lil[o]tu	m[e]lil[ɔ]tu	0
melindano	mɨlĩdɐnu	melĩndɐ̃nu	m[ɨ]lĩd[ɐ]nu[]	m[e]lĩ[]ndɐ̃n[u]	0
melindrabilidade	mɨlĩdrɐbilidadɨ	melĩndrɐbilidadɨ	m[ɨ]lĩdrɐbi[l]id[a]dɨ[]	m[e]lĩndrɐ[b]il[i]dad[ɨ]	0
melindrado	mɨlĩdradu	melĩndradu	m[ɨ]lĩdr[a]du[]	m[e]lĩn[]drad[u]	0
melindrar	mɨlĩdrar	melĩndrar	m[ɨ]lĩdr[a]r[]	m[e]lĩn[d]ra[r]	0
melindrável	mɨlĩdravɛɫ	melĩndravɛɫ	m[ɨ]lĩdravɛɫ[]	m[e]lĩndravɛ[ɫ]	0
melindre	mɨlĩdrɨ	melĩndrɨ	m[ɨ]lĩdrɨ[]	m[e]lĩndr[ɨ]	0
melindrosamente	mɨlĩdrɔzɐmẽtɨ	melĩndrɔzɐmẽntɨ	m[ɨ]lĩdrɔzɐmẽtɨ[]	m[e]lĩndrɔzɐmẽnt[ɨ]	0
melindroso	mɨlĩdrozu	melĩndrozu	m[ɨ]lĩdrozu[]	m[e]lĩndroz[u]	0
melinite	mɨlinitɨ	melinitɨ	m[ɨ]linitɨ	m[e]linitɨ	0
meliorismo	mɨljuriʒmu	meliuriʒmu	m[ɨ]l[j]uriʒmu	m[e]l[i]uriʒmu	0
melípona	mɨlipunɐ	melipunɐ	m[ɨ]lipunɐ	m[e]lipunɐ	0
melissa	mɨlisɐ	melisɐ	m[ɨ]lisɐ	m[e]lisɐ	0
melissofobia	mɨlisɔfubiɐ	melisufubiɐ	m[ɨ]lis[ɔ]fubiɐ	m[e]lis[u]fubiɐ	0
melissografia	mɨlisɔɡrɐfiɐ	melisuɡrɐfiɐ	m[ɨ]lis[ɔ]ɡrɐfiɐ	m[e]lis[u]ɡrɐfiɐ	0
melissográfico	mɨlisɔɡrafiku	melisuɡrafiku	m[ɨ]lis[ɔ]ɡrafiku	m[e]lis[u]ɡrafiku	0
melitano	mɨlitɐnu	melitɐ̃nu	m[ɨ]litɐ[]nu	m[e]litɐ[̃]nu	0
meliteu	mɨlitew	melitew	m[ɨ]litew	m[e]litew	0
melitófilo	mɨlitɔfilu	melitɔfilu	m[ɨ]litɔfilu	m[e]litɔfilu	0
melito	mɨlitu	melitu	m[ɨ]litu	m[e]litu	0
meliturgia	mɨliturʒiɐ	meliturʒiɐ	m[ɨ]liturʒiɐ	m[e]liturʒiɐ	0
melitúria	mɨliturjɐ	meliturjɐ	m[ɨ]liturjɐ	m[e]liturjɐ	0
melívoro	mɨlivuru	melivuru	m[ɨ]livuru	m[e]livuru	0
meloal	mɨlwaɫ	meluaɫ	m[ɨ]l[w]aɫ	m[e]l[u]aɫ	0
meloa	mɨloɐ	meloɐ	m[ɨ]loɐ	m[e]loɐ	0
melocotão	mɨlɔkutɐ̃w̃	melukutɐ̃w̃	m[ɨ]l[ɔ]kutɐ̃w̃	m[e]l[u]kutɐ̃w̃	0
melodia	mɨludiɐ	meludiɐ	m[ɨ]ludiɐ	m[e]ludiɐ	0
melodiar	mɨludjar	meludiar	m[ɨ]lud[j]ar	m[e]lud[i]ar	0
melódica	mɨlɔdikɐ	melɔdikɐ	m[ɨ]lɔdikɐ	m[e]lɔdikɐ	0
melódico	mɨlɔdiku	melɔdiku	m[ɨ]lɔdiku	m[e]lɔdiku	0
melodino	mɨludinu	meludinu	m[ɨ]ludinu	m[e]ludinu	0
melodiosamente	mɨludjɔzɐmẽtɨ	meludiɔzɐmẽntɨ	m[ɨ]lud[j]ɔzɐmẽtɨ[]	m[e]lud[i]ɔzɐmẽnt[ɨ]	0
melodioso	mɨludjozu	meludiozu	m[ɨ]lud[j]ozu	m[e]lud[i]ozu	0
melodista	mɨludiʃtɐ	meludiʃtɐ	m[ɨ]ludiʃtɐ	m[e]ludiʃtɐ	0
melodização	mɨludizɐsɐ̃w̃	meludizɐsɐ̃w̃	m[ɨ]ludizɐsɐ̃w̃	m[e]ludizɐsɐ̃w̃	0
melodizar	mɨludizar	meludizar	m[ɨ]ludizar	m[e]ludizar	0
meloeiro	mɨlwɐjru	meluɐjru	m[ɨ]l[w]ɐjru	m[e]l[u]ɐjru	0
melófago	mɨlɔfɐɡu	melɔfɐɡu	m[ɨ]lɔfɐɡu	m[e]lɔfɐɡu	0
melófilo	mɨlɔfilu	melɔfilu	m[ɨ]lɔfilu	m[e]lɔfilu	0
melógrafo	mɨlɔɡrɐfu	melɔɡrɐfu	m[ɨ]lɔɡrɐfu	m[e]lɔɡrɐfu	0
melolonta	mɨlulõtɐ	melulõntɐ	m[ɨ]lulõtɐ[]	m[e]lulõnt[ɐ]	0
melômano	mɨlomɐnu	melomɐnu	m[ɨ]lomɐnu	m[e]lomɐnu	0
melómano	mɨlɔmɐnu	melɔmɐnu	m[ɨ]lɔmɐnu	m[e]lɔmɐnu	0
melomelia	mɨlɔmɨliɐ	melumɨliɐ	m[ɨ]l[ɔ]mɨliɐ	m[e]l[u]mɨliɐ	0
melômelo	mɨlomɨlu	melomɨlu	m[ɨ]lomɨlu	m[e]lomɨlu	0
melómelo	mɨlɔmɨlu	melɔmɨlu	m[ɨ]lɔmɨlu	m[e]lɔmɨlu	0
meloniforme	mɨlunifɔrme	melunifɔrmɨ	m[ɨ]lunifɔrm[e]	m[e]lunifɔrm[ɨ]	0
melonita	mɨlunitɐ	melunitɐ	m[ɨ]lunitɐ	m[e]lunitɐ	0
melonite	mɨlunitɨ	melunitɨ	m[ɨ]lunitɨ	m[e]lunitɨ	0
melopeia	mɨlupɐjɐ	melupɛjɐ	m[ɨ]lup[ɐ]jɐ	m[e]lup[ɛ]jɐ	0
melopéia	mɨlupɐjɐ	melupɛjɐ	m[ɨ]lup[ɐ]jɐ	m[e]lup[ɛ]jɐ	0
melopeico	mɨlupɐjku	melupɐjku	m[ɨ]lupɐjku	m[e]lupɐjku	0
melopéico	mɨlupɐjku	melupɛjku	m[ɨ]lup[ɐ]jku	m[e]lup[ɛ]jku	0
melope	mɨlɔpɨ	melɔpɨ	m[ɨ]lɔpɨ	m[e]lɔpɨ	0
melosalgia	mɨluzaɫʒiɐ	meluzaɫʒiɐ	m[ɨ]luzaɫʒiɐ	m[e]luzaɫʒiɐ	0
meloso	mɨlozu	melozu	m[ɨ]lozu	m[e]lozu	0
melota	mɨlɔtɐ	melɔtɐ	m[ɨ]lɔtɐ	m[e]lɔtɐ	0
meloteca	mɨlɔtɛkɐ	melutɛkɐ	m[ɨ]l[ɔ]tɛkɐ	m[e]l[u]tɛkɐ	0
melote	mɨlɔtɨ	melɔtɨ	m[ɨ]lɔtɨ	m[e]lɔtɨ	0
melótropo	mɨlɔtrupu	melɔtrupu	m[ɨ]lɔtrupu	m[e]lɔtrupu	0
melúria	mɨlurjɐ	melurjɐ	m[ɨ]lurjɐ	m[e]lurjɐ	0
melusina	mɨluzinɐ	meluzinɐ	m[ɨ]luzinɐ	m[e]luzinɐ	0
memoração	mɨmurɐsɐ̃w̃	memurɐsɐ̃w̃	m[ɨ]murɐsɐ̃w̃	m[e]murɐsɐ̃w̃	0
memorando	mɨmurɐ̃du	memurɐ̃ndu	m[ɨ]murɐ̃[]du	m[e]murɐ̃[n]du	0
memorar	mɨmurar	memurar	m[ɨ]murar	m[e]murar	0
memorativo	mɨmurɐtivu	memurɐtivu	m[ɨ]murɐtivu	m[e]murɐtivu	0
memorável	mɨmuravɛɫ	memuravɛɫ	m[ɨ]muravɛɫ	m[e]muravɛɫ	0
memorialismo	mɨmurjɐliʒmu	memuriɐliʒmu	m[ɨ]mur[j]ɐliʒmu	m[e]mur[i]ɐliʒmu	0
memorialista	mɨmurjɐliʃtɐ	memuriɐliʃtɐ	m[ɨ]mur[j]ɐliʃtɐ	m[e]mur[i]ɐliʃtɐ	0
memorialístico	mɨmurjɐliʃtiku	memuriɐliʃtiku	m[ɨ]mur[j]ɐliʃtiku	m[e]mur[i]ɐliʃtiku	0
memorial	mɨmurjaɫ	memuriaɫ	m[ɨ]mur[j]aɫ	m[e]mur[i]aɫ	0
memória	mɨmɔrjɐ	memɔrjɐ	m[ɨ]mɔrjɐ	m[e]mɔrjɐ	0
memorião	mɨmurjɐ̃w̃	memuriɐ̃w̃	m[ɨ]mur[j]ɐ̃w̃	m[e]mur[i]ɐ̃w̃	0
memoriar	mɨmurjar	memuriar	m[ɨ]mur[j]ar	m[e]mur[i]ar	0
memoriável	mɨmurjavɛɫ	memuriavɛɫ	m[ɨ]mur[j]avɛɫ	m[e]mur[i]avɛɫ	0
memorioso	mɨmurjozu	memuriozu	m[ɨ]mur[j]ozu	m[e]mur[i]ozu	0
memorista	mɨmuriʃtɐ	memuriʃtɐ	m[ɨ]muriʃtɐ	m[e]muriʃtɐ	0
memorização	mɨmurizɐsɐ̃w̃	memurizɐsɐ̃w̃	m[ɨ]murizɐsɐ̃w̃	m[e]murizɐsɐ̃w̃	0
memorizar	mɨmurizar	memurizar	m[ɨ]murizar	m[e]murizar	0
menacma	mɨnakmɐ	menakmɐ	m[ɨ]nakmɐ	m[e]nakmɐ	0
menagem	mɨnaʒɐ̃j̃	menaʒɐjn	m[ɨ]naʒɐ[̃]j[̃]	m[e]naʒɐ[]j[n]	0
menálio	mɨnalju	menalju	m[ɨ]nalju	m[e]nalju	0
menápio	mɨnapju	menapju	m[ɨ]napju	m[e]napju	0
menarca	mɨnarkɐ	menarkɐ	m[ɨ]narkɐ	m[e]narkɐ	0
menarquia	mɨnɐrkiɐ	menɐrkiɐ	m[ɨ]nɐrkiɐ	m[e]nɐrkiɐ	0
meneador	mɨnjɐdor	meniɐdor	m[ɨ]n[j]ɐdor	m[e]n[i]ɐdor	0
meneamento	mɨnjɐmẽtu	meniɐmẽntu	m[ɨ]n[j]ɐmẽtu[]	m[e]n[i]ɐmẽnt[u]	0
menear	mɨnjar	meniar	m[ɨ]n[j]ar	m[e]n[i]ar	0
meneável	mɨnjavɛɫ	menɨavɛɫ	m[ɨ]n[j]avɛɫ	m[e]n[ɨ]avɛɫ	0
meneio	mɨnɐju	meneju	m[ɨ]n[ɐ]ju	m[e]n[e]ju	0
menequenos	mɨnɨkenuʃ	menɨkenuʃ	m[ɨ]nɨkenuʃ	m[e]nɨkenuʃ	0
menestrel	mɨnɨʃtrɛɫ	menɨʃtrɛɫ	m[ɨ]nɨʃtrɛɫ	m[e]nɨʃtrɛɫ	0
meniano	mɨnjɐnu	meniɐ̃nu	m[ɨ]n[j]ɐ[]nu	m[e]n[i]ɐ[̃]nu	0
menídios	mɨnidjuʃ	menidɪuʃ	m[ɨ]nid[j]uʃ	m[e]nid[ɪ]uʃ	0
menina-de-cinco-olhos	mɨninɐdɨsĩkuɔʎuʃ	meninɐdɨsĩnkuɔʎuʃ	m[ɨ]ninɐdɨsĩkuɔ[ʎ]uʃ[]	m[e]ninɐdɨsĩnk[]uɔʎu[ʃ]	0
menina-do-olho	mɨninɐduoʎu	meninɐduoʎu	m[ɨ]ninɐduoʎu	m[e]ninɐduoʎu	0
menina	mɨninɐ	meninɐ	m[ɨ]ninɐ	m[e]ninɐ	0
meninata	mɨninatɐ	meninatɐ	m[ɨ]ninatɐ	m[e]ninatɐ	0
menineiro	mɨninɐjru	meninɐjru	m[ɨ]ninɐjru	m[e]ninɐjru	0
meninência	mɨninẽsjɐ	meninẽnsjɐ	m[ɨ]ninẽsjɐ[]	m[e]ninẽnsj[ɐ]	0
meninez	mɨnineʃ	menineʃ	m[ɨ]nineʃ	m[e]nineʃ	0
meninge	mɨnĩʒɨ	menĩnʒɨ	m[ɨ]nĩʒɨ[]	m[e]nĩnʒ[ɨ]	0
meningencefálico	mɨnĩʒẽsɨfaliku	menĩnʒẽnsɨfaliku	m[ɨ]nĩʒẽsɨfaliku[]	m[e]nĩnʒẽnsɨfalik[u]	0
meningencefalite	mɨnĩʒẽsɨfɐlitɨ	menĩnʒẽnsɨfɐlitɨ	m[ɨ]nĩʒẽsɨfɐlitɨ[]	m[e]nĩnʒẽnsɨfɐlit[ɨ]	0
meningencefalítico	mɨnĩʒẽsɨfɐlitiku	menĩnʒẽnsɨfɐlitiku	m[ɨ]nĩʒẽsɨfɐlitiku[]	m[e]nĩnʒẽnsɨfɐlitik[u]	0
meníngeo	mɨnĩʒju	menĩnʒiw	m[ɨ]nĩʒju[]	m[e]nĩnʒi[w]	0
meningioma	mɨnĩʒjomɐ	menĩnʒiomɐ	m[ɨ]nĩʒjomɐ[]	m[e]nĩnʒiom[ɐ]	0
meningismo	mɨnĩʒiʒmu	menĩnʒiʒmu	m[ɨ]nĩʒ[i]ʒmu[]	m[e]nĩ[n]ʒiʒm[u]	0
meningite	mɨnĩʒitɨ	menĩnʒitɨ	m[ɨ]nĩʒitɨ[]	m[e]nĩnʒit[ɨ]	0
meningítico	mɨnĩʒitiku	menĩnʒitiku	m[ɨ]nĩʒi[t]iku[]	m[e]nĩn[ʒ]itik[u]	0
meningococo	mɨnĩɡɔkɔku	menĩnɡukɔku	m[ɨ]nĩɡɔk[ɔ]ku[]	m[e]nĩnɡ[u]kɔk[u]	0
meningoencefalite	mɨnĩɡɔẽsɨfɐlitɨ	menĩnɡuẽnsefɐlitɨ	m[ɨ]nĩɡɔẽsɨfɐlitɨ[]	m[e]nĩnɡuẽnsefɐlit[ɨ]	0
meningoencefalítico	mɨnĩɡɔẽsɨfɐlitiku	menĩnɡuẽnsefɐlitiku	m[ɨ]nĩɡɔẽsɨfɐlitiku[]	m[e]nĩnɡuẽnsefɐlitik[u]	0
meningopatia	mɨnĩɡɔpɐtiɐ	menĩnɡupɐtiɐ	m[ɨ]nĩɡɔpɐt[i]ɐ[]	m[e]nĩnɡup[]ɐti[ɐ]	0
meningorragia	mɨnĩɡɔʀɐʒiɐ	menĩnɡuʀɐʒiɐ	m[ɨ]nĩɡɔʀɐʒ[i]ɐ[]	m[e]nĩnɡuʀ[]ɐʒi[ɐ]	0
meninice	mɨninisɨ	meninisɨ	m[ɨ]ninisɨ	m[e]ninisɨ	0
menino-bonito	mɨninubunitu	meninubunitu	m[ɨ]ninubunitu	m[e]ninubunitu	0
meninó	mɨninɔ	meninɔ	m[ɨ]ninɔ	m[e]ninɔ	0
menino	mɨninu	meninu	m[ɨ]ninu	m[e]ninu	0
menino-prodígio	mɨninuprudiʒju	meninuprudiʒju	m[ɨ]ninuprudiʒju	m[e]ninuprudiʒju	0
meniscectomia	mɨniʃsɛktumiɐ	meniʃsɛtumiɐ	m[ɨ]niʃsɛ[k]tumiɐ	m[e]niʃsɛ[]tumiɐ	0
menisco-côncavo	mɨniʃkukõkɐvu	meniʃkukõnkɐvu	m[ɨ]niʃkukõkɐvu[]	m[e]niʃkukõnkɐv[u]	0
menisco-convexo	mɨniʃkukõvɛksu	meniʃkukõnvɛksu	m[ɨ]niʃkukõvɛksu[]	m[e]niʃkukõnvɛks[u]	0
meniscoide	mɨniʃkɔjdɨ	meniʃkɔjdɨ	m[ɨ]niʃkɔjdɨ	m[e]niʃkɔjdɨ	0
meniscóide	mɨniʃkɔjdɨ	meniʃkɔjdɨ	m[ɨ]niʃkɔjdɨ	m[e]niʃkɔjdɨ	0
menisco	mɨniʃku	meniʃku	m[ɨ]niʃku	m[e]niʃku	0
menispermáceas	mɨniʃpɨrmasjɐʃ	meniʃpɨrmasiɐʃ	m[ɨ]niʃpɨrmas[j]ɐʃ	m[e]niʃpɨrmas[i]ɐʃ	0
menispermáceo	mɨniʃpɨrmasju	meniʃpɨrmasiw	m[ɨ]niʃpɨrmasj[u]	m[e]niʃpɨrmasi[w]	0
menispermo	mɨniʃpɛrmu	meniʃpermu	m[ɨ]niʃp[ɛ]rmu	m[e]niʃp[e]rmu	0
menológio	mɨnulɔʒju	menulɔʒju	m[ɨ]nulɔʒju	m[e]nulɔʒju	0
menonismo	mɨnuniʒmu	menuniʒmu	m[ɨ]nuniʒmu	m[e]nuniʒmu	0
menonista	mɨnuniʃtɐ	menuniʃtɐ	m[ɨ]nuniʃtɐ	m[e]nuniʃtɐ	0
menoridade	mɨnuridadɨ	menuridadɨ	m[ɨ]nuridadɨ	m[e]nuridadɨ	0
menorismo	mɨnuriʒmu	menuriʒmu	m[ɨ]nuriʒmu	m[e]nuriʒmu	0
menorista	mɨnuriʃtɐ	menuriʃtɐ	m[ɨ]nuriʃtɐ	m[e]nuriʃtɐ	0
menorita	mɨnuritɐ	menuritɐ	m[ɨ]nuritɐ	m[e]nuritɐ	0
menorítico	mɨnuritiku	menuritiku	m[ɨ]nuritiku	m[e]nuritiku	0
menorizar	mɨnurizar	menurizar	m[ɨ]nurizar	m[e]nurizar	0
menorrágico	mɨnuʀaʒiku	menuʀaʒiku	m[ɨ]nuʀaʒiku	m[e]nuʀaʒiku	0
menorralgia	mɨnuʀaɫʒiɐ	menuʀaɫʒiɐ	m[ɨ]nuʀaɫʒiɐ	m[e]nuʀaɫʒiɐ	0
menorreia	mɨnuʀɐjɐ	menuʀɛjɐ	m[ɨ]nuʀ[ɐ]jɐ	m[e]nuʀ[ɛ]jɐ	0
menorréia	mɨnuʀɐjɐ	menuʀɛjɐ	m[ɨ]nuʀ[ɐ]jɐ	m[e]nuʀ[ɛ]jɐ	0
menorreico	mɨnuʀɐjku	menuʀɐjku	m[ɨ]nuʀɐjku	m[e]nuʀɐjku	0
menorréico	mɨnuʀɐjku	menuʀɛjku	m[ɨ]nuʀ[ɐ]jku	m[e]nuʀ[ɛ]jku	0
menoscabador	mɨnuʃkɐbɐdor	menuʃkɐbɐdor	m[ɨ]nuʃkɐbɐdor	m[e]nuʃkɐbɐdor	0
menoscabar	mɨnuʃkɐbar	menuʃkɐbar	m[ɨ]nuʃkɐbar	m[e]nuʃkɐbar	0
menoscabável	mɨnuʃkɐbavɛɫ	menuʃkɐbavɛɫ	m[ɨ]nuʃkɐbavɛɫ	m[e]nuʃkɐbavɛɫ	0
menoscabo	mɨnuʃkabu	menuʃkabu	m[ɨ]nuʃkabu	m[e]nuʃkabu	0
menospreço	mɨnuʃpresu	menuʃpresu	m[ɨ]nuʃpresu	m[e]nuʃpresu	0
menosprezado	mɨnuʃprɨzadu	menuʃprɨzadu	m[ɨ]nuʃprɨzadu	m[e]nuʃprɨzadu	0
menosprezador	mɨnuʃprɨzɐdor	menuʃprezɐdor	m[ɨ]nuʃpr[ɨ]zɐdor	m[e]nuʃpr[e]zɐdor	0
menosprezar	mɨnuʃprɨzar	menuʃprɨzar	m[ɨ]nuʃprɨzar	m[e]nuʃprɨzar	0
menosprezativo	mɨnuʃprɨzɐtivu	menuʃprezɐtivu	m[ɨ]nuʃpr[ɨ]zɐtivu	m[e]nuʃpr[e]zɐtivu	0
menosprezável	mɨnuʃprɨzavɛɫ	menuʃprɨzavɛɫ	m[ɨ]nuʃprɨzavɛɫ	m[e]nuʃprɨzavɛɫ	0
menosprezível	mɨnuʃprɨzivɛɫ	menuʃprɨzivɛɫ	m[ɨ]nuʃprɨzivɛɫ	m[e]nuʃprɨzivɛɫ	0
menosprezivo	mɨnuʃprɨzivu	menuʃprɨzivu	m[ɨ]nuʃprɨzivu	m[e]nuʃprɨzivu	0
menosprezo	mɨnuʃprezu	menuʃprɛzu	m[ɨ]nuʃpr[e]zu	m[e]nuʃpr[ɛ]zu	0
menúrida	mɨnuridɐ	menuridɐ	m[ɨ]nuridɐ	m[e]nuridɐ	0
menúridas	mɨnuridɐʃ	menuridɐʃ	m[ɨ]nuridɐʃ	m[e]nuridɐʃ	0
menurídeo	mɨnuridju	menuridiw	m[ɨ]nuridj[u]	m[e]nuridi[w]	0
menurídeos	mɨnuridjuʃ	menuridiwʃ	m[ɨ]nuridj[u]ʃ	m[e]nuridi[w]ʃ	0
mepera	mɨperɐ	mepɛrɐ	m[ɨ]p[e]rɐ	m[e]p[ɛ]rɐ	0
mequetrefe	mɨkɨtrɛfɨ	mekɨtrɛfɨ	m[ɨ]kɨtrɛfɨ	m[e]kɨtrɛfɨ	0
mercadejar	mɨrkɐdɨʒar	merkɐdɨʒar	m[ɨ]rkɐdɨʒar	m[e]rkɐdɨʒar	0
mercadejável	mɨrkɐdɨʒavɛɫ	merkɐdɨʒavɛɫ	m[ɨ]rkɐdɨʒavɛɫ	m[e]rkɐdɨʒavɛɫ	0
mercadologia	mɨrkɐduluʒiɐ	merkɐduluʒiɐ	m[ɨ]rkɐduluʒiɐ	m[e]rkɐduluʒiɐ	0
mercadológico	mɨrkɐdulɔʒiku	merkɐdulɔʒiku	m[ɨ]rkɐdulɔʒiku	m[e]rkɐdulɔʒiku	0
mercado	mɨrkadu	merkadu	m[ɨ]rkadu	m[e]rkadu	0
mercadoria	mɨrkɐduriɐ	merkɐduriɐ	m[ɨ]rkɐduriɐ	m[e]rkɐduriɐ	0
mercador	mɨrkɐdor	merkɐdor	m[ɨ]rkɐdor	m[e]rkɐdor	0
mercancia	mɨrkɐ̃siɐ	merkɐ̃nsiɐ	m[ɨ]rkɐ̃[]siɐ	m[e]rkɐ̃[n]siɐ	0
mercanciar	mɨrkɐ̃sjar	merkɐ̃nsiar	m[ɨ]rkɐ̃[]s[j]ar	m[e]rkɐ̃[n]s[i]ar	0
mercante	mɨrkɐ̃tɨ	merkɐ̃ntɨ	m[ɨ]rkɐ̃[]tɨ	m[e]rkɐ̃[n]tɨ	0
mercantilismo	mɨrkɐ̃tiliʒmu	merkɐ̃ntiliʒmu	m[ɨ]rkɐ̃[]tiliʒmu	m[e]rkɐ̃[n]tiliʒmu	0
mercantilista	mɨrkɐ̃tiliʃtɐ	merkɐ̃ntiliʃtɐ	m[ɨ]rkɐ̃[]tiliʃtɐ	m[e]rkɐ̃[n]tiliʃtɐ	0
mercantilístico	mɨrkɐ̃tiliʃtiku	merkɐ̃ntiliʃtiku	m[ɨ]rkɐ̃[]tiliʃtiku	m[e]rkɐ̃[n]tiliʃtiku	0
mercantilização	mɨrkɐ̃tilizɐsɐ̃w̃	merkɐ̃ntilizɐsɐ̃w̃	m[ɨ]rkɐ̃[]tilizɐsɐ̃w̃	m[e]rkɐ̃[n]tilizɐsɐ̃w̃	0
mercantilizar	mɨrkɐ̃tilizar	merkɐ̃ntilizar	m[ɨ]rkɐ̃[]tilizar	m[e]rkɐ̃[n]tilizar	0
mercantil	mɨrkɐ̃tiɫ	merkɐ̃ntiɫ	m[ɨ]rkɐ̃[]tiɫ	m[e]rkɐ̃[n]tiɫ	0
mercaria	mɨrkɐriɐ	merkɐriɐ	m[ɨ]rkɐriɐ	m[e]rkɐriɐ	0
mercatório	mɨrkɐtɔrju	merkɐtɔrju	m[ɨ]rkɐtɔrju	m[e]rkɐtɔrju	0
mercável	mɨrkavɛɫ	merkavɛɫ	m[ɨ]rkavɛɫ	m[e]rkavɛɫ	0
mercearia	mɨrsjɐriɐ	mersiɐriɐ	m[ɨ]rs[j]ɐriɐ	m[e]rs[i]ɐriɐ	0
merceeiro	mɨrsjɐjru	mersiɐjru	m[ɨ]rs[j]ɐjru	m[e]rs[i]ɐjru	0
mercenário	mɨrsɨnarju	mersɨnarju	m[ɨ]rsɨnarju	m[e]rsɨnarju	0
mercenarismo	mɨrsɨnɐriʒmu	mersɨnɐriʒmu	m[ɨ]rsɨnɐriʒmu	m[e]rsɨnɐriʒmu	0
merceologia	mɨrsjuluʒiɐ	mersiuluʒiɐ	m[ɨ]rs[j]uluʒiɐ	m[e]rs[i]uluʒiɐ	0
merceológico	mɨrsjulɔʒiku	mersiulɔʒiku	m[ɨ]rs[j]ulɔʒiku	m[e]rs[i]ulɔʒiku	0
mercerização	mɨrsɨrizɐsɐ̃w̃	mersɨrizɐsɐ̃w̃	m[ɨ]rsɨrizɐsɐ̃w̃	m[e]rsɨrizɐsɐ̃w̃	0
mercerizado	mɨrsɨrizadu	mersɨrizadu	m[ɨ]rsɨrizadu	m[e]rsɨrizadu	0
mercerizar	mɨrsɨrizar	mersɨrizar	m[ɨ]rsɨrizar	m[e]rsɨrizar	0
mercurialismo	mɨrkurjɐliʒmu	merkuriɐliʒmu	m[ɨ]rkur[j]ɐliʒmu	m[e]rkur[i]ɐliʒmu	0
mercurialização	mɨrkurjɐlizɐsɐ̃w̃	merkuriɐlizɐsɐ̃w̃	m[ɨ]rkur[j]ɐlizɐsɐ̃w̃	m[e]rkur[i]ɐlizɐsɐ̃w̃	0
mercurializar	mɨrkurjɐlizar	merkuriɐlizar	m[ɨ]rkur[j]ɐlizar	m[e]rkur[i]ɐlizar	0
mercurial	mɨrkurjaɫ	merkuriaɫ	m[ɨ]rkur[j]aɫ	m[e]rkur[i]aɫ	0
mercúrico	mɨrkuriku	merkuriku	m[ɨ]rkuriku	m[e]rkuriku	0
mercúrio	mɨrkurju	merkurju	m[ɨ]rkurju	m[e]rkurju	0
mercurioso	mɨrkurjozu	merkuriozu	m[ɨ]rkur[j]ozu	m[e]rkur[i]ozu	0
mercurocromo	mɨrkurɔkrɔmu	merkurukromu	m[ɨ]rkur[ɔ]kr[ɔ]mu	m[e]rkur[u]kr[o]mu	0
mercuroso	mɨrkurozu	merkurozu	m[ɨ]rkurozu	m[e]rkurozu	0
merdeiro	mɨrdɐjru	merdɐjru	m[ɨ]rdɐjru	m[e]rdɐjru	0
merdice	mɨrdisɨ	merdisɨ	m[ɨ]rdisɨ	m[e]rdisɨ	0
merdícola	mɨrdikulɐ	merdikulɐ	m[ɨ]rdikulɐ	m[e]rdikulɐ	0
merdívoro	mɨrdivuru	merdivuru	m[ɨ]rdivuru	m[e]rdivuru	0
merdoso	mɨrdozu	merdozu	m[ɨ]rdozu	m[e]rdozu	0
merecedor	mɨrɨsɨdor	merɨsɨdor	m[ɨ]rɨsɨdor	m[e]rɨsɨdor	0
merecer	mɨrɨser	merɨser	m[ɨ]rɨser	m[e]rɨser	0
merecidamente	mɨrɨsidɐmẽtɨ	merɨsidɐmẽntɨ	m[ɨ]rɨsidɐmẽtɨ[]	m[e]rɨsidɐmẽnt[ɨ]	0
merecido	mɨrɨsidu	merɨsidu	m[ɨ]rɨsidu	m[e]rɨsidu	0
merecimento	mɨrɨsimẽtu	merɨsimẽntu	m[ɨ]rɨsimẽtu[]	m[e]rɨsimẽnt[u]	0
merencório	mɨrẽkɔrju	merẽnkɔrju	m[ɨ]rẽkɔrju[]	m[e]rẽnkɔrj[u]	0
merenda	mɨrẽdɐ	merẽndɐ	m[ɨ]rẽdɐ[]	m[e]rẽnd[ɐ]	0
merendar	mɨrẽdar	merẽndar	m[ɨ]rẽdar[]	m[e]rẽnda[r]	0
merendeira	mɨrẽdɐjrɐ	merẽndɐjrɐ	m[ɨ]rẽdɐj[r]ɐ[]	m[e]rẽnd[]ɐjr[ɐ]	0
merendeiro	mɨrẽdɐjru	merẽndɐjru	m[ɨ]rẽdɐjru[]	m[e]rẽndɐjr[u]	0
merendico	mɨrẽdiku	merẽndiku	m[ɨ]rẽdiku[]	m[e]rẽndik[u]	0
merendola	mɨrẽdɔlɐ	merẽndɔlɐ	m[ɨ]rẽdɔlɐ[]	m[e]rẽndɔl[ɐ]	0
merendona	mɨrẽdonɐ	merẽndonɐ	m[ɨ]rẽd[o]nɐ[]	m[e]rẽ[]ndon[ɐ]	0
merengue	mɨrẽɡɨ	merẽnɡwɨ	m[ɨ]rẽɡɨ[]	m[e]rẽnɡw[ɨ]	0
meretrice	mɨrɨtrisɨ	merɨtrisɨ	m[ɨ]rɨtrisɨ	m[e]rɨtrisɨ	0
meretrício	mɨrɨtrisju	merɨtrisju	m[ɨ]rɨtrisju	m[e]rɨtrisju	0
meretriz	mɨrɨtriʃ	merɨtriʃ	m[ɨ]rɨtriʃ	m[e]rɨtriʃ	0
merganso	mɨrɡɐ̃su	merɡɐ̃nsu	m[ɨ]rɡɐ̃[]su	m[e]rɡɐ̃[n]su	0
mergulhador	mɨrɡuʎɐdor	merɡuʎɐdor	m[ɨ]rɡuʎɐdor	m[e]rɡuʎɐdor	0
mergulha	mɨrɡuʎɐ	merɡuʎɐ	m[ɨ]rɡuʎɐ	m[e]rɡuʎɐ	0
mergulhante	mɨrɡuʎɐ̃tɨ	merɡuʎɐ̃ntɨ	m[ɨ]rɡuʎɐ̃[]tɨ	m[e]rɡuʎɐ̃[n]tɨ	0
mergulhão	mɨrɡuʎɐ̃w̃	merɡuʎɐ̃w̃	m[ɨ]rɡuʎɐ̃w̃	m[e]rɡuʎɐ̃w̃	0
mergulhar	mɨrɡuʎar	merɡuʎar	m[ɨ]rɡuʎar	m[e]rɡuʎar	0
mergulhia	mɨrɡuʎiɐ	merɡuʎiɐ	m[ɨ]rɡuʎiɐ	m[e]rɡuʎiɐ	0
mergulho	mɨrɡuʎu	merɡuʎu	m[ɨ]rɡuʎu	m[e]rɡuʎu	0
mericarpo	mɨrikarpu	merikarpu	m[ɨ]rikarpu	m[e]rikarpu	0
mericismo	mɨrisiʒmu	merisiʒmu	m[ɨ]risiʒmu	m[e]risiʒmu	0
meridense	mɨridẽsɨ	meridẽnsɨ	m[ɨ]ridẽsɨ[]	m[e]ridẽns[ɨ]	0
meridiana	mɨridjɐnɐ	meridiɐ̃nɐ	m[ɨ]rid[j]ɐ[]nɐ	m[e]rid[i]ɐ[̃]nɐ	0
meridiano	mɨridjɐnu	meridiɐ̃nu	m[ɨ]rid[j]ɐ[]nu	m[e]rid[i]ɐ[̃]nu	0
meridional	mɨridjunaɫ	meridjunaɫ	m[ɨ]ridjunaɫ	m[e]ridjunaɫ	0
meriedria	mɨrjɛdriɐ	meriɨdriɐ	m[ɨ]rj[ɛ]driɐ	m[e]ri[ɨ]driɐ	0
merifela	mɨrifɛlɐ	merifɛlɐ	m[ɨ]rifɛlɐ	m[e]rifɛlɐ	0
merinaque	mɨrinakɨ	merinakɨ	m[ɨ]rinakɨ	m[e]rinakɨ	0
merino	mɨrinu	merinu	m[ɨ]rinu	m[e]rinu	0
merisma	mɨriʒmɐ	meriʒmɐ	m[ɨ]riʒmɐ	m[e]riʒmɐ	0
merismático	mɨriʒmatiku	meriʒmatiku	m[ɨ]riʒmatiku	m[e]riʒmatiku	0
meristema	mɨriʃtemɐ	meriʃtemɐ	m[ɨ]riʃtemɐ	m[e]riʃtemɐ	0
meritalo	mɨritalu	meritalu	m[ɨ]ritalu	m[e]ritalu	0
meritíssimo	mɨritisimu	meritisimu	m[ɨ]ritisimu	m[e]ritisimu	0
meritocracia	mɨritɔkrɐsiɐ	meritukrɐsiɐ	m[ɨ]rit[ɔ]krɐsiɐ	m[e]rit[u]krɐsiɐ	0
meritório	mɨritɔrju	meritɔrju	m[ɨ]ritɔrju	m[e]ritɔrju	0
meritoso	mɨritozo	meritozu	m[ɨ]ritoz[o]	m[e]ritoz[u]	0
merlante	mɨrlɐ̃tɨ	merlɐ̃ntɨ	m[ɨ]rlɐ̃[]tɨ	m[e]rlɐ̃[n]tɨ	0
merologia	mɨruluʒiɐ	meruluʒiɐ	m[ɨ]ruluʒiɐ	m[e]ruluʒiɐ	0
merológico	mɨrulɔʒiku	merulɔʒiku	m[ɨ]rulɔʒiku	m[e]rulɔʒiku	0
merópida	mɨrɔpidɐ	merɔpidɐ	m[ɨ]rɔpidɐ	m[e]rɔpidɐ	0
merópidas	mɨrɔpidɐʃ	merɔpidɐʃ	m[ɨ]rɔpidɐʃ	m[e]rɔpidɐʃ	0
meropídeo	mɨrupidju	merupidiw	m[ɨ]rupidj[u]	m[e]rupidi[w]	0
meropídeos	mɨrupidjuʃ	merupidiwʃ	m[ɨ]rupidj[u]ʃ	m[e]rupidi[w]ʃ	0
merostomáceos	mɨrɔʃtumasjuʃ	meruʃtumasiwʃ	m[ɨ]r[ɔ]ʃtumasj[u]ʃ	m[e]r[u]ʃtumasi[w]ʃ	0
merouço	mɨrowsu	merowsu	m[ɨ]rowsu	m[e]rowsu	0
merovíngio	mɨruvĩʒju	meruvĩnʒju	m[ɨ]ruvĩʒju[]	m[e]ruvĩnʒj[u]	0
merovíngios	mɨruvĩʒjuʃ	meruvĩnʒɪuʃ	m[ɨ]ruvĩʒjuʃ[]	m[e]ruvĩnʒɪu[ʃ]	0
mertolengo	mɨrtulẽɡu	mertulẽnɡu	m[ɨ]rtulẽɡu[]	m[e]rtulẽnɡ[u]	0
mertolense	mɨrtulẽsɨ	mertulẽnsɨ	m[ɨ]rtulẽsɨ[]	m[e]rtulẽns[ɨ]	0
mertolino	mɨrtulinu	mertulinu	m[ɨ]rtulinu	m[e]rtulinu	0
merufo	mɨrufu	merufu	m[ɨ]rufu	m[e]rufu	0
meruge	mɨruʒɨ	meruʒɨ	m[ɨ]ruʒɨ	m[e]ruʒɨ	0
meruginha	mɨruʒiɲɐ	meruʒiɲɐ	m[ɨ]ruʒiɲɐ	m[e]ruʒiɲɐ	0
meruja	mɨruʒɐ	meruʒɐ	m[ɨ]ruʒɐ	m[e]ruʒɐ	0
merujar	mɨruʒar	meruʒar	m[ɨ]ruʒar	m[e]ruʒar	0
mesada	mɨzadɐ	mezadɐ	m[ɨ]zadɐ	m[e]zadɐ	0
mesaraico	mɨzɐrajiku	mezɐrajku	m[ɨ]zɐraj[i]ku	m[e]zɐraj[]ku	0
mesa-redonda	mezɐʀɨdõdɐ	mezɐʀedõndɐ	mezɐʀ[ɨ]dõdɐ[]	mezɐʀ[e]dõnd[ɐ]	0
mesário	mɨzarju	mezarju	m[ɨ]zarju	m[e]zarju	0
mesa-tenista	mezɐtɨniʃtɐ	mezɐteniʃtɐ	mezɐt[ɨ]niʃtɐ	mezɐt[e]niʃtɐ	0
mesa-tenístico	mezɐtɨniʃtiku	mezɐteniʃtiku	mezɐt[ɨ]niʃtiku	mezɐt[e]niʃtiku	0
mesatocefalia	mɨzɐtɔsɨfɐliɐ	mezɐtusɨfɐliɐ	m[ɨ]zɐt[ɔ]sɨfɐliɐ	m[e]zɐt[u]sɨfɐliɐ	0
mesatocéfalo	mɨzɐtɔsɛfɐlu	mezɐtusɛfɐlu	m[ɨ]zɐt[ɔ]sɛfɐlu	m[e]zɐt[u]sɛfɐlu	0
mesencéfalo	mɨzẽsɛfɐlu	mezẽnsɛfɐlu	m[ɨ]zẽsɛfɐlu[]	m[e]zẽnsɛfɐl[u]	0
mesenquimal	mɨzẽkimaɫ	mezẽnkimaɫ	m[ɨ]zẽkimaɫ[]	m[e]zẽnkima[ɫ]	0
mesênquima	mɨzẽkimɐ	mezẽnkimɐ	m[ɨ]zẽkimɐ[]	m[e]zẽnkim[ɐ]	0
mesenquimático	mɨzẽkimatiku	mezẽnkimatiku	m[ɨ]zẽkimatiku[]	m[e]zẽnkimatik[u]	0
mesenquimatoso	mɨzẽkimɐtozu	mezẽnkimɐtozu	m[ɨ]zẽkimɐtozu[]	m[e]zẽnkimɐtoz[u]	0
mesentérico	mɨzẽtɛriku	mezẽntɛriku	m[ɨ]zẽtɛriku[]	m[e]zẽntɛrik[u]	0
mesentério	mɨzẽtɛrju	mezẽntɛrju	m[ɨ]zẽtɛrju[]	m[e]zẽntɛrj[u]	0
mesenterite	mɨzẽtɨritɨ	mezẽntɨritɨ	m[ɨ]zẽtɨritɨ[]	m[e]zẽntɨrit[ɨ]	0
meseta	mɨzetɐ	mezetɐ	m[ɨ]zetɐ	m[e]zetɐ	0
mesinha-de-cabeceira	mɨziɲɐdɨkɐbɨsɐjrɐ	meziɲɐdɨkɐbɨsɐjrɐ	m[ɨ]ziɲɐdɨkɐbɨsɐjrɐ	m[e]ziɲɐdɨkɐbɨsɐjrɐ	0
mesmamente	mɨʒmɐmẽtɨ	meʒmɐmẽntɨ	m[ɨ]ʒmɐmẽtɨ[]	m[e]ʒmɐmẽnt[ɨ]	0
mesmeriano	mɨʒmɨrjɐnu	meʒmɨriɐ̃nu	m[ɨ]ʒmɨr[j]ɐ[]nu	m[e]ʒmɨr[i]ɐ[̃]nu	0
mesmérico	mɨʒmɛriku	meʒmɛriku	m[ɨ]ʒmɛriku	m[e]ʒmɛriku	0
mesmerismo	mɨʒmɨriʒmu	meʒmɨriʒmu	m[ɨ]ʒmɨriʒmu	m[e]ʒmɨriʒmu	0
mesmerizar	mɨʒmɨrizar	meʒmɨrizar	m[ɨ]ʒmɨrizar	m[e]ʒmɨrizar	0
mesmerizável	mɨʒmɨrizavɛɫ	meʒmɨrizavɛɫ	m[ɨ]ʒmɨrizavɛɫ	m[e]ʒmɨrizavɛɫ	0
mesmice	mɨʒmisɨ	meʒmisɨ	m[ɨ]ʒmisɨ	m[e]ʒmisɨ	0
mesmidade	mɨʒmidadɨ	meʒmidadɨ	m[ɨ]ʒmidadɨ	m[e]ʒmidadɨ	0
mesmíssimo	mɨʒmisimu	meʒmisimu	m[ɨ]ʒmisimu	m[e]ʒmisimu	0
mesnada	mɨʒnadɐ	meʒnadɐ	m[ɨ]ʒnadɐ	m[e]ʒnadɐ	0
mesnadaria	mɨʒnɐdɐriɐ	meʒnɐdɐriɐ	m[ɨ]ʒnɐdɐriɐ	m[e]ʒnɐdɐriɐ	0
mesnadeiro	mɨʒnɐdɐjru	meʒnɐdɐjru	m[ɨ]ʒnɐdɐjru	m[e]ʒnɐdɐjru	0
mesófito	mɨzɔfitu	mezɔfitu	m[ɨ]zɔfitu	m[e]zɔfitu	0
mesófrio	mɨzɔfrju	mezɔfrju	m[ɨ]zɔfrju	m[e]zɔfrju	0
mesológico	mɨzulɔʒiku	mezulɔʒiku	m[ɨ]zulɔʒiku	m[e]zulɔʒiku	0
mesquinharia	mɨʃkiɲɐriɐ	meʃkiɲɐriɐ	m[ɨ]ʃkiɲɐriɐ	m[e]ʃkiɲɐriɐ	0
mesquinhez	mɨʃkiɲeʃ	meʃkiɲeʃ	m[ɨ]ʃkiɲeʃ	m[e]ʃkiɲeʃ	0
mesquinhice	mɨʃkiɲisɨ	meʃkiɲisɨ	m[ɨ]ʃkiɲisɨ	m[e]ʃkiɲisɨ	0
mesquinho	mɨʃkiɲu	meʃkiɲu	m[ɨ]ʃkiɲu	m[e]ʃkiɲu	0
mesquita	mɨʃkitɐ	meʃkitɐ	m[ɨ]ʃkitɐ	m[e]ʃkitɐ	0
messalina	mɨsɐlinɐ	mesɐlinɐ	m[ɨ]sɐlinɐ	m[e]sɐlinɐ	0
messalínico	mɨsɐliniku	mesɐliniku	m[ɨ]sɐliniku	m[e]sɐliniku	0
messanense	mɨsɐnẽsɨ	mesɐnẽnsɨ	m[ɨ]sɐnẽsɨ[]	m[e]sɐnẽns[ɨ]	0
messápio	mɨsapju	mesapju	m[ɨ]sapju	m[e]sapju	0
messassa	mɨsasɐ	mesasɐ	m[ɨ]sasɐ	m[e]sasɐ	0
messene	mɨsɛnɨ	mesenɨ	m[ɨ]s[ɛ]nɨ	m[e]s[e]nɨ	0
messiado	mɨsjadu	mesiadu	m[ɨ]s[j]adu	m[e]s[i]adu	0
messiânico	mɨsjɐniku	mesjɐ̃niku	m[ɨ]sjɐ[]niku	m[e]sjɐ[̃]niku	0
messianidade	mɨsjɐnidadɨ	mesiɐnidadɨ	m[ɨ]s[j]ɐnidadɨ	m[e]s[i]ɐnidadɨ	0
messianismo	mɨsjɐniʒmu	mesiɐniʒmu	m[ɨ]s[j]ɐniʒmu	m[e]s[i]ɐniʒmu	0
messianista	mɨsjɐniʃtɐ	mesiɐniʃtɐ	m[ɨ]s[j]ɐniʃtɐ	m[e]s[i]ɐniʃtɐ	0
messias	mɨsiɐʃ	mesiɐʃ	m[ɨ]siɐʃ	m[e]siɐʃ	0
messidor	mɨsidɔr	mesidor	m[ɨ]sid[ɔ]r	m[e]sid[o]r	0
messidor	mɨsidɔr	mesidor	m[ɨ]sid[ɔ]r	m[e]sid[o]r	0
messiro	mɨsiru	mesiru	m[ɨ]siru	m[e]siru	0
messório	mɨsɔrju	mesɔrju	m[ɨ]sɔrju	m[e]sɔrju	0
messoro	mɨsoru	mesoru	m[ɨ]soru	m[e]soru	0
mesteiral	mɨʃtɐjraɫ	meʃtɐjraɫ	m[ɨ]ʃtɐjraɫ	m[e]ʃtɐjraɫ	0
mesteireiro	mɨʃtɐjrɐjru	meʃtɐjrɐjru	m[ɨ]ʃtɐjrɐjru	m[e]ʃtɐjrɐjru	0
mestiçagem	mɨʃtisaʒɐ̃j̃	meʃtisaʒɐjn	m[ɨ]ʃtisaʒɐ[̃]j[̃]	m[e]ʃtisaʒɐ[]j[n]	0
mestiçamento	mɨʃtisɐmẽtu	meʃtisɐmẽntu	m[ɨ]ʃtisɐmẽtu[]	m[e]ʃtisɐmẽnt[u]	0
mestiçar	mɨʃtisar	meʃtisar	m[ɨ]ʃtisar	m[e]ʃtisar	0
mestiço	mɨʃtisu	meʃtisu	m[ɨ]ʃtisu	m[e]ʃtisu	0
mestraço	mɨʃtrasu	meʃtrasu	m[ɨ]ʃtrasu	m[e]ʃtrasu	0
mestrado	mɨʃtradu	meʃtradu	m[ɨ]ʃtradu	m[e]ʃtradu	0
mestrança	mɨʃtrɐ̃sɐ	meʃtrɐ̃nsɐ	m[ɨ]ʃtrɐ̃[]sɐ	m[e]ʃtrɐ̃[n]sɐ	0
mestrando	mɨʃtrɐ̃du	meʃtrɐ̃ndu	m[ɨ]ʃtrɐ̃[]du	m[e]ʃtrɐ̃[n]du	0
mestre-de-cerimônias	mɛʃtrɨdɨsɨrimonjɐʃ	mɛʃtrɨdɨserimonɪɐʃ	mɛʃtrɨdɨs[ɨ]rimon[j]ɐʃ	mɛʃtrɨdɨs[e]rimon[ɪ]ɐʃ	0
mestre-de-cerimónias	mɛʃtrɨdɨsɨrimɔnjɐʃ	mɛʃtrɨdɨserimɔnɪɐʃ	mɛʃtrɨdɨs[ɨ]rimɔn[j]ɐʃ	mɛʃtrɨdɨs[e]rimɔn[ɪ]ɐʃ	0
mestria	mɨʃtriɐ	meʃtriɐ	m[ɨ]ʃtriɐ	m[e]ʃtriɐ	0
mestrona	mɨʃtronɐ	meʃtronɐ	m[ɨ]ʃtronɐ	m[e]ʃtronɐ	0
mesuradamente	mɨzuradɐmẽtɨ	mezurɐdɐmẽntɨ	m[ɨ]zur[a]dɐmẽtɨ[]	m[e]zur[ɐ]dɐmẽnt[ɨ]	0
mesurado	mɨzuradu	mezuradu	m[ɨ]zuradu	m[e]zuradu	0
mesura	mɨzurɐ	mezurɐ	m[ɨ]zurɐ	m[e]zurɐ	0
mesurar	mɨzurar	mezurar	m[ɨ]zurar	m[e]zurar	0
mesureiro	mɨzurɐjru	mezurɐjru	m[ɨ]zurɐjru	m[e]zurɐjru	0
mesurice	mɨzurisɨ	mezurisɨ	m[ɨ]zurisɨ	m[e]zurisɨ	0
metábole	mɨtabulɨ	metabulɨ	m[ɨ]tabulɨ	m[e]tabulɨ	0
metabólico	mɨtɐbɔliku	metɐbɔliku	m[ɨ]tɐbɔliku	m[e]tɐbɔliku	0
metabolismo	mɨtɐbuliʒmu	metɐbuliʒmu	m[ɨ]tɐbuliʒmu	m[e]tɐbuliʒmu	0
metabólito	mɨtɐbɔlitu	metɐbɔlitu	m[ɨ]tɐbɔlitu	m[e]tɐbɔlitu	0
metabolito	mɨtɐbulitu	metɐbulitu	m[ɨ]tɐbulitu	m[e]tɐbulitu	0
metabolização	mɨtɐbulizɐsɐ̃w̃	metɐbulizɐsɐ̃w̃	m[ɨ]tɐbulizɐsɐ̃w̃	m[e]tɐbulizɐsɐ̃w̃	0
metabolizante	mɨtɐbulizɐ̃tɨ	metɐbulizɐ̃ntɨ	m[ɨ]tɐbulizɐ̃[]tɨ	m[e]tɐbulizɐ̃[n]tɨ	0
metabolizar	mɨtɐbulizar	metɐbulizar	m[ɨ]tɐbulizar	m[e]tɐbulizar	0
metabolizável	mɨtɐbulizavɛɫ	metɐbulizavɛɫ	m[ɨ]tɐbulizavɛɫ	m[e]tɐbulizavɛɫ	0
metabologia	mɨtɐbuluʒiɐ	metɐbuluʒiɐ	m[ɨ]tɐbuluʒiɐ	m[e]tɐbuluʒiɐ	0
metabológico	mɨtɐbulɔʒiku	metɐbulɔʒiku	m[ɨ]tɐbulɔʒiku	m[e]tɐbulɔʒiku	0
metábolo	mɨtabulu	metabulu	m[ɨ]tabulu	m[e]tabulu	0
metade	mɨtadɨ	metadɨ	m[ɨ]tadɨ	m[e]tadɨ	0
metáfase	mɨtafɐzɨ	metafɐzɨ	m[ɨ]tafɐzɨ	m[e]tafɐzɨ	0
metáfise	mɨtafizɨ	metafizɨ	m[ɨ]tafizɨ	m[e]tafizɨ	0
metafísica	mɨtɐfizikɐ	metɐfizikɐ	m[ɨ]tɐfizikɐ	m[e]tɐfizikɐ	0
metafísico	mɨtɐfiziku	metɐfiziku	m[ɨ]tɐfiziku	m[e]tɐfiziku	0
metafonia	mɨtɐfuniɐ	metɐfuniɐ	m[ɨ]tɐfuniɐ	m[e]tɐfuniɐ	0
metáfora	mɨtafurɐ	metafurɐ	m[ɨ]tafurɐ	m[e]tafurɐ	0
metaforicamente	mɨtɐfɔrikɐmẽtɨ	metɐfɔrikɐmẽntɨ	m[ɨ]tɐfɔrikɐmẽtɨ[]	m[e]tɐfɔrikɐmẽnt[ɨ]	0
metafórico	mɨtɐfɔriku	metɐfɔriku	m[ɨ]tɐfɔriku	m[e]tɐfɔriku	0
metaforismo	mɨtɐfuriʒmu	metɐfuriʒmu	m[ɨ]tɐfuriʒmu	m[e]tɐfuriʒmu	0
metaforizar	mɨtɐfurizar	metɐfurizar	m[ɨ]tɐfurizar	m[e]tɐfurizar	0
metáfrase	mɨtafrɐzɨ	metafrɐzɨ	m[ɨ]tafrɐzɨ	m[e]tafrɐzɨ	0
metafrasta	mɨtɐfraʃtɐ	metɐfraʃtɐ	m[ɨ]tɐfraʃtɐ	m[e]tɐfraʃtɐ	0
metafrástico	mɨtɐfraʃtiku	metɐfraʃtiku	m[ɨ]tɐfraʃtiku	m[e]tɐfraʃtiku	0
metaleiro	mɨtɐlɐjru	metɐlɐjru	m[ɨ]tɐlɐjru	m[e]tɐlɐjru	0
metalepse	mɨtɐlɛpsɨ	metɐlepsɨ	m[ɨ]tɐl[ɛ]psɨ	m[e]tɐl[e]psɨ	0
metaléptico	mɨtɐlɛptiku	metɐlɛptiku	m[ɨ]tɐlɛptiku	m[e]tɐlɛptiku	0
metalescência	mɨtɐlɨʃsẽsjɐ	metɐlɨʃsẽnsjɐ	m[ɨ]tɐlɨʃsẽsjɐ[]	m[e]tɐlɨʃsẽnsj[ɐ]	0
metalescente	mɨtɐlɨʃsẽtɨ	metɐlɨʃsẽntɨ	m[ɨ]tɐlɨʃsẽtɨ[]	m[e]tɐlɨʃsẽnt[ɨ]	0
metalético	mɨtɐlɛtiku	metɐlɛtiku	m[ɨ]tɐlɛtiku	m[e]tɐlɛtiku	0
metalicidade	mɨtɐlisidadɨ	metɐlisidadɨ	m[ɨ]tɐlisidadɨ	m[e]tɐlisidadɨ	0
metálico	mɨtaliku	metaliku	m[ɨ]taliku	m[e]taliku	0
metalífero	mɨtɐlifɨru	metɐlifɨru	m[ɨ]tɐlifɨru	m[e]tɐlifɨru	0
metalificação	mɨtɐlifikɐsɐ̃w̃	metɐlifikɐsɐ̃w̃	m[ɨ]tɐlifikɐsɐ̃w̃	m[e]tɐlifikɐsɐ̃w̃	0
metaliforme	mɨtɐlifɔrmɨ	metɐlifɔrmɨ	m[ɨ]tɐlifɔrmɨ	m[e]tɐlifɔrmɨ	0
metalinense	mɨtɐlinẽsɨ	metɐlinẽnsɨ	m[ɨ]tɐlinẽsɨ[]	m[e]tɐlinẽns[ɨ]	0
metalino	mɨtɐlinu	metɐlinu	m[ɨ]tɐlinu	m[e]tɐlinu	0
metalismo	mɨtɐliʒmu	metɐliʒmu	m[ɨ]tɐliʒmu	m[e]tɐliʒmu	0
metalista	mɨtɐliʃtɐ	metɐliʃtɐ	m[ɨ]tɐliʃtɐ	m[e]tɐliʃtɐ	0
metalização	mɨtɐlizɐsɐ̃w̃	metɐlizɐsɐ̃w̃	m[ɨ]tɐlizɐsɐ̃w̃	m[e]tɐlizɐsɐ̃w̃	0
metalizado	mɨtɐlizadu	metɐlizadu	m[ɨ]tɐlizadu	m[e]tɐlizadu	0
metalizar	mɨtɐlizar	metɐlizar	m[ɨ]tɐlizar	m[e]tɐlizar	0
metalizável	mɨtɐlizavɛɫ	metɐlizavɛɫ	m[ɨ]tɐlizavɛɫ	m[e]tɐlizavɛɫ	0
metalocromia	mɨtɐlɔkrumiɐ	metɐlukrumiɐ	m[ɨ]tɐl[ɔ]krumiɐ	m[e]tɐl[u]krumiɐ	0
metalogenia	mɨtɐlɔʒɨniɐ	metɐluʒɨniɐ	m[ɨ]tɐl[ɔ]ʒɨniɐ	m[e]tɐl[u]ʒɨniɐ	0
metalografia	mɨtɐluɡrɐfiɐ	metɐluɡrɐfiɐ	m[ɨ]tɐluɡrɐfiɐ	m[e]tɐluɡrɐfiɐ	0
metalográfico	mɨtɐluɡrafiku	metɐluɡrafiku	m[ɨ]tɐluɡrafiku	m[e]tɐluɡrafiku	0
metalógrafo	mɨtɐlɔɡrɐfu	metɐlɔɡrɐfu	m[ɨ]tɐlɔɡrɐfu	m[e]tɐlɔɡrɐfu	0
metaloide	mɨtɐlɔjdɨ	metɐlɔjdɨ	m[ɨ]tɐlɔjdɨ	m[e]tɐlɔjdɨ	0
metalóide	mɨtɐlɔjdɨ	metɐlɔjdɨ	m[ɨ]tɐlɔjdɨ	m[e]tɐlɔjdɨ	0
metalologia	mɨtɐluluʒiɐ	metɐluluʒiɐ	m[ɨ]tɐluluʒiɐ	m[e]tɐluluʒiɐ	0
metalológico	mɨtɐlulɔʒiku	metɐlulɔʒiku	m[ɨ]tɐlulɔʒiku	m[e]tɐlulɔʒiku	0
metalologista	mɨtɐluluʒiʃtɐ	metɐluluʒiʃtɐ	m[ɨ]tɐluluʒiʃtɐ	m[e]tɐluluʒiʃtɐ	0
metalomecânica	mɨtalɔmɨkɐnikɐ	metɐlumɨkɐ̃nikɐ	m[ɨ]t[a]l[ɔ]mɨkɐ[]nikɐ	m[e]t[ɐ]l[u]mɨkɐ[̃]nikɐ	0
metalomecânico	mɨtalɔmɨkɐniku	metɐlumɨkɐ̃niku	m[ɨ]t[a]l[ɔ]mɨkɐ[]niku	m[e]t[ɐ]l[u]mɨkɐ[̃]niku	0
metaloplastia	mɨtalɔplɐʃtiɐ	metɐluplɐʃtiɐ	m[ɨ]t[a]l[ɔ]plɐʃtiɐ	m[e]t[ɐ]l[u]plɐʃtiɐ	0
metaloquímica	mɨtalɔkimikɐ	metɐlukimikɐ	m[ɨ]t[a]l[ɔ]kimikɐ	m[e]t[ɐ]l[u]kimikɐ	0
metaloterapia	mɨtalɔtɨrɐpiɐ	metɐlutɨrɐpiɐ	m[ɨ]t[a]l[ɔ]tɨrɐpiɐ	m[e]t[ɐ]l[u]tɨrɐpiɐ	0
metaloterápico	mɨtalɔtɨrapiku	metɐlutɨrapiku	m[ɨ]t[a]l[ɔ]tɨrapiku	m[e]t[ɐ]l[u]tɨrapiku	0
metalurgia	mɨtɐlurʒiɐ	metɐlurʒiɐ	m[ɨ]tɐlurʒiɐ	m[e]tɐlurʒiɐ	0
metalúrgico	mɨtɐlurʒiku	metɐlurʒiku	m[ɨ]tɐlurʒiku	m[e]tɐlurʒiku	0
metalurgista	mɨtɐlurʒiʃtɐ	metɐlurʒiʃtɐ	m[ɨ]tɐlurʒiʃtɐ	m[e]tɐlurʒiʃtɐ	0
metameria	mɨtɐmɨriɐ	metɐmɨriɐ	m[ɨ]tɐmɨriɐ	m[e]tɐmɨriɐ	0
metamérico	mɨtɐmɛriku	metɐmɛriku	m[ɨ]tɐmɛriku	m[e]tɐmɛriku	0
metamerismo	mɨtɐmɨriʒmu	metɐmɨriʒmu	m[ɨ]tɐmɨriʒmu	m[e]tɐmɨriʒmu	0
metamerização	mɨtɐmɨrizɐsɐ̃w̃	metɐmerizɐsɐ̃w̃	m[ɨ]tɐm[ɨ]rizɐsɐ̃w̃	m[e]tɐm[e]rizɐsɐ̃w̃	0
metamerizado	mɨtɐmɨrizadu	metɐmerizadu	m[ɨ]tɐm[ɨ]rizadu	m[e]tɐm[e]rizadu	0
metamerizar	mɨtɐmɨrizar	metɐmerizar	m[ɨ]tɐm[ɨ]rizar	m[e]tɐm[e]rizar	0
metâmero	mɨtɐmɨru	metɐ̃mɨru	m[ɨ]tɐ[]mɨru	m[e]tɐ[̃]mɨru	0
metamórfico	mɨtɐmɔrfiku	metɐmɔrfiku	m[ɨ]tɐmɔrfiku	m[e]tɐmɔrfiku	0
metamorfismo	mɨtɐmurfiʒmu	metɐmurfiʒmu	m[ɨ]tɐmurfiʒmu	m[e]tɐmurfiʒmu	0
metamorfizado	mɨtɐmurfizadu	metɐmurfizadu	m[ɨ]tɐmurfizadu	m[e]tɐmurfizadu	0
metamorfopsia	mɨtɐmɔrfɔpsiɐ	metɐmurfupsiɐ	m[ɨ]tɐm[ɔ]rf[ɔ]psiɐ	m[e]tɐm[u]rf[u]psiɐ	0
metamorfosear	mɨtɐmurfuzjar	metɐmurfuziar	m[ɨ]tɐmurfuz[j]ar	m[e]tɐmurfuz[i]ar	0
metamorfose	mɨtɐmurfɔzɨ	metɐmurfɔzɨ	m[ɨ]tɐmurfɔzɨ	m[e]tɐmurfɔzɨ	0
metamorfósico	mɨtɐmurfɔziku	metɐmurfɔziku	m[ɨ]tɐmurfɔziku	m[e]tɐmurfɔziku	0
metanal	mɨtɐnaɫ	metɐ̃naɫ	m[ɨ]tɐ[]naɫ	m[e]tɐ[̃]naɫ	0
metana	mɨtɐnɐ	metɐ̃nɐ	m[ɨ]tɐ[]nɐ	m[e]tɐ[̃]nɐ	0
metânefro	mɨtɐnɨfru	metɐ̃nɨfru	m[ɨ]tɐ[]nɨfru	m[e]tɐ[̃]nɨfru	0
metanoia	mɨtɐnɔjɐ	metɐnɔjɐ	m[ɨ]tɐnɔjɐ	m[e]tɐnɔjɐ	0
metanóia	mɨtɐnɔjɐ	metɐnɔjɐ	m[ɨ]tɐnɔjɐ	m[e]tɐnɔjɐ	0
metanol	mɨtɐnɔɫ	metɐ̃nɔɫ	m[ɨ]tɐ[]nɔɫ	m[e]tɐ[̃]nɔɫ	0
metano	mɨtɐnu	metɐ̃nu	m[ɨ]tɐ[]nu	m[e]tɐ[̃]nu	0
metástase	mɨtaʃtɐzɨ	metaʃtɐzɨ	m[ɨ]taʃtɐzɨ	m[e]taʃtɐzɨ	0
metastático	mɨtɐʃtatiku	metɐʃtatiku	m[ɨ]tɐʃtatiku	m[e]tɐʃtatiku	0
metastável	mɨtɐʃtavɛɫ	metɐʃtavɛɫ	m[ɨ]tɐʃtavɛɫ	m[e]tɐʃtavɛɫ	0
metastização	mɨtɐʃtizɐsɐ̃w̃	metɐʃtizɐsɐ̃w̃	m[ɨ]tɐʃtizɐsɐ̃w̃	m[e]tɐʃtizɐsɐ̃w̃	0
metastizado	mɨtɐʃtizadu	metɐʃtizadu	m[ɨ]tɐʃtizadu	m[e]tɐʃtizadu	0
metastizar	mɨtɐʃtizar	metɐʃtizar	m[ɨ]tɐʃtizar	m[e]tɐʃtizar	0
metátese	mɨtatɨzɨ	metatɨzɨ	m[ɨ]tatɨzɨ	m[e]tatɨzɨ	0
metátomo	mɨtatumu	metatumu	m[ɨ]tatumu	m[e]tatumu	0
meteco	mɨtɛku	metɛku	m[ɨ]tɛku	m[e]tɛku	0
metediço	mɨtɨdisu	metɨdisu	m[ɨ]tɨdisu	m[e]tɨdisu	0
metedor	mɨtɨdor	metɨdor	m[ɨ]tɨdor	m[e]tɨdor	0
metempsicose	mɨtẽpsikɔzɨ	metẽmpsikɔzɨ	m[ɨ]tẽpsikɔzɨ[]	m[e]tẽmpsikɔz[ɨ]	0
metempsicótico	mɨtẽpsikɔtiku	metẽmpsikɔtiku	m[ɨ]tẽpsikɔtiku[]	m[e]tẽmpsikɔtik[u]	0
metencéfalo	mɨtẽsɛfɐlu	metẽnsɛfɐlu	m[ɨ]tẽsɛfɐlu[]	m[e]tẽnsɛfɐl[u]	0
meteórico	mɨtjɔriku	metɨɔriku	m[ɨ]t[j]ɔriku	m[e]t[ɨ]ɔriku	0
meteorismo	mɨtjuriʒmu	metiuriʒmu	m[ɨ]t[j]uriʒmu	m[e]t[i]uriʒmu	0
meteorítico	mɨtjuritiku	metiuritiku	m[ɨ]t[j]uritiku	m[e]t[i]uritiku	0
meteorito	mɨtjuritu	metiuritu	m[ɨ]t[j]uritu	m[e]t[i]uritu	0
meteorização	mɨtjurizɐsɐ̃w̃	metiurizɐsɐ̃w̃	m[ɨ]t[j]urizɐsɐ̃w̃	m[e]t[i]urizɐsɐ̃w̃	0
meteorizar	mɨtjurizar	metiurizar	m[ɨ]t[j]urizar	m[e]t[i]urizar	0
meteorografia	mɨtjuruɡrɐfiɐ	metiuruɡrɐfiɐ	m[ɨ]t[j]uruɡrɐfiɐ	m[e]t[i]uruɡrɐfiɐ	0
meteorográfico	mɨtjuruɡrafiku	metiuruɡrafiku	m[ɨ]t[j]uruɡrafiku	m[e]t[i]uruɡrafiku	0
meteorógrafo	mɨtjurɔɡrɐfu	metiurɔɡrɐfu	m[ɨ]t[j]urɔɡrɐfu	m[e]t[i]urɔɡrɐfu	0
meteoroide	mɨtjurɔjdɨ	metiurɔjdɨ	m[ɨ]t[j]urɔjdɨ	m[e]t[i]urɔjdɨ	0
meteoróide	mɨtjurɔjdɨ	metiurɔjdɨ	m[ɨ]t[j]urɔjdɨ	m[e]t[i]urɔjdɨ	0
meteorólito	mɨtjurɔlitu	metiurɔlitu	m[ɨ]t[j]urɔlitu	m[e]t[i]urɔlitu	0
meteorologia	mɨtjuruluʒiɐ	metiuruluʒiɐ	m[ɨ]t[j]uruluʒiɐ	m[e]t[i]uruluʒiɐ	0
meteorológico	mɨtjurulɔʒiku	metiurulɔʒiku	m[ɨ]t[j]urulɔʒiku	m[e]t[i]urulɔʒiku	0
meteorologista	mɨtjuruluʒiʃtɐ	metiuruluʒiʃtɐ	m[ɨ]t[j]uruluʒiʃtɐ	m[e]t[i]uruluʒiʃtɐ	0
meteoromancia	mɨtjurumɐ̃siɐ	metiurumɐ̃nsiɐ	m[ɨ]t[j]urumɐ̃[]siɐ	m[e]t[i]urumɐ̃[n]siɐ	0
meteoro	mɨtjɔru	metiɔru	m[ɨ]t[j]ɔru	m[e]t[i]ɔru	0
meteoronomia	mɨtjurunumiɐ	metiurunumiɐ	m[ɨ]t[j]urunumiɐ	m[e]t[i]urunumiɐ	0
meteoroscópio	mɨtjuruʃkɔpju	metiuruʃkɔpju	m[ɨ]t[j]uruʃkɔpju	m[e]t[i]uruʃkɔpju	0
metical	mɨtikaɫ	metikaɫ	m[ɨ]tikaɫ	m[e]tikaɫ	0
meticulosamente	mɨtikulɔzɐmẽtɨ	metikulɔzɐmẽntɨ	m[ɨ]tikulɔzɐmẽtɨ[]	m[e]tikulɔzɐmẽnt[ɨ]	0
meticulosidade	mɨtikuluzidadɨ	metikuluzidadɨ	m[ɨ]tikuluzidadɨ	m[e]tikuluzidadɨ	0
meticuloso	mɨtikulozu	metikulozu	m[ɨ]tikulozu	m[e]tikulozu	0
metido	mɨtidu	metidu	m[ɨ]tidu	m[e]tidu	0
metila	mɨtilɐ	metilɐ	m[ɨ]tilɐ	m[e]tilɐ	0
metilbenzeno	mɨtilbẽzenu	metiɫbẽnzenu	m[ɨ]ti[l]bẽz[e]nu[]	m[e]ti[ɫ]bẽ[]nzen[u]	0
metilênico	mɨtileniku	metileniku	m[ɨ]tileniku	m[e]tileniku	0
metilénico	mɨtilɛniku	metilɛniku	m[ɨ]tilɛniku	m[e]tilɛniku	0
metileno	mɨtilenu	metilenu	m[ɨ]tilenu	m[e]tilenu	0
metílico	mɨtiliku	metiliku	m[ɨ]tiliku	m[e]tiliku	0
metilo	mɨtilu	metilu	m[ɨ]tilu	m[e]tilu	0
metionina	mɨtjuninɐ	metjuninɐ	m[ɨ]tjuninɐ	m[e]tjuninɐ	0
metódica	mɨtɔdikɐ	metɔdikɐ	m[ɨ]tɔdikɐ	m[e]tɔdikɐ	0
metódico	mɨtɔdiku	metɔdiku	m[ɨ]tɔdiku	m[e]tɔdiku	0
metodismo	mɨtudiʒmu	metudiʒmu	m[ɨ]tudiʒmu	m[e]tudiʒmu	0
metodista	mɨtudiʃtɐ	metudiʃtɐ	m[ɨ]tudiʃtɐ	m[e]tudiʃtɐ	0
metodização	mɨtudizɐsɐ̃w̃	metudizɐsɐ̃w̃	m[ɨ]tudizɐsɐ̃w̃	m[e]tudizɐsɐ̃w̃	0
metodizar	mɨtudizar	metudizar	m[ɨ]tudizar	m[e]tudizar	0
metodologia	mɨtuduluʒiɐ	metuduluʒiɐ	m[ɨ]tuduluʒiɐ	m[e]tuduluʒiɐ	0
metodológico	mɨtudulɔʒiku	metudulɔʒiku	m[ɨ]tudulɔʒiku	m[e]tudulɔʒiku	0
metodologista	mɨtuduluʒiʃtɐ	metuduluʒiʃtɐ	m[ɨ]tuduluʒiʃtɐ	m[e]tuduluʒiʃtɐ	0
metodólogo	mɨtudɔluɡu	metudɔluɡu	m[ɨ]tudɔluɡu	m[e]tudɔluɡu	0
metonímia	mɨtunimjɐ	metunimjɐ	m[ɨ]tunimjɐ	m[e]tunimjɐ	0
metonímico	mɨtunimiku	metunimiku	m[ɨ]tunimiku	m[e]tunimiku	0
metonomásia	mɨtunumazjɐ	metunumazjɐ	m[ɨ]tunumazjɐ	m[e]tunumazjɐ	0
metópico	mɨtɔpiku	metɔpiku	m[ɨ]tɔpiku	m[e]tɔpiku	0
metragem	mɨtraʒɐ̃j̃	metraʒɐjn	m[ɨ]traʒɐ[̃]j[̃]	m[e]traʒɐ[]j[n]	0
metrálgico	mɨtraɫʒiku	metraɫʒiku	m[ɨ]traɫʒiku	m[e]traɫʒiku	0
metralhada	mɨtrɐʎadɐ	metrɐʎadɐ	m[ɨ]trɐʎadɐ	m[e]trɐʎadɐ	0
metralhadora	mɨtrɐʎɐdorɐ	metrɐʎɐdorɐ	m[ɨ]trɐʎɐdorɐ	m[e]trɐʎɐdorɐ	0
metralhador	mɨtrɐʎɐdor	metrɐʎɐdor	m[ɨ]trɐʎɐdor	m[e]trɐʎɐdor	0
metralha	mɨtraʎɐ	metraʎɐ	m[ɨ]traʎɐ	m[e]traʎɐ	0
metralhar	mɨtrɐʎar	metrɐʎar	m[ɨ]trɐʎar	m[e]trɐʎar	0
metrificação	mɨtrifikɐsɐ̃w̃	metrifikɐsɐ̃w̃	m[ɨ]trifikɐsɐ̃w̃	m[e]trifikɐsɐ̃w̃	0
metrificador	mɨtrifikɐdor	metrifikɐdor	m[ɨ]trifikɐdor	m[e]trifikɐdor	0
metrificar	mɨtrifikar	metrifikar	m[ɨ]trifikar	m[e]trifikar	0
metrite	mɨtritɨ	metritɨ	m[ɨ]tritɨ	m[e]tritɨ	0
metrologia	mɨtruluʒiɐ	metruluʒiɐ	m[ɨ]truluʒiɐ	m[e]truluʒiɐ	0
metrológico	mɨtrulɔʒiku	metrulɔʒiku	m[ɨ]trulɔʒiku	m[e]trulɔʒiku	0
metrologista	mɨtruluʒiʃtɐ	metruluʒiʃtɐ	m[ɨ]truluʒiʃtɐ	m[e]truluʒiʃtɐ	0
metrômano	mɨtromɐnu	metromɐnu	m[ɨ]tromɐnu	m[e]tromɐnu	0
metrómano	mɨtrɔmɐnu	metrɔmɐnu	m[ɨ]trɔmɐnu	m[e]trɔmɐnu	0
metrômetro	mɨtromɨtru	metromɨtru	m[ɨ]tromɨtru	m[e]tromɨtru	0
metrómetro	mɨtrɔmɨtru	metrɔmɨtru	m[ɨ]trɔmɨtru	m[e]trɔmɨtru	0
metronômico	mɨtrunomiku	metrunomiku	m[ɨ]trunomiku	m[e]trunomiku	0
metronómico	mɨtrunɔmiku	metrunɔmiku	m[ɨ]trunɔmiku	m[e]trunɔmiku	0
metrônomo	mɨtronumu	metronumu	m[ɨ]tronumu	m[e]tronumu	0
metrónomo	mɨtrɔnumu	metrɔnumu	m[ɨ]trɔnumu	m[e]trɔnumu	0
metrópole	mɨtrɔpulɨ	metrɔpulɨ	m[ɨ]trɔpulɨ	m[e]trɔpulɨ	0
metropolita	mɨtrupulitɐ	metrupulitɐ	m[ɨ]trupulitɐ	m[e]trupulitɐ	0
metroptose	mɨtrɔptɔzɨ	metruptɔzɨ	m[ɨ]tr[ɔ]ptɔzɨ	m[e]tr[u]ptɔzɨ	0
metrorrágico	mɨtruʀaʒiku	metruʀaʒiku	m[ɨ]truʀaʒiku	m[e]truʀaʒiku	0
metrorreico	mɨtruʀɐjku	metruʀɐjku	m[ɨ]truʀɐjku	m[e]truʀɐjku	0
metrorréico	mɨtruʀɐjku	metruʀɛjku	m[ɨ]truʀ[ɐ]jku	m[e]truʀ[ɛ]jku	0
metuendo	mɨtwẽdu	metuẽndu	m[ɨ]twẽdu[]	m[e]tuẽnd[u]	0
mexedela	mɨʃɨdɛlɐ	meʃɨdɛlɐ	m[ɨ]ʃɨdɛlɐ	m[e]ʃɨdɛlɐ	0
mexediço	mɨʃɨdisu	meʃɨdisu	m[ɨ]ʃɨdisu	m[e]ʃɨdisu	0
mexedor	mɨʃɨdor	meʃɨdor	m[ɨ]ʃɨdor	m[e]ʃɨdor	0
mexedura	mɨʃɨdurɐ	meʃɨdurɐ	m[ɨ]ʃɨdurɐ	m[e]ʃɨdurɐ	0
mexelhão	mɨʃɨʎɐ̃w̃	meʃɨʎɐ̃w̃	m[ɨ]ʃɨʎɐ̃w̃	m[e]ʃɨʎɐ̃w̃	0
mexelhar	mɨʃɨʎar	meʃɨʎar	m[ɨ]ʃɨʎar	m[e]ʃɨʎar	0
mexericada	mɨʃɨrikadɐ	meʃɨrikadɐ	m[ɨ]ʃɨrikadɐ	m[e]ʃɨrikadɐ	0
mexericar	mɨʃɨrikar	meʃɨrikar	m[ɨ]ʃɨrikar	m[e]ʃɨrikar	0
mexerico	mɨʃɨriku	meʃɨriku	m[ɨ]ʃɨriku	m[e]ʃɨriku	0
mexeriqueiro	mɨʃɨrikɐjru	meʃɨrikɐjru	m[ɨ]ʃɨrikɐjru	m[e]ʃɨrikɐjru	0
mexeriquice	mɨʃɨrikisɨ	meʃɨrikisɨ	m[ɨ]ʃɨrikisɨ	m[e]ʃɨrikisɨ	0
mexerucar	mɨʃɨrukar	meʃɨrukar	m[ɨ]ʃɨrukar	m[e]ʃɨrukar	0
mexerufada	mɨʃɨrufadɐ	meʃɨrufadɐ	m[ɨ]ʃɨrufadɐ	m[e]ʃɨrufadɐ	0
mexicana	mɨʃikɐnɐ	meʃikɐ̃nɐ	m[ɨ]ʃikɐ[]nɐ	m[e]ʃikɐ[̃]nɐ	0
mexicano	mɨʃikɐnu	meʃikɐ̃nu	m[ɨ]ʃikɐ[]nu	m[e]ʃikɐ[̃]nu	0
mexida	mɨʃidɐ	meʃidɐ	m[ɨ]ʃidɐ	m[e]ʃidɐ	0
mexido	mɨʃidu	meʃidu	m[ɨ]ʃidu	m[e]ʃidu	0
mexilhão	mɨʃiʎɐ̃w̃	meʃiʎɐ̃w̃	m[ɨ]ʃiʎɐ̃w̃	m[e]ʃiʎɐ̃w̃	0
mexilhoeira	mɨʃiʎwɐjrɐ	meʃiʎuɐjrɐ	m[ɨ]ʃiʎ[w]ɐjrɐ	m[e]ʃiʎ[u]ɐjrɐ	0
mexível	mɨʃivɛɫ	meʃivɛɫ	m[ɨ]ʃivɛɫ	m[e]ʃivɛɫ	0
mexoalho	mɨʃwaʎu	meʃuaʎu	m[ɨ]ʃ[w]aʎu	m[e]ʃ[u]aʎu	0
mexonada	mɨʃunadɐ	meʃunadɐ	m[ɨ]ʃunadɐ	m[e]ʃunadɐ	0
mezanino	mɨzɐninu	mezɐninu	m[ɨ]zɐninu	m[e]zɐninu	0
mezena	mɨzenɐ	mezenɐ	m[ɨ]zenɐ	m[e]zenɐ	0
mezereão	mɨzɨrjɐ̃w̃	mezɨriɐ̃w̃	m[ɨ]zɨr[j]ɐ̃w̃	m[e]zɨr[i]ɐ̃w̃	0
mezungo	mɨzũɡu	mezũnɡu	m[ɨ]zũɡu[]	m[e]zũnɡ[u]	0
microcefalia	mikrɔsɨfɐliɐ	mikrɔsefɐliɐ	mikrɔs[ɨ]fɐliɐ	mikrɔs[e]fɐliɐ	0
microrregião	mikrɔʀɨʒjɐ̃w̃	mikrɔʀeʒiɐ̃w̃	mikrɔʀ[ɨ]ʒ[j]ɐ̃w̃	mikrɔʀ[e]ʒ[i]ɐ̃w̃	0
microtelefone	mikrɔtɨlɨfɔnɨ	mikrɔtelɨfonɨ	mikrɔt[ɨ]lɨf[ɔ]nɨ	mikrɔt[e]lɨf[o]nɨ	0
mietar	mjetar	miɨtar	mj[e]tar	mi[ɨ]tar	0
ministerialismo	mɨniʃtɨrjɐliʒmu	mɨniʃteriɐliʒmu	mɨniʃt[ɨ]r[j]ɐliʒmu	mɨniʃt[e]r[i]ɐliʒmu	0
ministerialista	mɨniʃtɨrjɐliʃtɐ	mɨniʃteriɐliʃtɐ	mɨniʃt[ɨ]r[j]ɐliʃtɐ	mɨniʃt[e]r[i]ɐliʃtɐ	0
ministerial	mɨniʃtɨrjaɫ	mɨniʃteriaɫ	mɨniʃt[ɨ]r[j]aɫ	mɨniʃt[e]r[i]aɫ	0
ministeriável	mɨniʃtɨrjavɛɫ	mɨniʃteriavɛɫ	mɨniʃt[ɨ]r[j]avɛɫ	mɨniʃt[e]r[i]avɛɫ	0
miscigenação	miʃsiʒɨnɐsɐ̃w̃	miʃsiʒenɐsɐ̃w̃	miʃsiʒ[ɨ]nɐsɐ̃w̃	miʃsiʒ[e]nɐsɐ̃w̃	0
morcego-de-ferradura	murseɡudɨfɨʀɐdurɐ	murseɡudɨfeʀɐdurɐ	murseɡudɨf[ɨ]ʀɐdurɐ	murseɡudɨf[e]ʀɐdurɐ	0
morigeração	muriʒɨrɐsɐ̃w̃	muriʒerɐsɐ̃w̃	muriʒ[ɨ]rɐsɐ̃w̃	muriʒ[e]rɐsɐ̃w̃	0
morigerador	muriʒɨrɐdor	muriʒerɐdor	muriʒ[ɨ]rɐdor	muriʒ[e]rɐdor	0
muenar	mwenar	muɨnar	mw[e]nar	mu[ɨ]nar	0
multicelularidade	muɫtisɨlulɐridadɨ	muɫtiselulɐridadɨ	muɫtis[ɨ]lulɐridadɨ	muɫtis[e]lulɐridadɨ	0
multicelular	muɫtisɨlular	muɫtiselular	muɫtis[ɨ]lular	muɫtis[e]lular	0
multissecular	muɫtisɨkular	muɫtisekular	muɫtis[ɨ]kular	muɫtis[e]kular	0
nacuetué	nɐkwetwɛ	nɐkuɨtwɛ	nɐkw[e]twɛ	nɐku[ɨ]twɛ	0
navelar	nɐvelar	nɐvɨlar	nɐv[e]lar	nɐv[ɨ]lar	0
neblina	nɨblinɐ	neblinɐ	n[ɨ]blinɐ	n[e]blinɐ	0
neblinar	nɨblinar	neblinar	n[ɨ]blinar	n[e]blinar	0
neblíneo	nɨblinju	nebliniw	n[ɨ]blinj[u]	n[e]blini[w]	0
neblinoso	nɨblinozu	neblinozu	n[ɨ]blinozu	n[e]blinozu	0
nebríidas	nɨbriidɐʃ	nebriidɐʃ	n[ɨ]briidɐʃ	n[e]briidɐʃ	0
nebriídeos	nɨbriidjuʃ	nebriidiwʃ	n[ɨ]briidj[u]ʃ	n[e]briidi[w]ʃ	0
nebrinagem	nɨbrinaʒɐ̃j̃	nebrinaʒɐjn	n[ɨ]brinaʒɐ[̃]j[̃]	n[e]brinaʒɐ[]j[n]	0
nebrina	nɨbrinɐ	nebrinɐ	n[ɨ]brinɐ	n[e]brinɐ	0
nebrinar	nɨbrinar	nebrinar	n[ɨ]brinar	n[e]brinar	0
nebrinoso	nɨbrinozu	nebrinozu	n[ɨ]brinozu	n[e]brinozu	0
nebulitos	nɨbulituʃ	nebulituʃ	n[ɨ]bulituʃ	n[e]bulituʃ	0
nebulização	nɨbulizɐsɐ̃w̃	nebulizɐsɐ̃w̃	n[ɨ]bulizɐsɐ̃w̃	n[e]bulizɐsɐ̃w̃	0
nebulizador	nɨbulizɐdor	nebulizɐdor	n[ɨ]bulizɐdor	n[e]bulizɐdor	0
nebulizar	nɨbulizar	nebulizar	n[ɨ]bulizar	n[e]bulizar	0
nebulosa	nɨbulɔzɐ	nebulɔzɐ	n[ɨ]bulɔzɐ	n[e]bulɔzɐ	0
nebulosidade	nɨbuluzidadɨ	nebuluzidadɨ	n[ɨ]buluzidadɨ	n[e]buluzidadɨ	0
nebuloso	nɨbulozu	nebulozu	n[ɨ]bulozu	n[e]bulozu	0
necear	nɨsjar	nesiar	n[ɨ]s[j]ar	n[e]s[i]ar	0
necedade	nɨsɨdadɨ	nesɨdadɨ	n[ɨ]sɨdadɨ	n[e]sɨdadɨ	0
necessariamente	nɨsɨsarjɐmẽtɨ	nesɨsariɐmẽntɨ	n[ɨ]sɨsar[j]ɐmẽtɨ[]	n[e]sɨsar[i]ɐmẽnt[ɨ]	0
necessária	nɨsɨsarjɐ	nesɨsarjɐ	n[ɨ]sɨsarjɐ	n[e]sɨsarjɐ	0
necessário	nɨsɨsarju	nesɨsarju	n[ɨ]sɨsarju	n[e]sɨsarju	0
necessidade	nɨsɨsidadɨ	nesɨsidadɨ	n[ɨ]sɨsidadɨ	n[e]sɨsidadɨ	0
necessitado	nɨsɨsitadu	nesɨsitadu	n[ɨ]sɨsitadu	n[e]sɨsitadu	0
necessitante	nɨsɨsitɐ̃tɨ	nesɨsitɐ̃ntɨ	n[ɨ]sɨsitɐ̃[]tɨ	n[e]sɨsitɐ̃[n]tɨ	0
necessitário	nɨsɨsitarju	nesɨsitarju	n[ɨ]sɨsitarju	n[e]sɨsitarju	0
necessitar	nɨsɨsitar	nesɨsitar	n[ɨ]sɨsitar	n[e]sɨsitar	0
necessitoso	nɨsɨsitozu	nesɨsitozu	n[ɨ]sɨsitozu	n[e]sɨsitozu	0
necídalo	nɨsidɐlu	nesidɐlu	n[ɨ]sidɐlu	n[e]sidɐlu	0
nediez	nɨdjeʃ	nedieʃ	n[ɨ]d[j]eʃ	n[e]d[i]eʃ	0
nedita	nɨditɐ	neditɐ	n[ɨ]ditɐ	n[e]ditɐ	0
neerlandês	njerlɐ̃deʃ	niɨrlɐ̃ndeʃ	nj[e]rlɐ̃[]deʃ	ni[ɨ]rlɐ̃[n]deʃ	0
nefalismo	nɨfɐliʒmu	nefɐliʒmu	n[ɨ]fɐliʒmu	n[e]fɐliʒmu	0
nefalista	nɨfɐliʃtɐ	nefɐliʃtɐ	n[ɨ]fɐliʃtɐ	n[e]fɐliʃtɐ	0
nefandamente	nɨfɐ̃dɐmẽtɨ	nefɐ̃ndɐmẽntɨ	n[ɨ]fɐ̃[]dɐmẽtɨ[]	n[e]fɐ̃[n]dɐmẽnt[ɨ]	0
nefando	nɨfɐ̃du	nefɐ̃ndu	n[ɨ]fɐ̃[]du	n[e]fɐ̃[n]du	0
nefário	nɨfarju	nefarju	n[ɨ]farju	n[e]farju	0
nefasto	nɨfaʃtu	nefaʃtu	n[ɨ]faʃtu	n[e]faʃtu	0
nefelibata	nɨfɨlibatɐ	nefɨlibatɐ	n[ɨ]fɨlibatɐ	n[e]fɨlibatɐ	0
nefelibatice	nɨfɨlibɐtisɨ	nefɨlibɐtisɨ	n[ɨ]fɨlibɐtisɨ	n[e]fɨlibɐtisɨ	0
nefelibático	nɨfɨlibatiku	nefɨlibatiku	n[ɨ]fɨlibatiku	n[e]fɨlibatiku	0
nefelibatismo	nɨfɨlibɐtiʒmu	nefɨlibɐtiʒmu	n[ɨ]fɨlibɐtiʒmu	n[e]fɨlibɐtiʒmu	0
nefelina	nɨfɨlinɐ	nefɨlinɐ	n[ɨ]fɨlinɐ	n[e]fɨlinɐ	0
nefelínico	nɨfɨliniku	nefɨliniku	n[ɨ]fɨliniku	n[e]fɨliniku	0
nefelinito	nɨfɨlinitu	nefɨlinitu	n[ɨ]fɨlinitu	n[e]fɨlinitu	0
nefélio	nɨfɛlju	nefɛlju	n[ɨ]fɛlju	n[e]fɛlju	0
nefelometria	nɨfɨlɔmɨtriɐ	nefɨlumɨtriɐ	n[ɨ]fɨl[ɔ]mɨtriɐ	n[e]fɨl[u]mɨtriɐ	0
nefelométrico	nɨfɨlumɛtriku	nefɨlumɛtriku	n[ɨ]fɨlumɛtriku	n[e]fɨlumɛtriku	0
nefelômetro	nɨfɨlomɨtru	nefɨlomɨtru	n[ɨ]fɨlomɨtru	n[e]fɨlomɨtru	0
nefelómetro	nɨfɨlɔmɨtru	nefɨlɔmɨtru	n[ɨ]fɨlɔmɨtru	n[e]fɨlɔmɨtru	0
nefoscópico	nɨfuʃkɔpiku	nefuʃkɔpiku	n[ɨ]fuʃkɔpiku	n[e]fuʃkɔpiku	0
nefoscópio	nɨfuʃkɔpju	nefuʃkɔpju	n[ɨ]fuʃkɔpju	n[e]fuʃkɔpju	0
nefrálgico	nɨfraɫʒiku	nefraɫʒiku	n[ɨ]fraɫʒiku	n[e]fraɫʒiku	0
nefrectomia	nɨfrɛktumiɐ	nefrɛtumiɐ	n[ɨ]frɛ[k]tumiɐ	n[e]frɛ[]tumiɐ	0
nefrectômico	nɨfrɛktomiku	nefrɛtomiku	n[ɨ]frɛ[k]tomiku	n[e]frɛ[]tomiku	0
nefrectómico	nɨfrɛktɔmiku	nefrɛtɔmiku	n[ɨ]frɛ[k]tɔmiku	n[e]frɛ[]tɔmiku	0
nefrídio	nɨfridju	nefridju	n[ɨ]fridju	n[e]fridju	0
nefridióporo	nɨfridjɔpuru	nefridiɔpuru	n[ɨ]frid[j]ɔpuru	n[e]frid[i]ɔpuru	0
nefrita	nɨfritɐ	nefritɐ	n[ɨ]fritɐ	n[e]fritɐ	0
nefrite	nɨfritɨ	nefritɨ	n[ɨ]fritɨ	n[e]fritɨ	0
nefrítico	nɨfritiku	nefritiku	n[ɨ]fritiku	n[e]fritiku	0
nefrocele	nɨfrɔsɛlɨ	nefrusɛlɨ	n[ɨ]fr[ɔ]sɛlɨ	n[e]fr[u]sɛlɨ	0
nefrografia	nɨfruɡrɐfiɐ	nefruɡrɐfiɐ	n[ɨ]fruɡrɐfiɐ	n[e]fruɡrɐfiɐ	0
nefrográfico	nɨfruɡrafiku	nefruɡrafiku	n[ɨ]fruɡrafiku	n[e]fruɡrafiku	0
nefroide	nɨfrɔjdɨ	nefrɔjdɨ	n[ɨ]frɔjdɨ	n[e]frɔjdɨ	0
nefróide	nɨfrɔjdɨ	nefrɔjdɨ	n[ɨ]frɔjdɨ	n[e]frɔjdɨ	0
nefrolitíase	nɨfrɔlitiɐzɨ	nefrulitiɐzɨ	n[ɨ]fr[ɔ]litiɐzɨ	n[e]fr[u]litiɐzɨ	0
nefrólito	nɨfrɔlitu	nefrɔlitu	n[ɨ]frɔlitu	n[e]frɔlitu	0
nefrologia	nɨfruluʒiɐ	nefruluʒiɐ	n[ɨ]fruluʒiɐ	n[e]fruluʒiɐ	0
nefrológico	nɨfrulɔʒiku	nefrulɔʒiku	n[ɨ]frulɔʒiku	n[e]frulɔʒiku	0
nefrologista	nɨfruluʒiʃtɐ	nefruluʒiʃtɐ	n[ɨ]fruluʒiʃtɐ	n[e]fruluʒiʃtɐ	0
nefrólogo	nɨfrɔluɡu	nefrɔluɡu	n[ɨ]frɔluɡu	n[e]frɔluɡu	0
nefrônio	nɨfronju	nefronju	n[ɨ]fronju	n[e]fronju	0
nefrónio	nɨfrɔnju	nefrɔnju	n[ɨ]frɔnju	n[e]frɔnju	0
nefroparalisia	nɨfrɔpɐrɐliziɐ	nefrupɐrɐliziɐ	n[ɨ]fr[ɔ]pɐrɐliziɐ	n[e]fr[u]pɐrɐliziɐ	0
nefropatia	nɨfrɔpɐtiɐ	nefrupɐtiɐ	n[ɨ]fr[ɔ]pɐtiɐ	n[e]fr[u]pɐtiɐ	0
nefropático	nɨfrɔpatiku	nefrupatiku	n[ɨ]fr[ɔ]patiku	n[e]fr[u]patiku	0
nefroplegia	nɨfrɔplɨʒiɐ	nefruplɨʒiɐ	n[ɨ]fr[ɔ]plɨʒiɐ	n[e]fr[u]plɨʒiɐ	0
nefrorragia	nɨfruʀɐʒiɐ	nefruʀɐʒiɐ	n[ɨ]fruʀɐʒiɐ	n[e]fruʀɐʒiɐ	0
nefrorrágico	nɨfruʀaʒiku	nefruʀaʒiku	n[ɨ]fruʀaʒiku	n[e]fruʀaʒiku	0
nefrose	nɨfrɔzɨ	nefrɔzɨ	n[ɨ]frɔzɨ	n[e]frɔzɨ	0
nefróstoma	nɨfrɔʃtumɐ	nefrɔʃtumɐ	n[ɨ]frɔʃtumɐ	n[e]frɔʃtumɐ	0
nefrostomia	nɨfrɔʃtumiɐ	nefruʃtumiɐ	n[ɨ]fr[ɔ]ʃtumiɐ	n[e]fr[u]ʃtumiɐ	0
nefrostômico	nɨfruʃtomiku	nefruʃtomiku	n[ɨ]fruʃtomiku	n[e]fruʃtomiku	0
nefrostómico	nɨfruʃtɔmiku	nefruʃtɔmiku	n[ɨ]fruʃtɔmiku	n[e]fruʃtɔmiku	0
nefróstomo	nɨfrɔʃtumu	nefrɔʃtumu	n[ɨ]frɔʃtumu	n[e]frɔʃtumu	0
nefrótico	nɨfrɔtiku	nefrɔtiku	n[ɨ]frɔtiku	n[e]frɔtiku	0
nefrotomia	nɨfrɔtumiɐ	nefrutumiɐ	n[ɨ]fr[ɔ]tumiɐ	n[e]fr[u]tumiɐ	0
nefrotômico	nɨfrɔtomiku	nefrutomiku	n[ɨ]fr[ɔ]tomiku	n[e]fr[u]tomiku	0
nefrotómico	nɨfrɔtɔmiku	nefrutɔmiku	n[ɨ]fr[ɔ]tɔmiku	n[e]fr[u]tɔmiku	0
nefrotóxico	nɨfrɔtɔksiku	nefrutɔksiku	n[ɨ]fr[ɔ]tɔksiku	n[e]fr[u]tɔksiku	0
nefrotoxina	nɨfrɔtɔksinɐ	nefrutuksinɐ	n[ɨ]fr[ɔ]t[ɔ]ksinɐ	n[e]fr[u]t[u]ksinɐ	0
negaça	nɨɡasɐ	neɡasɐ	n[ɨ]ɡasɐ	n[e]ɡasɐ	0
negação	nɨɡɐsɐ̃w̃	neɡɐsɐ̃w̃	n[ɨ]ɡɐsɐ̃w̃	n[e]ɡɐsɐ̃w̃	0
negaceador	nɨɡɐsjɐdor	neɡɐsiɐdor	n[ɨ]ɡɐs[j]ɐdor	n[e]ɡɐs[i]ɐdor	0
negacear	nɨɡɐsjar	neɡɐsiar	n[ɨ]ɡɐs[j]ar	n[e]ɡɐs[i]ar	0
negaceiro	nɨɡɐsɐjru	neɡɐsɐjru	n[ɨ]ɡɐsɐjru	n[e]ɡɐsɐjru	0
negado	nɨɡadu	neɡadu	n[ɨ]ɡadu	n[e]ɡadu	0
negador	nɨɡɐdor	neɡɐdor	n[ɨ]ɡɐdor	n[e]ɡɐdor	0
negalho	nɨɡaʎu	neɡaʎu	n[ɨ]ɡaʎu	n[e]ɡaʎu	0
negativamente	nɨɡɐtivɐmẽtɨ	neɡɐtivɐmẽntɨ	n[ɨ]ɡɐtivɐmẽtɨ[]	n[e]ɡɐtivɐmẽnt[ɨ]	0
negativa	nɨɡɐtivɐ	neɡɐtivɐ	n[ɨ]ɡɐtivɐ	n[e]ɡɐtivɐ	0
negativar	nɨɡɐtivar	neɡɐtivar	n[ɨ]ɡɐtivar	n[e]ɡɐtivar	0
negatividade	nɨɡɐtividadɨ	neɡɐtividadɨ	n[ɨ]ɡɐtividadɨ	n[e]ɡɐtividadɨ	0
negativismo	nɨɡɐtiviʒmu	neɡɐtiviʒmu	n[ɨ]ɡɐtiviʒmu	n[e]ɡɐtiviʒmu	0
negativista	nɨɡɐtiviʃtɐ	neɡɐtiviʃtɐ	n[ɨ]ɡɐtiviʃtɐ	n[e]ɡɐtiviʃtɐ	0
negativizar	nɨɡɐtivizar	neɡɐtivizar	n[ɨ]ɡɐtivizar	n[e]ɡɐtivizar	0
negativo	nɨɡɐtivu	neɡɐtivu	n[ɨ]ɡɐtivu	n[e]ɡɐtivu	0
negatório	nɨɡɐtɔrju	neɡɐtɔrju	n[ɨ]ɡɐtɔrju	n[e]ɡɐtɔrju	0
negatoscópio	nɨɡɐtɔʃkɔpju	neɡɐtuʃkɔpju	n[ɨ]ɡɐt[ɔ]ʃkɔpju	n[e]ɡɐt[u]ʃkɔpju	0
negatrão	nɨɡɐtrɐ̃w̃	neɡɐtrɐ̃w̃	n[ɨ]ɡɐtrɐ̃w̃	n[e]ɡɐtrɐ̃w̃	0
negável	nɨɡavɛɫ	neɡavɛɫ	n[ɨ]ɡavɛɫ	n[e]ɡavɛɫ	0
negligência	nɨɡliʒẽsjɐ	neɡliʒẽnsjɐ	n[ɨ]ɡliʒẽsjɐ[]	n[e]ɡliʒẽnsj[ɐ]	0
negligenciar	nɨɡliʒẽsjar	neɡliʒẽnsiar	n[ɨ]ɡliʒẽsjar[]	n[e]ɡliʒẽnsia[r]	0
negligenciável	nɨɡliʒẽsjavɛɫ	neɡliʒẽnsiavɛɫ	n[ɨ]ɡliʒẽsjavɛɫ[]	n[e]ɡliʒẽnsiavɛ[ɫ]	0
negligentemente	nɨɡliʒẽtɨmẽtɨ	neɡliʒẽntɨmẽntɨ	n[ɨ]ɡliʒẽtɨmẽtɨ[]	n[e]ɡliʒẽntɨmẽnt[ɨ]	0
negligente	nɨɡliʒẽtɨ	neɡliʒẽntɨ	n[ɨ]ɡliʒẽtɨ[]	n[e]ɡliʒẽnt[ɨ]	0
negociabilidade	nɨɡusjɐbilidadɨ	neɡusiɐbilidadɨ	n[ɨ]ɡus[j]ɐbilidadɨ	n[e]ɡus[i]ɐbilidadɨ	0
negociação	nɨɡusjɐsɐ̃w̃	neɡusiɐsɐ̃w̃	n[ɨ]ɡus[j]ɐsɐ̃w̃	n[e]ɡus[i]ɐsɐ̃w̃	0
negociado	nɨɡusjadu	neɡusiadu	n[ɨ]ɡus[j]adu	n[e]ɡus[i]adu	0
negociador	nɨɡusjɐdor	neɡusiɐdor	n[ɨ]ɡus[j]ɐdor	n[e]ɡus[i]ɐdor	0
negociamento	nɨɡusjɐmẽtu	neɡusiɐmẽntu	n[ɨ]ɡus[j]ɐmẽtu[]	n[e]ɡus[i]ɐmẽnt[u]	0
negociante	nɨɡusjɐ̃tɨ	neɡusiɐ̃ntɨ	n[ɨ]ɡus[j]ɐ̃[]tɨ	n[e]ɡus[i]ɐ̃[n]tɨ	0
negociar	nɨɡusjar	neɡusiar	n[ɨ]ɡus[j]ar	n[e]ɡus[i]ar	0
negociarrão	nɨɡusjɐʀɐ̃w̃	neɡusiɐʀɐ̃w̃	n[ɨ]ɡus[j]ɐʀɐ̃w̃	n[e]ɡus[i]ɐʀɐ̃w̃	0
negociata	nɨɡusjatɐ	neɡusiatɐ	n[ɨ]ɡus[j]atɐ	n[e]ɡus[i]atɐ	0
negociável	nɨɡusjavɛɫ	neɡusiavɛɫ	n[ɨ]ɡus[j]avɛɫ	n[e]ɡus[i]avɛɫ	0
negócio	nɨɡɔsju	neɡɔsju	n[ɨ]ɡɔsju	n[e]ɡɔsju	0
negocioso	nɨɡusjozu	neɡusiozu	n[ɨ]ɡus[j]ozu	n[e]ɡus[i]ozu	0
negocista	nɨɡusiʃtɐ	neɡusiʃtɐ	n[ɨ]ɡusiʃtɐ	n[e]ɡusiʃtɐ	0
negraço	nɨɡrasu	neɡrasu	n[ɨ]ɡrasu	n[e]ɡrasu	0
negrada	nɨɡradɐ	neɡradɐ	n[ɨ]ɡradɐ	n[e]ɡradɐ	0
negrainha	nɨɡrɐiɲɐ	neɡrɐiɲɐ	n[ɨ]ɡrɐiɲɐ	n[e]ɡrɐiɲɐ	0
negralhada	nɨɡrɐʎadɐ	neɡrɐʎadɐ	n[ɨ]ɡrɐʎadɐ	n[e]ɡrɐʎadɐ	0
negralhão	nɨɡrɐʎɐ̃w̃	neɡrɐʎɐ̃w̃	n[ɨ]ɡrɐʎɐ̃w̃	n[e]ɡrɐʎɐ̃w̃	0
negraria	nɨɡrɐriɐ	neɡrɐriɐ	n[ɨ]ɡrɐriɐ	n[e]ɡrɐriɐ	0
negregado	nɨɡrɨɡadu	neɡrɨɡadu	n[ɨ]ɡrɨɡadu	n[e]ɡrɨɡadu	0
negregoso	nɨɡrɨɡozu	neɡrɨɡozu	n[ɨ]ɡrɨɡozu	n[e]ɡrɨɡozu	0
negregura	nɨɡrɨɡurɐ	neɡrɨɡurɐ	n[ɨ]ɡrɨɡurɐ	n[e]ɡrɨɡurɐ	0
negreira	nɨɡrɐjrɐ	neɡrɐjrɐ	n[ɨ]ɡrɐjrɐ	n[e]ɡrɐjrɐ	0
negreiro	nɨɡrɐjru	neɡrɐjru	n[ɨ]ɡrɐjru	n[e]ɡrɐjru	0
negrejamento	nɨɡrɨʒɐmẽtu	neɡrɨʒɐmẽntu	n[ɨ]ɡrɨʒɐmẽtu[]	n[e]ɡrɨʒɐmẽnt[u]	0
negrejante	nɨɡrɨʒɐ̃tɨ	neɡrɨʒɐ̃ntɨ	n[ɨ]ɡrɨʒɐ̃[]tɨ	n[e]ɡrɨʒɐ̃[n]tɨ	0
negrejar	nɨɡrɨʒar	neɡrɨʒar	n[ɨ]ɡrɨʒar	n[e]ɡrɨʒar	0
negrela	nɨɡrɛlɐ	neɡrɛlɐ	n[ɨ]ɡrɛlɐ	n[e]ɡrɛlɐ	0
negridão	nɨɡridɐ̃w̃	neɡridɐ̃w̃	n[ɨ]ɡridɐ̃w̃	n[e]ɡridɐ̃w̃	0
negrilho	nɨɡriʎu	neɡriʎu	n[ɨ]ɡriʎu	n[e]ɡriʎu	0
negrilhos	nɨɡriʎuʃ	neɡriʎuʃ	n[ɨ]ɡriʎuʃ	n[e]ɡriʎuʃ	0
negrinha	nɨɡriɲɐ	neɡriɲɐ	n[ɨ]ɡriɲɐ	n[e]ɡriɲɐ	0
negrinho	nɨɡriɲu	neɡriɲu	n[ɨ]ɡriɲu	n[e]ɡriɲu	0
negrita	nɨɡritɐ	neɡritɐ	n[ɨ]ɡritɐ	n[e]ɡritɐ	0
negrito	nɨɡritu	neɡritu	n[ɨ]ɡritu	n[e]ɡritu	0
negritude	nɨɡritudɨ	neɡritudɨ	n[ɨ]ɡritudɨ	n[e]ɡritudɨ	0
negroa	nɨɡroɐ	neɡroɐ	n[ɨ]ɡroɐ	n[e]ɡroɐ	0
negrófilo	nɨɡrɔfilu	neɡrɔfilu	n[ɨ]ɡrɔfilu	n[e]ɡrɔfilu	0
negrófobo	nɨɡrɔfubu	neɡrɔfubu	n[ɨ]ɡrɔfubu	n[e]ɡrɔfubu	0
negroide	nɨɡrɔjdɨ	neɡrɔjdɨ	n[ɨ]ɡrɔjdɨ	n[e]ɡrɔjdɨ	0
negróide	nɨɡrɔjdɨ	neɡrɔjdɨ	n[ɨ]ɡrɔjdɨ	n[e]ɡrɔjdɨ	0
negrola	nɨɡrɔlɐ	neɡrɔlɐ	n[ɨ]ɡrɔlɐ	n[e]ɡrɔlɐ	0
negrotins	nɨɡrutĩʃ	neɡrutĩnʃ	n[ɨ]ɡrutĩʃ[]	n[e]ɡrutĩn[ʃ]	0
negrume	nɨɡrumɨ	neɡrumɨ	n[ɨ]ɡrumɨ	n[e]ɡrumɨ	0
negrumoso	nɨɡrumozu	neɡrumozu	n[ɨ]ɡrumozu	n[e]ɡrumozu	0
negrura	nɨɡrurɐ	neɡrurɐ	n[ɨ]ɡrurɐ	n[e]ɡrurɐ	0
nelúmbio	nɨlũbju	nelũmbju	n[ɨ]lũbju[]	n[e]lũmbj[u]	0
nelumbo	nɨlũbu	nelũmbu	n[ɨ]lũbu[]	n[e]lũmb[u]	0
nematelmintes	nɨmɐtɛɫmĩtɨʃ	nemɐtɨɫmĩntɨʃ	n[ɨ]mɐt[ɛ]ɫmĩtɨʃ[]	n[e]mɐt[ɨ]ɫmĩntɨ[ʃ]	0
nemático	nɨmatiku	nematiku	n[ɨ]matiku	n[e]matiku	0
nematócero	nɨmɐtɔsɨru	nemɐtɔsɨru	n[ɨ]mɐtɔsɨru	n[e]mɐtɔsɨru	0
nematode	nɨmɐtɔdɨ	nemɐtodɨ	n[ɨ]mɐt[ɔ]dɨ	n[e]mɐt[o]dɨ	0
nematódeo	nɨmɐtɔdju	nemɐtɔdiw	n[ɨ]mɐtɔdj[u]	n[e]mɐtɔdi[w]	0
nemésia	nɨmɛzjɐ	nemɛzjɐ	n[ɨ]mɛzjɐ	n[e]mɛzjɐ	0
nemésico	nɨmɛziku	nemɛziku	n[ɨ]mɛziku	n[e]mɛziku	0
nemetacense	nɨmɨtɐsẽsɨ	nemɨtɐsẽnsɨ	n[ɨ]mɨtɐsẽsɨ[]	n[e]mɨtɐsẽns[ɨ]	0
nemólito	nɨmɔlitu	nemɔlitu	n[ɨ]mɔlitu	n[e]mɔlitu	0
nemoral	nɨmuraɫ	nemuraɫ	n[ɨ]muraɫ	n[e]muraɫ	0
nemoroso	nɨmurozu	nemurozu	n[ɨ]murozu	n[e]murozu	0
nenê	nene	nɨne	n[e]ne	n[ɨ]ne	0
nenúfar	nɨnufar	nenufɐr	n[ɨ]nuf[a]r	n[e]nuf[ɐ]r	0
nepalês	nɨpɐleʃ	nepɐleʃ	n[ɨ]pɐleʃ	n[e]pɐleʃ	0
nepali	nɨpali	nepɐli	n[ɨ]p[a]li	n[e]p[ɐ]li	0
nepentes	nɨpẽtɨʃ	nepẽntɨʃ	n[ɨ]pẽtɨʃ[]	n[e]pẽntɨ[ʃ]	0
neperiano	nɨpɨrjɐnu	nepɨriɐ̃nu	n[ɨ]pɨr[j]ɐ[]nu	n[e]pɨr[i]ɐ[̃]nu	0
nepote	nɨpɔtɨ	nepɔtɨ	n[ɨ]pɔtɨ	n[e]pɔtɨ	0
nepotismo	nɨputiʒmu	neputiʒmu	n[ɨ]putiʒmu	n[e]putiʒmu	0
nepotista	nɨputiʃtɐ	neputiʃtɐ	n[ɨ]putiʃtɐ	n[e]putiʃtɐ	0
nepotístico	nɨputiʃtiku	neputiʃtiku	n[ɨ]putiʃtiku	n[e]putiʃtiku	0
nequícia	nɨkisjɐ	nekisjɐ	n[ɨ]kisjɐ	n[e]kisjɐ	0
nereida	nɨrɐjdɐ	nerɐjdɐ	n[ɨ]rɐjdɐ	n[e]rɐjdɐ	0
nereide	nɨrɐjdɨ	nerɐjdɨ	n[ɨ]rɐjdɨ	n[e]rɐjdɨ	0
neretino	nɨrɨtinu	nerɨtinu	n[ɨ]rɨtinu	n[e]rɨtinu	0
nerítico	nɨritiku	neritiku	n[ɨ]ritiku	n[e]ritiku	0
nerônico	nɨroniku	neroniku	n[ɨ]roniku	n[e]roniku	0
nerónico	nɨrɔniku	nerɔniku	n[ɨ]rɔniku	n[e]rɔniku	0
nerônio	nɨronju	neronju	n[ɨ]ronju	n[e]ronju	0
nerónio	nɨrɔnju	nerɔnju	n[ɨ]rɔnju	n[e]rɔnju	0
nervação	nɨrvɐsɐ̃w̃	nervɐsɐ̃w̃	n[ɨ]rvɐsɐ̃w̃	n[e]rvɐsɐ̃w̃	0
nervado	nɨrvadu	nervadu	n[ɨ]rvadu	n[e]rvadu	0
nervino	nɨrvinu	nervinu	n[ɨ]rvinu	n[e]rvinu	0
nervosamente	nɨrvɔsɐmẽtɨ	nervɔzɐmẽntɨ	n[ɨ]rvɔ[s]ɐmẽtɨ[]	n[e]rvɔ[z]ɐmẽnt[ɨ]	0
nervosidade	nɨrvuzidadɨ	nervuzidadɨ	n[ɨ]rvuzidadɨ	n[e]rvuzidadɨ	0
nervosismo	nɨrvuziʒmu	nervuziʒmu	n[ɨ]rvuziʒmu	n[e]rvuziʒmu	0
nervoso	nɨrvozu	nervozu	n[ɨ]rvozu	n[e]rvozu	0
nervudo	nɨrvudu	nervudu	n[ɨ]rvudu	n[e]rvudu	0
nervuloso	nɨrvulozu	nervulozu	n[ɨ]rvulozu	n[e]rvulozu	0
nervurado	nɨrvuradu	nervuradu	n[ɨ]rvuradu	n[e]rvuradu	0
nervura	nɨrvurɐ	nervurɐ	n[ɨ]rvurɐ	n[e]rvurɐ	0
nesografia	nɨzɔɡrɐfiɐ	nezuɡrɐfiɐ	n[ɨ]z[ɔ]ɡrɐfiɐ	n[e]z[u]ɡrɐfiɐ	0
nesográfico	nɨzɔɡrafiku	nezuɡrafiku	n[ɨ]z[ɔ]ɡrafiku	n[e]z[u]ɡrafiku	0
nespereira	nɨʃpɨrɐjrɐ	neʃpɨrɐjrɐ	n[ɨ]ʃpɨrɐjrɐ	n[e]ʃpɨrɐjrɐ	0
nestorianismo	nɨʃturjɐniʒmu	neʃturiɐniʒmu	n[ɨ]ʃtur[j]ɐniʒmu	n[e]ʃtur[i]ɐniʒmu	0
nestoriano	nɨʃturjɐnu	neʃturiɐ̃nu	n[ɨ]ʃtur[j]ɐ[]nu	n[e]ʃtur[i]ɐ[̃]nu	0
netalhada	nɨtɐʎadɐ	netɐʎadɐ	n[ɨ]tɐʎadɐ	n[e]tɐʎadɐ	0
neurastenizar	newrɐʃtɨnizar	newrɐʃtenizar	newrɐʃt[ɨ]nizar	newrɐʃt[e]nizar	0
nevação	nɨvɐsɐ̃w̃	nevɐsɐ̃w̃	n[ɨ]vɐsɐ̃w̃	n[e]vɐsɐ̃w̃	0
nevada	nɨvadɐ	nevadɐ	n[ɨ]vadɐ	n[e]vadɐ	0
nevado	nɨvadu	nevadu	n[ɨ]vadu	n[e]vadu	0
nevasca	nɨvaʃkɐ	nevaʃkɐ	n[ɨ]vaʃkɐ	n[e]vaʃkɐ	0
nevasqueira	nɨvɐʃkɐjrɐ	nevɐʃkɐjrɐ	n[ɨ]vɐʃkɐjrɐ	n[e]vɐʃkɐjrɐ	0
neveira	nɨvɐjrɐ	nevɐjrɐ	n[ɨ]vɐjrɐ	n[e]vɐjrɐ	0
neveiro	nɨvɐjru	nevɐjru	n[ɨ]vɐjru	n[e]vɐjru	0
neviscar	nɨviʃkar	neviʃkar	n[ɨ]viʃkar	n[e]viʃkar	0
nevoaça	nɨvwasɐ	nevuasɐ	n[ɨ]v[w]asɐ	n[e]v[u]asɐ	0
nevoado	nɨvwadu	nevuadu	n[ɨ]v[w]adu	n[e]v[u]adu	0
nevoar	nɨvwar	nevuar	n[ɨ]v[w]ar	n[e]v[u]ar	0
nevoeirada	nɨvwɐjradɐ	nevuɐjradɐ	n[ɨ]v[w]ɐjradɐ	n[e]v[u]ɐjradɐ	0
nevoeira	nɨvwɐjrɐ	nevuɐjrɐ	n[ɨ]v[w]ɐjrɐ	n[e]v[u]ɐjrɐ	0
nevoeirento	nɨvwɐjrẽtu	nevuɐjrẽntu	n[ɨ]v[w]ɐjrẽtu[]	n[e]v[u]ɐjrẽnt[u]	0
nevoeiro	nɨvwɐjru	nevuɐjru	n[ɨ]v[w]ɐjru	n[e]v[u]ɐjru	0
nevoentar	nɨvwẽtar	nevuẽntar	n[ɨ]vwẽtar[]	n[e]vuẽnta[r]	0
nevoento	nɨvwẽtu	nevuẽntu	n[ɨ]vwẽtu[]	n[e]vuẽnt[u]	0
nevômetro	nɨvomɨtru	nevomɨtru	n[ɨ]vomɨtru	n[e]vomɨtru	0
nevómetro	nɨvɔmɨtru	nevɔmɨtru	n[ɨ]vɔmɨtru	n[e]vɔmɨtru	0
nevoso	nɨvozu	nevozu	n[ɨ]vozu	n[e]vozu	0
nevrálgico	nɨvraɫʒiku	nevraɫʒiku	n[ɨ]vraɫʒiku	n[e]vraɫʒiku	0
nevrilema	nɨvrilemɐ	nevrilemɐ	n[ɨ]vrilemɐ	n[e]vrilemɐ	0
nevriloma	nɨvrilomɐ	nevrilomɐ	n[ɨ]vrilomɐ	n[e]vrilomɐ	0
nevrite	nɨvritɨ	nevritɨ	n[ɨ]vritɨ	n[e]vritɨ	0
nevrítico	nɨvritiku	nevritiku	n[ɨ]vritiku	n[e]vritiku	0
nevróglia	nɨvrɔɡljɐ	nevrɔɡljɐ	n[ɨ]vrɔɡljɐ	n[e]vrɔɡljɐ	0
nevrografia	nɨvrɔɡrɐfiɐ	nevruɡrɐfiɐ	n[ɨ]vr[ɔ]ɡrɐfiɐ	n[e]vr[u]ɡrɐfiɐ	0
nevrográfico	nɨvrɔɡrafiku	nevruɡrafiku	n[ɨ]vr[ɔ]ɡrafiku	n[e]vr[u]ɡrafiku	0
nevrógrafo	nɨvrɔɡrɐfu	nevrɔɡrɐfu	n[ɨ]vrɔɡrɐfu	n[e]vrɔɡrɐfu	0
nevrologia	nɨvruluʒiɐ	nevruluʒiɐ	n[ɨ]vruluʒiɐ	n[e]vruluʒiɐ	0
nevrológico	nɨvrulɔʒiku	nevrulɔʒiku	n[ɨ]vrulɔʒiku	n[e]vrulɔʒiku	0
nevrologista	nɨvruluʒiʃtɐ	nevruluʒiʃtɐ	n[ɨ]vruluʒiʃtɐ	n[e]vruluʒiʃtɐ	0
nevrólogo	nɨvrɔluɡu	nevrɔluɡu	n[ɨ]vrɔluɡu	n[e]vrɔluɡu	0
nevroma	nɨvromɐ	nevromɐ	n[ɨ]vromɐ	n[e]vromɐ	0
nevroparalisia	nɨvrɔpɐrɐliziɐ	nevrupɐrɐliziɐ	n[ɨ]vr[ɔ]pɐrɐliziɐ	n[e]vr[u]pɐrɐliziɐ	0
nevropata	nɨvrɔpatɐ	nevrupatɐ	n[ɨ]vr[ɔ]patɐ	n[e]vr[u]patɐ	0
nevropatia	nɨvrɔpɐtiɐ	nevrupɐtiɐ	n[ɨ]vr[ɔ]pɐtiɐ	n[e]vr[u]pɐtiɐ	0
nevropático	nɨvrɔpatiku	nevrupatiku	n[ɨ]vr[ɔ]patiku	n[e]vr[u]patiku	0
nevropatologia	nɨvrɔpɐtuluʒiɐ	nevrupɐtuluʒiɐ	n[ɨ]vr[ɔ]pɐtuluʒiɐ	n[e]vr[u]pɐtuluʒiɐ	0
nevropatológico	nɨvrɔpɐtulɔʒiku	nevrupɐtulɔʒiku	n[ɨ]vr[ɔ]pɐtulɔʒiku	n[e]vr[u]pɐtulɔʒiku	0
nevrópteros	nɨvrɔptɨruʃ	nevrɔptɨruʃ	n[ɨ]vrɔptɨruʃ	n[e]vrɔptɨruʃ	0
nevrose	nɨvrɔzɨ	nevrɔzɨ	n[ɨ]vrɔzɨ	n[e]vrɔzɨ	0
nevrostenia	nɨvrɔʃtɨniɐ	nevruʃtɨniɐ	n[ɨ]vr[ɔ]ʃtɨniɐ	n[e]vr[u]ʃtɨniɐ	0
nevrótico	nɨvrɔtiku	nevrɔtiku	n[ɨ]vrɔtiku	n[e]vrɔtiku	0
nevrotomia	nɨvrɔtumiɐ	nevrutumiɐ	n[ɨ]vr[ɔ]tumiɐ	n[e]vr[u]tumiɐ	0
nevrotômico	nɨvrɔtomiku	nevrutomiku	n[ɨ]vr[ɔ]tomiku	n[e]vr[u]tomiku	0
nevrotómico	nɨvrɔtɔmiku	nevrutɔmiku	n[ɨ]vr[ɔ]tɔmiku	n[e]vr[u]tɔmiku	0
nheléti	ɲɨlɛti	ɲelɛti	ɲ[ɨ]lɛti	ɲ[e]lɛti	0
noemático	nuematiku	nuɨmatiku	nu[e]matiku	nu[ɨ]matiku	0
obliteração	ɔblitɨrɐsɐ̃w̃	ɔbliterɐsɐ̃w̃	ɔblit[ɨ]rɐsɐ̃w̃	ɔblit[e]rɐsɐ̃w̃	0
obliterador	ɔblitɨrɐdor	ɔbliterɐdor	ɔblit[ɨ]rɐdor	ɔblit[e]rɐdor	0
obscurecimento	ɔbʃkurɨsimẽtu	ɔbʃkuresimẽntu	ɔbʃkur[ɨ]simẽtu[]	ɔbʃkur[e]simẽnt[u]	0
obstupefação	ɔbʃtupɨfasɐ̃w̃	ɔbʃtupefɐsɐ̃w̃	ɔbʃtup[ɨ]f[a]sɐ̃w̃	ɔbʃtup[e]f[ɐ]sɐ̃w̃	0
ocre-vermelho	ɔkrɨvɨrmɐjʎu	ɔkrɨvermeʎu	ɔkrɨv[ɨ]rmɐ[j]ʎu	ɔkrɨv[e]rme[]ʎu	0
oferecedor	ɔfɨrɨsɨdor	ɔfɨresɨdor	ɔfɨr[ɨ]sɨdor	ɔfɨr[e]sɨdor	0
oferecimento	ɔfɨrɨsimẽtu	ɔfɨresimẽntu	ɔfɨr[ɨ]simẽtu[]	ɔfɨr[e]simẽnt[u]	0
omnipessoal	ɔmnipɨswaɫ	ɔmnipesuaɫ	ɔmnip[ɨ]s[w]aɫ	ɔmnip[e]s[u]aɫ	0
onipessoal	ɔnipɨswaɫ	ɔnipesuaɫ	ɔnip[ɨ]s[w]aɫ	ɔnip[e]s[u]aɫ	0
ordenhador	ɔrdɨɲɐdor	ɔrdeɲɐdor	ɔrd[ɨ]ɲɐdor	ɔrd[e]ɲɐdor	0
ourivesaria	owrivɨzɐriɐ	owrivezɐriɐ	owriv[ɨ]zɐriɐ	owriv[e]zɐriɐ	0
oxigenabilidade	ɔksiʒɨnɐbilidadɨ	ɔksiʒenɐbilidadɨ	ɔksiʒ[ɨ]nɐbilidadɨ	ɔksiʒ[e]nɐbilidadɨ	0
oxigenação	ɔksiʒɨnɐsɐ̃w̃	ɔksiʒenɐsɐ̃w̃	ɔksiʒ[ɨ]nɐsɐ̃w̃	ɔksiʒ[e]nɐsɐ̃w̃	0
oxigenador	ɔksiʒɨnɐdor	ɔksiʒenɐdor	ɔksiʒ[ɨ]nɐdor	ɔksiʒ[e]nɐdor	0
paço-ferreirense	pasufɨʀɐjrẽsɨ	pasufeʀɐjrẽnsɨ	pasuf[ɨ]ʀɐjrẽsɨ[]	pasuf[e]ʀɐjrẽns[ɨ]	0
pai-de-meninos	pajdɨmɨninuʃ	pajdɨmeninuʃ	pajdɨm[ɨ]ninuʃ	pajdɨm[e]ninuʃ	0
pai-de-velhacos	pajdɨvɨʎakuʃ	pajdɨveʎakuʃ	pajdɨv[ɨ]ʎakuʃ	pajdɨv[e]ʎakuʃ	0
panegiricar	pɐnɨʒɨrikar	pɐneʒirikar	pɐn[ɨ]ʒ[ɨ]rikar	pɐn[e]ʒ[i]rikar	0
panegirista	pɐnɨʒiriʃtɐ	pɐneʒiriʃtɐ	pɐn[ɨ]ʒiriʃtɐ	pɐn[e]ʒiriʃtɐ	0
panegirizar	pɐnɨʒɨrizar	pɐneʒirizar	pɐn[ɨ]ʒ[ɨ]rizar	pɐn[e]ʒ[i]rizar	0
panejamento	pɐnɨʒɐmẽtu	pɐneʒɐmẽntu	pɐn[ɨ]ʒɐmẽtu[]	pɐn[e]ʒɐmẽnt[u]	0
panetone	pɐnetɔne	pɐnɨtonɨ	pɐn[e]t[ɔ]n[e]	pɐn[ɨ]t[o]n[ɨ]	0
paquimeningite	pɐkimɨnĩʒitɨ	pɐkimenĩnʒitɨ	pɐkim[ɨ]nĩʒitɨ[]	pɐkim[e]nĩnʒit[ɨ]	0
parabenizar	pɐrɐbɨnizar	pɐrɐbenizar	pɐrɐb[ɨ]nizar	pɐrɐb[e]nizar	0
paracletear	pɐrɐklɨtjar	pɐrɐkletiar	pɐrɐkl[ɨ]t[j]ar	pɐrɐkl[e]t[i]ar	0
parafernalidade	pɐrɐfɨrnɐlidadɨ	pɐrɐfernɐlidadɨ	pɐrɐf[ɨ]rnɐlidadɨ	pɐrɐf[e]rnɐlidadɨ	0
paralelizar	pɐrɐlɨlizar	pɐrɐlelizar	pɐrɐl[ɨ]lizar	pɐrɐl[e]lizar	0
paramedicina	pɐrɐmɨdisinɐ	pɐrɐmedisinɐ	pɐrɐm[ɨ]disinɐ	pɐrɐm[e]disinɐ	0
parametrização	pɐrɐmɨtrizɐsɐ̃w̃	pɐrɐmetrizɐsɐ̃w̃	pɐrɐm[ɨ]trizɐsɐ̃w̃	pɐrɐm[e]trizɐsɐ̃w̃	0
parametrizado	pɐrɐmɨtrizadu	pɐrɐmetrizadu	pɐrɐm[ɨ]trizadu	pɐrɐm[e]trizadu	0
parametrizante	pɐrɐmɨtrizɐ̃tɨ	pɐrɐmetrizɐ̃ntɨ	pɐrɐm[ɨ]trizɐ̃[]tɨ	pɐrɐm[e]trizɐ̃[n]tɨ	0
parametrizar	pɐrɐmɨtrizar	pɐrɐmetrizar	pɐrɐm[ɨ]trizar	pɐrɐm[e]trizar	0
parametrizável	pɐrɐmɨtrizavɛɫ	pɐrɐmetrizavɛɫ	pɐrɐm[ɨ]trizavɛɫ	pɐrɐm[e]trizavɛɫ	0
pára-quedismo	parɐkɨdiʒmu	parɐkediʒmu	parɐk[ɨ]diʒmu	parɐk[e]diʒmu	0
pára-quedista	parɐkɨdiʃtɐ	parɐkediʃtɐ	parɐk[ɨ]diʃtɐ	parɐk[e]diʃtɐ	0
pau-pereira	pawpɨrɐjrɐ	pawperɐjrɐ	pawp[ɨ]rɐjrɐ	pawp[e]rɐjrɐ	0
pau-seringa	pawsɨrĩɡɐ	pawserĩnɡɐ	paws[ɨ]rĩɡɐ[]	paws[e]rĩnɡ[ɐ]	0
pebolim	pɨbulĩ	pebulĩn	p[ɨ]bulĩ[]	p[e]bulĩ[n]	0
pecabilidade	pɨkɐbilidadɨ	pekɐbilidadɨ	p[ɨ]kɐbilidadɨ	p[e]kɐbilidadɨ	0
pecadaço	pɨkɐdasu	pekɐdasu	p[ɨ]kɐdasu	p[e]kɐdasu	0
pecadão	pɨkɐdɐ̃w̃	pekɐdɐ̃w̃	p[ɨ]kɐdɐ̃w̃	p[e]kɐdɐ̃w̃	0
pecadilho	pɨkɐdiʎu	pekɐdiʎu	p[ɨ]kɐdiʎu	p[e]kɐdiʎu	0
pecado	pɨkadu	pekadu	p[ɨ]kadu	p[e]kadu	0
pecadoraço	pɨkɐdurasu	pekɐdurasu	p[ɨ]kɐdurasu	p[e]kɐdurasu	0
pecador	pɨkɐdor	pekɐdor	p[ɨ]kɐdor	p[e]kɐdor	0
pecaminosamente	pɨkɐminɔzɐmẽtɨ	pekɐminɔzɐmẽntɨ	p[ɨ]kɐminɔzɐmẽtɨ[]	p[e]kɐminɔzɐmẽnt[ɨ]	0
pecaminoso	pɨkɐminozu	pekɐminozu	p[ɨ]kɐminozu	p[e]kɐminozu	0
pecante	pɨkɐ̃tɨ	pekɐ̃ntɨ	p[ɨ]kɐ̃[]tɨ	p[e]kɐ̃[n]tɨ	0
pecari	pɨkari	pekɐri	p[ɨ]k[a]ri	p[e]k[ɐ]ri	0
pecável	pɨkavɛɫ	pekavɛɫ	p[ɨ]kavɛɫ	p[e]kavɛɫ	0
pecilotérmico	pɨsilɔtɛrmiku	pesilutɛrmiku	p[ɨ]sil[ɔ]tɛrmiku	p[e]sil[u]tɛrmiku	0
peciolado	pɨsjuladu	pesiuladu	p[ɨ]s[j]uladu	p[e]s[i]uladu	0
peciolar	pɨsjular	pesiular	p[ɨ]s[j]ular	p[e]s[i]ular	0
pecíolo	pɨsiulu	pesiwlu	p[ɨ]si[u]lu	p[e]si[w]lu	0
peçonha	pɨsoɲɐ	pesõɲɐ	p[ɨ]so[]ɲɐ	p[e]so[̃]ɲɐ	0
peçonhentar	pɨsuɲẽtar	pesõɲẽntar	p[ɨ]su[]ɲẽtar[]	p[e]so[̃]ɲẽnta[r]	0
peçonhento	pɨsuɲẽtu	pesõɲẽntu	p[ɨ]su[]ɲẽtu[]	p[e]so[̃]ɲẽnt[u]	0
peçonhoso	pɨsuɲozu	pesõɲozu	p[ɨ]su[]ɲozu	p[e]so[̃]ɲozu	0
pecuária	pɨkwarjɐ	pekwarjɐ	p[ɨ]kwarjɐ	p[e]kwarjɐ	0
pecuário	pɨkwarju	pekwarju	p[ɨ]kwarju	p[e]kwarju	0
peculador	pɨkulɐdor	pekulɐdor	p[ɨ]kulɐdor	p[e]kulɐdor	0
peculatário	pɨkulɐtarju	pekulɐtarju	p[ɨ]kulɐtarju	p[e]kulɐtarju	0
peculato	pɨkulatu	pekulatu	p[ɨ]kulatu	p[e]kulatu	0
peculiaridade	pɨkuljɐridadɨ	pekuliɐridadɨ	p[ɨ]kul[j]ɐridadɨ	p[e]kul[i]ɐridadɨ	0
peculiarizar	pɨkuljɐrizar	pekuliɐrizar	p[ɨ]kul[j]ɐrizar	p[e]kul[i]ɐrizar	0
peculiarmente	pɨkuljarmẽtɨ	pekuliɐrmẽntɨ	p[ɨ]kulj[a]rmẽtɨ[]	p[e]kuli[ɐ]rmẽnt[ɨ]	0
peculiar	pɨkuljar	pekuliar	p[ɨ]kul[j]ar	p[e]kul[i]ar	0
pecúlio	pɨkulju	pekulju	p[ɨ]kulju	p[e]kulju	0
pecúnia	pɨkunjɐ	pekunjɐ	p[ɨ]kunjɐ	p[e]kunjɐ	0
pecuniariamente	pɨkunjarjɐmẽtɨ	pekunjariɐmẽntɨ	p[ɨ]kunjar[j]ɐmẽtɨ[]	p[e]kunjar[i]ɐmẽnt[ɨ]	0
pecuniário	pɨkunjarju	pekuniarju	p[ɨ]kun[j]arju	p[e]kun[i]arju	0
pecunioso	pɨkunjozu	pekuniozu	p[ɨ]kun[j]ozu	p[e]kun[i]ozu	0
pedação	pɨdɐsɐ̃w̃	pedɐsɐ̃w̃	p[ɨ]dɐsɐ̃w̃	p[e]dɐsɐ̃w̃	0
pedaço-de-asno	pɨdasudaʒnu	pedasudɨaʒnu	p[ɨ]dasud[]aʒnu	p[e]dasud[ɨ]aʒnu	0
pedaço	pɨdasu	pedasu	p[ɨ]dasu	p[e]dasu	0
pedado	pɨdadu	pedadu	p[ɨ]dadu	p[e]dadu	0
pedágio	pɨdaʒju	pedaʒju	p[ɨ]daʒju	p[e]daʒju	0
pedagogia	pɨdɐɡuʒiɐ	pedɐɡuʒiɐ	p[ɨ]dɐɡuʒiɐ	p[e]dɐɡuʒiɐ	0
pedagogicamente	pɨdɐɡɔʒikɐmẽtɨ	pedɐɡɔʒikɐmẽntɨ	p[ɨ]dɐɡɔʒikɐmẽtɨ[]	p[e]dɐɡɔʒikɐmẽnt[ɨ]	0
pedagogice	pɨdɐɡuʒisɨ	pedɐɡuʒisɨ	p[ɨ]dɐɡuʒisɨ	p[e]dɐɡuʒisɨ	0
pedagógico	pɨdɐɡɔʒiku	pedɐɡɔʒiku	p[ɨ]dɐɡɔʒiku	p[e]dɐɡɔʒiku	0
pedagogismo	pɨdɐɡuʒiʒmu	pedɐɡuʒiʒmu	p[ɨ]dɐɡuʒiʒmu	p[e]dɐɡuʒiʒmu	0
pedagogista	pɨdɐɡuʒiʃtɐ	pedɐɡuʒiʃtɐ	p[ɨ]dɐɡuʒiʃtɐ	p[e]dɐɡuʒiʃtɐ	0
pedagogo	pɨdɐɡoɡu	pedɐɡoɡu	p[ɨ]dɐɡoɡu	p[e]dɐɡoɡu	0
pedalada	pɨdɐladɐ	pedɐladɐ	p[ɨ]dɐladɐ	p[e]dɐladɐ	0
pedalagem	pɨdɐlaʒɐ̃j̃	pedɐlaʒɐjn	p[ɨ]dɐlaʒɐ[̃]j[̃]	p[e]dɐlaʒɐ[]j[n]	0
pedalar	pɨdɐlar	pedɐlar	p[ɨ]dɐlar	p[e]dɐlar	0
pedaleira	pɨdɐlɐjrɐ	pedɐlɐjrɐ	p[ɨ]dɐlɐjrɐ	p[e]dɐlɐjrɐ	0
pedaleiro	pɨdɐlɐjru	pedɐlɐjru	p[ɨ]dɐlɐjru	p[e]dɐlɐjru	0
pedaliácea	pɨdɐljasjɐ	pedɐliasiɐ	p[ɨ]dɐl[j]as[j]ɐ	p[e]dɐl[i]as[i]ɐ	0
pedaliáceas	pɨdɐljasjɐʃ	pedɐliasiɐʃ	p[ɨ]dɐl[j]as[j]ɐʃ	p[e]dɐl[i]as[i]ɐʃ	0
pedálico	pɨdaliku	pedaliku	p[ɨ]daliku	p[e]daliku	0
pedaliforme	pɨdɐlifɔrmɨ	pedɐlifɔrmɨ	p[ɨ]dɐlifɔrmɨ	p[e]dɐlifɔrmɨ	0
pedalinho	pɨdɐliɲu	pedɐliɲu	p[ɨ]dɐliɲu	p[e]dɐliɲu	0
pedalização	pɨdɐlizɐsɐ̃w̃	pedɐlizɐsɐ̃w̃	p[ɨ]dɐlizɐsɐ̃w̃	p[e]dɐlizɐsɐ̃w̃	0
pedâneo	pɨdɐnju	pedɐ̃niw	p[ɨ]dɐ[]nj[u]	p[e]dɐ[̃]ni[w]	0
pedantaria	pɨdɐ̃tɐriɐ	pedɐ̃ntɐriɐ	p[ɨ]dɐ̃[]tɐriɐ	p[e]dɐ̃[n]tɐriɐ	0
pedantear	pɨdɐ̃tjar	pedɐ̃ntiar	p[ɨ]dɐ̃[]t[j]ar	p[e]dɐ̃[n]t[i]ar	0
pedante	pɨdɐ̃tɨ	pedɐ̃ntɨ	p[ɨ]dɐ̃[]tɨ	p[e]dɐ̃[n]tɨ	0
pedantesco	pɨdɐ̃teʃku	pedɐ̃nteʃku	p[ɨ]dɐ̃[]teʃku	p[e]dɐ̃[n]teʃku	0
pedantice	pɨdɐ̃tisɨ	pedɐ̃ntisɨ	p[ɨ]dɐ̃[]tisɨ	p[e]dɐ̃[n]tisɨ	0
pedantismo	pɨdɐ̃tiʒmu	pedɐ̃ntiʒmu	p[ɨ]dɐ̃[]tiʒmu	p[e]dɐ̃[n]tiʒmu	0
pedantocracia	pɨdɐ̃tɔkrɐsiɐ	pedɐ̃ntukrɐsiɐ	p[ɨ]dɐ̃[]t[ɔ]krɐsiɐ	p[e]dɐ̃[n]t[u]krɐsiɐ	0
pedantocrático	pɨdɐ̃tɔkratiku	pedɐ̃ntukratiku	p[ɨ]dɐ̃[]t[ɔ]kratiku	p[e]dɐ̃[n]t[u]kratiku	0
pedantório	pɨdɐ̃tɔrju	pedɐ̃ntɔrju	p[ɨ]dɐ̃[]tɔrju	p[e]dɐ̃[n]tɔrju	0
pedarquia	pɨdɐrkiɐ	pedɐrkiɐ	p[ɨ]dɐrkiɐ	p[e]dɐrkiɐ	0
pedatilobado	pɨdatilubadu	pedɐtilubadu	p[ɨ]d[a]tilubadu	p[e]d[ɐ]tilubadu	0
pedatipartido	pɨdatipɐrtidu	pedɐtipɐrtidu	p[ɨ]d[a]tipɐrtidu	p[e]d[ɐ]tipɐrtidu	0
pederasta	pɨdɨraʃtɐ	pedɨraʃtɐ	p[ɨ]dɨraʃtɐ	p[e]dɨraʃtɐ	0
pederastia	pɨdɨrɐʃtiɐ	pedɨrɐʃtiɐ	p[ɨ]dɨrɐʃtiɐ	p[e]dɨrɐʃtiɐ	0
pedernal	pɨdɨrnaɫ	pedɨrnaɫ	p[ɨ]dɨrnaɫ	p[e]dɨrnaɫ	0
pederneira	pɨdɨrnɐjrɐ	pedɨrnɐjrɐ	p[ɨ]dɨrnɐjrɐ	p[e]dɨrnɐjrɐ	0
pedestal	pɨdɨʃtaɫ	pedɨʃtaɫ	p[ɨ]dɨʃtaɫ	p[e]dɨʃtaɫ	0
pedestre	pɨdɛʃtrɨ	pedɛʃtrɨ	p[ɨ]dɛʃtrɨ	p[e]dɛʃtrɨ	0
pedestrianismo	pɨdɨʃtrjɐniʒmu	pedɨʃtriɐniʒmu	p[ɨ]dɨʃtr[j]ɐniʒmu	p[e]dɨʃtr[i]ɐniʒmu	0
pedestrianista	pɨdɨʃtrjɐniʃtɐ	pedɨʃtriɐniʃtɐ	p[ɨ]dɨʃtr[j]ɐniʃtɐ	p[e]dɨʃtr[i]ɐniʃtɐ	0
pedestriano	pɨdɨʃtrjɐnu	pedɨʃtriɐ̃nu	p[ɨ]dɨʃtr[j]ɐ[]nu	p[e]dɨʃtr[i]ɐ[̃]nu	0
pedialgia	pɨdjaɫʒiɐ	pediaɫʒiɐ	p[ɨ]d[j]aɫʒiɐ	p[e]d[i]aɫʒiɐ	0
pediatra	pɨdjatrɐ	pediatrɐ	p[ɨ]d[j]atrɐ	p[e]d[i]atrɐ	0
pediatria	pɨdjɐtriɐ	pediɐtriɐ	p[ɨ]d[j]ɐtriɐ	p[e]d[i]ɐtriɐ	0
pediátrico	pɨdjatriku	pediatriku	p[ɨ]d[j]atriku	p[e]d[i]atriku	0
pediatro	pɨdjatru	pediatru	p[ɨ]d[j]atru	p[e]d[i]atru	0
pedicelado	pɨdisɨladu	pedisɨladu	p[ɨ]disɨladu	p[e]disɨladu	0
pedicelário	pɨdisɨlarju	pedisɨlarju	p[ɨ]disɨlarju	p[e]disɨlarju	0
pedicelo	pɨdisɛlu	pedisɛlu	p[ɨ]disɛlu	p[e]disɛlu	0
pediculado	pɨdikuladu	pedikuladu	p[ɨ]dikuladu	p[e]dikuladu	0
pedicular	pɨdikular	pedikular	p[ɨ]dikular	p[e]dikular	0
pediculídeo	pɨdikulidju	pedikulidiw	p[ɨ]dikulidj[u]	p[e]dikulidi[w]	0
pediculídeos	pɨdikulidjuʃ	pedikulidiwʃ	p[ɨ]dikulidj[u]ʃ	p[e]dikulidi[w]ʃ	0
pedículo	pɨdikulu	pedikulu	p[ɨ]dikulu	p[e]dikulu	0
pediculose	pɨdikulɔzɨ	pedikulɔzɨ	p[ɨ]dikulɔzɨ	p[e]dikulɔzɨ	0
pedida	pɨdidɐ	pedidɐ	p[ɨ]didɐ	p[e]didɐ	0
pedido	pɨdidu	pedidu	p[ɨ]didu	p[e]didu	0
pedidor	pɨdidor	pedidor	p[ɨ]didor	p[e]didor	0
pedífero	pɨdifɨru	pedifɨru	p[ɨ]difɨru	p[e]difɨru	0
pedigolho	pɨdiɡoʎu	pediɡoʎu	p[ɨ]diɡoʎu	p[e]diɡoʎu	0
pedigonho	pɨdiɡoɲu	pediɡõɲu	p[ɨ]diɡo[]ɲu	p[e]diɡo[̃]ɲu	0
pedilúvio	pɨdiluvju	pediluvju	p[ɨ]diluvju	p[e]diluvju	0
pedímano	pɨdimɐnu	pedimɐnu	p[ɨ]dimɐnu	p[e]dimɐnu	0
pedimento	pɨdimẽtu	pedimẽntu	p[ɨ]dimẽtu[]	p[e]dimẽnt[u]	0
pedímetro	pɨdimɨtru	pedimɨtru	p[ɨ]dimɨtru	p[e]dimɨtru	0
pedinchão	pɨdĩʃɐ̃w̃	pedĩnʃɐ̃w̃	p[ɨ]dĩʃɐ̃[w]̃[]	p[e]dĩnʃ[ɐ]̃w[̃]	0
pedincha	pɨdĩʃɐ	pedĩnʃɐ	p[ɨ]dĩʃɐ[]	p[e]dĩnʃ[ɐ]	0
pedinchar	pɨdĩʃar	pedĩnʃar	p[ɨ]dĩʃar[]	p[e]dĩnʃa[r]	0
pedinchice	pɨdĩʃisɨ	pedĩnʃisɨ	p[ɨ]dĩʃisɨ[]	p[e]dĩnʃis[ɨ]	0
pedintão	pɨdĩtɐ̃w̃	pedĩntɐ̃w̃	p[ɨ]dĩtɐ̃[w]̃[]	p[e]dĩnt[ɐ]̃w[̃]	0
pedintaria	pɨdĩtɐriɐ	pedĩntɐriɐ	p[ɨ]dĩtɐr[i]ɐ[]	p[e]dĩnt[]ɐri[ɐ]	0
pedintar	pɨdĩtar	pedĩntar	p[ɨ]dĩtar[]	p[e]dĩnta[r]	0
pedinte	pɨdĩtɨ	pedĩntɨ	p[ɨ]dĩtɨ[]	p[e]dĩnt[ɨ]	0
pedionalgia	pɨdjunaɫʒiɐ	pedjunaɫʒiɐ	p[ɨ]djunaɫʒiɐ	p[e]djunaɫʒiɐ	0
pedioso	pɨdjozu	pediozu	p[ɨ]d[j]ozu	p[e]d[i]ozu	0
pedipalpo	pɨdipaɫpu	pedipaɫpu	p[ɨ]dipaɫpu	p[e]dipaɫpu	0
peditório	pɨditɔrju	peditɔrju	p[ɨ]ditɔrju	p[e]ditɔrju	0
pedocal	pɨdukaɫ	pedukaɫ	p[ɨ]dukaɫ	p[e]dukaɫ	0
pedodontia	pɨdɔdõtiɐ	pedudõntiɐ	p[ɨ]d[ɔ]dõtiɐ[]	p[e]d[u]dõnti[ɐ]	0
pedofilia	pɨdɔfiliɐ	pedufiliɐ	p[ɨ]d[ɔ]filiɐ	p[e]d[u]filiɐ	0
pedófilo	pɨdɔfilu	pedɔfilu	p[ɨ]dɔfilu	p[e]dɔfilu	0
pedômetro	pɨdomɨtru	pedomɨtru	p[ɨ]domɨtru	p[e]domɨtru	0
pedómetro	pɨdɔmɨtru	pedɔmɨtru	p[ɨ]dɔmɨtru	p[e]dɔmɨtru	0
pedonal	pɨdunaɫ	pedunaɫ	p[ɨ]dunaɫ	p[e]dunaɫ	0
pedonomia	pɨdɔnumiɐ	pedunumiɐ	p[ɨ]d[ɔ]numiɐ	p[e]d[u]numiɐ	0
pedraço	pɨdrasu	pedrasu	p[ɨ]drasu	p[e]drasu	0
pedrada	pɨdradɐ	pedradɐ	p[ɨ]dradɐ	p[e]dradɐ	0
pedrado	pɨdradu	pedradu	p[ɨ]dradu	p[e]dradu	0
pedranceira	pɨdrɐ̃sɐjrɐ	pedrɐ̃nsɐjrɐ	p[ɨ]drɐ̃[]sɐjrɐ	p[e]drɐ̃[n]sɐjrɐ	0
pedraria	pɨdrɐriɐ	pedrɐriɐ	p[ɨ]drɐriɐ	p[e]drɐriɐ	0
pedregal	pɨdrɨɡaɫ	pedrɨɡaɫ	p[ɨ]drɨɡaɫ	p[e]drɨɡaɫ	0
pedregoso	pɨdrɨɡozu	pedrɨɡozu	p[ɨ]drɨɡozu	p[e]drɨɡozu	0
pedregulhento	pɨdrɨɡuʎẽtu	pedrɨɡuʎẽntu	p[ɨ]drɨɡuʎẽtu[]	p[e]drɨɡuʎẽnt[u]	0
pedregulho	pɨdrɨɡuʎu	pedrɨɡuʎu	p[ɨ]drɨɡuʎu	p[e]drɨɡuʎu	0
pedreira	pɨdrɐjrɐ	pedrɐjrɐ	p[ɨ]drɐjrɐ	p[e]drɐjrɐ	0
pedreirinho	pɨdrɐjriɲu	pedrɐjriɲu	p[ɨ]drɐjriɲu	p[e]drɐjriɲu	0
pedreiro-livre	pɨdrɐjrulivrɨ	pedrɐjrulivrɨ	p[ɨ]drɐjrulivrɨ	p[e]drɐjrulivrɨ	0
pedreiro	pɨdrɐjru	pedrɐjru	p[ɨ]drɐjru	p[e]drɐjru	0
pedreneira	pɨdrɨnɐjrɐ	pedrɨnɐjrɐ	p[ɨ]drɨnɐjrɐ	p[e]drɨnɐjrɐ	0
pedrisco	pɨdriʃku	pedriʃku	p[ɨ]driʃku	p[e]driʃku	0
pedrista	pɨdriʃtɐ	pedriʃtɐ	p[ɨ]driʃtɐ	p[e]driʃtɐ	0
pedroguense	pɨdruɡẽsɨ	pedruɡẽnsɨ	p[ɨ]druɡẽsɨ[]	p[e]druɡẽns[ɨ]	0
pedroiço	pɨdrojsu	pedrojsu	p[ɨ]drojsu	p[e]drojsu	0
pedrosito	pɨdruzitu	pedruzitu	p[ɨ]druzitu	p[e]druzitu	0
pedroso	pɨdrozu	pedrozu	p[ɨ]drozu	p[e]drozu	0
pedrouço	pɨdrowsu	pedrowsu	p[ɨ]drowsu	p[e]drowsu	0
pedunculado	pɨdũkuladu	pedũnkuladu	p[ɨ]dũkuladu[]	p[e]dũnkulad[u]	0
peduncular	pɨdũkular	pedũnkular	p[ɨ]dũkular[]	p[e]dũnkula[r]	0
pedúnculo	pɨdũkulu	pedũnkulu	p[ɨ]dũku[l]u[]	p[e]dũn[k]ul[u]	0
pedunculoso	pɨdũkulozu	pedũnkulozu	p[ɨ]dũkulozu[]	p[e]dũnkuloz[u]	0
pefelista	pefeliʃtɐ	pefɨliʃtɐ	pef[e]liʃtɐ	pef[ɨ]liʃtɐ	0
pegadeira	pɨɡɐdɐjrɐ	peɡɐdɐjrɐ	p[ɨ]ɡɐdɐjrɐ	p[e]ɡɐdɐjrɐ	0
pegadiço	pɨɡɐdisu	peɡɐdisu	p[ɨ]ɡɐdisu	p[e]ɡɐdisu	0
pegadilha	pɨɡɐdiʎɐ	peɡɐdiʎɐ	p[ɨ]ɡɐdiʎɐ	p[e]ɡɐdiʎɐ	0
pegadoiro	pɨɡɐdojru	peɡɐdojru	p[ɨ]ɡɐdojru	p[e]ɡɐdojru	0
pegado	pɨɡadu	peɡadu	p[ɨ]ɡadu	p[e]ɡadu	0
pegador	pɨɡɐdor	peɡɐdor	p[ɨ]ɡɐdor	p[e]ɡɐdor	0
pegadouro	pɨɡɐdowru	peɡɐdowru	p[ɨ]ɡɐdowru	p[e]ɡɐdowru	0
pegadura	pɨɡɐdurɐ	peɡɐdurɐ	p[ɨ]ɡɐdurɐ	p[e]ɡɐdurɐ	0
pegajento	pɨɡɐʒẽtu	peɡɐʒẽntu	p[ɨ]ɡɐʒẽtu[]	p[e]ɡɐʒẽnt[u]	0
pegajoso	pɨɡɐʒozu	peɡɐʒozu	p[ɨ]ɡɐʒozu	p[e]ɡɐʒozu	0
pegamasso	pɨɡɐmasu	peɡɐmasu	p[ɨ]ɡɐmasu	p[e]ɡɐmasu	0
pegamento	pɨɡɐmẽtu	peɡɐmẽntu	p[ɨ]ɡɐmẽtu[]	p[e]ɡɐmẽnt[u]	0
peganhar	pɨɡɐɲar	peɡɐ̃ɲar	p[ɨ]ɡɐ[]ɲar	p[e]ɡɐ[̃]ɲar	0
peganhento	pɨɡɐɲẽtu	peɡɐ̃ɲẽntu	p[ɨ]ɡɐ[]ɲẽtu[]	p[e]ɡɐ[̃]ɲẽnt[u]	0
peganhoso	pɨɡɐɲozu	peɡɐ̃ɲozu	p[ɨ]ɡɐ[]ɲozu	p[e]ɡɐ[̃]ɲozu	0
peguano	pɨɡwɐnu	peɡwɐ̃nu	p[ɨ]ɡwɐ[]nu	p[e]ɡwɐ[̃]nu	0
pegueiro	pɨɡɐjru	peɡɐjru	p[ɨ]ɡɐjru	p[e]ɡɐjru	0
peguilha	pɨɡiʎɐ	peɡiʎɐ	p[ɨ]ɡiʎɐ	p[e]ɡiʎɐ	0
peguilhar	pɨɡiʎar	peɡiʎar	p[ɨ]ɡiʎar	p[e]ɡiʎar	0
peguilhento	pɨɡiʎẽtu	peɡiʎẽntu	p[ɨ]ɡiʎẽtu[]	p[e]ɡiʎẽnt[u]	0
peguilho	pɨɡiʎu	peɡiʎu	p[ɨ]ɡiʎu	p[e]ɡiʎu	0
peguinhar	pɨɡiɲar	peɡiɲar	p[ɨ]ɡiɲar	p[e]ɡiɲar	0
pegulhal	pɨɡuʎaɫ	peɡuʎaɫ	p[ɨ]ɡuʎaɫ	p[e]ɡuʎaɫ	0
pegulho	pɨɡuʎu	peɡuʎu	p[ɨ]ɡuʎu	p[e]ɡuʎu	0
pegural	pɨɡuraɫ	peɡuraɫ	p[ɨ]ɡuraɫ	p[e]ɡuraɫ	0
pegureiro	pɨɡurɐjru	peɡurɐjru	p[ɨ]ɡurɐjru	p[e]ɡurɐjru	0
peito-vermelho	pɐjtuvɨrmɐjʎu	pɐjtuvermeʎu	pɐjtuv[ɨ]rmɐ[j]ʎu	pɐjtuv[e]rme[]ʎu	0
peixe-vermelho	pɐjʃɨvɨrmɐjʎu	pɐjʃɨvermeʎu	pɐjʃɨv[ɨ]rmɐ[j]ʎu	pɐjʃɨv[e]rme[]ʎu	0
pejadoiro	pɨʒɐdojru	peʒɐdojru	p[ɨ]ʒɐdojru	p[e]ʒɐdojru	0
pejado	pɨʒadu	peʒadu	p[ɨ]ʒadu	p[e]ʒadu	0
pejadouro	pɨʒɐdowru	peʒɐdowru	p[ɨ]ʒɐdowru	p[e]ʒɐdowru	0
pejamento	pɨʒɐmẽtu	peʒɐmẽntu	p[ɨ]ʒɐmẽtu[]	p[e]ʒɐmẽnt[u]	0
pejorar	pɨʒurar	peʒurar	p[ɨ]ʒurar	p[e]ʒurar	0
pejorativamente	pɨʒurɐtivɐmẽtɨ	peʒurɐtivɐmẽntɨ	p[ɨ]ʒurɐtivɐmẽtɨ[]	p[e]ʒurɐtivɐmẽnt[ɨ]	0
pejorativo	pɨʒurɐtivu	peʒurɐtivu	p[ɨ]ʒurɐtivu	p[e]ʒurɐtivu	0
pelada	pɨladɐ	peladɐ	p[ɨ]ladɐ	p[e]ladɐ	0
peladela	pɨlɐdɛlɐ	pelɐdɛlɐ	p[ɨ]lɐdɛlɐ	p[e]lɐdɛlɐ	0
peladinha	pɨlɐdiɲɐ	pelɐdiɲɐ	p[ɨ]lɐdiɲɐ	p[e]lɐdiɲɐ	0
pelado	pɨladu	peladu	p[ɨ]ladu	p[e]ladu	0
pelador	pɨlɐdor	pelɐdor	p[ɨ]lɐdor	p[e]lɐdor	0
peladura	pɨlɐdurɐ	pelɐdurɐ	p[ɨ]lɐdurɐ	p[e]lɐdurɐ	0
pelagão	pɨlɐɡɐ̃w̃	pelɐɡɐ̃w̃	p[ɨ]lɐɡɐ̃w̃	p[e]lɐɡɐ̃w̃	0
pelagem	pɨlaʒɐ̃j̃	pelaʒɐjn	p[ɨ]laʒɐ[̃]j[̃]	p[e]laʒɐ[]j[n]	0
pelagianismo	pɨlɐʒjɐniʒmu	pelɐʒiɐniʒmu	p[ɨ]lɐʒ[j]ɐniʒmu	p[e]lɐʒ[i]ɐniʒmu	0
pelágico	pɨlaʒiku	pelaʒiku	p[ɨ]laʒiku	p[e]laʒiku	0
pelagoscopia	pɨlɐɡɔʃkupiɐ	pelɐɡuʃkupiɐ	p[ɨ]lɐɡ[ɔ]ʃkupiɐ	p[e]lɐɡ[u]ʃkupiɐ	0
pelagoscópico	pɨlɐɡuʃkɔpiku	pelɐɡuʃkɔpiku	p[ɨ]lɐɡuʃkɔpiku	p[e]lɐɡuʃkɔpiku	0
pelagoscópio	pɨlɐɡuʃkɔpju	pelɐɡuʃkɔpju	p[ɨ]lɐɡuʃkɔpju	p[e]lɐɡuʃkɔpju	0
pelagra	pɨlaɡrɐ	pelaɡrɐ	p[ɨ]laɡrɐ	p[e]laɡrɐ	0
pelagroso	pɨlɐɡrozu	pelɐɡrozu	p[ɨ]lɐɡrozu	p[e]lɐɡrozu	0
pelanca	pɨlɐ̃kɐ	pelɐ̃nkɐ	p[ɨ]lɐ̃[]kɐ	p[e]lɐ̃[n]kɐ	0
pelangana	pɨlɐ̃ɡɐnɐ	pelɐ̃nɡɐ̃nɐ	p[ɨ]lɐ̃[]ɡɐ[]nɐ	p[e]lɐ̃[n]ɡɐ[̃]nɐ	0
pelanga	pɨlɐ̃ɡɐ	pelɐ̃nɡɐ	p[ɨ]lɐ̃[]ɡɐ	p[e]lɐ̃[n]ɡɐ	0
pelargônio	pɨlɐrɡonju	pelɐrɡonju	p[ɨ]lɐrɡonju	p[e]lɐrɡonju	0
pelargónio	pɨlɐrɡɔnju	pelɐrɡɔnju	p[ɨ]lɐrɡɔnju	p[e]lɐrɡɔnju	0
pelaria	pɨlɐriɐ	pelɐriɐ	p[ɨ]lɐriɐ	p[e]lɐriɐ	0
pelasgo	pɨlaʒɡu	pelaʒɡu	p[ɨ]laʒɡu	p[e]laʒɡu	0
pelasgos	pɨlaʒɡuʃ	pelaʒɡuʃ	p[ɨ]laʒɡuʃ	p[e]laʒɡuʃ	0
peleador	pɨljɐdor	peliɐdor	p[ɨ]l[j]ɐdor	p[e]l[i]ɐdor	0
peleano	pɨljɐnu	peliɐ̃nu	p[ɨ]l[j]ɐ[]nu	p[e]l[i]ɐ[̃]nu	0
pelear	pɨljar	peliar	p[ɨ]l[j]ar	p[e]l[i]ar	0
pelecanídeo	pɨlɨkɐnidju	pelɨkɐnidiw	p[ɨ]lɨkɐnidj[u]	p[e]lɨkɐnidi[w]	0
pelecanídeos	pɨlɨkɐnidjuʃ	pelɨkɐnidiwʃ	p[ɨ]lɨkɐnidj[u]ʃ	p[e]lɨkɐnidi[w]ʃ	0
pelecípode	pɨlɨsipudɨ	pelɨsipudɨ	p[ɨ]lɨsipudɨ	p[e]lɨsipudɨ	0
peleiro	pɨlɐjru	pelɐjru	p[ɨ]lɐjru	p[e]lɐjru	0
pelejador	pɨlɨʒɐdor	pelɨʒɐdor	p[ɨ]lɨʒɐdor	p[e]lɨʒɐdor	0
pelejante	pɨlɨʒɐ̃tɨ	pelɨʒɐ̃ntɨ	p[ɨ]lɨʒɐ̃[]tɨ	p[e]lɨʒɐ̃[n]tɨ	0
peleja	pɨlɐjʒɐ	peleʒɐ	p[ɨ]lɐ[j]ʒɐ	p[e]le[]ʒɐ	0
pelejar	pɨlɨʒar	pelɨʒar	p[ɨ]lɨʒar	p[e]lɨʒar	0
pelenense	pɨlɨnẽsɨ	pelɨnẽnsɨ	p[ɨ]lɨnẽsɨ[]	p[e]lɨnẽns[ɨ]	0
peleneu	pɨlɨnew	pelɨnew	p[ɨ]lɨnew	p[e]lɨnew	0
pelense	pɨlẽsɨ	pelẽnsɨ	p[ɨ]lẽsɨ[]	p[e]lẽns[ɨ]	0
peles-vermelhas	pɛlɨʒvɨrmɐjʎɐʃ	pɛlɨʒvermeʎɐʃ	pɛlɨʒv[ɨ]rmɐ[j]ʎɐʃ	pɛlɨʒv[e]rme[]ʎɐʃ	0
peletrônio	pɨlɨtronju	pelɨtronju	p[ɨ]lɨtronju	p[e]lɨtronju	0
peletrónio	pɨlɨtrɔnju	pelɨtrɔnju	p[ɨ]lɨtrɔnju	p[e]lɨtrɔnju	0
pele-vermelha	pɛlɨvɨrmɐjʎɐ	pɛlɨvermeʎɐ	pɛlɨv[ɨ]rmɐ[j]ʎɐ	pɛlɨv[e]rme[]ʎɐ	0
pele-vermelhas	pɛlɨvɨrmɐjʎɐʃ	pɛlɨvermeʎɐʃ	pɛlɨv[ɨ]rmɐ[j]ʎɐʃ	pɛlɨv[e]rme[]ʎɐʃ	0
pelhanca	pɨʎɐ̃kɐ	peʎɐ̃nkɐ	p[ɨ]ʎɐ̃[]kɐ	p[e]ʎɐ̃[n]kɐ	0
pelhancaria	pɨʎɐ̃kɐriɐ	peʎɐ̃nkɐriɐ	p[ɨ]ʎɐ̃[]kɐriɐ	p[e]ʎɐ̃[n]kɐriɐ	0
pelharanca	pɨʎɐrɐ̃kɐ	peʎɐrɐ̃nkɐ	p[ɨ]ʎɐrɐ̃[]kɐ	p[e]ʎɐrɐ̃[n]kɐ	0
pelicanas	pɨlikɐnɐʃ	pelikɐ̃nɐʃ	p[ɨ]likɐ[]nɐʃ	p[e]likɐ[̃]nɐʃ	0
pelicanídeo	pɨlikɐnidju	pelikɐnidiw	p[ɨ]likɐnidj[u]	p[e]likɐnidi[w]	0
pelicanídeos	pɨlikɐnidjuʃ	pelikɐnidiwʃ	p[ɨ]likɐnidj[u]ʃ	p[e]likɐnidi[w]ʃ	0
pelicano	pɨlikɐnu	pelikɐ̃nu	p[ɨ]likɐ[]nu	p[e]likɐ[̃]nu	0
pelicão	pɨlikɐ̃w̃	pelikɐ̃w̃	p[ɨ]likɐ̃w̃	p[e]likɐ̃w̃	0
pelica	pɨlikɐ	pelikɐ	p[ɨ]likɐ	p[e]likɐ	0
peliça	pɨlisɐ	pelisɐ	p[ɨ]lisɐ	p[e]lisɐ	0
pelico	pɨliku	peliku	p[ɨ]liku	p[e]liku	0
película	pɨlikulɐ	pelikulɐ	p[ɨ]likulɐ	p[e]likulɐ	0
pelidar	pɨlidar	pelidar	p[ɨ]lidar	p[e]lidar	0
pelífero	pɨlifɨru	pelifɨru	p[ɨ]lifɨru	p[e]lifɨru	0
pelintragem	pɨlĩtraʒɐ̃j̃	pelĩntraʒɐjn	p[ɨ]lĩtraʒɐ̃[]j[̃]	p[e]lĩntraʒ[ɐ]j[n]	0
pelintrão	pɨlĩtrɐ̃w̃	pelĩntrɐ̃w̃	p[ɨ]lĩtrɐ̃[w]̃[]	p[e]lĩntr[ɐ]̃w[̃]	0
pelintra	pɨlĩtrɐ	pelĩntrɐ	p[ɨ]lĩtrɐ[]	p[e]lĩntr[ɐ]	0
pelintraria	pɨlĩtrɐriɐ	pelĩntrɐriɐ	p[ɨ]lĩtr[ɐ]r[i]ɐ[]	p[e]lĩn[t]r[]ɐri[ɐ]	0
pelintrar	pɨlĩtrar	pelĩntrar	p[ɨ]lĩtr[a]r[]	p[e]lĩn[t]ra[r]	0
pelintrice	pɨlĩtrisɨ	pelĩntrisɨ	p[ɨ]lĩtrisɨ[]	p[e]lĩntris[ɨ]	0
pelintrismo	pɨlĩtriʒmu	pelĩntriʒmu	p[ɨ]lĩtriʒmu[]	p[e]lĩntriʒm[u]	0
peliqueiro	pɨlikɐjru	pelikɐjru	p[ɨ]likɐjru	p[e]likɐjru	0
pelito	pɨlitu	pelitu	p[ɨ]litu	p[e]litu	0
peloirada	pɨlojradɐ	pelojradɐ	p[ɨ]lojradɐ	p[e]lojradɐ	0
peloirinho	pɨlojriɲu	pelojriɲu	p[ɨ]lojriɲu	p[e]lojriɲu	0
peloiro	pɨlojru	pelojru	p[ɨ]lojru	p[e]lojru	0
peloponense	pɨlupunẽsɨ	pelupunẽnsɨ	p[ɨ]lupunẽsɨ[]	p[e]lupunẽns[ɨ]	0
peloponesíaco	pɨlupunɨziɐku	pelupunɨziɐku	p[ɨ]lupunɨziɐku	p[e]lupunɨziɐku	0
peloponésio	pɨlupunɛzju	pelupunɛzju	p[ɨ]lupunɛzju	p[e]lupunɛzju	0
peloso	pɨlozu	pelozu	p[ɨ]lozu	p[e]lozu	0
pelotada	pɨlutadɐ	pelutadɐ	p[ɨ]lutadɐ	p[e]lutadɐ	0
pelota	pɨlɔtɐ	pelɔtɐ	p[ɨ]lɔtɐ	p[e]lɔtɐ	0
pelotário	pɨlutarju	pelutarju	p[ɨ]lutarju	p[e]lutarju	0
pelotense	pɨlutẽsɨ	pelutẽnsɨ	p[ɨ]lutẽsɨ[]	p[e]lutẽns[ɨ]	0
pelote	pɨlɔtɨ	pelɔtɨ	p[ɨ]lɔtɨ	p[e]lɔtɨ	0
pelotica	pɨlutikɐ	pelutikɐ	p[ɨ]lutikɐ	p[e]lutikɐ	0
pelotiqueiro	pɨlutikɐjru	pelutikɐjru	p[ɨ]lutikɐjru	p[e]lutikɐjru	0
pelotiquice	pɨlutikisɨ	pelutikisɨ	p[ɨ]lutikisɨ	p[e]lutikisɨ	0
pelourada	pɨlowradɐ	pelowradɐ	p[ɨ]lowradɐ	p[e]lowradɐ	0
pelourinho	pɨlowriɲu	pelowriɲu	p[ɨ]lowriɲu	p[e]lowriɲu	0
pelouro	pɨlowru	pelowru	p[ɨ]lowru	p[e]lowru	0
peluche	pɨluʃɨ	peluʃɨ	p[ɨ]luʃɨ	p[e]luʃɨ	0
pelúcia	pɨlusjɐ	pelusjɐ	p[ɨ]lusjɐ	p[e]lusjɐ	0
pelúcido	pɨlusidu	pelusidu	p[ɨ]lusidu	p[e]lusidu	0
peluda	pɨludɐ	peludɐ	p[ɨ]ludɐ	p[e]ludɐ	0
peludo	pɨludu	peludu	p[ɨ]ludu	p[e]ludu	0
pelugem	pɨluʒɐ̃j̃	peluʒɐjn	p[ɨ]luʒɐ[̃]j[̃]	p[e]luʒɐ[]j[n]	0
peluginoso	pɨluʒinozu	peluʒinozu	p[ɨ]luʒinozu	p[e]luʒinozu	0
pelusíaco	pɨluziɐku	peluziɐku	p[ɨ]luziɐku	p[e]luziɐku	0
pelusiano	pɨluzjɐnu	peluziɐ̃nu	p[ɨ]luz[j]ɐ[]nu	p[e]luz[i]ɐ[̃]nu	0
pelusiota	pɨluzjɔtɐ	peluziɔtɐ	p[ɨ]luz[j]ɔtɐ	p[e]luz[i]ɔtɐ	0
penação	pɨnɐsɐ̃w̃	penɐsɐ̃w̃	p[ɨ]nɐsɐ̃w̃	p[e]nɐsɐ̃w̃	0
penáceo	pɨnasju	penasiw	p[ɨ]nasj[u]	p[e]nasi[w]	0
penacheiro	pɨnɐʃɐjru	penɐʃɐjru	p[ɨ]nɐʃɐjru	p[e]nɐʃɐjru	0
penacho	pɨnaʃu	penaʃu	p[ɨ]naʃu	p[e]naʃu	0
penacovense	pɨnɐkuvẽsɨ	penɐkuvẽnsɨ	p[ɨ]nɐkuvẽsɨ[]	p[e]nɐkuvẽns[ɨ]	0
penada	pɨnadɐ	penadɐ	p[ɨ]nadɐ	p[e]nadɐ	0
penado	pɨnadu	penadu	p[ɨ]nadu	p[e]nadu	0
penafidelense	pɨnɐfidɨlẽsɨ	penɐfidɨlẽnsɨ	p[ɨ]nɐfidɨlẽsɨ[]	p[e]nɐfidɨlẽns[ɨ]	0
penaguiense	pɨnɐɡjẽsɨ	penɐɡiẽnsɨ	p[ɨ]nɐɡjẽsɨ[]	p[e]nɐɡiẽns[ɨ]	0
penaguiota	pɨnɐɡjɔtɐ	penɐɡiɔtɐ	p[ɨ]nɐɡ[j]ɔtɐ	p[e]nɐɡ[i]ɔtɐ	0
penalidade	pɨnɐlidadɨ	penɐlidadɨ	p[ɨ]nɐlidadɨ	p[e]nɐlidadɨ	0
penalista	pɨnɐliʃtɐ	penɐliʃtɐ	p[ɨ]nɐliʃtɐ	p[e]nɐliʃtɐ	0
penalização	pɨnɐlizɐsɐ̃w̃	penɐlizɐsɐ̃w̃	p[ɨ]nɐlizɐsɐ̃w̃	p[e]nɐlizɐsɐ̃w̃	0
penalizado	pɨnɐlizadu	penɐlizadu	p[ɨ]nɐlizadu	p[e]nɐlizadu	0
penalizador	pɨnɐlizɐdor	penɐlizɐdor	p[ɨ]nɐlizɐdor	p[e]nɐlizɐdor	0
penalizante	pɨnɐlizɐ̃tɨ	penɐlizɐ̃ntɨ	p[ɨ]nɐlizɐ̃[]tɨ	p[e]nɐlizɐ̃[n]tɨ	0
penalizar	pɨnɐlizar	penɐlizar	p[ɨ]nɐlizar	p[e]nɐlizar	0
penamacorense	pɨnɐmɐkurẽsɨ	penɐmɐkurẽnsɨ	p[ɨ]nɐmɐkurẽsɨ[]	p[e]nɐmɐkurẽns[ɨ]	0
penamar	pɨnɐmar	penɐmar	p[ɨ]nɐmar	p[e]nɐmar	0
penante	pɨnɐ̃tɨ	penɐ̃ntɨ	p[ɨ]nɐ̃[]tɨ	p[e]nɐ̃[n]tɨ	0
penates	pɨnatɨʃ	penatɨʃ	p[ɨ]natɨʃ	p[e]natɨʃ	0
penatifendido	pɨnɐtifẽdidu	penɐtifẽndidu	p[ɨ]nɐtifẽd[i]du[]	p[e]nɐtifẽ[n]did[u]	0
penatilobado	pɨnɐtilubadu	penɐtilubadu	p[ɨ]nɐtilubadu	p[e]nɐtilubadu	0
penatipartido	pɨnɐtipɐrtidu	penɐtipɐrtidu	p[ɨ]nɐtipɐrtidu	p[e]nɐtipɐrtidu	0
penatissecto	pɨnɐtisɛktu	penɐtisɛtu	p[ɨ]nɐtisɛ[k]tu	p[e]nɐtisɛ[]tu	0
penatisseto	pɨnɐtisɛtu	penɐtisɛtu	p[ɨ]nɐtisɛtu	p[e]nɐtisɛtu	0
penedia	pɨnɨdiɐ	penɨdiɐ	p[ɨ]nɨdiɐ	p[e]nɨdiɐ	0
penedonense	pɨnɨdunẽsɨ	penɨdunẽnsɨ	p[ɨ]nɨdunẽsɨ[]	p[e]nɨdunẽns[ɨ]	0
penedo	pɨnedu	penedu	p[ɨ]nedu	p[e]nedu	0
peneídeo	pɨnɐidju	penɨidiw	p[ɨ]n[ɐ]idj[u]	p[e]n[ɨ]idi[w]	0
peneídeos	pɨnɐidjuʃ	penɨidiwʃ	p[ɨ]n[ɐ]idj[u]ʃ	p[e]n[ɨ]idi[w]ʃ	0
peneiração	pɨnɐjrɐsɐ̃w̃	penɐjrɐsɐ̃w̃	p[ɨ]nɐjrɐsɐ̃w̃	p[e]nɐjrɐsɐ̃w̃	0
peneirada	pɨnɐjradɐ	penɐjradɐ	p[ɨ]nɐjradɐ	p[e]nɐjradɐ	0
peneirado	pɨnɐjradu	penɐjradu	p[ɨ]nɐjradu	p[e]nɐjradu	0
peneirador	pɨnɐjrɐdor	penɐjrɐdor	p[ɨ]nɐjrɐdor	p[e]nɐjrɐdor	0
peneira	pɨnɐjrɐ	penɐjrɐ	p[ɨ]nɐjrɐ	p[e]nɐjrɐ	0
peneirar	pɨnɐjrar	penɐjrar	p[ɨ]nɐjrar	p[e]nɐjrar	0
peneirável	pɨnɐjravɛɫ	penɐjravɛɫ	p[ɨ]nɐjravɛɫ	p[e]nɐjravɛɫ	0
peneireiro	pɨnɐjrɐjru	penɐjrɐjru	p[ɨ]nɐjrɐjru	p[e]nɐjrɐjru	0
peneirento	pɨnɐjrẽtu	penɐjrẽntu	p[ɨ]nɐjrẽtu[]	p[e]nɐjrẽnt[u]	0
peneiro	pɨnɐjru	penɐjru	p[ɨ]nɐjru	p[e]nɐjru	0
penejar	pɨnɨʒar	penɨʒar	p[ɨ]nɨʒar	p[e]nɨʒar	0
penela	pɨnɛlɐ	penɛlɐ	p[ɨ]nɛlɐ	p[e]nɛlɐ	0
penelense	pɨnɨlẽsɨ	penɨlẽnsɨ	p[ɨ]nɨlẽsɨ[]	p[e]nɨlẽns[ɨ]	0
penélope	pɨnɛlupɨ	penɛlupɨ	p[ɨ]nɛlupɨ	p[e]nɛlupɨ	0
penembe	pɨnẽbɨ	penẽmbɨ	p[ɨ]nẽbɨ[]	p[e]nẽmb[ɨ]	0
peneta	pɨnetɐ	penetɐ	p[ɨ]netɐ	p[e]netɐ	0
penetrabilidade	pɨnɨtrɐbilidadɨ	penɨtrɐbilidadɨ	p[ɨ]nɨtrɐbilidadɨ	p[e]nɨtrɐbilidadɨ	0
penetração	pɨnɨtrɐsɐ̃w̃	penɨtrɐsɐ̃w̃	p[ɨ]nɨtrɐsɐ̃w̃	p[e]nɨtrɐsɐ̃w̃	0
penetrador	pɨnɨtrɐdor	penɨtrɐdor	p[ɨ]nɨtrɐdor	p[e]nɨtrɐdor	0
penetrais	pɨnɨtraiʃ	penɨtrajʃ	p[ɨ]nɨtra[i]ʃ	p[e]nɨtra[j]ʃ	0
penetrâmetro	pɨnɨtrɐmɨtru	penɨtrɐ̃mɨtru	p[ɨ]nɨtrɐ[]mɨtru	p[e]nɨtrɐ[̃]mɨtru	0
penetrante	pɨnɨtrɐ̃tɨ	penɨtrɐ̃ntɨ	p[ɨ]nɨtrɐ̃[]tɨ	p[e]nɨtrɐ̃[n]tɨ	0
penetra	pɨnɛtrɐ	penɛtrɐ	p[ɨ]nɛtrɐ	p[e]nɛtrɐ	0
penetrar	pɨnɨtrar	penɨtrar	p[ɨ]nɨtrar	p[e]nɨtrar	0
penetrativo	pɨnɨtrɐtivu	penɨtrɐtivu	p[ɨ]nɨtrɐtivu	p[e]nɨtrɐtivu	0
penetrável	pɨnɨtravɛɫ	penɨtravɛɫ	p[ɨ]nɨtravɛɫ	p[e]nɨtravɛɫ	0
penhado	pɨɲadu	peɲadu	p[ɨ]ɲadu	p[e]ɲadu	0
penhascal	pɨɲɐʃkaɫ	peɲɐʃkaɫ	p[ɨ]ɲɐʃkaɫ	p[e]ɲɐʃkaɫ	0
penhasco	pɨɲaʃku	peɲaʃku	p[ɨ]ɲaʃku	p[e]ɲaʃku	0
penhascoso	pɨɲɐʃkozu	peɲɐʃkozu	p[ɨ]ɲɐʃkozu	p[e]ɲɐʃkozu	0
penhasqueira	pɨɲɐʃkɐjrɐ	peɲɐʃkɐjrɐ	p[ɨ]ɲɐʃkɐjrɐ	p[e]ɲɐʃkɐjrɐ	0
penhorado	pɨɲuradu	peɲuradu	p[ɨ]ɲuradu	p[e]ɲuradu	0
penhorante	pɨɲurɐ̃tɨ	peɲurɐ̃ntɨ	p[ɨ]ɲurɐ̃[]tɨ	p[e]ɲurɐ̃[n]tɨ	0
penhora	pɨɲɔrɐ	peɲɔrɐ	p[ɨ]ɲɔrɐ	p[e]ɲɔrɐ	0
penhorar	pɨɲurar	peɲurar	p[ɨ]ɲurar	p[e]ɲurar	0
penhorável	pɨɲuravɛɫ	peɲuravɛɫ	p[ɨ]ɲuravɛɫ	p[e]ɲuravɛɫ	0
penhorista	pɨɲuriʃtɐ	peɲuriʃtɐ	p[ɨ]ɲuriʃtɐ	p[e]ɲuriʃtɐ	0
penicar	pɨnikar	penikar	p[ɨ]nikar	p[e]nikar	0
penicheiro	pɨniʃɐjru	peniʃɐjru	p[ɨ]niʃɐjru	p[e]niʃɐjru	0
penichense	pɨniʃẽsɨ	peniʃẽnsɨ	p[ɨ]niʃẽsɨ[]	p[e]niʃẽns[ɨ]	0
penicilina	pɨnisilinɐ	penisilinɐ	p[ɨ]nisilinɐ	p[e]nisilinɐ	0
penicílio	pɨnisilju	penisilju	p[ɨ]nisilju	p[e]nisilju	0
penico	pɨniku	peniku	p[ɨ]niku	p[e]niku	0
penífero	pɨnifɨru	penifɨru	p[ɨ]nifɨru	p[e]nifɨru	0
penígero	pɨniʒɨru	peniʒɨru	p[ɨ]niʒɨru	p[e]niʒɨru	0
penina	pɨninɐ	peninɐ	p[ɨ]ninɐ	p[e]ninɐ	0
peninita	pɨninitɐ	peninitɐ	p[ɨ]ninitɐ	p[e]ninitɐ	0
peninite	pɨninitɨ	peninitɨ	p[ɨ]ninitɨ	p[e]ninitɨ	0
península	pɨnĩsulɐ	penĩnsulɐ	p[ɨ]nĩsulɐ[]	p[e]nĩnsul[ɐ]	0
peninsular	pɨnĩsular	penĩnsular	p[ɨ]nĩsular[]	p[e]nĩnsula[r]	0
peniqueira	pɨnikɐjrɐ	penikɐjrɐ	p[ɨ]nikɐjrɐ	p[e]nikɐjrɐ	0
penisco	pɨniʃku	peniʃku	p[ɨ]niʃku	p[e]niʃku	0
penitenciado	pɨnitẽsjadu	penitẽnsiadu	p[ɨ]nitẽsjadu[]	p[e]nitẽnsiad[u]	0
penitencial	pɨnitẽsjaɫ	penitẽnsiaɫ	p[ɨ]nitẽsjaɫ[]	p[e]nitẽnsia[ɫ]	0
penitência	pɨnitẽsjɐ	penitẽnsjɐ	p[ɨ]nitẽsjɐ[]	p[e]nitẽnsj[ɐ]	0
penitenciária	pɨnitẽsjarjɐ	penitẽnsiarjɐ	p[ɨ]nitẽsjarjɐ[]	p[e]nitẽnsiarj[ɐ]	0
penitenciaria	pɨnitẽsjɐriɐ	penitẽnsiɐriɐ	p[ɨ]nitẽsjɐ[r]iɐ[]	p[e]nitẽns[]iɐri[ɐ]	0
penitenciário	pɨnitẽsjarju	penitẽnsiarju	p[ɨ]nitẽsjarju[]	p[e]nitẽnsiarj[u]	0
penitenciar	pɨnitẽsjar	penitẽnsiar	p[ɨ]nitẽsjar[]	p[e]nitẽnsia[r]	0
penitencieiro	pɨnitẽsjɐjru	penitẽnsiɐjru	p[ɨ]nitẽsjɐjru[]	p[e]nitẽnsiɐjr[u]	0
penitente	pɨnitẽtɨ	penitẽntɨ	p[ɨ]nitẽtɨ[]	p[e]nitẽnt[ɨ]	0
penível	pɨnivɛɫ	penivɛɫ	p[ɨ]nivɛɫ	p[e]nivɛɫ	0
penologia	pɨnuluʒiɐ	penuluʒiɐ	p[ɨ]nuluʒiɐ	p[e]nuluʒiɐ	0
penológico	pɨnulɔʒiku	penulɔʒiku	p[ɨ]nulɔʒiku	p[e]nulɔʒiku	0
penosa	pɨnɔzɐ	penɔzɐ	p[ɨ]nɔzɐ	p[e]nɔzɐ	0
penoso	pɨnozu	penozu	p[ɨ]nozu	p[e]nozu	0
penudo	pɨnudu	penudu	p[ɨ]nudu	p[e]nudu	0
penugem	pɨnuʒɐ̃j̃	penuʒɐjn	p[ɨ]nuʒɐ[̃]j[̃]	p[e]nuʒɐ[]j[n]	0
penugento	pɨnuʒẽtu	penuʒẽntu	p[ɨ]nuʒẽtu[]	p[e]nuʒẽnt[u]	0
penujar	pɨnuʒar	penuʒar	p[ɨ]nuʒar	p[e]nuʒar	0
penujoso	pɨnuʒozu	penuʒozu	p[ɨ]nuʒozu	p[e]nuʒozu	0
penúltimo	pɨnuɫtimu	penuɫtimu	p[ɨ]nuɫtimu	p[e]nuɫtimu	0
penumbra	pɨnũbrɐ	penũmbrɐ	p[ɨ]nũbrɐ[]	p[e]nũmbr[ɐ]	0
penumbrar	pɨnũbrar	penũmbrar	p[ɨ]nũbr[a]r[]	p[e]nũm[b]ra[r]	0
penumbroso	pɨnũbrozu	penũmbrozu	p[ɨ]nũbrozu[]	p[e]nũmbroz[u]	0
penúria	pɨnurjɐ	penurjɐ	p[ɨ]nurjɐ	p[e]nurjɐ	0
penurioso	pɨnurjozu	penuriozu	p[ɨ]nur[j]ozu	p[e]nur[i]ozu	0
peperito	pɨpɨritu	pepɨritu	p[ɨ]pɨritu	p[e]pɨritu	0
pepetela	pɨpɨtɛlɐ	pepɨtɛlɐ	p[ɨ]pɨtɛlɐ	p[e]pɨtɛlɐ	0
pepinal	pɨpinaɫ	pepinaɫ	p[ɨ]pinaɫ	p[e]pinaɫ	0
pepineira	pɨpinɐjrɐ	pepinɐjrɐ	p[ɨ]pinɐjrɐ	p[e]pinɐjrɐ	0
pepineiro	pɨpinɐjru	pepinɐjru	p[ɨ]pinɐjru	p[e]pinɐjru	0
pepino-de-papagaio	pɨpinudɨpɐpɐɡaju	pepinudɨpɐpɐɡaju	p[ɨ]pinudɨpɐpɐɡaju	p[e]pinudɨpɐpɐɡaju	0
pepino-de-são-gregório	pɨpinudɨsɐ̃w̃ɡrɨɡɔrju	pepinudɨsɐ̃w̃ɡreɡɔrju	p[ɨ]pinudɨsɐ̃w̃ɡr[ɨ]ɡɔrju	p[e]pinudɨsɐ̃w̃ɡr[e]ɡɔrju	0
pepino	pɨpinu	pepinu	p[ɨ]pinu	p[e]pinu	0
pepita	pɨpitɐ	pepitɐ	p[ɨ]pitɐ	p[e]pitɐ	0
pepitoso	pɨpitozu	pepitozu	p[ɨ]pitozu	p[e]pitozu	0
pepônide	pɨponidɨ	peponidɨ	p[ɨ]ponidɨ	p[e]ponidɨ	0
pepónide	pɨpɔnidɨ	pepɔnidɨ	p[ɨ]pɔnidɨ	p[e]pɔnidɨ	0
pepônio	pɨponju	peponju	p[ɨ]ponju	p[e]ponju	0
pepónio	pɨpɔnju	pepɔnju	p[ɨ]pɔnju	p[e]pɔnju	0
pequena-burguesia	pɨkenɐburɡɨziɐ	pekenɐburɡɨziɐ	p[ɨ]kenɐburɡɨziɐ	p[e]kenɐburɡɨziɐ	0
pequenada	pɨkɨnadɐ	pekɨnadɐ	p[ɨ]kɨnadɐ	p[e]kɨnadɐ	0
pequename	pɨkɨnɐmɨ	pekɨnɐ̃mɨ	p[ɨ]kɨnɐ[]mɨ	p[e]kɨnɐ[̃]mɨ	0
pequena	pɨkenɐ	pekenɐ	p[ɨ]kenɐ	p[e]kenɐ	0
pequeneza	pɨkɨnezɐ	pekɨnezɐ	p[ɨ]kɨnezɐ	p[e]kɨnezɐ	0
pequenez	pɨkɨneʃ	pekɨneʃ	p[ɨ]kɨneʃ	p[e]kɨneʃ	0
pequenino	pɨkɨninu	pekɨninu	p[ɨ]kɨninu	p[e]kɨninu	0
pequenito	pɨkɨnitu	pekɨnitu	p[ɨ]kɨnitu	p[e]kɨnitu	0
pequenitote	pɨkɨnitɔtɨ	pekɨnitɔtɨ	p[ɨ]kɨnitɔtɨ	p[e]kɨnitɔtɨ	0
pequeno-almoço	pɨkenwaɫmosu	pekenuaɫmosu	p[ɨ]ken[w]aɫmosu	p[e]ken[u]aɫmosu	0
pequeno-burguês	pɨkenɔburɡeʃ	pekenuburɡeʃ	p[ɨ]ken[ɔ]burɡeʃ	p[e]ken[u]burɡeʃ	0
pequeno	pɨkenu	pekenu	p[ɨ]kenu	p[e]kenu	0
pequenote	pɨkɨnɔtɨ	pekɨnɔtɨ	p[ɨ]kɨnɔtɨ	p[e]kɨnɔtɨ	0
pequerruchada	pɨkɨʀuʃadɐ	pekɨʀuʃadɐ	p[ɨ]kɨʀuʃadɐ	p[e]kɨʀuʃadɐ	0
pequerrucho	pɨkɨʀuʃu	pekɨʀuʃu	p[ɨ]kɨʀuʃu	p[e]kɨʀuʃu	0
pequice	pɨkisɨ	pekisɨ	p[ɨ]kisɨ	p[e]kisɨ	0
pequinês	pɨkineʃ	pekineʃ	p[ɨ]kineʃ	p[e]kineʃ	0
perada	pɨradɐ	peradɐ	p[ɨ]radɐ	p[e]radɐ	0
perado	pɨradu	peradu	p[ɨ]radu	p[e]radu	0
perafita	pɨrɐfitɐ	perɐfitɐ	p[ɨ]rɐfitɐ	p[e]rɐfitɐ	0
peralta	pɨraɫtɐ	peraɫtɐ	p[ɨ]raɫtɐ	p[e]raɫtɐ	0
perambulação	pɨrɐ̃bulɐsɐ̃w̃	perɐ̃mbulɐsɐ̃w̃	p[ɨ]rɐ̃[]bulɐsɐ̃w̃	p[e]rɐ̃[m]bulɐsɐ̃w̃	0
perambular	pɨrɐ̃bular	perɐ̃mbular	p[ɨ]rɐ̃[]bular	p[e]rɐ̃[m]bular	0
perambulatório	pɨrɐ̃bulɐtɔrju	perɐ̃mbulɐtɔrju	p[ɨ]rɐ̃[]bulɐtɔrju	p[e]rɐ̃[m]bulɐtɔrju	0
perante	pɨrɐ̃tɨ	perɐ̃ntɨ	p[ɨ]rɐ̃[]tɨ	p[e]rɐ̃[n]tɨ	0
percalço	pɨrkaɫsu	perkaɫsu	p[ɨ]rkaɫsu	p[e]rkaɫsu	0
percalina	pɨrkɐlinɐ	perkɐlinɐ	p[ɨ]rkɐlinɐ	p[e]rkɐlinɐ	0
perceba	pɨrsebɐ	persebɐ	p[ɨ]rsebɐ	p[e]rsebɐ	0
percebelho	pɨrsɨbɐjʎu	persɨbeʎu	p[ɨ]rsɨbɐ[j]ʎu	p[e]rsɨbe[]ʎu	0
percebe	pɨrsebɨ	persɛbɨ	p[ɨ]rs[e]bɨ	p[e]rs[ɛ]bɨ	0
perceber	pɨrsɨber	persɨber	p[ɨ]rsɨber	p[e]rsɨber	0
percebido	pɨrsɨbidu	persɨbidu	p[ɨ]rsɨbidu	p[e]rsɨbidu	0
percebimento	pɨrsɨbimẽtu	persɨbimẽntu	p[ɨ]rsɨbimẽtu[]	p[e]rsɨbimẽnt[u]	0
percebível	pɨrsɨbivɛɫ	persɨbivɛɫ	p[ɨ]rsɨbivɛɫ	p[e]rsɨbivɛɫ	0
perceção	pɨrsɛsɐ̃w̃	persɨsɐ̃w̃	p[ɨ]rs[ɛ]sɐ̃w̃	p[e]rs[ɨ]sɐ̃w̃	0
percecionar	pɨrsɛsjunar	persɨsjunar	p[ɨ]rs[ɛ]sjunar	p[e]rs[ɨ]sjunar	0
percecionismo	pɨrsɛsjuniʒmu	persɨsjuniʒmu	p[ɨ]rs[ɛ]sjuniʒmu	p[e]rs[ɨ]sjuniʒmu	0
percecionista	pɨrsɛsjuniʃtɐ	persɨsjuniʃtɐ	p[ɨ]rs[ɛ]sjuniʃtɐ	p[e]rs[ɨ]sjuniʃtɐ	0
percentil	pɨrsẽtiɫ	persẽntiɫ	p[ɨ]rsẽtiɫ[]	p[e]rsẽnti[ɫ]	0
percentualidade	pɨrsẽtwɐlidadɨ	persẽntuɐlidadɨ	p[ɨ]rsẽtwɐlid[a]dɨ[]	p[e]rsẽntuɐl[i]dad[ɨ]	0
percentual	pɨrsẽtwaɫ	persẽntuaɫ	p[ɨ]rsẽtwaɫ[]	p[e]rsẽntua[ɫ]	0
percepção	pɨrsɛpsɐ̃w̃	persɨpsɐ̃w̃	p[ɨ]rs[ɛ]psɐ̃w̃	p[e]rs[ɨ]psɐ̃w̃	0
percepcionar	pɨrsɛpsjunar	persɨpsjunar	p[ɨ]rs[ɛ]psjunar	p[e]rs[ɨ]psjunar	0
percepcionismo	pɨrsɛpsjuniʒmu	persɨpsjuniʒmu	p[ɨ]rs[ɛ]psjuniʒmu	p[e]rs[ɨ]psjuniʒmu	0
percepcionista	pɨrsɛpsjuniʃtɐ	persɨpsjuniʃtɐ	p[ɨ]rs[ɛ]psjuniʃtɐ	p[e]rs[ɨ]psjuniʃtɐ	0
perceptibilidade	pɨrsɛptibilidadɨ	persɨptibilidadɨ	p[ɨ]rs[ɛ]ptibilidadɨ	p[e]rs[ɨ]ptibilidadɨ	0
perceptivelmente	pɨrsɛptivɛɫmẽtɨ	persɨptivɛɫmẽntɨ	p[ɨ]rs[ɛ]ptivɛɫmẽtɨ[]	p[e]rs[ɨ]ptivɛɫmẽnt[ɨ]	0
perceptível	pɨrsɛptivɛɫ	persɨptivɛɫ	p[ɨ]rs[ɛ]ptivɛɫ	p[e]rs[ɨ]ptivɛɫ	0
perceptividade	pɨrsɛptividadɨ	persɨptividadɨ	p[ɨ]rs[ɛ]ptividadɨ	p[e]rs[ɨ]ptividadɨ	0
perceptivo	pɨrsɛptivu	persɨptivu	p[ɨ]rs[ɛ]ptivu	p[e]rs[ɨ]ptivu	0
percepto	pɨrsɛptu	persɛptu	p[ɨ]rsɛptu	p[e]rsɛptu	0
perceptual	pɨrsɛtwaɫ	persɨptuaɫ	p[ɨ]rsɛ[]t[w]aɫ	p[e]rsɨ[p]t[u]aɫ	0
percetibilidade	pɨrsɛtibilidadɨ	persɨtibilidadɨ	p[ɨ]rs[ɛ]tibilidadɨ	p[e]rs[ɨ]tibilidadɨ	0
percetivelmente	pɨrsɛtivɛɫmẽtɨ	persɨtivɛɫmẽntɨ	p[ɨ]rs[ɛ]tivɛɫmẽtɨ[]	p[e]rs[ɨ]tivɛɫmẽnt[ɨ]	0
percetível	pɨrsɛtivɛɫ	persɨtivɛɫ	p[ɨ]rs[ɛ]tivɛɫ	p[e]rs[ɨ]tivɛɫ	0
percetividade	pɨrsɛtividadɨ	persɨtividadɨ	p[ɨ]rs[ɛ]tividadɨ	p[e]rs[ɨ]tividadɨ	0
percetivo	pɨrsɛtivu	persɨtivu	p[ɨ]rs[ɛ]tivu	p[e]rs[ɨ]tivu	0
perceto	pɨrsɛtu	persɛtu	p[ɨ]rsɛtu	p[e]rsɛtu	0
percetual	pɨrsɛtwaɫ	persɨtuaɫ	p[ɨ]rs[ɛ]t[w]aɫ	p[e]rs[ɨ]t[u]aɫ	0
percevejada	pɨrsɨvɨʒadɐ	persɨvɨʒadɐ	p[ɨ]rsɨvɨʒadɐ	p[e]rsɨvɨʒadɐ	0
percevejo-do-monte	pɨrsɨvɐjʒudumõtɨ	persɨveʒudumõntɨ	p[ɨ]rsɨvɐ[j]ʒudumõtɨ[]	p[e]rsɨve[]ʒudumõnt[ɨ]	0
percevejo	pɨrsɨvɐjʒu	persɨveʒu	p[ɨ]rsɨvɐ[j]ʒu	p[e]rsɨve[]ʒu	0
percevejoso	pɨrsɨvɨʒozu	persɨvɨʒozu	p[ɨ]rsɨvɨʒozu	p[e]rsɨvɨʒozu	0
percevelho	pɨrsɨvɐjʎu	persɨveʎu	p[ɨ]rsɨvɐ[j]ʎu	p[e]rsɨve[]ʎu	0
perceve	pɨrsevɨ	persɛvɨ	p[ɨ]rs[e]vɨ	p[e]rs[ɛ]vɨ	0
percherão	pɨrʃɨrɐ̃w̃	perʃɨrɐ̃w̃	p[ɨ]rʃɨrɐ̃w̃	p[e]rʃɨrɐ̃w̃	0
percídeo	pɨrsidju	persidiw	p[ɨ]rsidj[u]	p[e]rsidi[w]	0
percídeos	pɨrsidjuʃ	persidiwʃ	p[ɨ]rsidj[u]ʃ	p[e]rsidi[w]ʃ	0
perciforme	pɨrsifɔrmɨ	persifɔrmɨ	p[ɨ]rsifɔrmɨ	p[e]rsifɔrmɨ	0
percinta	pɨrsĩtɐ	persĩntɐ	p[ɨ]rsĩtɐ[]	p[e]rsĩnt[ɐ]	0
percintar	pɨrsĩtar	persĩntar	p[ɨ]rsĩtar[]	p[e]rsĩnta[r]	0
percolação	pɨrkulɐsɐ̃w̃	perkulɐsɐ̃w̃	p[ɨ]rkulɐsɐ̃w̃	p[e]rkulɐsɐ̃w̃	0
percolar	pɨrkular	perkular	p[ɨ]rkular	p[e]rkular	0
percorrer	pɨrkuʀer	perkuʀer	p[ɨ]rkuʀer	p[e]rkuʀer	0
percuciente	pɨrkusjẽtɨ	perkusiẽntɨ	p[ɨ]rkusjẽtɨ[]	p[e]rkusiẽnt[ɨ]	0
perculso	pɨrkuɫsu	perkuɫsu	p[ɨ]rkuɫsu	p[e]rkuɫsu	0
percurso	pɨrkursu	perkursu	p[ɨ]rkursu	p[e]rkursu	0
percursor	pɨrkursor	perkursor	p[ɨ]rkursor	p[e]rkursor	0
percussão	pɨrkusɐ̃w̃	perkusɐ̃w̃	p[ɨ]rkusɐ̃w̃	p[e]rkusɐ̃w̃	0
percussionismo	pɨrkusjuniʒmu	perkusjuniʒmu	p[ɨ]rkusjuniʒmu	p[e]rkusjuniʒmu	0
percussionista	pɨrkusjuniʃtɐ	perkusjuniʃtɐ	p[ɨ]rkusjuniʃtɐ	p[e]rkusjuniʃtɐ	0
percussionístico	pɨrkusjuniʃtiku	perkusjuniʃtiku	p[ɨ]rkusjuniʃtiku	p[e]rkusjuniʃtiku	0
percussivo	pɨrkusivu	perkusivu	p[ɨ]rkusivu	p[e]rkusivu	0
percussor	pɨrkusor	perkusor	p[ɨ]rkusor	p[e]rkusor	0
percutâneo	pɨrkutɐnju	perkutɐ̃niw	p[ɨ]rkutɐ[]nj[u]	p[e]rkutɐ[̃]ni[w]	0
percutidor	pɨrkutidor	perkutidor	p[ɨ]rkutidor	p[e]rkutidor	0
percutir	pɨrkutir	perkutir	p[ɨ]rkutir	p[e]rkutir	0
percutível	pɨrkutivɛɫ	perkutivɛɫ	p[ɨ]rkutivɛɫ	p[e]rkutivɛɫ	0
percutor	pɨrkutor	perkutor	p[ɨ]rkutor	p[e]rkutor	0
perdediço	pɨrdɨdisu	perdɨdisu	p[ɨ]rdɨdisu	p[e]rdɨdisu	0
perdedor	pɨrdɨdor	perdɨdor	p[ɨ]rdɨdor	p[e]rdɨdor	0
perdição	pɨrdisɐ̃w̃	perdisɐ̃w̃	p[ɨ]rdisɐ̃w̃	p[e]rdisɐ̃w̃	0
perdicense	pɨrdisẽsɨ	perdisẽnsɨ	p[ɨ]rdisẽsɨ[]	p[e]rdisẽns[ɨ]	0
perdíceo	pɨrdisju	perdisiw	p[ɨ]rdisj[u]	p[e]rdisi[w]	0
perdidamente	pɨrdidɐmẽtɨ	perdidɐmẽntɨ	p[ɨ]rdidɐmẽtɨ[]	p[e]rdidɐmẽnt[ɨ]	0
perdida	pɨrdidɐ	perdidɐ	p[ɨ]rdidɐ	p[e]rdidɐ	0
perdidiço	pɨrdidisu	perdidisu	p[ɨ]rdidisu	p[e]rdidisu	0
perdidinho	pɨrdidiɲu	perdidiɲu	p[ɨ]rdidiɲu	p[e]rdidiɲu	0
perdido	pɨrdidu	perdidu	p[ɨ]rdidu	p[e]rdidu	0
perdigão	pɨrdiɡɐ̃w̃	perdiɡɐ̃w̃	p[ɨ]rdiɡɐ̃w̃	p[e]rdiɡɐ̃w̃	0
perdigotar	pɨrdiɡutar	perdiɡutar	p[ɨ]rdiɡutar	p[e]rdiɡutar	0
perdigoto	pɨrdiɡotu	perdiɡɔtu	p[ɨ]rdiɡ[o]tu	p[e]rdiɡ[ɔ]tu	0
perdigueiro	pɨrdiɡɐjru	perdiɡɐjru	p[ɨ]rdiɡɐjru	p[e]rdiɡɐjru	0
perdimento	pɨrdimẽtu	perdimẽntu	p[ɨ]rdimẽtu[]	p[e]rdimẽnt[u]	0
perdível	pɨrdivɛɫ	perdivɛɫ	p[ɨ]rdivɛɫ	p[e]rdivɛɫ	0
perdizada	pɨrdizadɐ	perdizadɐ	p[ɨ]rdizadɐ	p[e]rdizadɐ	0
perdoador	pɨrdwɐdor	perduɐdor	p[ɨ]rd[w]ɐdor	p[e]rd[u]ɐdor	0
perdoar	pɨrdwar	perduar	p[ɨ]rd[w]ar	p[e]rd[u]ar	0
perdoável	pɨrdwavɛɫ	perduavɛɫ	p[ɨ]rd[w]avɛɫ	p[e]rd[u]avɛɫ	0
perdulariamente	pɨrdularjɐmẽtɨ	perdulariɐmẽntɨ	p[ɨ]rdular[j]ɐmẽtɨ[]	p[e]rdular[i]ɐmẽnt[ɨ]	0
perdulariar	pɨrdulɐrjar	perdulɐriar	p[ɨ]rdulɐr[j]ar	p[e]rdulɐr[i]ar	0
perdulário	pɨrdularju	perdularju	p[ɨ]rdularju	p[e]rdularju	0
perdularismo	pɨrdulɐriʒmu	perdulɐriʒmu	p[ɨ]rdulɐriʒmu	p[e]rdulɐriʒmu	0
perdurabilidade	pɨrdurɐbilidadɨ	perdurɐbilidadɨ	p[ɨ]rdurɐbilidadɨ	p[e]rdurɐbilidadɨ	0
perduração	pɨrdurɐsɐ̃w̃	perdurɐsɐ̃w̃	p[ɨ]rdurɐsɐ̃w̃	p[e]rdurɐsɐ̃w̃	0
perdurante	pɨrdurɐ̃tɨ	perdurɐ̃ntɨ	p[ɨ]rdurɐ̃[]tɨ	p[e]rdurɐ̃[n]tɨ	0
perdurar	pɨrdurar	perdurar	p[ɨ]rdurar	p[e]rdurar	0
perduravelmente	pɨrduravɛɫmẽtɨ	perduravɛɫmẽntɨ	p[ɨ]rduravɛɫmẽtɨ[]	p[e]rduravɛɫmẽnt[ɨ]	0
perdurável	pɨrduravɛɫ	perduravɛɫ	p[ɨ]rduravɛɫ	p[e]rduravɛɫ	0
pereba	pɨrɛbɐ	perɛbɐ	p[ɨ]rɛbɐ	p[e]rɛbɐ	0
perecedoiro	pɨrɨsɨdojru	perɨsɨdojru	p[ɨ]rɨsɨdojru	p[e]rɨsɨdojru	0
perecedouro	pɨrɨsɨdowru	perɨsɨdowru	p[ɨ]rɨsɨdowru	p[e]rɨsɨdowru	0
perecer	pɨrɨser	perɨser	p[ɨ]rɨser	p[e]rɨser	0
perecimento	pɨrɨsimẽtu	perɨsimẽntu	p[ɨ]rɨsimẽtu[]	p[e]rɨsimẽnt[u]	0
perecível	pɨrɨsivɛɫ	perɨsivɛɫ	p[ɨ]rɨsivɛɫ	p[e]rɨsivɛɫ	0
peregrinação	pɨrɨɡrinɐsɐ̃w̃	perɨɡrinɐsɐ̃w̃	p[ɨ]rɨɡrinɐsɐ̃w̃	p[e]rɨɡrinɐsɐ̃w̃	0
peregrinador	pɨrɨɡrinɐdor	perɨɡrinɐdor	p[ɨ]rɨɡrinɐdor	p[e]rɨɡrinɐdor	0
peregrinamente	pɨrɨɡrinɐmẽtɨ	perɨɡrinɐmẽntɨ	p[ɨ]rɨɡrinɐmẽtɨ[]	p[e]rɨɡrinɐmẽnt[ɨ]	0
peregrinante	pɨrɨɡrinɐ̃tɨ	perɨɡrinɐ̃ntɨ	p[ɨ]rɨɡrinɐ̃[]tɨ	p[e]rɨɡrinɐ̃[n]tɨ	0
peregrinar	pɨrɨɡrinar	perɨɡrinar	p[ɨ]rɨɡrinar	p[e]rɨɡrinar	0
peregrinatório	pɨreɡrinatɔrjo	perɨɡrinɐtɔrju	p[ɨ]r[e]ɡrin[a]tɔrj[o]	p[e]r[ɨ]ɡrin[ɐ]tɔrj[u]	0
peregrinismo	pɨrɨɡriniʒmu	perɨɡriniʒmu	p[ɨ]rɨɡriniʒmu	p[e]rɨɡriniʒmu	0
peregrino	pɨrɨɡrinu	perɨɡrinu	p[ɨ]rɨɡrinu	p[e]rɨɡrinu	0
pereiópode	pɨrɐjɔpudɨ	perɨjɔpudɨ	p[ɨ]r[ɐ]jɔpudɨ	p[e]r[ɨ]jɔpudɨ	0
pereiral	pɨrɐjraɫ	perɐjraɫ	p[ɨ]rɐjraɫ	p[e]rɐjraɫ	0
pereira	pɨrɐjrɐ	perɐjrɐ	p[ɨ]rɐjrɐ	p[e]rɐjrɐ	0
pereiro	pɨrɐjru	perɐjru	p[ɨ]rɐjru	p[e]rɐjru	0
perempção	pɨrẽpsɐ̃w̃	perẽmpsɐ̃w̃	p[ɨ]rẽpsɐ̃[w]̃[]	p[e]rẽmps[ɐ]̃w[̃]	0
perempto	pɨrẽptu	perẽmptu	p[ɨ]rẽptu[]	p[e]rẽmpt[u]	0
peremptoriamente	pɨrẽtɔrjɐmẽtɨ	perẽmptɔriɐmẽntɨ	p[ɨ]rẽtɔrjɐmẽtɨ[]	p[e]rẽmptɔriɐmẽnt[ɨ]	0
peremptório	pɨrẽptɔrju	perẽmptɔrju	p[ɨ]rẽptɔrju[]	p[e]rẽmptɔrj[u]	0
perenal	pɨrɨnaɫ	perɨnaɫ	p[ɨ]rɨnaɫ	p[e]rɨnaɫ	0
perenção	pɨrẽsɐ̃w̃	perẽnsɐ̃w̃	p[ɨ]rẽsɐ̃[w]̃[]	p[e]rẽns[ɐ]̃w[̃]	0
perenemente	pɨrɛnɨmẽtɨ	perɨnɨmẽntɨ	p[ɨ]r[ɛ]nɨmẽtɨ[]	p[e]r[ɨ]nɨmẽnt[ɨ]	0
perene	pɨrɛnɨ	perenɨ	p[ɨ]r[ɛ]nɨ	p[e]r[e]nɨ	0
perenibrânquio	pɨrɛnibrɐ̃kju	perɨnibrɐ̃nkiw	p[ɨ]r[ɛ]nibrɐ̃[]kj[u]	p[e]r[ɨ]nibrɐ̃[n]ki[w]	0
perenidade	pɨrɨnidadɨ	perɨnidadɨ	p[ɨ]rɨnidadɨ	p[e]rɨnidadɨ	0
perenifólio	pɨrɨnifɔlju	perɨnifɔlju	p[ɨ]rɨnifɔlju	p[e]rɨnifɔlju	0
perenizar	pɨrɨnizar	perɨnizar	p[ɨ]rɨnizar	p[e]rɨnizar	0
perento	pɨrẽtu	perẽntu	p[ɨ]rẽtu[]	p[e]rẽnt[u]	0
perentoriamente	pɨrẽtɔrjɐmẽtɨ	perẽntɔriɐmẽntɨ	p[ɨ]rẽtɔrjɐmẽtɨ[]	p[e]rẽntɔriɐmẽnt[ɨ]	0
perentório	pɨrẽtɔrju	perẽntɔrju	p[ɨ]rẽtɔrju[]	p[e]rẽntɔrj[u]	0
perequação	pɨrekwɐsɐ̃w̃	perɨkwɐsɐ̃w̃	p[ɨ]r[e]kwɐsɐ̃w̃	p[e]r[ɨ]kwɐsɐ̃w̃	0
perfazer	pɨrfɐzer	perfɐzer	p[ɨ]rfɐzer	p[e]rfɐzer	0
perfazimento	pɨrfɐzimẽtu	perfɐzimẽntu	p[ɨ]rfɐzimẽtu[]	p[e]rfɐzimẽnt[u]	0
perfeccional	pɨrfɛksjunaɫ	perfɛsjunaɫ	p[ɨ]rfɛ[k]sjunaɫ	p[e]rfɛ[]sjunaɫ	0
perfeccionismo	pɨrfɛksjuniʒmu	perfɛsjuniʒmu	p[ɨ]rfɛ[k]sjuniʒmu	p[e]rfɛ[]sjuniʒmu	0
perfeccionista	pɨrfɛksjuniʃtɐ	perfɛsjuniʃtɐ	p[ɨ]rfɛ[k]sjuniʃtɐ	p[e]rfɛ[]sjuniʃtɐ	0
perfeccionístico	pɨrfɛksjuniʃtiku	perfɛsjuniʃtiku	p[ɨ]rfɛ[k]sjuniʃtiku	p[e]rfɛ[]sjuniʃtiku	0
perfecional	pɨrfɛsjunaɫ	perfɨsjunaɫ	p[ɨ]rf[ɛ]sjunaɫ	p[e]rf[ɨ]sjunaɫ	0
perfecionismo	pɨrfɛsjuniʒmu	perfɨsjuniʒmu	p[ɨ]rf[ɛ]sjuniʒmu	p[e]rf[ɨ]sjuniʒmu	0
perfecionista	pɨrfɛsjuniʃtɐ	perfɨsjuniʃtɐ	p[ɨ]rf[ɛ]sjuniʃtɐ	p[e]rf[ɨ]sjuniʃtɐ	0
perfecionístico	pɨrfɛsjuniʃtiku	perfɨsjuniʃtiku	p[ɨ]rf[ɛ]sjuniʃtiku	p[e]rf[ɨ]sjuniʃtiku	0
perfectibilidade	pɨrfɛktibilidadɨ	perfɛtibilidadɨ	p[ɨ]rfɛ[k]tibilidadɨ	p[e]rfɛ[]tibilidadɨ	0
perfectibilizar	pɨrfɛktibilizar	perfɛtibilizar	p[ɨ]rfɛ[k]tibilizar	p[e]rfɛ[]tibilizar	0
perfectível	pɨrfɛktivɛɫ	perfɛtivɛɫ	p[ɨ]rfɛ[k]tivɛɫ	p[e]rfɛ[]tivɛɫ	0
perfectividade	pɨrfɛktividadɨ	perfɛtividadɨ	p[ɨ]rfɛ[k]tividadɨ	p[e]rfɛ[]tividadɨ	0
perfectivo	pɨrfɛktivu	perfɛtivu	p[ɨ]rfɛ[k]tivu	p[e]rfɛ[]tivu	0
perfeição	pɨrfɐjsɐ̃w̃	perfɐjsɐ̃w̃	p[ɨ]rfɐjsɐ̃w̃	p[e]rfɐjsɐ̃w̃	0
perfeiçoar	pɨrfɐjswar	perfɐjsuar	p[ɨ]rfɐjs[w]ar	p[e]rfɐjs[u]ar	0
perfeitamente	pɨrfɐjtɐmẽtɨ	perfɐjtɐmẽntɨ	p[ɨ]rfɐjtɐmẽtɨ[]	p[e]rfɐjtɐmẽnt[ɨ]	0
perfeito	pɨrfɐjtu	perfɐjtu	p[ɨ]rfɐjtu	p[e]rfɐjtu	0
perfetibilidade	pɨrfɛtibilidadɨ	perfɨtibilidadɨ	p[ɨ]rf[ɛ]tibilidadɨ	p[e]rf[ɨ]tibilidadɨ	0
perfetibilizar	pɨrfɛtibilizar	perfɨtibilizar	p[ɨ]rf[ɛ]tibilizar	p[e]rf[ɨ]tibilizar	0
perfetível	pɨrfɛtivɛɫ	perfɨtivɛɫ	p[ɨ]rf[ɛ]tivɛɫ	p[e]rf[ɨ]tivɛɫ	0
perfetividade	pɨrfɛtividadɨ	perfɨtividadɨ	p[ɨ]rf[ɛ]tividadɨ	p[e]rf[ɨ]tividadɨ	0
perfetivo	pɨrfɛtivu	perfɨtivu	p[ɨ]rf[ɛ]tivu	p[e]rf[ɨ]tivu	0
perficiente	pɨrfisjẽtɨ	perfisiẽntɨ	p[ɨ]rfisjẽtɨ[]	p[e]rfisiẽnt[ɨ]	0
perfídia	pɨrfidjɐ	perfidjɐ	p[ɨ]rfidjɐ	p[e]rfidjɐ	0
perfilar	pɨrfilar	perfilar	p[ɨ]rfilar	p[e]rfilar	0
perfilhação	pɨrfiʎɐsɐ̃w̃	perfiʎɐsɐ̃w̃	p[ɨ]rfiʎɐsɐ̃w̃	p[e]rfiʎɐsɐ̃w̃	0
perfilhado	pɨrfiʎadu	perfiʎadu	p[ɨ]rfiʎadu	p[e]rfiʎadu	0
perfilhador	pɨrfiʎɐdor	perfiʎɐdor	p[ɨ]rfiʎɐdor	p[e]rfiʎɐdor	0
perfilhamento	pɨrfiʎɐmẽtu	perfiʎɐmẽntu	p[ɨ]rfiʎɐmẽtu[]	p[e]rfiʎɐmẽnt[u]	0
perfilhante	pɨrfiʎɐ̃tɨ	perfiʎɐ̃ntɨ	p[ɨ]rfiʎɐ̃[]tɨ	p[e]rfiʎɐ̃[n]tɨ	0
perfilhar	pɨrfiʎar	perfiʎar	p[ɨ]rfiʎar	p[e]rfiʎar	0
perfloração	pɨrflurɐsɐ̃w̃	perflurɐsɐ̃w̃	p[ɨ]rflurɐsɐ̃w̃	p[e]rflurɐsɐ̃w̃	0
perfolhada	pɨrfuʎadɐ	perfuʎadɐ	p[ɨ]rfuʎadɐ	p[e]rfuʎadɐ	0
perfolhado	pɨrfuʎadu	perfuʎadu	p[ɨ]rfuʎadu	p[e]rfuʎadu	0
performance	pɨrfɔrmɐ̃sɨ	perfɔrmɐ̃nsɨ	p[ɨ]rfɔrmɐ̃[]sɨ	p[e]rfɔrmɐ̃[n]sɨ	0
performante	pɨrfurmɐ̃tɨ	perfurmɐ̃ntɨ	p[ɨ]rfurmɐ̃[]tɨ	p[e]rfurmɐ̃[n]tɨ	0
performativo	pɨrfɔrmɐtivu	perfurmɐtivu	p[ɨ]rf[ɔ]rmɐtivu	p[e]rf[u]rmɐtivu	0
performer	pɨrfɔrmɛr	perfɔrmɨr	p[ɨ]rfɔrm[ɛ]r	p[e]rfɔrm[ɨ]r	0
perfulgência	pɨrfuɫʒẽsjɐ	perfuɫʒẽnsjɐ	p[ɨ]rfuɫʒẽsjɐ[]	p[e]rfuɫʒẽnsj[ɐ]	0
perfulgente	pɨrfuɫʒẽtɨ	perfuɫʒẽntɨ	p[ɨ]rfuɫʒẽtɨ[]	p[e]rfuɫʒẽnt[ɨ]	0
perfumado	pɨrfumadu	perfumadu	p[ɨ]rfumadu	p[e]rfumadu	0
perfumador	pɨrfumɐdor	perfumɐdor	p[ɨ]rfumɐdor	p[e]rfumɐdor	0
perfumadura	pɨrfumɐdurɐ	perfumɐdurɐ	p[ɨ]rfumɐdurɐ	p[e]rfumɐdurɐ	0
perfumante	pɨrfumɐ̃tɨ	perfumɐ̃ntɨ	p[ɨ]rfumɐ̃[]tɨ	p[e]rfumɐ̃[n]tɨ	0
perfumaria	pɨrfumɐriɐ	perfumɐriɐ	p[ɨ]rfumɐriɐ	p[e]rfumɐriɐ	0
perfumar	pɨrfumar	perfumar	p[ɨ]rfumar	p[e]rfumar	0
perfume	pɨrfumɨ	perfumɨ	p[ɨ]rfumɨ	p[e]rfumɨ	0
perfumismo	pɨrfumiʒmu	perfumiʒmu	p[ɨ]rfumiʒmu	p[e]rfumiʒmu	0
perfumista	pɨrfumiʃtɐ	perfumiʃtɐ	p[ɨ]rfumiʃtɐ	p[e]rfumiʃtɐ	0
perfumoso	pɨrfumozu	perfumozu	p[ɨ]rfumozu	p[e]rfumozu	0
perfunctoriamente	pɨrfũktɔrjɐmẽtɨ	perfũnktɔriɐmẽntɨ	p[ɨ]rfũktɔrjɐmẽtɨ[]	p[e]rfũnktɔriɐmẽnt[ɨ]	0
perfunctório	pɨrfũktɔrju	perfũnktɔrju	p[ɨ]rfũktɔrju[]	p[e]rfũnktɔrj[u]	0
perfuntoriamente	pɨrfũtɔrjɐmẽtɨ	perfũntɔriɐmẽntɨ	p[ɨ]rfũtɔrjɐmẽtɨ[]	p[e]rfũntɔriɐmẽnt[ɨ]	0
perfuntório	pɨrfũtɔrju	perfũntɔrju	p[ɨ]rfũtɔrju[]	p[e]rfũntɔrj[u]	0
perfuração	pɨrfurɐsɐ̃w̃	perfurɐsɐ̃w̃	p[ɨ]rfurɐsɐ̃w̃	p[e]rfurɐsɐ̃w̃	0
perfurado	pɨrfuradu	perfuradu	p[ɨ]rfuradu	p[e]rfuradu	0
perfuradora	pɨrfurɐdorɐ	perfurɐdorɐ	p[ɨ]rfurɐdorɐ	p[e]rfurɐdorɐ	0
perfurador	pɨrfurɐdor	perfurɐdor	p[ɨ]rfurɐdor	p[e]rfurɐdor	0
perfurante	pɨrfurɐ̃tɨ	perfurɐ̃ntɨ	p[ɨ]rfurɐ̃[]tɨ	p[e]rfurɐ̃[n]tɨ	0
perfurar	pɨrfurar	perfurar	p[ɨ]rfurar	p[e]rfurar	0
perfurativo	pɨrfurɐtivu	perfurɐtivu	p[ɨ]rfurɐtivu	p[e]rfurɐtivu	0
perfurável	pɨrfuravɛɫ	perfuravɛɫ	p[ɨ]rfuravɛɫ	p[e]rfuravɛɫ	0
perfusão	pɨrfuzɐ̃w̃	perfuzɐ̃w̃	p[ɨ]rfuzɐ̃w̃	p[e]rfuzɐ̃w̃	0
pergameno	pɨrɡɐmenu	perɡɐmenu	p[ɨ]rɡɐmenu	p[e]rɡɐmenu	0
pergamináceo	pɨrɡɐminasju	perɡɐminasiw	p[ɨ]rɡɐminasj[u]	p[e]rɡɐminasi[w]	0
pergaminharia	pɨrɡɐmiɲɐriɐ	perɡɐmiɲɐriɐ	p[ɨ]rɡɐmiɲɐriɐ	p[e]rɡɐmiɲɐriɐ	0
pergaminheiro	pɨrɡɐmiɲɐjru	perɡɐmiɲɐjru	p[ɨ]rɡɐmiɲɐjru	p[e]rɡɐmiɲɐjru	0
pergaminho	pɨrɡɐmiɲu	perɡɐmiɲu	p[ɨ]rɡɐmiɲu	p[e]rɡɐmiɲu	0
pergaminhoso	pɨrɡɐmiɲozu	perɡɐmiɲozu	p[ɨ]rɡɐmiɲozu	p[e]rɡɐmiɲozu	0
pergamoide	pɨrɡɐmɔjdɨ	perɡɐmɔjdɨ	p[ɨ]rɡɐmɔjdɨ	p[e]rɡɐmɔjdɨ	0
pergamóide	pɨrɡɐmɔjdɨ	perɡɐmɔjdɨ	p[ɨ]rɡɐmɔjdɨ	p[e]rɡɐmɔjdɨ	0
pergelícola	pɨrʒɨlikulɐ	perʒɨlikulɐ	p[ɨ]rʒɨlikulɐ	p[e]rʒɨlikulɐ	0
pergense	pɨrʒẽsɨ	perʒẽnsɨ	p[ɨ]rʒẽsɨ[]	p[e]rʒẽns[ɨ]	0
perguntador	pɨrɡũtɐdor	perɡũntɐdor	p[ɨ]rɡũtɐdor[]	p[e]rɡũntɐdo[r]	0
perguntante	pɨrɡũtɐ̃tɨ	perɡũntɐ̃ntɨ	p[ɨ]rɡũtɐ[̃]tɨ[]	p[e]rɡũn[]tɐ̃nt[ɨ]	0
perguntão	pɨrɡũtɐ̃w̃	perɡũntɐ̃w̃	p[ɨ]rɡũtɐ̃[w]̃[]	p[e]rɡũnt[ɐ]̃w[̃]	0
pergunta	pɨrɡũtɐ	perɡũntɐ	p[ɨ]rɡũtɐ[]	p[e]rɡũnt[ɐ]	0
perguntar	pɨrɡũtar	perɡũntar	p[ɨ]rɡũtar[]	p[e]rɡũnta[r]	0
periambo	pɨrjɐ̃bu	periɐ̃mbu	p[ɨ]r[j]ɐ̃[]bu	p[e]r[i]ɐ̃[m]bu	0
periândrico	pɨrjɐ̃driku	perjɐ̃ndriku	p[ɨ]rjɐ̃[]driku	p[e]rjɐ̃[n]driku	0
periântio	pɨrjɐ̃tju	perjɐ̃ntju	p[ɨ]rjɐ̃[]tju	p[e]rjɐ̃[n]tju	0
perianto	pɨrjɐ̃tu	periɐ̃ntu	p[ɨ]r[j]ɐ̃[]tu	p[e]r[i]ɐ̃[n]tu	0
periartrite	pɨriɐrtritɨ	periɐrtritɨ	p[ɨ]riɐrtritɨ	p[e]riɐrtritɨ	0
períbolo	pɨribulu	peribulu	p[ɨ]ribulu	p[e]ribulu	0
pericárdico	pɨrikardiku	perikardiku	p[ɨ]rikardiku	p[e]rikardiku	0
pericárdio	pɨrikardju	perikardju	p[ɨ]rikardju	p[e]rikardju	0
pericardite	pɨrikɐrditɨ	perikɐrditɨ	p[ɨ]rikɐrditɨ	p[e]rikɐrditɨ	0
pericarpial	pɨrikɐrpjaɫ	perikɐrpiaɫ	p[ɨ]rikɐrp[j]aɫ	p[e]rikɐrp[i]aɫ	0
pericárpico	pɨrikarpiku	perikarpiku	p[ɨ]rikarpiku	p[e]rikarpiku	0
pericárpio	pɨrikarpju	perikarpju	p[ɨ]rikarpju	p[e]rikarpju	0
pericarpo	pɨrikarpu	perikarpu	p[ɨ]rikarpu	p[e]rikarpu	0
pericêntrico	pɨrisẽtriku	perisẽntriku	p[ɨ]risẽtriku[]	p[e]risẽntrik[u]	0
pericial	pɨrisjaɫ	perisiaɫ	p[ɨ]ris[j]aɫ	p[e]ris[i]aɫ	0
perícia	pɨrisjɐ	perisjɐ	p[ɨ]risjɐ	p[e]risjɐ	0
periciclo	pɨrisiklu	perisiklu	p[ɨ]risiklu	p[e]risiklu	0
periclitante	pɨriklitɐ̃tɨ	periklitɐ̃ntɨ	p[ɨ]riklitɐ̃[]tɨ	p[e]riklitɐ̃[n]tɨ	0
periclitar	pɨriklitar	periklitar	p[ɨ]riklitar	p[e]riklitar	0
pericôndrio	pɨrikõdrju	perikõndriw	p[ɨ]rikõdrju[]	p[e]rikõndri[w]	0
pericondrite	pɨrikõdritɨ	perikõndritɨ	p[ɨ]rikõdritɨ[]	p[e]rikõndrit[ɨ]	0
pericondro	pɨrikõdru	perikõndru	p[ɨ]rikõdru[]	p[e]rikõndr[u]	0
perícope	pɨrikupɨ	perikupɨ	p[ɨ]rikupɨ	p[e]rikupɨ	0
pericrânio	pɨrikrɐnju	perikrɐ̃nju	p[ɨ]rikrɐ[]nju	p[e]rikrɐ[̃]nju	0
periculosidade	pɨrikuluzidadɨ	perikuluzidadɨ	p[ɨ]rikuluzidadɨ	p[e]rikuluzidadɨ	0
periderme	pɨridɛrmɨ	peridɛrmɨ	p[ɨ]ridɛrmɨ	p[e]ridɛrmɨ	0
peridérmico	pɨridɛrmiku	peridɛrmiku	p[ɨ]ridɛrmiku	p[e]ridɛrmiku	0
peridotite	pɨridutitɨ	peridutitɨ	p[ɨ]ridutitɨ	p[e]ridutitɨ	0
peridotito	pɨridutitu	peridutitu	p[ɨ]ridutitu	p[e]ridutitu	0
peridoto	pɨridotu	peridɔtu	p[ɨ]rid[o]tu	p[e]rid[ɔ]tu	0
peridotoso	pɨridutozu	peridutozu	p[ɨ]ridutozu	p[e]ridutozu	0
perídromo	pɨridrumu	peridrumu	p[ɨ]ridrumu	p[e]ridrumu	0
periecos	pɨrjɛkuʃ	periɛkuʃ	p[ɨ]r[j]ɛkuʃ	p[e]r[i]ɛkuʃ	0
periélio	pɨrjɛlju	perjɛlju	p[ɨ]rjɛlju	p[e]rjɛlju	0
periergia	pɨrjɛrʒiɐ	periɨrʒiɐ	p[ɨ]rj[ɛ]rʒiɐ	p[e]ri[ɨ]rʒiɐ	0
periferia	pɨrifɨriɐ	perifɨriɐ	p[ɨ]rifɨriɐ	p[e]rifɨriɐ	0
periférico	pɨrifɛriku	perifɛriku	p[ɨ]rifɛriku	p[e]rifɛriku	0
periforme	pɨrifɔrmɨ	perifɔrmɨ	p[ɨ]rifɔrmɨ	p[e]rifɔrmɨ	0
perífrase	pɨrifrɐzɨ	perifrɐzɨ	p[ɨ]rifrɐzɨ	p[e]rifrɐzɨ	0
perifrasticamente	pɨrifraʃtikɐmẽtɨ	perifraʃtikɐmẽntɨ	p[ɨ]rifraʃtikɐmẽtɨ[]	p[e]rifraʃtikɐmẽnt[ɨ]	0
perifrástico	pɨrifraʃtiku	perifraʃtiku	p[ɨ]rifraʃtiku	p[e]rifraʃtiku	0
perigalho	pɨriɡaʎu	periɡaʎu	p[ɨ]riɡaʎu	p[e]riɡaʎu	0
perigar	pɨriɡar	periɡar	p[ɨ]riɡar	p[e]riɡar	0
perigeu	pɨriʒew	periʒew	p[ɨ]riʒew	p[e]riʒew	0
perigínico	pɨriʒiniku	periʒiniku	p[ɨ]riʒiniku	p[e]riʒiniku	0
perigônio	pɨriɡonju	periɡonju	p[ɨ]riɡonju	p[e]riɡonju	0
perigónio	pɨriɡɔnju	periɡɔnju	p[ɨ]riɡɔnju	p[e]riɡɔnju	0
perigo	pɨriɡu	periɡu	p[ɨ]riɡu	p[e]riɡu	0
perigordino	pɨriɡurdinu	periɡurdinu	p[ɨ]riɡurdinu	p[e]riɡurdinu	0
perigosamente	pɨriɡɔzɐmẽtɨ	periɡɔzɐmẽntɨ	p[ɨ]riɡɔzɐmẽtɨ[]	p[e]riɡɔzɐmẽnt[ɨ]	0
perigosidade	pɨriɡuzidadɨ	periɡuzidadɨ	p[ɨ]riɡuzidadɨ	p[e]riɡuzidadɨ	0
perigoso	pɨriɡozu	periɡozu	p[ɨ]riɡozu	p[e]riɡozu	0
perilhão	pɨriʎɐ̃w̃	periʎɐ̃w̃	p[ɨ]riʎɐ̃w̃	p[e]riʎɐ̃w̃	0
perilha	pɨriʎɐ	periʎɐ	p[ɨ]riʎɐ	p[e]riʎɐ	0
perimetralmente	pɨrimɨtraɫmẽtɨ	perimetraɫmẽntɨ	p[ɨ]rim[ɨ]traɫmẽtɨ[]	p[e]rim[e]traɫmẽnt[ɨ]	0
perimetral	pɨrimɨtraɫ	perimɨtraɫ	p[ɨ]rimɨtraɫ	p[e]rimɨtraɫ	0
perimetria	pɨrimɨtriɐ	perimɨtriɐ	p[ɨ]rimɨtriɐ	p[e]rimɨtriɐ	0
perimétrico	pɨrimɛtriku	perimɛtriku	p[ɨ]rimɛtriku	p[e]rimɛtriku	0
perímetro	pɨrimɨtru	perimɨtru	p[ɨ]rimɨtru	p[e]rimɨtru	0
perimir	pɨrimir	perimir	p[ɨ]rimir	p[e]rimir	0
perimísio	pɨrimizju	perimizju	p[ɨ]rimizju	p[e]rimizju	0
perinatalidade	pɨrinɐtɐlidadɨ	perinɐtɐlidadɨ	p[ɨ]rinɐtɐlidadɨ	p[e]rinɐtɐlidadɨ	0
perinatal	pɨrinɐtaɫ	perinɐtaɫ	p[ɨ]rinɐtaɫ	p[e]rinɐtaɫ	0
perineal	pɨrinjaɫ	periniaɫ	p[ɨ]rin[j]aɫ	p[e]rin[i]aɫ	0
perinefrite	pɨrinɨfritɨ	perinɨfritɨ	p[ɨ]rinɨfritɨ	p[e]rinɨfritɨ	0
períneo	pɨrinju	periniw	p[ɨ]rinj[u]	p[e]rini[w]	0
perineoplastia	pɨrinjɔplɐʃtiɐ	periniuplɐʃtiɐ	p[ɨ]rinj[ɔ]plɐʃtiɐ	p[e]rini[u]plɐʃtiɐ	0
perineoplástico	pɨrinjɔplaʃtiku	periniuplaʃtiku	p[ɨ]rinj[ɔ]plaʃtiku	p[e]rini[u]plaʃtiku	0
perineu	pɨrinew	perinew	p[ɨ]rinew	p[e]rinew	0
períntio	pɨrĩtju	perĩntju	p[ɨ]rĩtju[]	p[e]rĩntj[u]	0
periodal	pɨrjudaɫ	periudaɫ	p[ɨ]r[j]udaɫ	p[e]r[i]udaɫ	0
periodato	pɨrjudatu	periudatu	p[ɨ]r[j]udatu	p[e]r[i]udatu	0
periodical	pɨrjudikaɫ	periudikaɫ	p[ɨ]r[j]udikaɫ	p[e]r[i]udikaɫ	0
periodicidade	pɨrjudisidadɨ	periudisidadɨ	p[ɨ]r[j]udisidadɨ	p[e]r[i]udisidadɨ	0
periodicista	pɨrjudisiʃtɐ	periudisiʃtɐ	p[ɨ]r[j]udisiʃtɐ	p[e]r[i]udisiʃtɐ	0
periodiqueiro	pɨrjudikɐjru	periudikɐjru	p[ɨ]r[j]udikɐjru	p[e]r[i]udikɐjru	0
periodiquista	pɨrjudikiʃtɐ	periudikiʃtɐ	p[ɨ]r[j]udikiʃtɐ	p[e]r[i]udikiʃtɐ	0
periodismo	pɨrjudiʒmu	periudiʒmu	p[ɨ]r[j]udiʒmu	p[e]r[i]udiʒmu	0
periodista	pɨrjudiʃtɐ	periudiʃtɐ	p[ɨ]r[j]udiʃtɐ	p[e]r[i]udiʃtɐ	0
periodização	pɨrjudizɐsɐ̃w̃	periudizɐsɐ̃w̃	p[ɨ]r[j]udizɐsɐ̃w̃	p[e]r[i]udizɐsɐ̃w̃	0
periodizar	pɨrjudizar	periudizar	p[ɨ]r[j]udizar	p[e]r[i]udizar	0
período	pɨriudu	periwdu	p[ɨ]ri[u]du	p[e]ri[w]du	0
perioníquia	pɨrjunikjɐ	perjunikiɐ	p[ɨ]rjunik[j]ɐ	p[e]rjunik[i]ɐ	0
perioníquio	pɨrjunikju	perjunikiw	p[ɨ]rjunikj[u]	p[e]rjuniki[w]	0
periostal	pɨrjɔʃtaɫ	periuʃtaɫ	p[ɨ]rj[ɔ]ʃtaɫ	p[e]ri[u]ʃtaɫ	0
periosteal	pɨrjɔʃtjaɫ	periuʃtiaɫ	p[ɨ]rj[ɔ]ʃt[j]aɫ	p[e]ri[u]ʃt[i]aɫ	0
periosteíte	pɨrjɔʃtɐitɨ	periuʃtɨitɨ	p[ɨ]rj[ɔ]ʃt[ɐ]itɨ	p[e]ri[u]ʃt[ɨ]itɨ	0
periosteogênese	pɨrjɔʃtjɔʒenɨzɨ	periuʃtiuʒenɨzɨ	p[ɨ]rj[ɔ]ʃtj[ɔ]ʒenɨzɨ	p[e]ri[u]ʃti[u]ʒenɨzɨ	0
periosteogénese	pɨrjɔʃtjɔʒɛnɨzɨ	periuʃtiuʒɛnɨzɨ	p[ɨ]rj[ɔ]ʃtj[ɔ]ʒɛnɨzɨ	p[e]ri[u]ʃti[u]ʒɛnɨzɨ	0
periósteo	pɨrjɔʃtju	periɔʃtiw	p[ɨ]r[j]ɔʃtj[u]	p[e]r[i]ɔʃti[w]	0
periosteose	pɨrjɔʃtjɔzɨ	periuʃtiɔzɨ	p[ɨ]rj[ɔ]ʃt[j]ɔzɨ	p[e]ri[u]ʃt[i]ɔzɨ	0
periostite	pɨrjɔʃtitɨ	periuʃtitɨ	p[ɨ]rj[ɔ]ʃtitɨ	p[e]ri[u]ʃtitɨ	0
periostose	pɨrjɔʃtɔzɨ	periuʃtɔzɨ	p[ɨ]rj[ɔ]ʃtɔzɨ	p[e]ri[u]ʃtɔzɨ	0
perióstraco	pɨrjɔʃtrɐku	periɔʃtrɐku	p[ɨ]r[j]ɔʃtrɐku	p[e]r[i]ɔʃtrɐku	0
perípato	pɨripɐtu	peripɐtu	p[ɨ]ripɐtu	p[e]ripɐtu	0
peripécia	pɨripɛsjɐ	peripɛsjɐ	p[ɨ]ripɛsjɐ	p[e]ripɛsjɐ	0
periptério	pɨriptɛrju	periptɛrju	p[ɨ]riptɛrju	p[e]riptɛrju	0
períptero	pɨriptɨru	periptɨru	p[ɨ]riptɨru	p[e]riptɨru	0
periquito-de-cabeça-amarela	pɨrikitudɨkɐbesamɐrɛlɐ	perikitudɨkɐbesɐɐmɐrɛlɐ	p[ɨ]rikitudɨkɐbesa[]mɐrɛlɐ	p[e]rikitudɨkɐbesɐ[ɐ]mɐrɛlɐ	0
periquito	pɨrikitu	perikitu	p[ɨ]rikitu	p[e]rikitu	0
períscios	pɨriʃsjuʃ	periʃsɪuʃ	p[ɨ]riʃs[j]uʃ	p[e]riʃs[ɪ]uʃ	0
periscópico	pɨriʃkɔpiku	periʃkɔpiku	p[ɨ]riʃkɔpiku	p[e]riʃkɔpiku	0
periscópio	pɨriʃkɔpju	periʃkɔpju	p[ɨ]riʃkɔpju	p[e]riʃkɔpju	0
perisperma	pɨriʃpɛrmɐ	periʃpɛrmɐ	p[ɨ]riʃpɛrmɐ	p[e]riʃpɛrmɐ	0
perispérmico	pɨriʃpɛrmiku	periʃpɛrmiku	p[ɨ]riʃpɛrmiku	p[e]riʃpɛrmiku	0
perissarco	pɨrisarku	perisarku	p[ɨ]risarku	p[e]risarku	0
perissologia	pɨrisuluʒiɐ	perisuluʒiɐ	p[ɨ]risuluʒiɐ	p[e]risuluʒiɐ	0
perissológico	pɨrisulɔʒiku	perisulɔʒiku	p[ɨ]risulɔʒiku	p[e]risulɔʒiku	0
peristáltico	pɨriʃtaɫtiku	periʃtaɫtiku	p[ɨ]riʃtaɫtiku	p[e]riʃtaɫtiku	0
peristaltismo	pɨriʃtaɫtiʒmu	periʃtaɫtiʒmu	p[ɨ]riʃtaɫtiʒmu	p[e]riʃtaɫtiʒmu	0
perístase	pɨriʃtɐzɨ	periʃtɐzɨ	p[ɨ]riʃtɐzɨ	p[e]riʃtɐzɨ	0
peristéridas	pɨriʃtɛridɐʃ	periʃtɛridɐʃ	p[ɨ]riʃtɛridɐʃ	p[e]riʃtɛridɐʃ	0
peristerídeo	pɨriʃtɨridju	periʃtɨridiw	p[ɨ]riʃtɨridj[u]	p[e]riʃtɨridi[w]	0
peristerídeos	pɨriʃtɨridjuʃ	periʃtɨridiwʃ	p[ɨ]riʃtɨridj[u]ʃ	p[e]riʃtɨridi[w]ʃ	0
peristilo	pɨriʃtilu	periʃtilu	p[ɨ]riʃtilu	p[e]riʃtilu	0
perístoma	pɨriʃtumɐ	periʃtumɐ	p[ɨ]riʃtumɐ	p[e]riʃtumɐ	0
peritagem	pɨritaʒɐ̃j̃	peritaʒɐjn	p[ɨ]ritaʒɐ[̃]j[̃]	p[e]ritaʒɐ[]j[n]	0
peritonealgia	pɨritunjaɫʒiɐ	perituniaɫʒiɐ	p[ɨ]ritun[j]aɫʒiɐ	p[e]ritun[i]aɫʒiɐ	0
peritoneal	pɨritunjaɫ	perituniaɫ	p[ɨ]ritun[j]aɫ	p[e]ritun[i]aɫ	0
peritoneu	pɨritunew	peritunew	p[ɨ]ritunew	p[e]ritunew	0
peritônio	pɨritonju	peritonju	p[ɨ]ritonju	p[e]ritonju	0
peritónio	pɨritɔnju	peritɔnju	p[ɨ]ritɔnju	p[e]ritɔnju	0
peritonite	pɨritunitɨ	peritunitɨ	p[ɨ]ritunitɨ	p[e]ritunitɨ	0
perito	pɨritu	peritu	p[ɨ]ritu	p[e]ritu	0
perjurar	pɨrʒurar	perʒurar	p[ɨ]rʒurar	p[e]rʒurar	0
perjúrio	pɨrʒurju	perʒurju	p[ɨ]rʒurju	p[e]rʒurju	0
perjuro	pɨrʒuru	perʒuru	p[ɨ]rʒuru	p[e]rʒuru	0
perlado	pɨrladu	perladu	p[ɨ]rladu	p[e]rladu	0
perlasso	pɨrlasu	perlasu	p[ɨ]rlasu	p[e]rlasu	0
perlavar	pɨrlɐvar	perlɐvar	p[ɨ]rlɐvar	p[e]rlɐvar	0
perlenda	pɨrlẽdɐ	perlẽndɐ	p[ɨ]rlẽdɐ[]	p[e]rlẽnd[ɐ]	0
perlengada	pɨrlẽɡadɐ	perlẽnɡadɐ	p[ɨ]rlẽɡadɐ[]	p[e]rlẽnɡad[ɐ]	0
perlenga	pɨrlẽɡɐ	perlẽnɡɐ	p[ɨ]rlẽɡɐ[]	p[e]rlẽnɡ[ɐ]	0
perleúdo	pɨrlɨudu	perliudu	p[ɨ]rl[ɨ]udu	p[e]rl[i]udu	0
perlífero	pɨrlifɨru	perlifɨru	p[ɨ]rlifɨru	p[e]rlifɨru	0
perlimpimpim	pɨrlĩpĩpĩ	perlĩmpĩmpĩn	p[ɨ]rlĩp[ĩ]pĩ[]	p[e]rlĩ[m]pĩmpĩ[n]	0
perliqueto	pɨrlikɛtu	perlikɛtu	p[ɨ]rlikɛtu	p[e]rlikɛtu	0
perlocução	pɨrlukusɐ̃w̃	perlukusɐ̃w̃	p[ɨ]rlukusɐ̃w̃	p[e]rlukusɐ̃w̃	0
perlocucionário	pɨrlukusjunarju	perlukusjunarju	p[ɨ]rlukusjunarju	p[e]rlukusjunarju	0
perlocutivo	pɨrlukutivu	perlukutivu	p[ɨ]rlukutivu	p[e]rlukutivu	0
perlocutório	pɨrlukutɔrju	perlukutɔrju	p[ɨ]rlukutɔrju	p[e]rlukutɔrju	0
perlonga	pɨrlõɡɐ	perlõnɡɐ	p[ɨ]rlõɡɐ[]	p[e]rlõnɡ[ɐ]	0
perlongar	pɨrlõɡar	perlõnɡar	p[ɨ]rlõɡar[]	p[e]rlõnɡa[r]	0
perlustração	pɨrluʃtrɐsɐ̃w̃	perluʃtrɐsɐ̃w̃	p[ɨ]rluʃtrɐsɐ̃w̃	p[e]rluʃtrɐsɐ̃w̃	0
perlustrador	pɨrluʃtrɐdor	perluʃtrɐdor	p[ɨ]rluʃtrɐdor	p[e]rluʃtrɐdor	0
perlustrar	pɨrluʃtrar	perluʃtrar	p[ɨ]rluʃtrar	p[e]rluʃtrar	0
perluzir	pɨrluzir	perluzir	p[ɨ]rluzir	p[e]rluzir	0
permacultural	pɨrmɐkuɫturaɫ	permɐkuɫturaɫ	p[ɨ]rmɐkuɫturaɫ	p[e]rmɐkuɫturaɫ	0
permacultura	pɨrmɐkuɫturɐ	permɐkuɫturɐ	p[ɨ]rmɐkuɫturɐ	p[e]rmɐkuɫturɐ	0
permanecente	pɨrmɐnɨsẽtɨ	permɐnɨsẽntɨ	p[ɨ]rmɐnɨsẽtɨ[]	p[e]rmɐnɨsẽnt[ɨ]	0
permanência	pɨrmɐnẽsjɐ	permɐnẽnsjɐ	p[ɨ]rmɐnẽsjɐ[]	p[e]rmɐnẽnsj[ɐ]	0
permanentemente	pɨrmɐnẽtɨmẽtɨ	permɐnẽntɨmẽntɨ	p[ɨ]rmɐnẽtɨmẽtɨ[]	p[e]rmɐnẽntɨmẽnt[ɨ]	0
permanente	pɨrmɐnẽtɨ	permɐnẽntɨ	p[ɨ]rmɐnẽtɨ[]	p[e]rmɐnẽnt[ɨ]	0
permansividade	pɨrmɐ̃sividadɨ	permɐ̃nsividadɨ	p[ɨ]rmɐ̃[]sividadɨ	p[e]rmɐ̃[n]sividadɨ	0
permansivo	pɨrmɐ̃sivu	permɐ̃nsivu	p[ɨ]rmɐ̃[]sivu	p[e]rmɐ̃[n]sivu	0
permeabilidade	pɨrmjɐbilidadɨ	permiɐbilidadɨ	p[ɨ]rm[j]ɐbilidadɨ	p[e]rm[i]ɐbilidadɨ	0
permeabilização	pɨrmjɐbilizɐsɐ̃w̃	permiɐbilizɐsɐ̃w̃	p[ɨ]rm[j]ɐbilizɐsɐ̃w̃	p[e]rm[i]ɐbilizɐsɐ̃w̃	0
permeabilizar	pɨrmjɐbilizar	permiɐbilizar	p[ɨ]rm[j]ɐbilizar	p[e]rm[i]ɐbilizar	0
permeação	pɨrmjɐsɐ̃w̃	permiɐsɐ̃w̃	p[ɨ]rm[j]ɐsɐ̃w̃	p[e]rm[i]ɐsɐ̃w̃	0
permeâmetro	pɨrmjɐmɨtru	permɨɐ̃mɨtru	p[ɨ]rm[j]ɐ[]mɨtru	p[e]rm[ɨ]ɐ[̃]mɨtru	0
permeância	pɨrmjɐ̃sjɐ	permɨɐ̃nsjɐ	p[ɨ]rm[j]ɐ̃[]sjɐ	p[e]rm[ɨ]ɐ̃[n]sjɐ	0
permear	pɨrmjar	permiar	p[ɨ]rm[j]ar	p[e]rm[i]ar	0
permease	pɨrmjazɨ	permiazɨ	p[ɨ]rm[j]azɨ	p[e]rm[i]azɨ	0
perméase	pɨrmɛɐzɨ	permɛɐzɨ	p[ɨ]rmɛɐzɨ	p[e]rmɛɐzɨ	0
permeável	pɨrmjavɛɫ	permɨavɛɫ	p[ɨ]rm[j]avɛɫ	p[e]rm[ɨ]avɛɫ	0
permeio	pɨrmɐju	permeju	p[ɨ]rm[ɐ]ju	p[e]rm[e]ju	0
permiano	pɨrmjɐnu	permiɐ̃nu	p[ɨ]rm[j]ɐ[]nu	p[e]rm[i]ɐ[̃]nu	0
permilagem	pɨrmilaʒɐ̃j̃	permilaʒɐjn	p[ɨ]rmilaʒɐ[̃]j[̃]	p[e]rmilaʒɐ[]j[n]	0
permissão	pɨrmisɐ̃w̃	permisɐ̃w̃	p[ɨ]rmisɐ̃w̃	p[e]rmisɐ̃w̃	0
permissionário	pɨrmisjunarju	permisjunarju	p[ɨ]rmisjunarju	p[e]rmisjunarju	0
permissivamente	pɨrmisivɐmẽtɨ	permisivɐmẽntɨ	p[ɨ]rmisivɐmẽtɨ[]	p[e]rmisivɐmẽnt[ɨ]	0
permissível	pɨrmisivɛɫ	permisivɛɫ	p[ɨ]rmisivɛɫ	p[e]rmisivɛɫ	0
permissividade	pɨrmisividadɨ	permisividadɨ	p[ɨ]rmisividadɨ	p[e]rmisividadɨ	0
permissivismo	pɨrmisiviʒmu	permisiviʒmu	p[ɨ]rmisiviʒmu	p[e]rmisiviʒmu	0
permissivo	pɨrmisivu	permisivu	p[ɨ]rmisivu	p[e]rmisivu	0
permissório	pɨrmisɔrju	permisɔrju	p[ɨ]rmisɔrju	p[e]rmisɔrju	0
permissor	pɨrmisor	permisor	p[ɨ]rmisor	p[e]rmisor	0
permisto	pɨrmiʃtu	permiʃtu	p[ɨ]rmiʃtu	p[e]rmiʃtu	0
permitido	pɨrmitidu	permitidu	p[ɨ]rmitidu	p[e]rmitidu	0
permitir	pɨrmitir	permitir	p[ɨ]rmitir	p[e]rmitir	0
permitividade	pɨrmitividadɨ	permitividadɨ	p[ɨ]rmitividadɨ	p[e]rmitividadɨ	0
permutabilidade	pɨrmutɐbilidadɨ	permutɐbilidadɨ	p[ɨ]rmutɐbilidadɨ	p[e]rmutɐbilidadɨ	0
permutação	pɨrmutɐsɐ̃w̃	permutɐsɐ̃w̃	p[ɨ]rmutɐsɐ̃w̃	p[e]rmutɐsɐ̃w̃	0
permutador	pɨrmutɐdor	permutɐdor	p[ɨ]rmutɐdor	p[e]rmutɐdor	0
permuta	pɨrmutɐ	permutɐ	p[ɨ]rmutɐ	p[e]rmutɐ	0
permutar	pɨrmutar	permutar	p[ɨ]rmutar	p[e]rmutar	0
permutável	pɨrmutavɛɫ	permutavɛɫ	p[ɨ]rmutavɛɫ	p[e]rmutavɛɫ	0
pernaça	pɨrnasɐ	pernasɐ	p[ɨ]rnasɐ	p[e]rnasɐ	0
pernada	pɨrnadɐ	pernadɐ	p[ɨ]rnadɐ	p[e]rnadɐ	0
pernadinha	pɨrnɐdiɲɐ	pernɐdiɲɐ	p[ɨ]rnɐdiɲɐ	p[e]rnɐdiɲɐ	0
pernalta	pɨrnaɫtɐ	pernaɫtɐ	p[ɨ]rnaɫtɐ	p[e]rnaɫtɐ	0
pernalto	pɨrnaɫtu	pernaɫtu	p[ɨ]rnaɫtu	p[e]rnaɫtu	0
pernambucano	pɨrnɐ̃bukɐnu	pernɐ̃mbukɐ̃nu	p[ɨ]rnɐ̃[]bukɐ[]nu	p[e]rnɐ̃[m]bukɐ[̃]nu	0
perna-vermelha	pɛrnɐvɨrmɐjʎɐ	pɛrnɐvermeʎɐ	pɛrnɐv[ɨ]rmɐ[j]ʎɐ	pɛrnɐv[e]rme[]ʎɐ	0
pernear	pɨrnjar	perniar	p[ɨ]rn[j]ar	p[e]rn[i]ar	0
pernegudo	pɨrnɨɡudu	pernɨɡudu	p[ɨ]rnɨɡudu	p[e]rnɨɡudu	0
perneira	pɨrnɐjrɐ	pernɐjrɐ	p[ɨ]rnɐjrɐ	p[e]rnɐjrɐ	0
perneta	pɨrnetɐ	pernetɐ	p[ɨ]rnetɐ	p[e]rnetɐ	0
pernície	pɨrnisji	pernisjɨ	p[ɨ]rnisj[i]	p[e]rnisj[ɨ]	0
perniciosamente	pɨrnisjɔzɐmẽtɨ	pernisiɔzɐmẽntɨ	p[ɨ]rnis[j]ɔzɐmẽtɨ[]	p[e]rnis[i]ɔzɐmẽnt[ɨ]	0
perniciosa	pɨrnisjɔzɐ	pernisiɔzɐ	p[ɨ]rnis[j]ɔzɐ	p[e]rnis[i]ɔzɐ	0
perniciosidade	pɨrnisjuzidadɨ	pernisiuzidadɨ	p[ɨ]rnis[j]uzidadɨ	p[e]rnis[i]uzidadɨ	0
pernicioso	pɨrnisjozu	pernisiozu	p[ɨ]rnis[j]ozu	p[e]rnis[i]ozu	0
perningau	pɨrnĩɡaw	pernĩnɡaw	p[ɨ]rnĩɡaw[]	p[e]rnĩnɡa[w]	0
pernoca	pɨrnɔkɐ	pernɔkɐ	p[ɨ]rnɔkɐ	p[e]rnɔkɐ	0
pernoitamento	pɨrnojtɐmẽtu	pernojtɐmẽntu	p[ɨ]rnojtɐmẽtu[]	p[e]rnojtɐmẽnt[u]	0
pernoita	pɨrnojtɐ	pernojtɐ	p[ɨ]rnojtɐ	p[e]rnojtɐ	0
pernoitar	pɨrnojtar	pernojtar	p[ɨ]rnojtar	p[e]rnojtar	0
pernoite	pɨrnojtɨ	pernojtɨ	p[ɨ]rnojtɨ	p[e]rnojtɨ	0
pernóstico	pɨrnɔʃtiku	pernɔʃtiku	p[ɨ]rnɔʃtiku	p[e]rnɔʃtiku	0
pernoutar	pɨrnowtar	pernowtar	p[ɨ]rnowtar	p[e]rnowtar	0
pernudo	pɨrnudu	pernudu	p[ɨ]rnudu	p[e]rnudu	0
peroba	pɨrobɐ	perɔbɐ	p[ɨ]r[o]bɐ	p[e]r[ɔ]bɐ	0
perolar	pɨrular	perular	p[ɨ]rular	p[e]rular	0
peroleira	pɨrulɐjrɐ	perulɐjrɐ	p[ɨ]rulɐjrɐ	p[e]rulɐjrɐ	0
perolífero	pɨrulifɨru	perulifɨru	p[ɨ]rulifɨru	p[e]rulifɨru	0
perolino	pɨrulinu	perulinu	p[ɨ]rulinu	p[e]rulinu	0
perolizar	pɨrulizar	perulizar	p[ɨ]rulizar	p[e]rulizar	0
peronial	pɨrunjaɫ	peruniaɫ	p[ɨ]run[j]aɫ	p[e]run[i]aɫ	0
perônio	pɨronju	peronju	p[ɨ]ronju	p[e]ronju	0
perónio	pɨrɔnju	perɔnju	p[ɨ]rɔnju	p[e]rɔnju	0
peronismo	pɨruniʒmu	peruniʒmu	p[ɨ]runiʒmu	p[e]runiʒmu	0
peronosporácea	pɨrɔnɔspurasjɐ	perunuʃpurasiɐ	p[ɨ]r[ɔ]nɔ[s]puras[j]ɐ	p[e]r[u]nu[ʃ]puras[i]ɐ	0
peronosporáceas	pɨrɔnɔʃpurasjɐʃ	perunuʃpurasiɐʃ	p[ɨ]r[ɔ]n[ɔ]ʃpuras[j]ɐʃ	p[e]r[u]n[u]ʃpuras[i]ɐʃ	0
peroração	pɨrurɐsɐ̃w̃	perurɐsɐ̃w̃	p[ɨ]rurɐsɐ̃w̃	p[e]rurɐsɐ̃w̃	0
perorador	pɨrurɐdor	perurɐdor	p[ɨ]rurɐdor	p[e]rurɐdor	0
perorar	pɨrurar	perurar	p[ɨ]rurar	p[e]rurar	0
peroxidase	pɨrɔksidazɨ	peruksidazɨ	p[ɨ]r[ɔ]ksidazɨ	p[e]r[u]ksidazɨ	0
peroxídase	pɨrɔksidɐzɨ	peruksidɐzɨ	p[ɨ]r[ɔ]ksidɐzɨ	p[e]r[u]ksidɐzɨ	0
perpassar	pɨrpɐsar	perpɐsar	p[ɨ]rpɐsar	p[e]rpɐsar	0
perpassável	pɨrpɐsavɛɫ	perpɐsavɛɫ	p[ɨ]rpɐsavɛɫ	p[e]rpɐsavɛɫ	0
perpendicularidade	pɨrpẽdikulɐridadɨ	perpẽndikulɐridadɨ	p[ɨ]rpẽdikulɐrid[a]dɨ[]	p[e]rpẽndikulɐr[i]dad[ɨ]	0
perpendicularmente	pɨrpẽdikularmẽtɨ	perpẽndikulɐrmẽntɨ	p[ɨ]rpẽdikularmẽtɨ[]	p[e]rpẽndikulɐrmẽnt[ɨ]	0
perpendicular	pɨrpẽdikular	perpẽndikular	p[ɨ]rpẽdikular[]	p[e]rpẽndikula[r]	0
perpendículo	pɨrpẽdikulu	perpẽndikulu	p[ɨ]rpẽdiku[l]u[]	p[e]rpẽndi[k]ul[u]	0
perpetração	pɨrpɨtrɐsɐ̃w̃	perpɨtrɐsɐ̃w̃	p[ɨ]rpɨtrɐsɐ̃w̃	p[e]rpɨtrɐsɐ̃w̃	0
perpetrador	pɨrpɨtrɐdor	perpɨtrɐdor	p[ɨ]rpɨtrɐdor	p[e]rpɨtrɐdor	0
perpetrar	pɨrpɨtrar	perpɨtrar	p[ɨ]rpɨtrar	p[e]rpɨtrar	0
perpetuação	pɨrpɛtwɐsɐ̃w̃	perpɨtuɐsɐ̃w̃	p[ɨ]rp[ɛ]t[w]ɐsɐ̃w̃	p[e]rp[ɨ]t[u]ɐsɐ̃w̃	0
perpetuado	pɨrpɛtwadu	perpɨtuadu	p[ɨ]rp[ɛ]t[w]adu	p[e]rp[ɨ]t[u]adu	0
perpetuador	pɨrpɛtwɐdor	perpɨtuɐdor	p[ɨ]rp[ɛ]t[w]ɐdor	p[e]rp[ɨ]t[u]ɐdor	0
perpetuar	pɨrpɛtwar	perpɨtuar	p[ɨ]rp[ɛ]t[w]ar	p[e]rp[ɨ]t[u]ar	0
perpétuas	pɨrpɛtwɐʃ	perpɛtuɐʃ	p[ɨ]rpɛt[w]ɐʃ	p[e]rpɛt[u]ɐʃ	0
perpetuidade	pɨrpɛtwidadɨ	perpɨtujdadɨ	p[ɨ]rp[ɛ]tw[i]dadɨ	p[e]rp[ɨ]tu[j]dadɨ	0
perpétuo	pɨrpɛtwu	perpɛtuw	p[ɨ]rpɛt[]w[u]	p[e]rpɛt[u]w[]	0
perpianho	pɨrpjɐɲu	perpiɐ̃ɲu	p[ɨ]rp[j]ɐ[]ɲu	p[e]rp[i]ɐ[̃]ɲu	0
per	pɨr	per	p[ɨ]r	p[e]r	0
perplexamente	pɨrplɛksɐmẽtɨ	perplɛksɐmẽntɨ	p[ɨ]rplɛksɐmẽtɨ[]	p[e]rplɛksɐmẽnt[ɨ]	0
perplexão	pɨrplɛksɐ̃w̃	perplɨksɐ̃w̃	p[ɨ]rpl[ɛ]ksɐ̃w̃	p[e]rpl[ɨ]ksɐ̃w̃	0
perplexidade	pɨrplɛksidadɨ	perplɨksidadɨ	p[ɨ]rpl[ɛ]ksidadɨ	p[e]rpl[ɨ]ksidadɨ	0
perplexo	pɨrplɛksu	perplɛksu	p[ɨ]rplɛksu	p[e]rplɛksu	0
perponte	pɨrpõtɨ	perpõntɨ	p[ɨ]rpõtɨ[]	p[e]rpõnt[ɨ]	0
perponto	pɨrpõtu	perpõntu	p[ɨ]rpõtu[]	p[e]rpõnt[u]	0
perquirição	pɨrkirisɐ̃w̃	perkirisɐ̃w̃	p[ɨ]rkirisɐ̃w̃	p[e]rkirisɐ̃w̃	0
perquiridor	pɨrkiridor	perkiridor	p[ɨ]rkiridor	p[e]rkiridor	0
perquirir	pɨrkirir	perkirir	p[ɨ]rkirir	p[e]rkirir	0
perquisição	pɨrkizisɐ̃w̃	perkizisɐ̃w̃	p[ɨ]rkizisɐ̃w̃	p[e]rkizisɐ̃w̃	0
perquisidor	pɨrkizidor	perkizidor	p[ɨ]rkizidor	p[e]rkizidor	0
perraria	pɨʀɐriɐ	peʀɐriɐ	p[ɨ]ʀɐriɐ	p[e]ʀɐriɐ	0
perrear	pɨʀjar	peʀiar	p[ɨ]ʀ[j]ar	p[e]ʀ[i]ar	0
perreiro	pɨʀɐjru	peʀɐjru	p[ɨ]ʀɐjru	p[e]ʀɐjru	0
perrice	pɨʀisɨ	peʀisɨ	p[ɨ]ʀisɨ	p[e]ʀisɨ	0
perricho	pɨʀiʃu	peʀiʃu	p[ɨ]ʀiʃu	p[e]ʀiʃu	0
perruna	pɨʀunɐ	peʀunɐ	p[ɨ]ʀunɐ	p[e]ʀunɐ	0
perscrutação	pɨrʃkrutɐsɐ̃w̃	perskrutɐsɐ̃w̃	p[ɨ]r[ʃ]krutɐsɐ̃w̃	p[e]r[s]krutɐsɐ̃w̃	0
perscrutador	pɨrʃkrutɐdor	perskrutɐdor	p[ɨ]r[ʃ]krutɐdor	p[e]r[s]krutɐdor	0
perscrutar	pɨrʃkrutar	perskrutar	p[ɨ]r[ʃ]krutar	p[e]r[s]krutar	0
perscrutável	pɨrʃkrutavɛɫ	perskrutavɛɫ	p[ɨ]r[ʃ]krutavɛɫ	p[e]r[s]krutavɛɫ	0
persecução	pɨrsɨkusɐ̃w̃	persɨkusɐ̃w̃	p[ɨ]rsɨkusɐ̃w̃	p[e]rsɨkusɐ̃w̃	0
persecutório	pɨrsɨkutɔrju	persɨkutɔrju	p[ɨ]rsɨkutɔrju	p[e]rsɨkutɔrju	0
perseguição	pɨrsɨɡisɐ̃w̃	persɨɡisɐ̃w̃	p[ɨ]rsɨɡisɐ̃w̃	p[e]rsɨɡisɐ̃w̃	0
perseguido	pɨrsɨɡidu	persɨɡidu	p[ɨ]rsɨɡidu	p[e]rsɨɡidu	0
perseguidor	pɨrsɨɡidor	persɨɡidor	p[ɨ]rsɨɡidor	p[e]rsɨɡidor	0
perseguimento	pɨrsɨɡimẽtu	persɨɡimẽntu	p[ɨ]rsɨɡimẽtu[]	p[e]rsɨɡimẽnt[u]	0
perseguir	pɨrsɨɡir	persɨɡir	p[ɨ]rsɨɡir	p[e]rsɨɡir	0
persevão	pɨrsɨvɐ̃w̃	persɨvɐ̃w̃	p[ɨ]rsɨvɐ̃w̃	p[e]rsɨvɐ̃w̃	0
perseveração	pɨrsɨvɨrɐsɐ̃w̃	persɨverɐsɐ̃w̃	p[ɨ]rsɨv[ɨ]rɐsɐ̃w̃	p[e]rsɨv[e]rɐsɐ̃w̃	0
perseverança	pɨrsɨvɨrɐ̃sɐ	persɨvɨrɐ̃nsɐ	p[ɨ]rsɨvɨrɐ̃[]sɐ	p[e]rsɨvɨrɐ̃[n]sɐ	0
perseverantemente	pɨrsɨvɨrɐ̃tɨmẽtɨ	persɨverɐ̃ntɨmẽntɨ	p[ɨ]rsɨv[ɨ]rɐ̃[]tɨmẽtɨ[]	p[e]rsɨv[e]rɐ̃[n]tɨmẽnt[ɨ]	0
perseverante	pɨrsɨvɨrɐ̃tɨ	persɨvɨrɐ̃ntɨ	p[ɨ]rsɨvɨrɐ̃[]tɨ	p[e]rsɨvɨrɐ̃[n]tɨ	0
perseverar	pɨrsɨvɨrar	persɨvɨrar	p[ɨ]rsɨvɨrar	p[e]rsɨvɨrar	0
persiana	pɨrsjɐnɐ	persiɐ̃nɐ	p[ɨ]rs[j]ɐ[]nɐ	p[e]rs[i]ɐ[̃]nɐ	0
persiano	pɨrsjɐnu	persiɐ̃nu	p[ɨ]rs[j]ɐ[]nu	p[e]rs[i]ɐ[̃]nu	0
persicária-mordaz	pɨrsikarjɐmurdaʃ	persikarɪɐmurdaʃ	p[ɨ]rsikar[j]ɐmurdaʃ	p[e]rsikar[ɪ]ɐmurdaʃ	0
persicária	pɨrsikarjɐ	persikarjɐ	p[ɨ]rsikarjɐ	p[e]rsikarjɐ	0
persigal	pɨrsiɡaɫ	persiɡaɫ	p[ɨ]rsiɡaɫ	p[e]rsiɡaɫ	0
persignação	pɨrsiɡnɐsɐ̃w̃	persiɡnɐsɐ̃w̃	p[ɨ]rsiɡnɐsɐ̃w̃	p[e]rsiɡnɐsɐ̃w̃	0
persignar	pɨrsiɡnar	persiɡnar	p[ɨ]rsiɡnar	p[e]rsiɡnar	0
persistência	pɨrsiʃtẽsjɐ	persiʃtẽnsjɐ	p[ɨ]rsiʃtẽsjɐ[]	p[e]rsiʃtẽnsj[ɐ]	0
persistentemente	pɨrsiʃtẽtɨmẽtɨ	persiʃtẽntɨmẽntɨ	p[ɨ]rsiʃtẽtɨmẽtɨ[]	p[e]rsiʃtẽntɨmẽnt[ɨ]	0
persistente	pɨrsiʃtẽtɨ	persiʃtẽntɨ	p[ɨ]rsiʃtẽtɨ[]	p[e]rsiʃtẽnt[ɨ]	0
persistir	pɨrsiʃtir	persiʃtir	p[ɨ]rsiʃtir	p[e]rsiʃtir	0
personado	pɨrsunadu	persunadu	p[ɨ]rsunadu	p[e]rsunadu	0
personagem	pɨrsunaʒɐ̃j̃	persunaʒɐjn	p[ɨ]rsunaʒɐ[̃]j[̃]	p[e]rsunaʒɐ[]j[n]	0
personagem-tipo	pɨrsunaʒɐ̃j̃tipu	persunaʒɐjntipu	p[ɨ]rsunaʒɐ[̃]j[̃]tipu	p[e]rsunaʒɐ[]j[n]tipu	0
personalidade	pɨrsunɐlidadɨ	persunɐlidadɨ	p[ɨ]rsunɐlidadɨ	p[e]rsunɐlidadɨ	0
personalismo	pɨrsunɐliʒmu	personaliʒmu	p[ɨ]rs[u]n[ɐ]liʒmu	p[e]rs[o]n[a]liʒmu	0
personalíssimo	pɨrsunɐlisimu	persunɐlisimu	p[ɨ]rsunɐlisimu	p[e]rsunɐlisimu	0
personalista	pɨrsunɐliʃtɐ	personaliʃtɐ	p[ɨ]rs[u]n[ɐ]liʃtɐ	p[e]rs[o]n[a]liʃtɐ	0
personalístico	pɨrsunɐliʃtiku	persunɐliʃtiku	p[ɨ]rsunɐliʃtiku	p[e]rsunɐliʃtiku	0
personalização	pɨrsunɐlizɐsɐ̃w̃	persunɐlizɐsɐ̃w̃	p[ɨ]rsunɐlizɐsɐ̃w̃	p[e]rsunɐlizɐsɐ̃w̃	0
personalizado	pɨrsunɐlizadu	persunɐlizadu	p[ɨ]rsunɐlizadu	p[e]rsunɐlizadu	0
personalizador	pɨrsunɐlizɐdor	persunɐlizɐdor	p[ɨ]rsunɐlizɐdor	p[e]rsunɐlizɐdor	0
personalizar	pɨrsunɐlizar	persunɐlizar	p[ɨ]rsunɐlizar	p[e]rsunɐlizar	0
personalizável	pɨrsunɐlizavɛɫ	persunɐlizavɛɫ	p[ɨ]rsunɐlizavɛɫ	p[e]rsunɐlizavɛɫ	0
personificação	pɨrsunifikɐsɐ̃w̃	persunifikɐsɐ̃w̃	p[ɨ]rsunifikɐsɐ̃w̃	p[e]rsunifikɐsɐ̃w̃	0
personificar	pɨrsunifikar	persunifikar	p[ɨ]rsunifikar	p[e]rsunifikar	0
personologia	pɨrsunuluʒiɐ	persunuluʒiɐ	p[ɨ]rsunuluʒiɐ	p[e]rsunuluʒiɐ	0
perspéctico	pɨrʃpɛtiku	perspɛtiku	p[ɨ]r[ʃ]pɛtiku	p[e]r[s]pɛtiku	0
perspectivação	pɨrʃpɛtivɐsɐ̃w̃	perspɛtivɐsɐ̃w̃	p[ɨ]r[ʃ]pɛtivɐsɐ̃w̃	p[e]r[s]pɛtivɐsɐ̃w̃	0
perspectiva	pɨrʃpɛktivɐ	perspɛtivɐ	p[ɨ]r[ʃ]pɛ[k]tivɐ	p[e]r[s]pɛ[]tivɐ	0
perspectivar	pɨrʃpɛtivar	perspɛtivar	p[ɨ]r[ʃ]pɛtivar	p[e]r[s]pɛtivar	0
perspectividade	pɨrʃpɛtividadɨ	perspɛtividadɨ	p[ɨ]r[ʃ]pɛtividadɨ	p[e]r[s]pɛtividadɨ	0
perspectivismo	pɨrʃpɛtiviʒmu	perspɛtiviʒmu	p[ɨ]r[ʃ]pɛtiviʒmu	p[e]r[s]pɛtiviʒmu	0
perspectivista	pɨrʃpɛtiviʃtɐ	perspɛtiviʃtɐ	p[ɨ]r[ʃ]pɛtiviʃtɐ	p[e]r[s]pɛtiviʃtɐ	0
perspectivístico	pɨrʃpɛtiviʃtiku	perspɛtiviʃtiku	p[ɨ]r[ʃ]pɛtiviʃtiku	p[e]r[s]pɛtiviʃtiku	0
perspectivo	pɨrʃpɛtivu	perspɛtivu	p[ɨ]r[ʃ]pɛtivu	p[e]r[s]pɛtivu	0
perspectógrafo	pɨrʃpɛktɔɡrɐfu	perspɛtɔɡrɐfu	p[ɨ]r[ʃ]pɛ[k]tɔɡrɐfu	p[e]r[s]pɛ[]tɔɡrɐfu	0
perspético	pɨrʃpɛtiku	perspɛtiku	p[ɨ]r[ʃ]pɛtiku	p[e]r[s]pɛtiku	0
perspetivação	pɨrʃpɛtivɐsɐ̃w̃	perspɨtivɐsɐ̃w̃	p[ɨ]r[ʃ]p[ɛ]tivɐsɐ̃w̃	p[e]r[s]p[ɨ]tivɐsɐ̃w̃	0
perspetiva	pɨrʃpɛtivɐ	perspɨtivɐ	p[ɨ]r[ʃ]p[ɛ]tivɐ	p[e]r[s]p[ɨ]tivɐ	0
perspetivar	pɨrʃpɛtivar	perspɨtivar	p[ɨ]r[ʃ]p[ɛ]tivar	p[e]r[s]p[ɨ]tivar	0
perspetividade	pɨrʃpɛtividadɨ	perspɨtividadɨ	p[ɨ]r[ʃ]p[ɛ]tividadɨ	p[e]r[s]p[ɨ]tividadɨ	0
perspetivismo	pɨrʃpɛtiviʒmu	perspɨtiviʒmu	p[ɨ]r[ʃ]p[ɛ]tiviʒmu	p[e]r[s]p[ɨ]tiviʒmu	0
perspetivista	pɨrʃpɛtiviʃtɐ	perspɨtiviʃtɐ	p[ɨ]r[ʃ]p[ɛ]tiviʃtɐ	p[e]r[s]p[ɨ]tiviʃtɐ	0
perspetivístico	pɨrʃpɛtiviʃtiku	perspɨtiviʃtiku	p[ɨ]r[ʃ]p[ɛ]tiviʃtiku	p[e]r[s]p[ɨ]tiviʃtiku	0
perspetivo	pɨrʃpɛtivu	perspɨtivu	p[ɨ]r[ʃ]p[ɛ]tivu	p[e]r[s]p[ɨ]tivu	0
perspetógrafo	pɨrʃpɛtɔɡrɐfu	perspɨtɔɡrɐfu	p[ɨ]r[ʃ]p[ɛ]tɔɡrɐfu	p[e]r[s]p[ɨ]tɔɡrɐfu	0
perspicácia	pɨrʃpikasjɐ	perspikasjɐ	p[ɨ]r[ʃ]pikasjɐ	p[e]r[s]pikasjɐ	0
perspicaz	pɨrʃpikaʃ	perspikaʃ	p[ɨ]r[ʃ]pikaʃ	p[e]r[s]pikaʃ	0
perspicuidade	pɨrʃpikwidadɨ	perspikujdadɨ	p[ɨ]r[ʃ]pikw[i]dadɨ	p[e]r[s]piku[j]dadɨ	0
perspícuo	pɨrʃpikwu	perspikuw	p[ɨ]r[ʃ]pik[]w[u]	p[e]r[s]pik[u]w[]	0
perspiração	pɨrʃpirɐsɐ̃w̃	perspirɐsɐ̃w̃	p[ɨ]r[ʃ]pirɐsɐ̃w̃	p[e]r[s]pirɐsɐ̃w̃	0
perspirante	pɨrʃpirɐ̃tɨ	perspirɐ̃ntɨ	p[ɨ]r[ʃ]pirɐ̃[]tɨ	p[e]r[s]pirɐ̃[n]tɨ	0
perspirar	pɨrʃpirar	perspirar	p[ɨ]r[ʃ]pirar	p[e]r[s]pirar	0
perspiratório	pɨrʃpirɐtɔrju	perspirɐtɔrju	p[ɨ]r[ʃ]pirɐtɔrju	p[e]r[s]pirɐtɔrju	0
persuadição	pɨrswɐdisɐ̃w̃	persuɐdisɐ̃w̃	p[ɨ]rs[w]ɐdisɐ̃w̃	p[e]rs[u]ɐdisɐ̃w̃	0
persuadido	pɨrswɐdidu	persuɐdidu	p[ɨ]rs[w]ɐdidu	p[e]rs[u]ɐdidu	0
persuadimento	pɨrswɐdimẽtu	persuɐdimẽntu	p[ɨ]rs[w]ɐdimẽtu[]	p[e]rs[u]ɐdimẽnt[u]	0
persuadir	pɨrswɐdir	persuɐdir	p[ɨ]rs[w]ɐdir	p[e]rs[u]ɐdir	0
persuadível	pɨrswɐdivɛɫ	persuɐdivɛɫ	p[ɨ]rs[w]ɐdivɛɫ	p[e]rs[u]ɐdivɛɫ	0
persuasão	pɨrswazɐ̃w̃	persuɐzɐ̃w̃	p[ɨ]rsw[a]zɐ̃w̃	p[e]rsu[ɐ]zɐ̃w̃	0
persuasiva	pɨrswazivɐ	persuɐzivɐ	p[ɨ]rsw[a]zivɐ	p[e]rsu[ɐ]zivɐ	0
persuasivo	pɨrswazivu	persuɐzivu	p[ɨ]rsw[a]zivu	p[e]rsu[ɐ]zivu	0
persuasória	pɨrswazɔrjɐ	persuɐzɔrjɐ	p[ɨ]rsw[a]zɔrjɐ	p[e]rsu[ɐ]zɔrjɐ	0
persuasório	pɨrswazɔrju	persuɐzɔrju	p[ɨ]rsw[a]zɔrju	p[e]rsu[ɐ]zɔrju	0
persuasor	pɨrswazor	persuɐzor	p[ɨ]rsw[a]zor	p[e]rsu[ɐ]zor	0
pertença	pɨrtẽsɐ	pertẽnsɐ	p[ɨ]rtẽsɐ[]	p[e]rtẽns[ɐ]	0
pertencente	pɨrtẽsẽtɨ	pertẽnsẽntɨ	p[ɨ]rtẽsẽtɨ[]	p[e]rtẽnsẽnt[ɨ]	0
pertence	pɨrtẽsɨ	pertẽnsɨ	p[ɨ]rtẽsɨ[]	p[e]rtẽns[ɨ]	0
pertencer	pɨrtẽser	pertẽnser	p[ɨ]rtẽser[]	p[e]rtẽnse[r]	0
pertentar	pɨrtẽtar	pertẽntar	p[ɨ]rtẽtar[]	p[e]rtẽnta[r]	0
pertinácia	pɨrtinasjɐ	pertinasjɐ	p[ɨ]rtinasjɐ	p[e]rtinasjɐ	0
pertinaz	pɨrtinaʃ	pertinaʃ	p[ɨ]rtinaʃ	p[e]rtinaʃ	0
pertinência	pɨrtinẽsjɐ	pertinẽnsjɐ	p[ɨ]rtinẽsjɐ[]	p[e]rtinẽnsj[ɐ]	0
pertinente	pɨrtinẽtɨ	pertinẽntɨ	p[ɨ]rtinẽtɨ[]	p[e]rtinẽnt[ɨ]	0
pertite	pɨrtitɨ	pertitɨ	p[ɨ]rtitɨ	p[e]rtitɨ	0
pertransir	pɨrtrɐ̃zir	pertrɐ̃nzir	p[ɨ]rtrɐ̃[]zir	p[e]rtrɐ̃[n]zir	0
perturbabilidade	pɨrturbɐbilidadɨ	perturbɐbilidadɨ	p[ɨ]rturbɐbilidadɨ	p[e]rturbɐbilidadɨ	0
perturbação	pɨrturbɐsɐ̃w̃	perturbɐsɐ̃w̃	p[ɨ]rturbɐsɐ̃w̃	p[e]rturbɐsɐ̃w̃	0
perturbado	pɨrturbadu	perturbadu	p[ɨ]rturbadu	p[e]rturbadu	0
perturbador	pɨrturbɐdor	perturbɐdor	p[ɨ]rturbɐdor	p[e]rturbɐdor	0
perturbante	pɨrturbɐ̃tɨ	perturbɐ̃ntɨ	p[ɨ]rturbɐ̃[]tɨ	p[e]rturbɐ̃[n]tɨ	0
perturbar	pɨrturbar	perturbar	p[ɨ]rturbar	p[e]rturbar	0
perturbativo	pɨrturbɐtivu	perturbɐtivu	p[ɨ]rturbɐtivu	p[e]rturbɐtivu	0
perturbatório	pɨrturbɐtɔrju	perturbɐtɔrju	p[ɨ]rturbɐtɔrju	p[e]rturbɐtɔrju	0
perturbável	pɨrturbavɛɫ	perturbavɛɫ	p[ɨ]rturbavɛɫ	p[e]rturbavɛɫ	0
pertússis	pɨrtusiʃ	pertusiʃ	p[ɨ]rtusiʃ	p[e]rtusiʃ	0
peruano	pɨrwɐnu	peruɐ̃nu	p[ɨ]r[w]ɐ[]nu	p[e]r[u]ɐ[̃]nu	0
perua	pɨruɐ	peruɐ	p[ɨ]ruɐ	p[e]ruɐ	0
peruca	pɨrukɐ	perukɐ	p[ɨ]rukɐ	p[e]rukɐ	0
perueiro	pɨrwɐjru	peruɐjru	p[ɨ]r[w]ɐjru	p[e]r[u]ɐjru	0
perulado	pɨruladu	peruladu	p[ɨ]ruladu	p[e]ruladu	0
perusino	pɨruzinu	peruzinu	p[ɨ]ruzinu	p[e]ruzinu	0
peruviano	pɨruvjɐnu	peruviɐ̃nu	p[ɨ]ruv[j]ɐ[]nu	p[e]ruv[i]ɐ[̃]nu	0
pervagar	pɨrvɐɡar	pervɐɡar	p[ɨ]rvɐɡar	p[e]rvɐɡar	0
perversamente	pɨrvɛrsɐmẽtɨ	pervɛrsɐmẽntɨ	p[ɨ]rvɛrsɐmẽtɨ[]	p[e]rvɛrsɐmẽnt[ɨ]	0
perversão	pɨrvɨrsɐ̃w̃	pervɨrsɐ̃w̃	p[ɨ]rvɨrsɐ̃w̃	p[e]rvɨrsɐ̃w̃	0
perversidade	pɨrvɨrsidadɨ	pervɨrsidadɨ	p[ɨ]rvɨrsidadɨ	p[e]rvɨrsidadɨ	0
perversivo	pɨrvɨrsivu	pervɨrsivu	p[ɨ]rvɨrsivu	p[e]rvɨrsivu	0
perverso	pɨrvɛrsu	pervɛrsu	p[ɨ]rvɛrsu	p[e]rvɛrsu	0
perversor	pɨrvɨrsor	pervɨrsor	p[ɨ]rvɨrsor	p[e]rvɨrsor	0
pervertedor	pɨrvɨrtɨdor	pervɨrtɨdor	p[ɨ]rvɨrtɨdor	p[e]rvɨrtɨdor	0
perverter	pɨrvɨrter	pervɨrter	p[ɨ]rvɨrter	p[e]rvɨrter	0
pervertido	pɨrvɨrtidu	pervɨrtidu	p[ɨ]rvɨrtidu	p[e]rvɨrtidu	0
pervicácia	pɨrvikasjɐ	pervikasjɐ	p[ɨ]rvikasjɐ	p[e]rvikasjɐ	0
pervicaz	pɨrvikaʃ	pervikaʃ	p[ɨ]rvikaʃ	p[e]rvikaʃ	0
pervigília	pɨrviʒiljɐ	perviʒiljɐ	p[ɨ]rviʒiljɐ	p[e]rviʒiljɐ	0
pervígil	pɨrviʒiɫ	perviʒiɫ	p[ɨ]rviʒiɫ	p[e]rviʒiɫ	0
pervinca	pɨrvĩkɐ	pervĩnkɐ	p[ɨ]rvĩkɐ[]	p[e]rvĩnk[ɐ]	0
perxina	pɨrʃinɐ	perʃinɐ	p[ɨ]rʃinɐ	p[e]rʃinɐ	0
pesadamente	pɨzadɐmẽtɨ	pezɐdɐmẽntɨ	p[ɨ]z[a]dɐmẽtɨ[]	p[e]z[ɐ]dɐmẽnt[ɨ]	0
pesadão	pɨzɐdɐ̃w̃	pezɐdɐ̃w̃	p[ɨ]zɐdɐ̃w̃	p[e]zɐdɐ̃w̃	0
pesada	pɨzadɐ	pezadɐ	p[ɨ]zadɐ	p[e]zadɐ	0
pesadelo	pɨzɐdelu	pezɐdelu	p[ɨ]zɐdelu	p[e]zɐdelu	0
pesado	pɨzadu	pezadu	p[ɨ]zadu	p[e]zadu	0
pesadora	pɨzɐdorɐ	pezɐdorɐ	p[ɨ]zɐdorɐ	p[e]zɐdorɐ	0
pesador	pɨzɐdor	pezɐdor	p[ɨ]zɐdor	p[e]zɐdor	0
pesadote	pɨzɐdɔtɨ	pezɐdɔtɨ	p[ɨ]zɐdɔtɨ	p[e]zɐdɔtɨ	0
pesadume	pɨzɐdumɨ	pezɐdumɨ	p[ɨ]zɐdumɨ	p[e]zɐdumɨ	0
pesagem	pɨzaʒɐ̃j̃	pezaʒɐjn	p[ɨ]zaʒɐ[̃]j[̃]	p[e]zaʒɐ[]j[n]	0
pesaroso	pɨzɐrozu	pezɐrozu	p[ɨ]zɐrozu	p[e]zɐrozu	0
pescada-bicuda	pɨʃkadɐbikudɐ	peʃkadɐbikudɐ	p[ɨ]ʃkadɐbikudɐ	p[e]ʃkadɐbikudɐ	0
pescada	pɨʃkadɐ	peʃkadɐ	p[ɨ]ʃkadɐ	p[e]ʃkadɐ	0
pescada-preta	pɨʃkadɐpretɐ	peʃkadɐpretɐ	p[ɨ]ʃkadɐpretɐ	p[e]ʃkadɐpretɐ	0
pescadinha	pɨʃkɐdiɲɐ	peʃkɐdiɲɐ	p[ɨ]ʃkɐdiɲɐ	p[e]ʃkɐdiɲɐ	0
pescado	pɨʃkadu	peʃkadu	p[ɨ]ʃkadu	p[e]ʃkadu	0
pescador	pɨʃkɐdor	peʃkɐdor	p[ɨ]ʃkɐdor	p[e]ʃkɐdor	0
pescanço	pɨʃkɐ̃su	peʃkɐ̃nsu	p[ɨ]ʃkɐ̃[]su	p[e]ʃkɐ̃[n]su	0
pescaria	pɨʃkɐriɐ	peʃkɐriɐ	p[ɨ]ʃkɐriɐ	p[e]ʃkɐriɐ	0
pescoçada	pɨʃkusadɐ	peʃkusadɐ	p[ɨ]ʃkusadɐ	p[e]ʃkusadɐ	0
pescoção	pɨʃkusɐ̃w̃	peʃkusɐ̃w̃	p[ɨ]ʃkusɐ̃w̃	p[e]ʃkusɐ̃w̃	0
pescoceira	pɨʃkusɐjrɐ	peʃkusɐjrɐ	p[ɨ]ʃkusɐjrɐ	p[e]ʃkusɐjrɐ	0
pescoço	pɨʃkosu	peʃkosu	p[ɨ]ʃkosu	p[e]ʃkosu	0
pescoço-verde	pɨʃkosuverdɨ	peʃkosuverdɨ	p[ɨ]ʃkosuverdɨ	p[e]ʃkosuverdɨ	0
pesebre	pɨzɛbrɨ	pezebrɨ	p[ɨ]z[ɛ]brɨ	p[e]z[e]brɨ	0
peseta	pɨzetɐ	pezetɐ	p[ɨ]zetɐ	p[e]zetɐ	0
pespegar	pɨʃpɨɡar	peʃpɨɡar	p[ɨ]ʃpɨɡar	p[e]ʃpɨɡar	0
pespego	pɨʃpeɡu	peʃpɛɡu	p[ɨ]ʃp[e]ɡu	p[e]ʃp[ɛ]ɡu	0
pespita	pɨʃpitɐ	peʃpitɐ	p[ɨ]ʃpitɐ	p[e]ʃpitɐ	0
pespontado	pɨʃpõtadu	peʃpõntadu	p[ɨ]ʃpõtadu[]	p[e]ʃpõntad[u]	0
pespontar	pɨʃpõtar	peʃpõntar	p[ɨ]ʃpõtar[]	p[e]ʃpõnta[r]	0
pespontear	pɨʃpõtjar	peʃpõntiar	p[ɨ]ʃpõtjar[]	p[e]ʃpõntia[r]	0
pesponto	pɨʃpõtu	peʃpõntu	p[ɨ]ʃpõtu[]	p[e]ʃpõnt[u]	0
pesporrência	pɨʃpuʀẽsjɐ	peʃpuʀẽnsjɐ	p[ɨ]ʃpuʀẽsjɐ[]	p[e]ʃpuʀẽnsj[ɐ]	0
pesporrente	pɨʃpuʀẽtɨ	peʃpuʀẽntɨ	p[ɨ]ʃpuʀẽtɨ[]	p[e]ʃpuʀẽnt[ɨ]	0
pessário	pɨsarju	pesarju	p[ɨ]sarju	p[e]sarju	0
pessebista	pesebiʃtɐ	pesɨbiʃtɐ	pes[e]biʃtɐ	pes[ɨ]biʃtɐ	0
pessedista	pesediʃtɐ	pesɨdiʃtɐ	pes[e]diʃtɐ	pes[ɨ]diʃtɐ	0
pessegada	pɨsɨɡadɐ	pesɨɡadɐ	p[ɨ]sɨɡadɐ	p[e]sɨɡadɐ	0
pessegal	pɨsɨɡaɫ	pesɨɡaɫ	p[ɨ]sɨɡaɫ	p[e]sɨɡaɫ	0
pessegote	pɨsɨɡɔtɨ	pesɨɡɔtɨ	p[ɨ]sɨɡɔtɨ	p[e]sɨɡɔtɨ	0
pessegueiro	pɨsɨɡɐjru	pesɨɡɐjru	p[ɨ]sɨɡɐjru	p[e]sɨɡɐjru	0
pessepista	pesepiʃtɐ	pesɨpiʃtɐ	pes[e]piʃtɐ	pes[ɨ]piʃtɐ	0
pessinúncio	pɨsinũsju	pesinũnsju	p[ɨ]sinũsju[]	p[e]sinũnsj[u]	0
pessoeiro	pɨswɐjru	pesuɐjru	p[ɨ]s[w]ɐjru	p[e]s[u]ɐjru	0
pessoense	pɨswẽsɨ	pesuẽnsɨ	p[ɨ]swẽsɨ[]	p[e]suẽns[ɨ]	0
pestana	pɨʃtɐnɐ	peʃtɐ̃nɐ	p[ɨ]ʃtɐ[]nɐ	p[e]ʃtɐ[̃]nɐ	0
pestanear	pɨʃtɐnjar	peʃtɐniar	p[ɨ]ʃtɐn[j]ar	p[e]ʃtɐn[i]ar	0
pestanejante	pɨʃtɐnɨʒɐ̃tɨ	peʃtɐnɨʒɐ̃ntɨ	p[ɨ]ʃtɐnɨʒɐ̃[]tɨ	p[e]ʃtɐnɨʒɐ̃[n]tɨ	0
pestanejar	pɨʃtɐnɨʒar	peʃtɐnɨʒar	p[ɨ]ʃtɐnɨʒar	p[e]ʃtɐnɨʒar	0
pestanejo	pɨʃtɐnɐjʒu	peʃtɐneʒu	p[ɨ]ʃtɐnɐ[j]ʒu	p[e]ʃtɐne[]ʒu	0
pestano	pɨʃtɐnu	peʃtɐ̃nu	p[ɨ]ʃtɐ[]nu	p[e]ʃtɐ[̃]nu	0
pestanudo	pɨʃtɐnudu	peʃtɐnudu	p[ɨ]ʃtɐnudu	p[e]ʃtɐnudu	0
pestiferar	pɨʃtifɨrar	peʃtifɨrar	p[ɨ]ʃtifɨrar	p[e]ʃtifɨrar	0
pestífero	pɨʃtifɨru	peʃtifɨru	p[ɨ]ʃtifɨru	p[e]ʃtifɨru	0
pestilencial	pɨʃtilẽsjaɫ	peʃtilẽnsiaɫ	p[ɨ]ʃtilẽsjaɫ[]	p[e]ʃtilẽnsia[ɫ]	0
pestilência	pɨʃtilẽsjɐ	peʃtilẽnsjɐ	p[ɨ]ʃtilẽsjɐ[]	p[e]ʃtilẽnsj[ɐ]	0
pestilencioso	pɨʃtilẽsjozu	peʃtilẽnsiozu	p[ɨ]ʃtilẽsjozu[]	p[e]ʃtilẽnsioz[u]	0
pestilento	pɨʃtilẽtu	peʃtilẽntu	p[ɨ]ʃtilẽtu[]	p[e]ʃtilẽnt[u]	0
pestilo	pɨʃtilu	peʃtilu	p[ɨ]ʃtilu	p[e]ʃtilu	0
pestoso	pɨʃtozu	peʃtozu	p[ɨ]ʃtozu	p[e]ʃtozu	0
petalado	pɨtɐladu	petɐladu	p[ɨ]tɐladu	p[e]tɐladu	0
petaliforme	pɨtɐlifɔrmɨ	petɐlifɔrmɨ	p[ɨ]tɐlifɔrmɨ	p[e]tɐlifɔrmɨ	0
petalita	pɨtɐlitɐ	petɐlitɐ	p[ɨ]tɐlitɐ	p[e]tɐlitɐ	0
petalite	pɨtɐlitɨ	petɐlitɨ	p[ɨ]tɐlitɨ	p[e]tɐlitɨ	0
petaloide	pɨtɐlɔjdɨ	petɐlɔjdɨ	p[ɨ]tɐlɔjdɨ	p[e]tɐlɔjdɨ	0
petalóide	pɨtɐlɔjdɨ	petɐlɔjdɨ	p[ɨ]tɐlɔjdɨ	p[e]tɐlɔjdɨ	0
petarada	pɨtɐradɐ	petɐradɐ	p[ɨ]tɐradɐ	p[e]tɐradɐ	0
petardada	pɨtɐrdadɐ	petɐrdadɐ	p[ɨ]tɐrdadɐ	p[e]tɐrdadɐ	0
petardar	pɨtɐrdar	petɐrdar	p[ɨ]tɐrdar	p[e]tɐrdar	0
petardear	pɨtɐrdjar	petɐrdiar	p[ɨ]tɐrd[j]ar	p[e]tɐrd[i]ar	0
petardeiro	pɨtɐrdɐjru	petɐrdɐjru	p[ɨ]tɐrdɐjru	p[e]tɐrdɐjru	0
petardo	pɨtardu	petardu	p[ɨ]tardu	p[e]tardu	0
petarola	pɨtɐrɔlɐ	petɐrɔlɐ	p[ɨ]tɐrɔlɐ	p[e]tɐrɔlɐ	0
petarolar	pɨtɐrular	petɐrular	p[ɨ]tɐrular	p[e]tɐrular	0
petaurista	pɨtawriʃtɐ	petawriʃtɐ	p[ɨ]tawriʃtɐ	p[e]tawriʃtɐ	0
petauristário	pɨtawriʃtarju	petawriʃtarju	p[ɨ]tawriʃtarju	p[e]tawriʃtarju	0
petavionense	pɨtɐvjunẽsɨ	petɐvjunẽnsɨ	p[ɨ]tɐvjunẽsɨ[]	p[e]tɐvjunẽns[ɨ]	0
petear	pɨtjar	petiar	p[ɨ]t[j]ar	p[e]t[i]ar	0
petebista	petebiʃtɐ	petɨbiʃtɐ	pet[e]biʃtɐ	pet[ɨ]biʃtɐ	0
peteca	pɨtɛkɐ	petɛkɐ	p[ɨ]tɛkɐ	p[e]tɛkɐ	0
petegar	pɨtɨɡar	petɨɡar	p[ɨ]tɨɡar	p[e]tɨɡar	0
peteiro	pɨtɐjru	petɐjru	p[ɨ]tɐjru	p[e]tɐjru	0
petelino	pɨtɨlinu	petɨlinu	p[ɨ]tɨlinu	p[e]tɨlinu	0
petequial	pɨtɨkjaɫ	petɨkiaɫ	p[ɨ]tɨk[j]aɫ	p[e]tɨk[i]aɫ	0
petéquia	pɨtɛkjɐ	petɛkiɐ	p[ɨ]tɛk[j]ɐ	p[e]tɛk[i]ɐ	0
petição	pɨtisɐ̃w̃	petisɐ̃w̃	p[ɨ]tisɐ̃w̃	p[e]tisɐ̃w̃	0
peticar	pɨtiku	petikar	p[ɨ]tiku[]	p[e]tika[r]	0
peticego	pɨtisɛɡu	petisɛɡu	p[ɨ]tisɛɡu	p[e]tisɛɡu	0
peticionário	pɨtisjunarju	petisjunarju	p[ɨ]tisjunarju	p[e]tisjunarju	0
peticionar	pɨtisjunar	petisjunar	p[ɨ]tisjunar	p[e]tisjunar	0
petico	pɨtiku	petiku	p[ɨ]tiku	p[e]tiku	0
petimetre	pɨtimɛtrɨ	petimɛtrɨ	p[ɨ]timɛtrɨ	p[e]timɛtrɨ	0
petinga	pɨtĩɡɐ	petĩnɡɐ	p[ɨ]tĩɡɐ[]	p[e]tĩnɡ[ɐ]	0
petinha	pɨtiɲɐ	petiɲɐ	p[ɨ]tiɲɐ	p[e]tiɲɐ	0
petintal	pɨtĩtaɫ	petĩntaɫ	p[ɨ]tĩtaɫ[]	p[e]tĩnta[ɫ]	0
petipé	pɨtipɛ	petipɛ	p[ɨ]tipɛ	p[e]tipɛ	0
petiscador	pɨtiʃkɐdor	petiʃkɐdor	p[ɨ]tiʃkɐdor	p[e]tiʃkɐdor	0
petisca	pɨtiʃkɐ	petiʃkɐ	p[ɨ]tiʃkɐ	p[e]tiʃkɐ	0
petiscar	pɨtiʃkar	petiʃkar	p[ɨ]tiʃkar	p[e]tiʃkar	0
petisco	pɨtiʃku	petiʃku	p[ɨ]tiʃku	p[e]tiʃku	0
petisqueira	pɨtiʃkɐjrɐ	petiʃkɐjrɐ	p[ɨ]tiʃkɐjrɐ	p[e]tiʃkɐjrɐ	0
petisseco	pɨtiseku	petisɛku	p[ɨ]tis[e]ku	p[e]tis[ɛ]ku	0
petitar	pɨtitar	petitar	p[ɨ]titar	p[e]titar	0
petitório	pɨtitɔrju	petitɔrju	p[ɨ]titɔrju	p[e]titɔrju	0
petizada	pɨtizadɐ	petizadɐ	p[ɨ]tizadɐ	p[e]tizadɐ	0
petrarquesco	pɨtrɐrkeʃku	petrɐrkeʃku	p[ɨ]trɐrkeʃku	p[e]trɐrkeʃku	0
petrarquiano	pɨtrɐrkjɐnu	petrɐrkiɐ̃nu	p[ɨ]trɐrk[j]ɐ[]nu	p[e]trɐrk[i]ɐ[̃]nu	0
petrarquismo	pɨtrɐrkiʒmu	petrɐrkiʒmu	p[ɨ]trɐrkiʒmu	p[e]trɐrkiʒmu	0
petrarquista	pɨtrɐrkiʃtɐ	petrɐrkiʃtɐ	p[ɨ]trɐrkiʃtɐ	p[e]trɐrkiʃtɐ	0
petrarquizar	pɨtrɐrkizar	petrɐrkizar	p[ɨ]trɐrkizar	p[e]trɐrkizar	0
petrechamento	pɨtrɨʃɐmẽtu	petrɛʃɐmẽntu	p[ɨ]tr[ɨ]ʃɐmẽtu[]	p[e]tr[ɛ]ʃɐmẽnt[u]	0
petrechar	pɨtrɨʃar	petrɛʃar	p[ɨ]tr[ɨ]ʃar	p[e]tr[ɛ]ʃar	0
petrechos	pɨtrɐjʃuʃ	petreʃuʃ	p[ɨ]trɐ[j]ʃuʃ	p[e]tre[]ʃuʃ	0
petrícola	pɨtrikulɐ	petrikulɐ	p[ɨ]trikulɐ	p[e]trikulɐ	0
petrificação	pɨtrifikɐsɐ̃w̃	petrifikɐsɐ̃w̃	p[ɨ]trifikɐsɐ̃w̃	p[e]trifikɐsɐ̃w̃	0
petrificado	pɨtrifikadu	petrifikadu	p[ɨ]trifikadu	p[e]trifikadu	0
petrificador	pɨtrifikɐdor	petrifikɐdor	p[ɨ]trifikɐdor	p[e]trifikɐdor	0
petrificante	pɨtrifikɐ̃tɨ	petrifikɐ̃ntɨ	p[ɨ]trifikɐ̃[]tɨ	p[e]trifikɐ̃[n]tɨ	0
petrificar	pɨtrifikar	petrifikar	p[ɨ]trifikar	p[e]trifikar	0
petrificável	pɨtrifikavɛɫ	petrifikavɛɫ	p[ɨ]trifikavɛɫ	p[e]trifikavɛɫ	0
petrífico	pɨtrifiku	petrifiku	p[ɨ]trifiku	p[e]trifiku	0
petrina	pɨtrinɐ	petrinɐ	p[ɨ]trinɐ	p[e]trinɐ	0
petróglifo	pɨtrɔɡlifu	petrɔɡlifu	p[ɨ]trɔɡlifu	p[e]trɔɡlifu	0
petrografia	pɨtruɡrɐfiɐ	petruɡrɐfiɐ	p[ɨ]truɡrɐfiɐ	p[e]truɡrɐfiɐ	0
petrográfico	pɨtruɡrafiku	petruɡrafiku	p[ɨ]truɡrafiku	p[e]truɡrafiku	0
petrografista	pɨtruɡrɐfiʃtɐ	petruɡrɐfiʃtɐ	p[ɨ]truɡrɐfiʃtɐ	p[e]truɡrɐfiʃtɐ	0
petrógrafo	pɨtrɔɡrɐfu	petrɔɡrɐfu	p[ɨ]trɔɡrɐfu	p[e]trɔɡrɐfu	0
petrolaria	pɨtrulɐriɐ	petrulɐriɐ	p[ɨ]trulɐriɐ	p[e]trulɐriɐ	0
petroleado	pɨtruljadu	petruliadu	p[ɨ]trul[j]adu	p[e]trul[i]adu	0
petrolear	pɨtruljar	petruliar	p[ɨ]trul[j]ar	p[e]trul[i]ar	0
petroleína	pɨtrulɐinɐ	petrulɨinɐ	p[ɨ]trul[ɐ]inɐ	p[e]trul[ɨ]inɐ	0
petroleiro	pɨtrulɐjru	petrulɐjru	p[ɨ]trulɐjru	p[e]trulɐjru	0
petróleo	pɨtrɔlju	petrɔliw	p[ɨ]trɔlj[u]	p[e]trɔli[w]	0
petrolífero	pɨtrulifɨru	petrulifɨru	p[ɨ]trulifɨru	p[e]trulifɨru	0
petrolista	pɨtruliʃtɐ	petruliʃtɐ	p[ɨ]truliʃtɐ	p[e]truliʃtɐ	0
petrologia	pɨtruluʒiɐ	petruluʒiɐ	p[ɨ]truluʒiɐ	p[e]truluʒiɐ	0
petrologista	pɨtruluʒiʃtɐ	petruluʒiʃtɐ	p[ɨ]truluʒiʃtɐ	p[e]truluʒiʃtɐ	0
petrônio	pɨtronju	petronju	p[ɨ]tronju	p[e]tronju	0
petrónio	pɨtrɔnju	petrɔnju	p[ɨ]trɔnju	p[e]trɔnju	0
petroso	pɨtrozu	petrozu	p[ɨ]trozu	p[e]trozu	0
petulância	pɨtulɐ̃sjɐ	petulɐ̃nsjɐ	p[ɨ]tulɐ̃[]sjɐ	p[e]tulɐ̃[n]sjɐ	0
petulante	pɨtulɐ̃tɨ	petulɐ̃ntɨ	p[ɨ]tulɐ̃[]tɨ	p[e]tulɐ̃[n]tɨ	0
petúnia	pɨtunjɐ	petunjɐ	p[ɨ]tunjɐ	p[e]tunjɐ	0
pevide	pɨvidɨ	pevidɨ	p[ɨ]vidɨ	p[e]vidɨ	0
pevidoso	pɨvidozu	pevidozu	p[ɨ]vidozu	p[e]vidozu	0
pevitada	pɨvitadɐ	pevitadɐ	p[ɨ]vitadɐ	p[e]vitadɐ	0
pezenho	pɨzɐjɲu	pezeɲu	p[ɨ]zɐ[j]ɲu	p[e]ze[]ɲu	0
piemontês	pjemõteʃ	piɨmõnteʃ	pj[e]mõteʃ[]	pi[ɨ]mõnte[ʃ]	0
pisco-ferreiro	piʃkufɨʀɐjru	piʃkufeʀɐjru	piʃkuf[ɨ]ʀɐjru	piʃkuf[e]ʀɐjru	0
pistola-metralhadora	piʃtɔlɐmɨtrɨʎɐdorɐ	piʃtɔlɐmetrɐʎɐdorɐ	piʃtɔlɐm[ɨ]tr[ɨ]ʎɐdorɐ	piʃtɔlɐm[e]tr[ɐ]ʎɐdorɐ	0
pito-verdeal	pituvɨrdjaɫ	pituverdiaɫ	pituv[ɨ]rd[j]aɫ	pituv[e]rd[i]aɫ	0
planejador	plɐnɨʒɐdor	plɐneʒɐdor	plɐn[ɨ]ʒɐdor	plɐn[e]ʒɐdor	0
planejamento	plɐnɨʒɐmẽtu	plɐneʒɐmẽntu	plɐn[ɨ]ʒɐmẽtu[]	plɐn[e]ʒɐmẽnt[u]	0
planetarização	plɐnɨtɐrizɐsɐ̃w̃	plɐnetɐrizɐsɐ̃w̃	plɐn[ɨ]tɐrizɐsɐ̃w̃	plɐn[e]tɐrizɐsɐ̃w̃	0
planetesimal	plɐnɨtɛzimaɫ	plɐnetɨzimaɫ	plɐn[ɨ]t[ɛ]zimaɫ	plɐn[e]t[ɨ]zimaɫ	0
planetografia	plɐnɨtuɡrɐfiɐ	plɐnetuɡrɐfiɐ	plɐn[ɨ]tuɡrɐfiɐ	plɐn[e]tuɡrɐfiɐ	0
planetográfico	plɐnɨtuɡrafiku	plɐnetuɡrafiku	plɐn[ɨ]tuɡrafiku	plɐn[e]tuɡrafiku	0
planetologia	plɐnɨtuluʒiɐ	plɐnetuluʒiɐ	plɐn[ɨ]tuluʒiɐ	plɐn[e]tuluʒiɐ	0
planetológico	plɐnɨtulɔʒiku	plɐnetulɔʒiku	plɐn[ɨ]tulɔʒiku	plɐn[e]tulɔʒiku	0
plebeado	plɨbjadu	plebiadu	pl[ɨ]b[j]adu	pl[e]b[i]adu	0
plebeidade	plɨbɐjdadɨ	plebɐjdadɨ	pl[ɨ]bɐjdadɨ	pl[e]bɐjdadɨ	0
plebeísmo	plɨbɐiʒmu	plebɨiʒmu	pl[ɨ]b[ɐ]iʒmu	pl[e]b[ɨ]iʒmu	0
plebeização	plɨbɐizɐsɐ̃w̃	plebɐjzɐsɐ̃w̃	pl[ɨ]bɐ[i]zɐsɐ̃w̃	pl[e]bɐ[j]zɐsɐ̃w̃	0
plebeizar	plɨbɐizar	plebɐjzar	pl[ɨ]bɐ[i]zar	pl[e]bɐ[j]zar	0
plebiscitário	plɨbiʃsitarju	plebiʃsitarju	pl[ɨ]biʃsitarju	pl[e]biʃsitarju	0
plebiscitar	plɨbiʃsitar	plebiʃsitar	pl[ɨ]biʃsitar	pl[e]biʃsitar	0
plebiscito	plɨbiʃsitu	plebiʃsitu	pl[ɨ]biʃsitu	pl[e]biʃsitu	0
plenamente	plenɐmẽtɨ	plɨnɐmẽntɨ	pl[e]nɐmẽtɨ[]	pl[ɨ]nɐmẽnt[ɨ]	0
plenário	plɨnarju	plenarju	pl[ɨ]narju	pl[e]narju	0
plenidão	plɨnidɐ̃w̃	plenidɐ̃w̃	pl[ɨ]nidɐ̃w̃	pl[e]nidɐ̃w̃	0
plenificar	plɨnifikar	plenifikar	pl[ɨ]nifikar	pl[e]nifikar	0
plenismo	plɨniʒmu	pleniʒmu	pl[ɨ]niʒmu	pl[e]niʒmu	0
plenista	plɨniʃtɐ	pleniʃtɐ	pl[ɨ]niʃtɐ	pl[e]niʃtɐ	0
plenitude	plɨnitudɨ	plenitudɨ	pl[ɨ]nitudɨ	pl[e]nitudɨ	0
pleroma	plɨromɐ	pleromɐ	pl[ɨ]romɐ	pl[e]romɐ	0
plestino	plɨʃtinu	pleʃtinu	pl[ɨ]ʃtinu	pl[e]ʃtinu	0
pletismógrafo	plɨtiʒmɔɡrɐfu	pletiʒmɔɡrɐfu	pl[ɨ]tiʒmɔɡrɐfu	pl[e]tiʒmɔɡrɐfu	0
pluricelular	plurisɨlular	pluriselular	pluris[ɨ]lular	pluris[e]lular	0
plurissecular	plurisɨkular	plurisekular	pluris[ɨ]kular	pluris[e]kular	0
plurisseriado	plurisɨrjadu	pluriseriadu	pluris[ɨ]r[j]adu	pluris[e]r[i]adu	0
poemeto	pwemetu	puɨmetu	pw[e]metu	pu[ɨ]metu	0
polimerização	pulimɨrizɐsɐ̃w̃	pulimerizɐsɐ̃w̃	pulim[ɨ]rizɐsɐ̃w̃	pulim[e]rizɐsɐ̃w̃	0
polimerizado	pulimɨrizadu	pulimerizadu	pulim[ɨ]rizadu	pulim[e]rizadu	0
polimerizar	pulimɨrizar	pulimerizar	pulim[ɨ]rizar	pulim[e]rizar	0
porta-bebês	pɔrtɐbebeʃ	pɔrtɐbɨbeʃ	pɔrtɐb[e]beʃ	pɔrtɐb[ɨ]beʃ	0
porta-negativos	pɔrtɐnɨɡɐtivuʃ	pɔrtɐneɡɐtivuʃ	pɔrtɐn[ɨ]ɡɐtivuʃ	pɔrtɐn[e]ɡɐtivuʃ	0
porta-recados	pɔrtɐʀɨkaduʃ	pɔrtɐʀekaduʃ	pɔrtɐʀ[ɨ]kaduʃ	pɔrtɐʀ[e]kaduʃ	0
porta-retratos	pɔrtɐʀɨtratuʃ	pɔrtɐʀetratuʃ	pɔrtɐʀ[ɨ]tratuʃ	pɔrtɐʀ[e]tratuʃ	0
porta-revistas	pɔrtɐʀɨviʃtɐʃ	pɔrtɐʀeviʃtɐʃ	pɔrtɐʀ[ɨ]viʃtɐʃ	pɔrtɐʀ[e]viʃtɐʃ	0
porto-velhense	portuvɨʎẽsɨ	portuveʎẽnsɨ	portuv[ɨ]ʎẽsɨ[]	portuv[e]ʎẽns[ɨ]	0
portuguesmente	purtuɡeʒmẽtɨ	purtuɡɨʒmẽntɨ	purtuɡ[e]ʒmẽtɨ[]	purtuɡ[ɨ]ʒmẽnt[ɨ]	0
pós-meridiano	pɔʒmɨridjɐnu	pɔʒmeridiɐ̃nu	pɔʒm[ɨ]rid[j]ɐ[]nu	pɔʒm[e]rid[i]ɐ[̃]nu	0
posta-restante	pɔʃtɐʀɨʃtɐ̃tɨ	pɔʃtɐʀeʃtɐ̃ntɨ	pɔʃtɐʀ[ɨ]ʃtɐ̃[]tɨ	pɔʃtɐʀ[e]ʃtɐ̃[n]tɨ	0
pouca-vergonha	powkɐvɨrɡoɲɐ	powkɐverɡõɲɐ	powkɐv[ɨ]rɡo[]ɲɐ	powkɐv[e]rɡo[̃]ɲɐ	0
prebendado	prɨbẽdadu	prebẽndadu	pr[ɨ]bẽd[a]du[]	pr[e]bẽ[n]dad[u]	0
prebenda	prɨbẽdɐ	prebẽndɐ	pr[ɨ]bẽdɐ[]	pr[e]bẽnd[ɐ]	0
prebendário	prɨbẽdarju	prebẽndarju	pr[ɨ]bẽdarju[]	pr[e]bẽndarj[u]	0
prebendar	prɨbẽdar	prebẽndar	pr[ɨ]bẽdar[]	pr[e]bẽnda[r]	0
prebendeiro	prɨbẽdɐjru	prebẽndɐjru	pr[ɨ]bẽdɐjru[]	pr[e]bẽndɐjr[u]	0
prebostado	prɨbɔʃtadu	prebuʃtadu	pr[ɨ]b[ɔ]ʃtadu	pr[e]b[u]ʃtadu	0
prebostal	prɨbɔʃtaɫ	prebuʃtaɫ	pr[ɨ]b[ɔ]ʃtaɫ	pr[e]b[u]ʃtaɫ	0
preboste	prɨbɔʃtɨ	prebɔʃtɨ	pr[ɨ]bɔʃtɨ	pr[e]bɔʃtɨ	0
precação	prɨkɐsɐ̃w̃	prekɐsɐ̃w̃	pr[ɨ]kɐsɐ̃w̃	pr[e]kɐsɐ̃w̃	0
precantar	prɨkɐ̃tar	prekɐ̃ntar	pr[ɨ]kɐ̃[]tar	pr[e]kɐ̃[n]tar	0
precariedade	prɨkɐrjɛdadɨ	prekɐriɨdadɨ	pr[ɨ]kɐrj[ɛ]dadɨ	pr[e]kɐri[ɨ]dadɨ	0
precário	prɨkarju	prekarju	pr[ɨ]karju	pr[e]karju	0
preçário	prɨsarju	presarju	pr[ɨ]sarju	pr[e]sarju	0
precarização	prɨkɐrizɐsɐ̃w̃	prekɐrizɐsɐ̃w̃	pr[ɨ]kɐrizɐsɐ̃w̃	pr[e]kɐrizɐsɐ̃w̃	0
precarizar	prɨkɐrizar	prekɐrizar	pr[ɨ]kɐrizar	pr[e]kɐrizar	0
precatado	prɨkɐtadu	prekɐtadu	pr[ɨ]kɐtadu	pr[e]kɐtadu	0
precatar	prɨkɐtar	prekɐtar	pr[ɨ]kɐtar	pr[e]kɐtar	0
precatória	prɨkɐtɔrjɐ	prekɐtɔrjɐ	pr[ɨ]kɐtɔrjɐ	pr[e]kɐtɔrjɐ	0
precatório	prɨkɐtɔrju	prekɐtɔrju	pr[ɨ]kɐtɔrju	pr[e]kɐtɔrju	0
precaução	prɨkawsɐ̃w̃	prekawsɐ̃w̃	pr[ɨ]kawsɐ̃w̃	pr[e]kawsɐ̃w̃	0
precaucionado	prɨkawsjunadu	prekawsjunadu	pr[ɨ]kawsjunadu	pr[e]kawsjunadu	0
precaucional	prɨkawsjunaɫ	prekawsjunaɫ	pr[ɨ]kawsjunaɫ	pr[e]kawsjunaɫ	0
precaucionar	prɨkawsjunar	prekawsjunar	pr[ɨ]kawsjunar	pr[e]kawsjunar	0
precaucioso	prɨkawsjozu	prekawsiozu	pr[ɨ]kaws[j]ozu	pr[e]kaws[i]ozu	0
precautelar	prɨkawtɨlar	prekawtɨlar	pr[ɨ]kawtɨlar	pr[e]kawtɨlar	0
precautório	prɨkawtɔrju	prekawtɔrju	pr[ɨ]kawtɔrju	pr[e]kawtɔrju	0
precaver	prɨkɐver	prekɐver	pr[ɨ]kɐver	pr[e]kɐver	0
precavido	prɨkɐvidu	prekɐvidu	pr[ɨ]kɐvidu	pr[e]kɐvidu	0
precedência	prɨsɨdẽsjɐ	presɨdẽnsjɐ	pr[ɨ]sɨdẽsjɐ[]	pr[e]sɨdẽnsj[ɐ]	0
precedentemente	prɨsɨdẽtɨmẽtɨ	presɨdẽntɨmẽntɨ	pr[ɨ]sɨdẽtɨmẽtɨ[]	pr[e]sɨdẽntɨmẽnt[ɨ]	0
precedente	prɨsɨdẽtɨ	presɨdẽntɨ	pr[ɨ]sɨdẽtɨ[]	pr[e]sɨdẽnt[ɨ]	0
preceder	prɨsɨder	presɨder	pr[ɨ]sɨder	pr[e]sɨder	0
preceito	prɨsɐjtu	presɐjtu	pr[ɨ]sɐjtu	pr[e]sɐjtu	0
preceitor	prɨsɐjtor	presɐjtor	pr[ɨ]sɐjtor	pr[e]sɐjtor	0
preceituação	prɨsɐjtwɐsɐ̃w̃	presɐjtuɐsɐ̃w̃	pr[ɨ]sɐjt[w]ɐsɐ̃w̃	pr[e]sɐjt[u]ɐsɐ̃w̃	0
preceituado	prɨsɐjtwadu	presɐjtuadu	pr[ɨ]sɐjt[w]adu	pr[e]sɐjt[u]adu	0
preceituador	prɨsɐjtwɐdor	presɐjtuɐdor	pr[ɨ]sɐjt[w]ɐdor	pr[e]sɐjt[u]ɐdor	0
preceituário	prɨsɐjtwarju	presɐjtwarju	pr[ɨ]sɐjtwarju	pr[e]sɐjtwarju	0
preceituar	prɨsɐjtwar	presɐjtuar	pr[ɨ]sɐjt[w]ar	pr[e]sɐjt[u]ar	0
preceituoso	prɨsɐjtwozu	presɐjtwozu	pr[ɨ]sɐjtwozu	pr[e]sɐjtwozu	0
preceptivamente	prɨsɛtivɐmẽtɨ	presɨptivɐmẽntɨ	pr[ɨ]sɛ[]tivɐmẽtɨ[]	pr[e]sɨ[p]tivɐmẽnt[ɨ]	0
preceptivo	prɨsɛtivu	presɨptivu	pr[ɨ]sɛ[]tivu	pr[e]sɨ[p]tivu	0
preceptorado	prɨsɛturadu	presɨpturadu	pr[ɨ]sɛ[]turadu	pr[e]sɨ[p]turadu	0
preceptoral	prɨsɛturaɫ	presɨpturaɫ	pr[ɨ]sɛ[]turaɫ	pr[e]sɨ[p]turaɫ	0
preceptorial	prɨsɛturjaɫ	presɨpturiaɫ	pr[ɨ]sɛ[]tur[j]aɫ	pr[e]sɨ[p]tur[i]aɫ	0
preceptoria	prɨsɛturiɐ	presɨpturiɐ	pr[ɨ]sɛ[]turiɐ	pr[e]sɨ[p]turiɐ	0
preceptor	prɨsɛptor	presɨptor	pr[ɨ]s[ɛ]ptor	pr[e]s[ɨ]ptor	0
precessão	prɨsɨsɐ̃w̃	presɨsɐ̃w̃	pr[ɨ]sɨsɐ̃w̃	pr[e]sɨsɐ̃w̃	0
precetivamente	prɨsɛtivɐmẽtɨ	presɨtivɐmẽntɨ	pr[ɨ]s[ɛ]tivɐmẽtɨ[]	pr[e]s[ɨ]tivɐmẽnt[ɨ]	0
precetivo	prɨsɛtivu	presɨtivu	pr[ɨ]s[ɛ]tivu	pr[e]s[ɨ]tivu	0
precetorado	prɨsɛturadu	presɨturadu	pr[ɨ]s[ɛ]turadu	pr[e]s[ɨ]turadu	0
precetoral	prɨsɛturaɫ	presɨturaɫ	pr[ɨ]s[ɛ]turaɫ	pr[e]s[ɨ]turaɫ	0
precetorial	prɨsɛturjaɫ	presɨturiaɫ	pr[ɨ]s[ɛ]tur[j]aɫ	pr[e]s[ɨ]tur[i]aɫ	0
precetoria	prɨsɛturiɐ	presɨturiɐ	pr[ɨ]s[ɛ]turiɐ	pr[e]s[ɨ]turiɐ	0
precetor	prɨsɛtor	presɨtor	pr[ɨ]s[ɛ]tor	pr[e]s[ɨ]tor	0
precificar	prɨsifikar	presifikar	pr[ɨ]sifikar	pr[e]sifikar	0
precinção	prɨsĩsɐ̃w̃	presĩnsɐ̃w̃	pr[ɨ]sĩsɐ̃[w]̃[]	pr[e]sĩns[ɐ]̃w[̃]	0
precingir	prɨsĩʒir	presĩnʒir	pr[ɨ]sĩʒir[]	pr[e]sĩnʒi[r]	0
precinta	prɨsĩtɐ	presĩntɐ	pr[ɨ]sĩtɐ[]	pr[e]sĩnt[ɐ]	0
precintar	prɨsĩtar	presĩntar	pr[ɨ]sĩtar[]	pr[e]sĩnta[r]	0
precinto	prɨsĩtu	presĩntu	pr[ɨ]sĩtu[]	pr[e]sĩnt[u]	0
preciosamente	prɨsjɔzɐmẽtɨ	presiɔzɐmẽntɨ	pr[ɨ]s[j]ɔzɐmẽtɨ[]	pr[e]s[i]ɔzɐmẽnt[ɨ]	0
preciosa	prɨsjɔzɐ	presiɔzɐ	pr[ɨ]s[j]ɔzɐ	pr[e]s[i]ɔzɐ	0
preciosidade	prɨsjuzidadɨ	presiuzidadɨ	pr[ɨ]s[j]uzidadɨ	pr[e]s[i]uzidadɨ	0
preciosismo	prɨsjuziʒmu	presiuziʒmu	pr[ɨ]s[j]uziʒmu	pr[e]s[i]uziʒmu	0
preciosista	prɨsjuziʃtɐ	presiuziʃtɐ	pr[ɨ]s[j]uziʃtɐ	pr[e]s[i]uziʃtɐ	0
preciosístico	prɨsjuziʃtiku	presiuziʃtiku	pr[ɨ]s[j]uziʃtiku	pr[e]s[i]uziʃtiku	0
precioso	prɨsjozu	presiozu	pr[ɨ]s[j]ozu	pr[e]s[i]ozu	0
precipício	prɨsipisju	presipisju	pr[ɨ]sipisju	pr[e]sipisju	0
precipitação	prɨsipitɐsɐ̃w̃	presipitɐsɐ̃w̃	pr[ɨ]sipitɐsɐ̃w̃	pr[e]sipitɐsɐ̃w̃	0
precipitadamente	prɨsipitadɐmẽtɨ	presipitɐdɐmẽntɨ	pr[ɨ]sipit[a]dɐmẽtɨ[]	pr[e]sipit[ɐ]dɐmẽnt[ɨ]	0
precipitado	prɨsipitadu	presipitadu	pr[ɨ]sipitadu	pr[e]sipitadu	0
precipitante	prɨsipitɐ̃tɨ	presipitɐ̃ntɨ	pr[ɨ]sipitɐ̃[]tɨ	pr[e]sipitɐ̃[n]tɨ	0
precipitar	prɨsipitar	presipitar	pr[ɨ]sipitar	pr[e]sipitar	0
precipitável	prɨsipitavɛɫ	presipitavɛɫ	pr[ɨ]sipitavɛɫ	pr[e]sipitavɛɫ	0
precípite	prɨsipitɨ	presipitɨ	pr[ɨ]sipitɨ	pr[e]sipitɨ	0
precipitina	prɨsipitinɐ	presipitinɐ	pr[ɨ]sipitinɐ	pr[e]sipitinɐ	0
precipitoso	prɨsipitozu	presipitozu	pr[ɨ]sipitozu	pr[e]sipitozu	0
precípuo	prɨsipwu	presipuw	pr[ɨ]sip[]w[u]	pr[e]sip[u]w[]	0
precito	prɨsitu	presitu	pr[ɨ]situ	pr[e]situ	0
precocemente	prɨkɔsɨmẽtɨ	prekɔsɨmẽntɨ	pr[ɨ]kɔsɨmẽtɨ[]	pr[e]kɔsɨmẽnt[ɨ]	0
precoce	prɨkɔsɨ	prekɔsɨ	pr[ɨ]kɔsɨ	pr[e]kɔsɨ	0
precocidade	prɨkusidadɨ	prekusidadɨ	pr[ɨ]kusidadɨ	pr[e]kusidadɨ	0
precogitar	prɨkuʒitar	prekuʒitar	pr[ɨ]kuʒitar	pr[e]kuʒitar	0
preconceber	prɨkõsɨber	prekõnsɨber	pr[ɨ]kõsɨber[]	pr[e]kõnsɨbe[r]	0
preconcebido	prɨkõsɨbidu	prekõnsɨbidu	pr[ɨ]kõsɨbidu[]	pr[e]kõnsɨbid[u]	0
preconceito	prɨkõsɐjtu	prekõnsɐjtu	pr[ɨ]kõsɐjtu[]	pr[e]kõnsɐjt[u]	0
preconceituoso	prɨkõsɐjtwozu	prekõnsɐjtwozu	pr[ɨ]kõsɐjtwozu[]	pr[e]kõnsɐjtwoz[u]	0
preconização	prɨkunizɐsɐ̃w̃	prekunizɐsɐ̃w̃	pr[ɨ]kunizɐsɐ̃w̃	pr[e]kunizɐsɐ̃w̃	0
preconizado	prɨkunizadu	prekunizadu	pr[ɨ]kunizadu	pr[e]kunizadu	0
preconizador	prɨkunizɐdor	prekunizɐdor	pr[ɨ]kunizɐdor	pr[e]kunizɐdor	0
preconizar	prɨkunizar	prekunizar	pr[ɨ]kunizar	pr[e]kunizar	0
precursão	prɨkursɐ̃w̃	prekursɐ̃w̃	pr[ɨ]kursɐ̃w̃	pr[e]kursɐ̃w̃	0
precursor	prɨkursor	prekursor	pr[ɨ]kursor	pr[e]kursor	0
predação	prɨdɐsɐ̃w̃	predɐsɐ̃w̃	pr[ɨ]dɐsɐ̃w̃	pr[e]dɐsɐ̃w̃	0
predador	prɨdɐdor	predɐdor	pr[ɨ]dɐdor	pr[e]dɐdor	0
predatório	prɨdɐtɔrju	predɐtɔrju	pr[ɨ]dɐtɔrju	pr[e]dɐtɔrju	0
predecessor	prɨdɨsɨsor	predɨsɨsor	pr[ɨ]dɨsɨsor	pr[e]dɨsɨsor	0
predela	prɨdɛlɐ	predɛlɐ	pr[ɨ]dɛlɐ	pr[e]dɛlɐ	0
predestinação	prɨdɨʃtinɐsɐ̃w̃	predɨʃtinɐsɐ̃w̃	pr[ɨ]dɨʃtinɐsɐ̃w̃	pr[e]dɨʃtinɐsɐ̃w̃	0
predestinacionismo	prɨdɨʃtinɐsjuniʒmu	predɨʃtinɐsjuniʒmu	pr[ɨ]dɨʃtinɐsjuniʒmu	pr[e]dɨʃtinɐsjuniʒmu	0
predestinacionista	prɨdɨʃtinɐsjuniʃtɐ	predɨʃtinɐsjuniʃtɐ	pr[ɨ]dɨʃtinɐsjuniʃtɐ	pr[e]dɨʃtinɐsjuniʃtɐ	0
predestinado	prɨdɨʃtinadu	predɨʃtinadu	pr[ɨ]dɨʃtinadu	pr[e]dɨʃtinadu	0
predestinar	prɨdɨʃtinar	predɨʃtinar	pr[ɨ]dɨʃtinar	pr[e]dɨʃtinar	0
predeterminação	prɨdɨtɨrminɐsɐ̃w̃	predɨterminɐsɐ̃w̃	pr[ɨ]dɨt[ɨ]rminɐsɐ̃w̃	pr[e]dɨt[e]rminɐsɐ̃w̃	0
predeterminado	prɨdɨtɨrminadu	predɨterminadu	pr[ɨ]dɨt[ɨ]rminadu	pr[e]dɨt[e]rminadu	0
predeterminante	prɨdɨtɨrminɐ̃tɨ	predɨterminɐ̃ntɨ	pr[ɨ]dɨt[ɨ]rminɐ̃[]tɨ	pr[e]dɨt[e]rminɐ̃[n]tɨ	0
predeterminar	prɨdɨtɨrminar	predɨterminar	pr[ɨ]dɨt[ɨ]rminar	pr[e]dɨt[e]rminar	0
predial	prɨdjaɫ	prediaɫ	pr[ɨ]d[j]aɫ	pr[e]d[i]aɫ	0
predicação	prɨdikɐsɐ̃w̃	predikɐsɐ̃w̃	pr[ɨ]dikɐsɐ̃w̃	pr[e]dikɐsɐ̃w̃	0
predicado	prɨdikadu	predikadu	pr[ɨ]dikadu	pr[e]dikadu	0
predicador	prɨdikɐdor	predikɐdor	pr[ɨ]dikɐdor	pr[e]dikɐdor	0
predical	prɨdikaɫ	predikaɫ	pr[ɨ]dikaɫ	pr[e]dikaɫ	0
predicamental	prɨdikɐmẽtaɫ	predikɐmẽntaɫ	pr[ɨ]dikɐmẽtaɫ[]	pr[e]dikɐmẽnta[ɫ]	0
predicamentar	prɨdikɐmẽtar	predikɐmẽntar	pr[ɨ]dikɐmẽtar[]	pr[e]dikɐmẽnta[r]	0
predicamento	prɨdikɐmẽtu	predikɐmẽntu	pr[ɨ]dikɐmẽtu[]	pr[e]dikɐmẽnt[u]	0
predicante	prɨdikɐ̃tɨ	predikɐ̃ntɨ	pr[ɨ]dikɐ̃[]tɨ	pr[e]dikɐ̃[n]tɨ	0
predição	prɨdisɐ̃w̃	predisɐ̃w̃	pr[ɨ]disɐ̃w̃	pr[e]disɐ̃w̃	0
predicar	prɨdikar	predikar	pr[ɨ]dikar	pr[e]dikar	0
predicativo	prɨdikɐtivu	predikɐtivu	pr[ɨ]dikɐtivu	pr[e]dikɐtivu	0
predicatório	prɨdikɐtɔrju	predikɐtɔrju	pr[ɨ]dikɐtɔrju	pr[e]dikɐtɔrju	0
predicável	prɨdikavɛɫ	predikavɛɫ	pr[ɨ]dikavɛɫ	pr[e]dikavɛɫ	0
predileção	prɨdilɛsɐ̃w̃	predilɨsɐ̃w̃	pr[ɨ]dil[ɛ]sɐ̃w̃	pr[e]dil[ɨ]sɐ̃w̃	0
predilecção	prɨdilɛsɐ̃w̃	predilɛsɐ̃w̃	pr[ɨ]dilɛsɐ̃w̃	pr[e]dilɛsɐ̃w̃	0
predilecto	prɨdilɛtu	predilɛtu	pr[ɨ]dilɛtu	pr[e]dilɛtu	0
predileto	prɨdilɛtu	predilɛtu	pr[ɨ]dilɛtu	pr[e]dilɛtu	0
predisponente	prɨdiʃpunẽtɨ	prediʃpunẽntɨ	pr[ɨ]diʃpunẽtɨ[]	pr[e]diʃpunẽnt[ɨ]	0
predispor	prɨdiʃpor	prediʃpor	pr[ɨ]diʃpor	pr[e]diʃpor	0
predisposição	prɨdiʃpuzisɐ̃w̃	prediʃpuzisɐ̃w̃	pr[ɨ]diʃpuzisɐ̃w̃	pr[e]diʃpuzisɐ̃w̃	0
predisposto	prɨdiʃpoʃtu	prediʃpoʃtu	pr[ɨ]diʃpoʃtu	pr[e]diʃpoʃtu	0
preditivo	prɨditivu	preditivu	pr[ɨ]ditivu	pr[e]ditivu	0
predito	prɨditu	preditu	pr[ɨ]ditu	pr[e]ditu	0
preditor	prɨditor	preditor	pr[ɨ]ditor	pr[e]ditor	0
predizer	prɨdizer	predizer	pr[ɨ]dizer	pr[e]dizer	0
predominação	prɨduminɐsɐ̃w̃	preduminɐsɐ̃w̃	pr[ɨ]duminɐsɐ̃w̃	pr[e]duminɐsɐ̃w̃	0
predominador	prɨduminɐdor	preduminɐdor	pr[ɨ]duminɐdor	pr[e]duminɐdor	0
predominância	prɨduminɐ̃sjɐ	preduminɐ̃nsjɐ	pr[ɨ]duminɐ̃[]sjɐ	pr[e]duminɐ̃[n]sjɐ	0
predominantemente	prɨduminɐ̃tɨmẽtɨ	preduminɐ̃ntɨmẽntɨ	pr[ɨ]duminɐ̃[]tɨmẽtɨ[]	pr[e]duminɐ̃[n]tɨmẽnt[ɨ]	0
predominante	prɨduminɐ̃tɨ	preduminɐ̃ntɨ	pr[ɨ]duminɐ̃[]tɨ	pr[e]duminɐ̃[n]tɨ	0
predominar	prɨduminar	preduminar	pr[ɨ]duminar	pr[e]duminar	0
predomínio	prɨduminju	preduminju	pr[ɨ]duminju	pr[e]duminju	0
preeminência	prjeminẽsjɐ	priɨminẽnsjɐ	prj[e]minẽsjɐ[]	pri[ɨ]minẽnsj[ɐ]	0
preeminente	prjeminẽtɨ	priɨminẽntɨ	prj[e]minẽtɨ[]	pri[ɨ]minẽnt[ɨ]	0
pregadeira	prɨɡɐdɐjrɐ	preɡɐdɐjrɐ	pr[ɨ]ɡɐdɐjrɐ	pr[e]ɡɐdɐjrɐ	0
pregado	prɨɡadu	preɡadu	pr[ɨ]ɡadu	pr[e]ɡadu	0
pregadura	prɨɡɐdurɐ	preɡɐdurɐ	pr[ɨ]ɡɐdurɐ	pr[e]ɡɐdurɐ	0
pregagem	prɨɡaʒɐ̃j̃	preɡaʒɐjn	pr[ɨ]ɡaʒɐ[̃]j[̃]	pr[e]ɡaʒɐ[]j[n]	0
pregalho	prɨɡaʎu	preɡaʎu	pr[ɨ]ɡaʎu	pr[e]ɡaʎu	0
pregamento	prɨɡɐmẽtu	preɡɐmẽntu	pr[ɨ]ɡɐmẽtu[]	pr[e]ɡɐmẽnt[u]	0
pré-genital	prɛʒɨnitaɫ	prɛʒenitaɫ	prɛʒ[ɨ]nitaɫ	prɛʒ[e]nitaɫ	0
pregnância	prɨɡnɐ̃sjɐ	preɡnɐ̃nsjɐ	pr[ɨ]ɡnɐ̃[]sjɐ	pr[e]ɡnɐ̃[n]sjɐ	0
pregoar	prɨɡwar	preɡuar	pr[ɨ]ɡ[w]ar	pr[e]ɡ[u]ar	0
pregoeiro	prɨɡwɐjru	preɡuɐjru	pr[ɨ]ɡ[w]ɐjru	pr[e]ɡ[u]ɐjru	0
pregresso	prɨɡrɛsu	preɡrɛsu	pr[ɨ]ɡrɛsu	pr[e]ɡrɛsu	0
pregueadeira	prɨɡjɐdɐjrɐ	preɡɨɐdɐjrɐ	pr[ɨ]ɡ[j]ɐdɐjrɐ	pr[e]ɡ[ɨ]ɐdɐjrɐ	0
pregueado	prɨɡjadu	preɡɨadu	pr[ɨ]ɡ[j]adu	pr[e]ɡ[ɨ]adu	0
pregueador	prɨɡjɐdor	preɡɨɐdor	pr[ɨ]ɡ[j]ɐdor	pr[e]ɡ[ɨ]ɐdor	0
pregueiro	prɨɡɐjru	preɡɐjru	pr[ɨ]ɡɐjru	pr[e]ɡɐjru	0
preguiça	prɨɡisɐ	preɡisɐ	pr[ɨ]ɡisɐ	pr[e]ɡisɐ	0
preguiçar	prɨɡisar	preɡisar	pr[ɨ]ɡisar	pr[e]ɡisar	0
preguiceira	prɨɡisɐjrɐ	preɡisɐjrɐ	pr[ɨ]ɡisɐjrɐ	pr[e]ɡisɐjrɐ	0
preguiceiro	prɨɡisɐjru	preɡisɐjru	pr[ɨ]ɡisɐjru	pr[e]ɡisɐjru	0
preguicento	prɨɡisẽtu	preɡisẽntu	pr[ɨ]ɡisẽtu[]	pr[e]ɡisẽnt[u]	0
preguiçosamente	prɨɡisɔzɐmẽtɨ	preɡisɔzɐmẽntɨ	pr[ɨ]ɡisɔzɐmẽtɨ[]	pr[e]ɡisɔzɐmẽnt[ɨ]	0
preguiçoso	prɨɡisozu	preɡisozu	pr[ɨ]ɡisozu	pr[e]ɡisozu	0
pregustação	prɨɡuʃtɐsɐ̃w̃	preɡuʃtɐsɐ̃w̃	pr[ɨ]ɡuʃtɐsɐ̃w̃	pr[e]ɡuʃtɐsɐ̃w̃	0
pregustar	prɨɡuʃtar	preɡuʃtar	pr[ɨ]ɡuʃtar	pr[e]ɡuʃtar	0
prejudicado	prɨʒudikadu	preʒudikadu	pr[ɨ]ʒudikadu	pr[e]ʒudikadu	0
prejudicador	prɨʒudikɐdor	preʒudikɐdor	pr[ɨ]ʒudikɐdor	pr[e]ʒudikɐdor	0
prejudicante	prɨʒudikɐ̃tɨ	preʒudikɐ̃ntɨ	pr[ɨ]ʒudikɐ̃[]tɨ	pr[e]ʒudikɐ̃[n]tɨ	0
prejudicar	prɨʒudikar	preʒudikar	pr[ɨ]ʒudikar	pr[e]ʒudikar	0
prejudicialmente	prɨʒudisjaɫmẽtɨ	preʒudisiaɫmẽntɨ	pr[ɨ]ʒudis[j]aɫmẽtɨ[]	pr[e]ʒudis[i]aɫmẽnt[ɨ]	0
prejudicial	prɨʒudisjaɫ	preʒudisiaɫ	pr[ɨ]ʒudis[j]aɫ	pr[e]ʒudis[i]aɫ	0
prejuízo	prɨʒuizu	preʒuizu	pr[ɨ]ʒuizu	pr[e]ʒuizu	0
prelação	prɨlasɐ̃w̃	prelɐsɐ̃w̃	pr[ɨ]l[a]sɐ̃w̃	pr[e]l[ɐ]sɐ̃w̃	0
prelacial	prɨlɐsjaɫ	prelɐsiaɫ	pr[ɨ]lɐs[j]aɫ	pr[e]lɐs[i]aɫ	0
prelacia	prɨlɐsiɐ	prelɐsiɐ	pr[ɨ]lɐsiɐ	pr[e]lɐsiɐ	0
prelaciar	prɨlɐsjar	prelɐsiar	pr[ɨ]lɐs[j]ar	pr[e]lɐs[i]ar	0
prelada	prɨladɐ	preladɐ	pr[ɨ]ladɐ	pr[e]ladɐ	0
preladia	prɨlɐdiɐ	prelɐdiɐ	pr[ɨ]lɐdiɐ	pr[e]lɐdiɐ	0
prelado	prɨladu	preladu	pr[ɨ]ladu	pr[e]ladu	0
prelatício	prɨlɐtisju	prelɐtisju	pr[ɨ]lɐtisju	pr[e]lɐtisju	0
prelativo	prɨlɐtivu	prelɐtivu	pr[ɨ]lɐtivu	pr[e]lɐtivu	0
prelatura	prɨlɐturɐ	prelɐturɐ	pr[ɨ]lɐturɐ	pr[e]lɐturɐ	0
prelazia	prɨlɐziɐ	prelɐziɐ	pr[ɨ]lɐziɐ	pr[e]lɐziɐ	0
preleção	prɨlɛsɐ̃w̃	prelɨsɐ̃w̃	pr[ɨ]l[ɛ]sɐ̃w̃	pr[e]l[ɨ]sɐ̃w̃	0
prelecção	prɨlɛsɐ̃w̃	prelɛsɐ̃w̃	pr[ɨ]lɛsɐ̃w̃	pr[e]lɛsɐ̃w̃	0
preleccionador	prɨlɛsjunɐdor	prelɛsjunɐdor	pr[ɨ]lɛsjunɐdor	pr[e]lɛsjunɐdor	0
preleccionar	prɨlɛsjunar	prelɛsjunar	pr[ɨ]lɛsjunar	pr[e]lɛsjunar	0
preleccionista	prɨlɛsjuniʃtɐ	prelɛsjuniʃtɐ	pr[ɨ]lɛsjuniʃtɐ	pr[e]lɛsjuniʃtɐ	0
prelecionador	prɨlɛsjunɐdor	prelɨsjunɐdor	pr[ɨ]l[ɛ]sjunɐdor	pr[e]l[ɨ]sjunɐdor	0
prelecionar	prɨlɛsjunar	prelɨsjunar	pr[ɨ]l[ɛ]sjunar	pr[e]l[ɨ]sjunar	0
prelecionista	prɨlɛsjuniʃtɐ	prelɨsjuniʃtɐ	pr[ɨ]l[ɛ]sjuniʃtɐ	pr[e]l[ɨ]sjuniʃtɐ	0
prelector	prɨlɛtor	prelɛtor	pr[ɨ]lɛtor	pr[e]lɛtor	0
preletor	prɨlɛtor	prelɨtor	pr[ɨ]l[ɛ]tor	pr[e]l[ɨ]tor	0
prelevar	prɨlɨvar	prelɨvar	pr[ɨ]lɨvar	pr[e]lɨvar	0
prelibação	prɨlibɐsɐ̃w̃	prelibɐsɐ̃w̃	pr[ɨ]libɐsɐ̃w̃	pr[e]libɐsɐ̃w̃	0
prelibador	prɨlibɐdor	prelibɐdor	pr[ɨ]libɐdor	pr[e]libɐdor	0
prelibar	prɨlibar	prelibar	pr[ɨ]libar	pr[e]libar	0
preliminar	prɨliminar	preliminar	pr[ɨ]liminar	pr[e]liminar	0
prelucidação	prɨlusidɐsɐ̃w̃	prelusidɐsɐ̃w̃	pr[ɨ]lusidɐsɐ̃w̃	pr[e]lusidɐsɐ̃w̃	0
prelúcido	prɨlusidu	prelusidu	pr[ɨ]lusidu	pr[e]lusidu	0
preludial	prɨludjaɫ	preludiaɫ	pr[ɨ]lud[j]aɫ	pr[e]lud[i]aɫ	0
preludiar	prɨludjar	preludiar	pr[ɨ]lud[j]ar	pr[e]lud[i]ar	0
prelúdio	prɨludju	preludju	pr[ɨ]ludju	pr[e]ludju	0
preluzente	prɨluzẽtɨ	preluzẽntɨ	pr[ɨ]luzẽtɨ[]	pr[e]luzẽnt[ɨ]	0
preluzir	prɨluzir	preluzir	pr[ɨ]luzir	pr[e]luzir	0
prematuração	prɨmɐturɐsɐ̃w̃	premɐturɐsɐ̃w̃	pr[ɨ]mɐturɐsɐ̃w̃	pr[e]mɐturɐsɐ̃w̃	0
prematuramente	prɨmɐturɐmẽtɨ	premɐturɐmẽntɨ	pr[ɨ]mɐturɐmẽtɨ[]	pr[e]mɐturɐmẽnt[ɨ]	0
prematuridade	prɨmɐturidadɨ	premɐturidadɨ	pr[ɨ]mɐturidadɨ	pr[e]mɐturidadɨ	0
prematuro	prɨmɐturu	premɐturu	pr[ɨ]mɐturu	pr[e]mɐturu	0
premedeira	prɨmɨdɐjrɐ	premɨdɐjrɐ	pr[ɨ]mɨdɐjrɐ	pr[e]mɨdɐjrɐ	0
pré-medicação	prɛmɨdikɐsɐ̃w̃	prɛmedikɐsɐ̃w̃	prɛm[ɨ]dikɐsɐ̃w̃	prɛm[e]dikɐsɐ̃w̃	0
premeditação	prɨmɨditɐsɐ̃w̃	premɨditɐsɐ̃w̃	pr[ɨ]mɨditɐsɐ̃w̃	pr[e]mɨditɐsɐ̃w̃	0
premeditadamente	prɨmɨditadɐmẽtɨ	premɨditɐdɐmẽntɨ	pr[ɨ]mɨdit[a]dɐmẽtɨ[]	pr[e]mɨdit[ɐ]dɐmẽnt[ɨ]	0
premeditado	prɨmɨditadu	premɨditadu	pr[ɨ]mɨditadu	pr[e]mɨditadu	0
premeditar	prɨmɨditar	premɨditar	pr[ɨ]mɨditar	pr[e]mɨditar	0
premência	prɨmẽsjɐ	premẽnsjɐ	pr[ɨ]mẽsjɐ[]	pr[e]mẽnsj[ɐ]	0
premente	prɨmẽtɨ	premẽntɨ	pr[ɨ]mẽtɨ[]	pr[e]mẽnt[ɨ]	0
pré-messiânico	prɛmɨsjɐniku	prɛmesjɐ̃niku	prɛm[ɨ]sjɐ[]niku	prɛm[e]sjɐ[̃]niku	0
premiação	prɨmjɐsɐ̃w̃	premiɐsɐ̃w̃	pr[ɨ]m[j]ɐsɐ̃w̃	pr[e]m[i]ɐsɐ̃w̃	0
premiado	prɨmjadu	premiadu	pr[ɨ]m[j]adu	pr[e]m[i]adu	0
premiador	prɨmjɐdor	premiɐdor	pr[ɨ]m[j]ɐdor	pr[e]m[i]ɐdor	0
premiar	prɨmjar	premiar	pr[ɨ]m[j]ar	pr[e]m[i]ar	0
premiativo	prɨmjɐtivu	premiɐtivu	pr[ɨ]m[j]ɐtivu	pr[e]m[i]ɐtivu	0
première	pʀɨmjɛʀ	premjɛr	pʀ[ɨ]mjɛ[ʀ]	pr[e]mjɛ[r]	0
premoção	prɨmusɐ̃w̃	premusɐ̃w̃	pr[ɨ]musɐ̃w̃	pr[e]musɐ̃w̃	0
premonição	prɨmunisɐ̃w̃	premunisɐ̃w̃	pr[ɨ]munisɐ̃w̃	pr[e]munisɐ̃w̃	0
premonitório	prɨmunitɔrju	premunitɔrju	pr[ɨ]munitɔrju	pr[e]munitɔrju	0
premorso	prɨmɔrsu	premorsu	pr[ɨ]m[ɔ]rsu	pr[e]m[o]rsu	0
premunição	prɨmunisɐ̃w̃	premunisɐ̃w̃	pr[ɨ]munisɐ̃w̃	pr[e]munisɐ̃w̃	0
premunir	prɨmunir	premunir	pr[ɨ]munir	pr[e]munir	0
premunitivo	prɨmunitivu	premunitivu	pr[ɨ]munitivu	pr[e]munitivu	0
prenestino	prɨnɨʃtinu	prenɨʃtinu	pr[ɨ]nɨʃtinu	pr[e]nɨʃtinu	0
prenhidão	prɨɲidɐ̃w̃	preɲidɐ̃w̃	pr[ɨ]ɲidɐ̃w̃	pr[e]ɲidɐ̃w̃	0
prenoção	prɨnusɐ̃w̃	prenusɐ̃w̃	pr[ɨ]nusɐ̃w̃	pr[e]nusɐ̃w̃	0
prenome	prɨnomɨ	prenomɨ	pr[ɨ]nomɨ	pr[e]nomɨ	0
prenominar	prɨnuminar	prenuminar	pr[ɨ]numinar	pr[e]numinar	0
prenotar	prɨnutar	prenutar	pr[ɨ]nutar	pr[e]nutar	0
prenunciação	prɨnũsjɐsɐ̃w̃	prenũnsiɐsɐ̃w̃	pr[ɨ]nũsj[ɐ]s[]ɐ̃[w]̃[]	pr[e]nũn[]s[i]ɐs[ɐ]̃w[̃]	0
prenunciador	prɨnũsjɐdor	prenũnsiɐdor	pr[ɨ]nũsjɐdor[]	pr[e]nũnsiɐdo[r]	0
prenunciar	prɨnũsjar	prenũnsiar	pr[ɨ]nũsjar[]	pr[e]nũnsia[r]	0
prenunciativo	prɨnũsjɐtivu	prenũnsiɐtivu	pr[ɨ]nũsjɐ[t]ivu[]	pr[e]nũns[]iɐtiv[u]	0
prenúncio	prɨnũsju	prenũnsju	pr[ɨ]nũsju[]	pr[e]nũnsj[u]	0
preparação	prɨpɐrɐsɐ̃w̃	prepɐrɐsɐ̃w̃	pr[ɨ]pɐrɐsɐ̃w̃	pr[e]pɐrɐsɐ̃w̃	0
preparado	prɨpɐradu	prepɐradu	pr[ɨ]pɐradu	pr[e]pɐradu	0
preparador	prɨpɐrɐdor	prepɐrɐdor	pr[ɨ]pɐrɐdor	pr[e]pɐrɐdor	0
preparar	prɨpɐrar	prepɐrar	pr[ɨ]pɐrar	pr[e]pɐrar	0
preparativo	prɨpɐrɐtivu	prepɐrɐtivu	pr[ɨ]pɐrɐtivu	pr[e]pɐrɐtivu	0
preparatório	prɨpɐrɐtɔrju	prepɐrɐtɔrju	pr[ɨ]pɐrɐtɔrju	pr[e]pɐrɐtɔrju	0
preparo	prɨparu	preparu	pr[ɨ]paru	pr[e]paru	0
preponderância	prɨpõdɨrɐ̃sjɐ	prepõndɨrɐ̃nsjɐ	pr[ɨ]põdɨrɐ̃sjɐ[]	pr[e]põndɨrɐ̃nsj[ɐ]	0
preponderantemente	prɨpõdɨrɐ̃tɨmẽtɨ	prepõndɨrɐ̃ntɨmẽntɨ	pr[ɨ]põdɨrɐ̃tɨm[ẽ]tɨ[]	pr[e]põndɨrɐ̃n[]tɨmẽnt[ɨ]	0
preponderante	prɨpõdɨrɐ̃tɨ	prepõndɨrɐ̃ntɨ	pr[ɨ]põdɨrɐ̃tɨ[]	pr[e]põndɨrɐ̃nt[ɨ]	0
preponderantismo	prɨpõdɨrɐ̃tiʒmu	prepõndɨrɐ̃ntiʒmu	pr[ɨ]põdɨrɐ̃tiʒmu[]	pr[e]põndɨrɐ̃ntiʒm[u]	0
preponderar	prɨpõdɨrar	prepõndɨrar	pr[ɨ]põdɨr[a]r[]	pr[e]põnd[ɨ]ra[r]	0
preponente	prɨpunẽtɨ	prepunẽntɨ	pr[ɨ]punẽtɨ[]	pr[e]punẽnt[ɨ]	0
preposição	prɨpuzisɐ̃w̃	prepuzisɐ̃w̃	pr[ɨ]puzisɐ̃w̃	pr[e]puzisɐ̃w̃	0
preposicional	prɨpuzisjunaɫ	prepuzisjunaɫ	pr[ɨ]puzisjunaɫ	pr[e]puzisjunaɫ	0
prepositivo	prɨpuzitivu	prepuzitivu	pr[ɨ]puzitivu	pr[e]puzitivu	0
prepósito	prɨpɔzitu	prepɔzitu	pr[ɨ]pɔzitu	pr[e]pɔzitu	0
prepositura	prɨpuziturɐ	prepuziturɐ	pr[ɨ]puziturɐ	pr[e]puziturɐ	0
preposteração	prɨpuʃtɨrɐsɐ̃w̃	prepuʃterɐsɐ̃w̃	pr[ɨ]puʃt[ɨ]rɐsɐ̃w̃	pr[e]puʃt[e]rɐsɐ̃w̃	0
preposterar	prɨpuʃtɨrar	prepuʃtɨrar	pr[ɨ]puʃtɨrar	pr[e]puʃtɨrar	0
preposteridade	prɨpuʃtɨridadɨ	prepuʃteridadɨ	pr[ɨ]puʃt[ɨ]ridadɨ	pr[e]puʃt[e]ridadɨ	0
prepóstero	prɨpɔʃtɨru	prepɔʃtɨru	pr[ɨ]pɔʃtɨru	pr[e]pɔʃtɨru	0
preposto	prɨpoʃtu	prepoʃtu	pr[ɨ]poʃtu	pr[e]poʃtu	0
prepotência	prɨputẽsjɐ	preputẽnsjɐ	pr[ɨ]putẽsjɐ[]	pr[e]putẽnsj[ɐ]	0
prepotente	prɨputẽtɨ	preputẽntɨ	pr[ɨ]putẽtɨ[]	pr[e]putẽnt[ɨ]	0
prepucial	prɨpusjaɫ	prepusiaɫ	pr[ɨ]pus[j]aɫ	pr[e]pus[i]aɫ	0
prepúcio	prɨpusju	prepusju	pr[ɨ]pusju	pr[e]pusju	0
pré-reflexivo	prɛʀɨflɛksivu	prɛʀeflɨksivu	prɛʀ[ɨ]fl[ɛ]ksivu	prɛʀ[e]fl[ɨ]ksivu	0
pré-reforma	prɛʀɨfɔrmɐ	prɛʀefɔrmɐ	prɛʀ[ɨ]fɔrmɐ	prɛʀ[e]fɔrmɐ	0
pré-requisito	prɛʀɨkɨzitu	prɛʀekizitu	prɛʀ[ɨ]k[ɨ]zitu	prɛʀ[e]k[i]zitu	0
pré-revolucionário	prɛʀɨvulusjunarju	prɛʀevulusjunarju	prɛʀ[ɨ]vulusjunarju	prɛʀ[e]vulusjunarju	0
prerrogativa	prɨʀuɡɐtivɐ	preʀuɡɐtivɐ	pr[ɨ]ʀuɡɐtivɐ	pr[e]ʀuɡɐtivɐ	0
prerromper	prɨʀõper	preʀõmper	pr[ɨ]ʀõper[]	pr[e]ʀõmpe[r]	0
presador	prɨzɐdor	prezɐdor	pr[ɨ]zɐdor	pr[e]zɐdor	0
presbiacusia	prɨʒbjɐkuziɐ	preʒbiɐkuziɐ	pr[ɨ]ʒb[j]ɐkuziɐ	pr[e]ʒb[i]ɐkuziɐ	0
presbiofrenia	prɨʒbjɔfrɨniɐ	preʒbiufrɨniɐ	pr[ɨ]ʒbj[ɔ]frɨniɐ	pr[e]ʒbi[u]frɨniɐ	0
presbiofrênico	prɨʒbjɔfreniku	preʒbiufreniku	pr[ɨ]ʒbj[ɔ]freniku	pr[e]ʒbi[u]freniku	0
presbiofrénico	prɨʒbjɔfrɛniku	preʒbiufrɛniku	pr[ɨ]ʒbj[ɔ]frɛniku	pr[e]ʒbi[u]frɛniku	0
presbíope	prɨʒbiupɨ	preʒbiwpɨ	pr[ɨ]ʒbi[u]pɨ	pr[e]ʒbi[w]pɨ	0
presbiopia	prɨʒbjupiɐ	preʒbiupiɐ	pr[ɨ]ʒb[j]upiɐ	pr[e]ʒb[i]upiɐ	0
presbiópico	prɨʒbjɔtiku	preʒbiɔpiku	pr[ɨ]ʒb[j]ɔ[t]iku	pr[e]ʒb[i]ɔ[p]iku	0
presbita	prɨʒbitɐ	preʒbitɐ	pr[ɨ]ʒbitɐ	pr[e]ʒbitɐ	0
presbiterado	prɨʒbitɨradu	preʒbitɨradu	pr[ɨ]ʒbitɨradu	pr[e]ʒbitɨradu	0
presbiteral	prɨʒbitɨraɫ	preʒbitɨraɫ	pr[ɨ]ʒbitɨraɫ	pr[e]ʒbitɨraɫ	0
presbiteranismo	prɨʒbitɨrɐniʒmu	preʒbiterɐniʒmu	pr[ɨ]ʒbit[ɨ]rɐniʒmu	pr[e]ʒbit[e]rɐniʒmu	0
presbiterano	prɨʒbitɨrɐnu	preʒbitɨrɐ̃nu	pr[ɨ]ʒbitɨrɐ[]nu	pr[e]ʒbitɨrɐ[̃]nu	0
presbiterianismo	prɨʒbitɨrjɐniʒmu	preʒbiteriɐniʒmu	pr[ɨ]ʒbit[ɨ]r[j]ɐniʒmu	pr[e]ʒbit[e]r[i]ɐniʒmu	0
presbiteriano	prɨʒbitɨrjɐnu	preʒbiteriɐ̃nu	pr[ɨ]ʒbit[ɨ]r[j]ɐ[]nu	pr[e]ʒbit[e]r[i]ɐ[̃]nu	0
presbitério	prɨʒbitɛrju	preʒbitɛrju	pr[ɨ]ʒbitɛrju	pr[e]ʒbitɛrju	0
presbítero	prɨʒbitɨru	preʒbitɨru	pr[ɨ]ʒbitɨru	pr[e]ʒbitɨru	0
presbitia	prɨʒbitiɐ	preʒbitiɐ	pr[ɨ]ʒbitiɐ	pr[e]ʒbitiɐ	0
presbitismo	prɨʒbitiʒmu	preʒbitiʒmu	pr[ɨ]ʒbitiʒmu	pr[e]ʒbitiʒmu	0
presciência	prɨʃsjẽsjɐ	preʃsjẽnsjɐ	pr[ɨ]ʃsjẽsjɐ[]	pr[e]ʃsjẽnsj[ɐ]	0
presciente	prɨʃsjẽtɨ	preʃsiẽntɨ	pr[ɨ]ʃsjẽtɨ[]	pr[e]ʃsiẽnt[ɨ]	0
prescindência	prɨʃsĩdẽsjɐ	preʃsĩndẽnsjɐ	pr[ɨ]ʃsĩdẽsjɐ[]	pr[e]ʃsĩndẽnsj[ɐ]	0
prescindir	prɨʃsĩdir	preʃsĩndir	pr[ɨ]ʃsĩdir[]	pr[e]ʃsĩndi[r]	0
prescindível	prɨʃsĩdivɛɫ	preʃsĩndivɛɫ	pr[ɨ]ʃsĩdivɛɫ[]	pr[e]ʃsĩndivɛ[ɫ]	0
prescrever	prɨʃkrɨver	preʃkrɨver	pr[ɨ]ʃkrɨver	pr[e]ʃkrɨver	0
prescribente	prɨʃkribẽtɨ	preʃkribẽntɨ	pr[ɨ]ʃkribẽtɨ[]	pr[e]ʃkribẽnt[ɨ]	0
prescrição	prɨʃkrisɐ̃w̃	preʃkrisɐ̃w̃	pr[ɨ]ʃkrisɐ̃w̃	pr[e]ʃkrisɐ̃w̃	0
prescritível	prɨʃkritivɛɫ	preʃkritivɛɫ	pr[ɨ]ʃkritivɛɫ	pr[e]ʃkritivɛɫ	0
prescritivo	prɨʃkritivu	preʃkritivu	pr[ɨ]ʃkritivu	pr[e]ʃkritivu	0
prescrito	prɨʃkritu	preʃkritu	pr[ɨ]ʃkritu	pr[e]ʃkritu	0
prescritor	prɨʃkritor	preʃkritor	pr[ɨ]ʃkritor	pr[e]ʃkritor	0
pré-seleção	prɛsɨlɛsɐ̃w̃	prɛselɨsɐ̃w̃	prɛs[ɨ]l[ɛ]sɐ̃w̃	prɛs[e]l[ɨ]sɐ̃w̃	0
pré-selecção	prɛsɨlɛsɐ̃w̃	prɛselɛsɐ̃w̃	prɛs[ɨ]lɛsɐ̃w̃	prɛs[e]lɛsɐ̃w̃	0
pré-selectivo	prɛsɨlɛtivu	prɛselɛtivu	prɛs[ɨ]lɛtivu	prɛs[e]lɛtivu	0
pré-seletivo	prɛsɨlɛtivu	prɛselɨtivu	prɛs[ɨ]l[ɛ]tivu	prɛs[e]l[ɨ]tivu	0
presença	prɨzẽsɐ	prezẽnsɐ	pr[ɨ]zẽsɐ[]	pr[e]zẽns[ɐ]	0
presencialmente	prɨzẽsjaɫmẽtɨ	prezẽnsiaɫmẽntɨ	pr[ɨ]zẽsjaɫmẽtɨ[]	pr[e]zẽnsiaɫmẽnt[ɨ]	0
presencial	prɨzẽsjaɫ	prezẽnsiaɫ	pr[ɨ]zẽsjaɫ[]	pr[e]zẽnsia[ɫ]	0
presenciar	prɨzẽsjar	prezẽnsiar	pr[ɨ]zẽsjar[]	pr[e]zẽnsia[r]	0
presencismo	prɨzẽsiʒmu	prezẽnsiʒmu	pr[ɨ]zẽsiʒmu[]	pr[e]zẽnsiʒm[u]	0
presencista	prɨzẽsiʃtɐ	prezẽnsiʃtɐ	pr[ɨ]zẽsiʃtɐ[]	pr[e]zẽnsiʃt[ɐ]	0
pré-senilidade	prɛsɨnilidadɨ	prɛsenilidadɨ	prɛs[ɨ]nilidadɨ	prɛs[e]nilidadɨ	0
presentação	prɨzẽtɐsɐ̃w̃	prezẽntɐsɐ̃w̃	pr[ɨ]zẽtɐ[s]ɐ̃[w]̃[]	pr[e]zẽn[t]ɐs[ɐ]̃w[̃]	0
presentâneo	prɨzẽtɐnju	prezẽntɐ̃niw	pr[ɨ]zẽt[ɐ]nju[]	pr[e]zẽ[]ntɐ̃ni[w]	0
presentar	prɨzẽtar	prezẽntar	pr[ɨ]zẽtar[]	pr[e]zẽnta[r]	0
presenteado	prɨzẽtjadu	prezẽntiadu	pr[ɨ]zẽtjadu[]	pr[e]zẽntiad[u]	0
presenteador	prɨzẽtjɐdor	prezẽntiɐdor	pr[ɨ]zẽtjɐdor[]	pr[e]zẽntiɐdo[r]	0
presentear	prɨzẽtjar	prezẽntiar	pr[ɨ]zẽtjar[]	pr[e]zẽntia[r]	0
presentemente	prɨzẽtɨmẽtɨ	prezẽntɨmẽntɨ	pr[ɨ]zẽtɨmẽtɨ[]	pr[e]zẽntɨmẽnt[ɨ]	0
presente	prɨzẽtɨ	prezẽntɨ	pr[ɨ]zẽtɨ[]	pr[e]zẽnt[ɨ]	0
presentificar	prɨzẽtifikar	prezẽntifikar	pr[ɨ]zẽti[f]ikar[]	pr[e]zẽn[t]ifika[r]	0
presepe	prɨzɛpɨ	prezɛpɨ	pr[ɨ]zɛpɨ	pr[e]zɛpɨ	0
presépio	prɨzɛpju	prezɛpju	pr[ɨ]zɛpju	pr[e]zɛpju	0
preservação	prɨzɨrvɐsɐ̃w̃	prezɨrvɐsɐ̃w̃	pr[ɨ]zɨrvɐsɐ̃w̃	pr[e]zɨrvɐsɐ̃w̃	0
preservador	prɨzɨrvɐdor	prezɨrvɐdor	pr[ɨ]zɨrvɐdor	pr[e]zɨrvɐdor	0
preservar	prɨzɨrvar	prezɨrvar	pr[ɨ]zɨrvar	pr[e]zɨrvar	0
preservativo	prɨzɨrvɐtivu	prezɨrvɐtivu	pr[ɨ]zɨrvɐtivu	pr[e]zɨrvɐtivu	0
presidenciais	prɨzidẽsjajʃ	prezidensiajʃ	pr[ɨ]zidẽ[]s[j]ajʃ	pr[e]zide[n]s[i]ajʃ	0
presidencialismo	prɨzidẽsjɐliʒmu	prezidensiɐliʒmu	pr[ɨ]zidẽ[]s[j]ɐliʒmu	pr[e]zide[n]s[i]ɐliʒmu	0
presidencialista	prɨzidẽsjɐliʃtɐ	prezidensiɐliʃtɐ	pr[ɨ]zidẽ[]s[j]ɐliʃtɐ	pr[e]zide[n]s[i]ɐliʃtɐ	0
presidencial	prɨzidẽsjaɫ	prezidensiaɫ	pr[ɨ]zidẽ[]s[j]aɫ	pr[e]zide[n]s[i]aɫ	0
presidência	prɨzidẽsjɐ	prezidẽnsjɐ	pr[ɨ]zidẽsjɐ[]	pr[e]zidẽnsj[ɐ]	0
presidenciável	prɨzidẽsjavɛɫ	prezidensiavɛɫ	pr[ɨ]zidẽ[]s[j]avɛɫ	pr[e]zide[n]s[i]avɛɫ	0
presidenta	prɨzidẽtɐ	prezidẽntɐ	pr[ɨ]zidẽtɐ[]	pr[e]zidẽnt[ɐ]	0
presidente	prɨzidẽtɨ	prezidẽntɨ	pr[ɨ]zidẽtɨ[]	pr[e]zidẽnt[ɨ]	0
presidiário	prɨzidjarju	prezidiarju	pr[ɨ]zid[j]arju	pr[e]zid[i]arju	0
presidiar	prɨzidjar	prezidiar	pr[ɨ]zid[j]ar	pr[e]zid[i]ar	0
presídio	prɨzidju	prezidju	pr[ɨ]zidju	pr[e]zidju	0
presidir	prɨzidir	prezidir	pr[ɨ]zidir	pr[e]zidir	0
presiganga	prɨziɡɐ̃ɡɐ	preziɡɐ̃nɡɐ	pr[ɨ]ziɡɐ̃[]ɡɐ	pr[e]ziɡɐ̃[n]ɡɐ	0
presigar	prɨziɡar	preziɡar	pr[ɨ]ziɡar	pr[e]ziɡar	0
presigo	prɨziɡu	preziɡu	pr[ɨ]ziɡu	pr[e]ziɡu	0
presilha	prɨziʎɐ	preziʎɐ	pr[ɨ]ziʎɐ	pr[e]ziʎɐ	0
presilheiro	prɨziʎɐjru	preziʎɐjru	pr[ɨ]ziʎɐjru	pr[e]ziʎɐjru	0
pressagiador	prɨsɐʒjɐdor	presɐʒiɐdor	pr[ɨ]sɐʒ[j]ɐdor	pr[e]sɐʒ[i]ɐdor	0
pressagiar	prɨsɐʒjar	presɐʒiar	pr[ɨ]sɐʒ[j]ar	pr[e]sɐʒ[i]ar	0
presságio	prɨsaʒju	presaʒju	pr[ɨ]saʒju	pr[e]saʒju	0
pressagioso	prɨsɐʒjozu	presɐʒiozu	pr[ɨ]sɐʒ[j]ozu	pr[e]sɐʒ[i]ozu	0
pressago	prɨsaɡu	presaɡu	pr[ɨ]saɡu	pr[e]saɡu	0
pressentido	prɨsẽtidu	presẽntidu	pr[ɨ]sẽtidu[]	pr[e]sẽntid[u]	0
pressentimento	prɨsẽtimẽtu	presẽntimẽntu	pr[ɨ]sẽtimẽtu[]	pr[e]sẽntimẽnt[u]	0
pressentir	prɨsẽtir	presẽntir	pr[ɨ]sẽtir[]	pr[e]sẽnti[r]	0
pressentível	prɨsẽtivɛɫ	presẽntivɛɫ	pr[ɨ]sẽtivɛɫ[]	pr[e]sẽntivɛ[ɫ]	0
pressionado	prɨsjunadu	presjunadu	pr[ɨ]sjunadu	pr[e]sjunadu	0
pressionar	prɨsjunar	presjunar	pr[ɨ]sjunar	pr[e]sjunar	0
pressostato	prɨsɔʃtatu	presuʃtatu	pr[ɨ]s[ɔ]ʃtatu	pr[e]s[u]ʃtatu	0
pressóstato	prɨsɔʃtɐtu	presɔʃtɐtu	pr[ɨ]sɔʃtɐtu	pr[e]sɔʃtɐtu	0
pressupor	prɨsupor	presupor	pr[ɨ]supor	pr[e]supor	0
pressuposição	prɨsupuzisɐ̃w̃	presupuzisɐ̃w̃	pr[ɨ]supuzisɐ̃w̃	pr[e]supuzisɐ̃w̃	0
pressuposto	prɨsupoʃtu	presupoʃtu	pr[ɨ]supoʃtu	pr[e]supoʃtu	0
pressurização	prɨsurizɐsɐ̃w̃	presurizɐsɐ̃w̃	pr[ɨ]surizɐsɐ̃w̃	pr[e]surizɐsɐ̃w̃	0
pressurizado	prɨsurizadu	presurizadu	pr[ɨ]surizadu	pr[e]surizadu	0
pressurizar	prɨsurizar	presurizar	pr[ɨ]surizar	pr[e]surizar	0
pressurosamente	prɨsurɔzɐmẽtɨ	presurɔzɐmẽntɨ	pr[ɨ]surɔzɐmẽtɨ[]	pr[e]surɔzɐmẽnt[ɨ]	0
pressuroso	prɨsurozu	presurozu	pr[ɨ]surozu	pr[e]surozu	0
prestabilidade	prɨʃtɐbilidadɨ	preʃtɐbilidadɨ	pr[ɨ]ʃtɐbilidadɨ	pr[e]ʃtɐbilidadɨ	0
prestação	prɨʃtɐsɐ̃w̃	preʃtɐsɐ̃w̃	pr[ɨ]ʃtɐsɐ̃w̃	pr[e]ʃtɐsɐ̃w̃	0
prestadio	prɨʃtɐdiu	preʃtɐdiw	pr[ɨ]ʃtɐdi[u]	pr[e]ʃtɐdi[w]	0
prestador	prɨʃtɐdor	preʃtɐdor	pr[ɨ]ʃtɐdor	pr[e]ʃtɐdor	0
prestameiro	prɨʃtɐmɐjru	preʃtɐmɐjru	pr[ɨ]ʃtɐmɐjru	pr[e]ʃtɐmɐjru	0
prestamista	prɨʃtɐmiʃtɐ	preʃtɐmiʃtɐ	pr[ɨ]ʃtɐmiʃtɐ	pr[e]ʃtɐmiʃtɐ	0
prestança	prɨʃtɐ̃sɐ	preʃtɐ̃nsɐ	pr[ɨ]ʃtɐ̃[]sɐ	pr[e]ʃtɐ̃[n]sɐ	0
prestância	prɨʃtɐ̃sjɐ	preʃtɐ̃nsjɐ	pr[ɨ]ʃtɐ̃[]sjɐ	pr[e]ʃtɐ̃[n]sjɐ	0
prestante	prɨʃtɐ̃tɨ	preʃtɐ̃ntɨ	pr[ɨ]ʃtɐ̃[]tɨ	pr[e]ʃtɐ̃[n]tɨ	0
prestativo	prɨʃtɐtivu	preʃtɐtivu	pr[ɨ]ʃtɐtivu	pr[e]ʃtɐtivu	0
prestável	prɨʃtavɛɫ	preʃtavɛɫ	pr[ɨ]ʃtavɛɫ	pr[e]ʃtavɛɫ	0
presteza	prɨʃtezɐ	preʃtezɐ	pr[ɨ]ʃtezɐ	pr[e]ʃtezɐ	0
prestidigitação	prɨʃtidiʒitɐsɐ̃w̃	preʃtidiʒitɐsɐ̃w̃	pr[ɨ]ʃtidiʒitɐsɐ̃w̃	pr[e]ʃtidiʒitɐsɐ̃w̃	0
prestidigitador	prɨʃtidiʒitɐdor	preʃtidiʒitɐdor	pr[ɨ]ʃtidiʒitɐdor	pr[e]ʃtidiʒitɐdor	0
prestigiação	prɨʃtiʒjɐsɐ̃w̃	preʃtiʒiɐsɐ̃w̃	pr[ɨ]ʃtiʒ[j]ɐsɐ̃w̃	pr[e]ʃtiʒ[i]ɐsɐ̃w̃	0
prestigiado	prɨʃtiʒjadu	preʃtiʒiadu	pr[ɨ]ʃtiʒ[j]adu	pr[e]ʃtiʒ[i]adu	0
prestigiador	prɨʃtiʒjɐdor	preʃtiʒiɐdor	pr[ɨ]ʃtiʒ[j]ɐdor	pr[e]ʃtiʒ[i]ɐdor	0
prestigiante	prɨʃtiʒjɐ̃tɨ	preʃtiʒiɐ̃ntɨ	pr[ɨ]ʃtiʒ[j]ɐ̃[]tɨ	pr[e]ʃtiʒ[i]ɐ̃[n]tɨ	0
prestigiar	prɨʃtiʒjar	preʃtiʒiar	pr[ɨ]ʃtiʒ[j]ar	pr[e]ʃtiʒ[i]ar	0
prestígio	prɨʃtiʒju	preʃtiʒju	pr[ɨ]ʃtiʒju	pr[e]ʃtiʒju	0
prestigioso	prɨʃtiʒjozu	preʃtiʒiozu	pr[ɨ]ʃtiʒ[j]ozu	pr[e]ʃtiʒ[i]ozu	0
prestímano	prɨʃtimɐnu	preʃtimɐnu	pr[ɨ]ʃtimɐnu	pr[e]ʃtimɐnu	0
prestimoniado	prɨʃtimunjadu	preʃtimuniadu	pr[ɨ]ʃtimun[j]adu	pr[e]ʃtimun[i]adu	0
prestimonial	prɨʃtimunjaɫ	preʃtimuniaɫ	pr[ɨ]ʃtimun[j]aɫ	pr[e]ʃtimun[i]aɫ	0
prestimoniário	prɨʃtimunjarju	preʃtimuniarju	pr[ɨ]ʃtimun[j]arju	pr[e]ʃtimun[i]arju	0
prestimônio	prɨʃtimonju	preʃtimonju	pr[ɨ]ʃtimonju	pr[e]ʃtimonju	0
prestimónio	prɨʃtimɔnju	preʃtimɔnju	pr[ɨ]ʃtimɔnju	pr[e]ʃtimɔnju	0
prestimosidade	prɨʃtimuzidadɨ	preʃtimuzidadɨ	pr[ɨ]ʃtimuzidadɨ	pr[e]ʃtimuzidadɨ	0
prestimoso	prɨʃtimozu	preʃtimozu	pr[ɨ]ʃtimozu	pr[e]ʃtimozu	0
prestíssimo	prɨʃtisimu	preʃtisimu	pr[ɨ]ʃtisimu	pr[e]ʃtisimu	0
presumido	prɨzumidu	prezumidu	pr[ɨ]zumidu	pr[e]zumidu	0
presumidor	prɨzumidor	prezumidor	pr[ɨ]zumidor	pr[e]zumidor	0
presumir	prɨzumir	prezumir	pr[ɨ]zumir	pr[e]zumir	0
presumível	prɨzumivɛɫ	prezumivɛɫ	pr[ɨ]zumivɛɫ	pr[e]zumivɛɫ	0
presunção	prɨzũsɐ̃w̃	prezũnsɐ̃w̃	pr[ɨ]zũsɐ̃[w]̃[]	pr[e]zũns[ɐ]̃w[̃]	0
presunçoso	prɨzũsozu	prezũnsozu	pr[ɨ]zũsozu[]	pr[e]zũnsoz[u]	0
presunho	prɨzuɲu	prezũɲu	pr[ɨ]zu[]ɲu	pr[e]zu[̃]ɲu	0
presuntivo	prɨzũtivu	prezũntivu	pr[ɨ]zũtivu[]	pr[e]zũntiv[u]	0
presunto	prɨzũtu	prezũntu	pr[ɨ]zũtu[]	pr[e]zũnt[u]	0
presuntuoso	prɨzũtwozu	prezũntwozu	pr[ɨ]zũtwozu[]	pr[e]zũntwoz[u]	0
presúria	prɨzurjɐ	prezurjɐ	pr[ɨ]zurjɐ	pr[e]zurjɐ	0
pretalhada	prɨtɐʎadɐ	pretɐʎadɐ	pr[ɨ]tɐʎadɐ	pr[e]tɐʎadɐ	0
pretalhão	prɨtɐʎɐ̃w̃	pretɐʎɐ̃w̃	pr[ɨ]tɐʎɐ̃w̃	pr[e]tɐʎɐ̃w̃	0
pretaria	prɨtɐriɐ	pretɐriɐ	pr[ɨ]tɐriɐ	pr[e]tɐriɐ	0
pretasco	prɨtaʃku	pretaʃku	pr[ɨ]taʃku	pr[e]taʃku	0
pretendedor	prɨtẽdɨdor	pretẽndɨdor	pr[ɨ]tẽd[ɨ]dor[]	pr[e]tẽ[n]dɨdo[r]	0
pretendente	prɨtẽdẽtɨ	pretẽndẽntɨ	pr[ɨ]tẽdẽtɨ[]	pr[e]tẽndẽnt[ɨ]	0
pretender	prɨtẽder	pretẽnder	pr[ɨ]tẽder[]	pr[e]tẽnde[r]	0
pretendido	prɨtẽdidu	pretẽndidu	pr[ɨ]tẽd[i]du[]	pr[e]tẽ[n]did[u]	0
pretensamente	prɨtẽsɐmẽtɨ	pretẽnsɐmẽntɨ	pr[ɨ]tẽsɐmẽtɨ[]	pr[e]tẽnsɐmẽnt[ɨ]	0
pretensão	prɨtẽsɐ̃w̃	pretẽnsɐ̃w̃	pr[ɨ]tẽsɐ̃[w]̃[]	pr[e]tẽns[ɐ]̃w[̃]	0
pretensiosismo	prɨtẽsjuziʒmu	pretẽnsiuziʒmu	pr[ɨ]tẽsju[z]iʒmu[]	pr[e]tẽns[]iuziʒm[u]	0
pretensioso	prɨtẽsjozu	pretẽnsiozu	pr[ɨ]tẽsjozu[]	pr[e]tẽnsioz[u]	0
pretenso	prɨtẽsu	pretẽnsu	pr[ɨ]tẽsu[]	pr[e]tẽns[u]	0
pretensor	prɨtẽsor	pretẽnsor	pr[ɨ]tẽsor[]	pr[e]tẽnso[r]	0
preterência	prɨtɨrẽsjɐ	pretɨrẽnsjɐ	pr[ɨ]tɨrẽsjɐ[]	pr[e]tɨrẽnsj[ɐ]	0
preterição	prɨtɨrisɐ̃w̃	pretɨrisɐ̃w̃	pr[ɨ]tɨrisɐ̃w̃	pr[e]tɨrisɐ̃w̃	0
preterido	prɨtɨridu	pretɨridu	pr[ɨ]tɨridu	pr[e]tɨridu	0
preterir	prɨtɨrir	pretɨrir	pr[ɨ]tɨrir	pr[e]tɨrir	0
pretérito	prɨtɛritu	pretɛritu	pr[ɨ]tɛritu	pr[e]tɛritu	0
preterível	prɨtɨrivɛɫ	pretɨrivɛɫ	pr[ɨ]tɨrivɛɫ	pr[e]tɨrivɛɫ	0
pretermissão	prɨtɨrmisɐ̃w̃	pretɨrmisɐ̃w̃	pr[ɨ]tɨrmisɐ̃w̃	pr[e]tɨrmisɐ̃w̃	0
pretermitir	prɨtɨrmitir	pretɨrmitir	pr[ɨ]tɨrmitir	pr[e]tɨrmitir	0
pretextado	prɨtɐjʃtadu	pretɨʃtadu	pr[ɨ]tɐ[j]ʃtadu	pr[e]tɨ[]ʃtadu	0
pretexta	prɨtɐjʃtɐ	preteʃtɐ	pr[ɨ]tɐ[j]ʃtɐ	pr[e]te[]ʃtɐ	0
pretextar	prɨtɐjʃtar	pretɨʃtar	pr[ɨ]tɐ[j]ʃtar	pr[e]tɨ[]ʃtar	0
pretexto	prɨtɐjʃtu	preteʃtu	pr[ɨ]tɐ[j]ʃtu	pr[e]te[]ʃtu	0
pretidão	prɨtidɐ̃w̃	pretidɐ̃w̃	pr[ɨ]tidɐ̃w̃	pr[e]tidɐ̃w̃	0
pretinha	prɨtiɲɐ	pretiɲɐ	pr[ɨ]tiɲɐ	pr[e]tiɲɐ	0
pretinho	prɨtiɲu	pretiɲu	pr[ɨ]tiɲu	pr[e]tiɲu	0
pretoriana	prɨturjɐnɐ	preturiɐ̃nɐ	pr[ɨ]tur[j]ɐ[]nɐ	pr[e]tur[i]ɐ[̃]nɐ	0
pretoriano	prɨturjɐnu	preturiɐ̃nu	pr[ɨ]tur[j]ɐ[]nu	pr[e]tur[i]ɐ[̃]nu	0
pretoria	prɨturiɐ	preturiɐ	pr[ɨ]turiɐ	pr[e]turiɐ	0
pretório	prɨtɔrju	pretɔrju	pr[ɨ]tɔrju	pr[e]tɔrju	0
pré-universitário	prɛunivɨrsitarju	prɛuniversitarju	prɛuniv[ɨ]rsitarju	prɛuniv[e]rsitarju	0
prevalecente	prɨvɐlɨsẽtɨ	prevɐlɨsẽntɨ	pr[ɨ]vɐlɨsẽtɨ[]	pr[e]vɐlɨsẽnt[ɨ]	0
prevalecer	prɨvɐlɨser	prevɐlɨser	pr[ɨ]vɐlɨser	pr[e]vɐlɨser	0
prevalecimento	prɨvɐlɨsimẽtu	prevɐlesimẽntu	pr[ɨ]vɐl[ɨ]simẽtu[]	pr[e]vɐl[e]simẽnt[u]	0
prevalência	prɨvɐlẽsjɐ	prevɐlẽnsjɐ	pr[ɨ]vɐlẽsjɐ[]	pr[e]vɐlẽnsj[ɐ]	0
prevaricação	prɨvɐrikɐsɐ̃w̃	prevɐrikɐsɐ̃w̃	pr[ɨ]vɐrikɐsɐ̃w̃	pr[e]vɐrikɐsɐ̃w̃	0
prevaricador	prɨvɐrikɐdor	prevɐrikɐdor	pr[ɨ]vɐrikɐdor	pr[e]vɐrikɐdor	0
prevaricar	prɨvɐrikar	prevɐrikar	pr[ɨ]vɐrikar	pr[e]vɐrikar	0
prevenção	prɨvẽsɐ̃w̃	prevẽnsɐ̃w̃	pr[ɨ]vẽsɐ̃[w]̃[]	pr[e]vẽns[ɐ]̃w[̃]	0
prevenido	prɨvɨnidu	prevɨnidu	pr[ɨ]vɨnidu	pr[e]vɨnidu	0
preveniente	prɨvɨnjẽtɨ	prevɨniẽntɨ	pr[ɨ]vɨnjẽtɨ[]	pr[e]vɨniẽnt[ɨ]	0
prevenir	prɨvɨnir	prevɨnir	pr[ɨ]vɨnir	pr[e]vɨnir	0
preventivamente	prɨvẽtivɐmẽtɨ	prevẽntivɐmẽntɨ	pr[ɨ]vẽtivɐmẽtɨ[]	pr[e]vẽntivɐmẽnt[ɨ]	0
preventivo	prɨvẽtivu	prevẽntivu	pr[ɨ]vẽtivu[]	pr[e]vẽntiv[u]	0
preventório	prɨvẽtɔrju	prevẽntɔrju	pr[ɨ]vẽtɔrju[]	pr[e]vẽntɔrj[u]	0
preventor	prɨvẽtor	prevẽntor	pr[ɨ]vẽtor[]	pr[e]vẽnto[r]	0
previdência	prɨvidẽsjɐ	previdẽnsjɐ	pr[ɨ]vidẽsjɐ[]	pr[e]vidẽnsj[ɐ]	0
previdenciário	prɨvidẽsjarju	previdensiarju	pr[ɨ]vidẽ[]s[j]arju	pr[e]vide[n]s[i]arju	0
previdente	prɨvidẽtɨ	previdẽntɨ	pr[ɨ]vidẽtɨ[]	pr[e]vidẽnt[ɨ]	0
previsão	prɨvizɐ̃w̃	previzɐ̃w̃	pr[ɨ]vizɐ̃w̃	pr[e]vizɐ̃w̃	0
previsibilidade	prɨvizibilidadɨ	previzibilidadɨ	pr[ɨ]vizibilidadɨ	pr[e]vizibilidadɨ	0
previsível	prɨvizivɛɫ	previzivɛɫ	pr[ɨ]vizivɛɫ	pr[e]vizivɛɫ	0
previsto	prɨviʃtu	previʃtu	pr[ɨ]viʃtu	pr[e]viʃtu	0
previver	prɨviver	previver	pr[ɨ]viver	pr[e]viver	0
prezado	prɨzadu	prezadu	pr[ɨ]zadu	pr[e]zadu	0
prezador	prɨzɐdor	prezɐdor	pr[ɨ]zɐdor	pr[e]zɐdor	0
prezável	prɨzavɛɫ	prezavɛɫ	pr[ɨ]zavɛɫ	pr[e]zavɛɫ	0
primeiro-tenente	primɐjrutɨnẽtɨ	primɐjrutenẽntɨ	primɐjrut[ɨ]nẽtɨ[]	primɐjrut[e]nẽnt[ɨ]	0
privilegiado	privilɨʒjadu	privileʒiadu	privil[ɨ]ʒ[j]adu	privil[e]ʒ[i]adu	0
privilegiar	privilɨʒjar	privileʒiar	privil[ɨ]ʒ[j]ar	privil[e]ʒ[i]ar	0
proeminar	prweminar	pruɨminar	prw[e]minar	pru[ɨ]minar	0
proeminência	prweminẽsjɐ	pruɨminẽnsjɐ	prw[e]minẽsjɐ[]	pru[ɨ]minẽnsj[ɐ]	0
proeminentemente	prweminẽtɨmẽtɨ	pruɨminẽntɨmẽntɨ	prw[e]minẽtɨmẽtɨ[]	pru[ɨ]minẽntɨmẽnt[ɨ]	0
proeminente	prweminẽtɨ	pruɨminẽntɨ	prw[e]minẽtɨ[]	pru[ɨ]minẽnt[ɨ]	0
pró-germânico	prɔʒɨrmɐniku	prɔʒermɐ̃niku	prɔʒ[ɨ]rmɐ[]niku	prɔʒ[e]rmɐ[̃]niku	0
proliferação	prulifɨrɐsɐ̃w̃	pruliferɐsɐ̃w̃	prulif[ɨ]rɐsɐ̃w̃	prulif[e]rɐsɐ̃w̃	0
proliferativo	prulifɨrɐtivu	pruliferɐtivu	prulif[ɨ]rɐtivu	prulif[e]rɐtivu	0
prometedoramente	prumɨtɨdorɐmẽtɨ	prumɨtedurɐmẽntɨ	prumɨt[ɨ]d[o]rɐmẽtɨ[]	prumɨt[e]d[u]rɐmẽnt[ɨ]	0
psiquelequedana	psikɨlɨkɨdɐnɐ	psikelɨkɨdɐ̃nɐ	psik[ɨ]lɨkɨdɐ[]nɐ	psik[e]lɨkɨdɐ[̃]nɐ	0
quadrissecular	kwɐdrisɨkular	kwɐdrisekular	kwɐdris[ɨ]kular	kwɐdris[e]kular	0
quartel-general	kwɐrtɛɫʒɨnɨraɫ	kwɐrtɛɫʒenɨraɫ	kwɐrtɛɫʒ[ɨ]nɨraɫ	kwɐrtɛɫʒ[e]nɨraɫ	0
quase-delito	kwazɨdɨlitu	kwazɨdelitu	kwazɨd[ɨ]litu	kwazɨd[e]litu	0
quebequense	kɨbɛkẽsɨ	kebɨkẽnsɨ	k[ɨ]b[ɛ]kẽsɨ[]	k[e]b[ɨ]kẽns[ɨ]	0
quebração	kɨbrɐsɐ̃w̃	kebrɐsɐ̃w̃	k[ɨ]brɐsɐ̃w̃	k[e]brɐsɐ̃w̃	0
quebracho	kɨbraʃu	kebraʃu	k[ɨ]braʃu	k[e]braʃu	0
quebrada	kɨbradɐ	kebradɐ	k[ɨ]bradɐ	k[e]bradɐ	0
quebradeira	kɨbrɐdɐjrɐ	kebrɐdɐjrɐ	k[ɨ]brɐdɐjrɐ	k[e]brɐdɐjrɐ	0
quebradela	kɨbrɐdɛlɐ	kebrɐdɛlɐ	k[ɨ]brɐdɛlɐ	k[e]brɐdɛlɐ	0
quebradiço	kɨbrɐdisu	kebrɐdisu	k[ɨ]brɐdisu	k[e]brɐdisu	0
quebrado	kɨbradu	kebradu	k[ɨ]bradu	k[e]bradu	0
quebradura	kɨbrɐdurɐ	kebrɐdurɐ	k[ɨ]brɐdurɐ	k[e]brɐdurɐ	0
quebramento	kɨbrɐmẽtu	kebrɐmẽntu	k[ɨ]brɐmẽtu[]	k[e]brɐmẽnt[u]	0
quebrança	kɨbrɐ̃sɐ	kebrɐ̃nsɐ	k[ɨ]brɐ̃[]sɐ	k[e]brɐ̃[n]sɐ	0
quebrantado	kɨbrɐ̃tadu	kebrɐ̃ntadu	k[ɨ]brɐ̃[]tadu	k[e]brɐ̃[n]tadu	0
quebrantador	kɨbrɐ̃tɐdor	kebrɐ̃ntɐdor	k[ɨ]brɐ̃[]tɐdor	k[e]brɐ̃[n]tɐdor	0
quebrantamento	kɨbrɐ̃tɐmẽtu	kebrɐ̃ntɐmẽntu	k[ɨ]brɐ̃[]tɐmẽtu[]	k[e]brɐ̃[n]tɐmẽnt[u]	0
quebrantar	kɨbrɐ̃tar	kebrɐ̃ntar	k[ɨ]brɐ̃[]tar	k[e]brɐ̃[n]tar	0
quebrantável	kɨbrɐ̃tavɛɫ	kebrɐ̃ntavɛɫ	k[ɨ]brɐ̃[]tavɛɫ	k[e]brɐ̃[n]tavɛɫ	0
quebranto	kɨbrɐ̃tu	kebrɐ̃ntu	k[ɨ]brɐ̃[]tu	k[e]brɐ̃[n]tu	0
quebratura	kɨbrɐturɐ	kebrɐturɐ	k[ɨ]brɐturɐ	k[e]brɐturɐ	0
quebrável	kɨbravɛɫ	kebravɛɫ	k[ɨ]bravɛɫ	k[e]bravɛɫ	0
quebreira	kɨbrɐjrɐ	kebrɐjrɐ	k[ɨ]brɐjrɐ	k[e]brɐjrɐ	0
quediva	kɨdivɐ	kedivɐ	k[ɨ]divɐ	k[e]divɐ	0
quedive	kɨdivɨ	kedivɨ	k[ɨ]divɨ	k[e]divɨ	0
quefazeres	kɨfɐzerɨʃ	kefɐzerɨʃ	k[ɨ]fɐzerɨʃ	k[e]fɐzerɨʃ	0
quefazer	kɨfɐzer	kefɐzer	k[ɨ]fɐzer	k[e]fɐzer	0
queguelequeze	keɡelekezɨ	keɡɨlɨkezɨ	keɡ[e]l[e]kezɨ	keɡ[ɨ]l[ɨ]kezɨ	0
quejadilho	kɨʒɐdiʎu	keʒɐdiʎu	k[ɨ]ʒɐdiʎu	k[e]ʒɐdiʎu	0
quejando	kɨʒɐ̃du	keʒɐ̃ndu	k[ɨ]ʒɐ̃[]du	k[e]ʒɐ̃[n]du	0
quelembequeta	kɨlẽbɨketɐ	kelẽmbɨketɐ	k[ɨ]lẽbɨketɐ[]	k[e]lẽmbɨket[ɐ]	0
quelhório	kɨʎɔrju	keʎɔrju	k[ɨ]ʎɔrju	k[e]ʎɔrju	0
quelicerado	kɨlisɨradu	kelisɨradu	k[ɨ]lisɨradu	k[e]lisɨradu	0
quelícera	kɨlisɨrɐ	kelisɨrɐ	k[ɨ]lisɨrɐ	k[e]lisɨrɐ	0
quelídidas	kɨlididɐʃ	kelididɐʃ	k[ɨ]lididɐʃ	k[e]lididɐʃ	0
quelidídeos	kɨlididjuʃ	kelididiwʃ	k[ɨ]lididj[u]ʃ	k[e]lididi[w]ʃ	0
quelidônia	kɨlidonjɐ	kelidonjɐ	k[ɨ]lidonjɐ	k[e]lidonjɐ	0
quelidónia	kɨlidɔnjɐ	kelidɔnjɐ	k[ɨ]lidɔnjɐ	k[e]lidɔnjɐ	0
quelidônia-menor	kɨlidonjɐmɨnɔr	kelidonɪɐmɨnɔr	k[ɨ]lidon[j]ɐmɨnɔr	k[e]lidon[ɪ]ɐmɨnɔr	0
quelidónia-menor	kɨlidɔnjɐmɨnɔr	kelidɔnɪɐmɨnɔr	k[ɨ]lidɔn[j]ɐmɨnɔr	k[e]lidɔn[ɪ]ɐmɨnɔr	0
quelimane	kɨlimɐnɨ	kelimɐ̃nɨ	k[ɨ]limɐ[]nɨ	k[e]limɐ[̃]nɨ	0
quelípode	kɨlipudɨ	kelipudɨ	k[ɨ]lipudɨ	k[e]lipudɨ	0
queloide	kɨlɔjdɨ	kelɔjdɨ	k[ɨ]lɔjdɨ	k[e]lɔjdɨ	0
quelóide	kɨlɔjdɨ	kelɔjdɨ	k[ɨ]lɔjdɨ	k[e]lɔjdɨ	0
queloníidas	kɨluniidɐʃ	keluniidɐʃ	k[ɨ]luniidɐʃ	k[e]luniidɐʃ	0
queloniídeos	kɨluniidjuʃ	kelunjidiwʃ	k[ɨ]lun[i]idj[u]ʃ	k[e]lun[j]idi[w]ʃ	0
quelônios	kɨlonjuʃ	kelonɪuʃ	k[ɨ]lon[j]uʃ	k[e]lon[ɪ]uʃ	0
quelónios	kɨlɔnjuʃ	kelɔnɪuʃ	k[ɨ]lɔn[j]uʃ	k[e]lɔn[ɪ]uʃ	0
quelonófago	kɨlunɔfɐɡu	kelunɔfɐɡu	k[ɨ]lunɔfɐɡu	k[e]lunɔfɐɡu	0
quelonografia	kɨlunuɡrɐfiɐ	kelunuɡrɐfiɐ	k[ɨ]lunuɡrɐfiɐ	k[e]lunuɡrɐfiɐ	0
quelonográfico	kɨlunuɡrafiku	kelunuɡrafiku	k[ɨ]lunuɡrafiku	k[e]lunuɡrafiku	0
quelonógrafo	kɨlunɔɡrɐfu	kelunɔɡrɐfu	k[ɨ]lunɔɡrɐfu	k[e]lunɔɡrɐfu	0
quenopodiáceas	kɨnupɔdjasjɐʃ	kenupudiasiɐʃ	k[ɨ]nup[ɔ]d[j]as[j]ɐʃ	k[e]nup[u]d[i]as[i]ɐʃ	0
quenopódio	kɨnupɔdju	kenupɔdju	k[ɨ]nupɔdju	k[e]nupɔdju	0
queratina	kɨrɐtinɐ	kerɐtinɐ	k[ɨ]rɐtinɐ	k[e]rɐtinɐ	0
queratinização	kɨrɐtinizɐsɐ̃w̃	kerɐtinizɐsɐ̃w̃	k[ɨ]rɐtinizɐsɐ̃w̃	k[e]rɐtinizɐsɐ̃w̃	0
queratinizar	kɨrɐtinizar	kerɐtinizar	k[ɨ]rɐtinizar	k[e]rɐtinizar	0
queratinoso	kɨrɐtinozu	kerɐtinozu	k[ɨ]rɐtinozu	k[e]rɐtinozu	0
queratite	kɨrɐtitɨ	kerɐtitɨ	k[ɨ]rɐtitɨ	k[e]rɐtitɨ	0
queratose	kɨrɐtɔzɨ	kerɐtɔzɨ	k[ɨ]rɐtɔzɨ	k[e]rɐtɔzɨ	0
queratotomia	kɨrɐtɔtumiɐ	kerɐtutumiɐ	k[ɨ]rɐt[ɔ]tumiɐ	k[e]rɐt[u]tumiɐ	0
querelado	kɨrɨladu	kerɨladu	k[ɨ]rɨladu	k[e]rɨladu	0
querelador	kɨrɨlɐdor	kerɨlɐdor	k[ɨ]rɨlɐdor	k[e]rɨlɐdor	0
querela	kɨrɛlɐ	kerɛlɐ	k[ɨ]rɛlɐ	k[e]rɛlɐ	0
querelante	kɨrɨlɐ̃tɨ	kerɨlɐ̃ntɨ	k[ɨ]rɨlɐ̃[]tɨ	k[e]rɨlɐ̃[n]tɨ	0
querelar	kɨrɨlar	kerɨlar	k[ɨ]rɨlar	k[e]rɨlar	0
quereloso	kɨrɨlozu	kerɨlozu	k[ɨ]rɨlozu	k[e]rɨlozu	0
querenagem	kɨrɨnaʒɐ̃j̃	kerɨnaʒɐjn	k[ɨ]rɨnaʒɐ[̃]j[̃]	k[e]rɨnaʒɐ[]j[n]	0
querena	kɨrenɐ	kerenɐ	k[ɨ]renɐ	k[e]renɐ	0
querenar	kɨrɨnar	kerɨnar	k[ɨ]rɨnar	k[e]rɨnar	0
querença	kɨrẽsɐ	kerẽnsɐ	k[ɨ]rẽsɐ[]	k[e]rẽns[ɐ]	0
querência	kɨrẽsjɐ	kerẽnsjɐ	k[ɨ]rẽsjɐ[]	k[e]rẽnsj[ɐ]	0
querenciar	kɨrẽsjar	kerẽnsiar	k[ɨ]rẽsjar[]	k[e]rẽnsia[r]	0
querençoso	kɨrẽsozu	kerẽnsozu	k[ɨ]rẽsozu[]	k[e]rẽnsoz[u]	0
querente	kɨrẽtɨ	kerẽntɨ	k[ɨ]rẽtɨ[]	k[e]rẽnt[ɨ]	0
querentim	kɨrẽtĩ	kerẽntĩn	k[ɨ]rẽtĩ[]	k[e]rẽntĩ[n]	0
querido	kɨridu	keridu	k[ɨ]ridu	k[e]ridu	0
querimbo	kɨrĩbu	kerĩmbu	k[ɨ]rĩbu[]	k[e]rĩmb[u]	0
quermésidas	kɨrmɛzidɐʃ	kermɛzidɐʃ	k[ɨ]rmɛzidɐʃ	k[e]rmɛzidɐʃ	0
quermesídeos	kɨrmɨzidjuʃ	kermɨzidiwʃ	k[ɨ]rmɨzidj[u]ʃ	k[e]rmɨzidi[w]ʃ	0
quermesite	kɨrmɨzitɨ	kermɨzitɨ	k[ɨ]rmɨzitɨ	k[e]rmɨzitɨ	0
quermesse	kɨrmɛsɨ	kermesɨ	k[ɨ]rm[ɛ]sɨ	k[e]rm[e]sɨ	0
quernite	kɨrnitɨ	kernitɨ	k[ɨ]rnitɨ	k[e]rnitɨ	0
querosene	kɨrɔzɛnɨ	keruzenɨ	k[ɨ]r[ɔ]z[ɛ]nɨ	k[e]r[u]z[e]nɨ	0
querronense	kɨʀunẽsɨ	keʀunẽnsɨ	k[ɨ]ʀunẽsɨ[]	k[e]ʀunẽns[ɨ]	0
quersonense	kɨrsunẽsɨ	kersunẽnsɨ	k[ɨ]rsunẽsɨ[]	k[e]rsunẽns[ɨ]	0
querubim	kɨrubĩ	kerubĩn	k[ɨ]rubĩ[]	k[e]rubĩ[n]	0
querubínico	kɨrubiniku	kerubiniku	k[ɨ]rubiniku	k[e]rubiniku	0
querulência	kɨrulẽsjɐ	kerulẽnsjɐ	k[ɨ]rulẽsjɐ[]	k[e]rulẽnsj[ɐ]	0
qüerulência	kwɨrulẽsjɐ	kwerulẽnsjɐ	kw[ɨ]rulẽsjɐ[]	kw[e]rulẽnsj[ɐ]	0
quesito	kɨzitu	kezitu	k[ɨ]zitu	k[e]zitu	0
quesível	kɨzivɛɫ	kezivɛɫ	k[ɨ]zivɛɫ	k[e]zivɛɫ	0
qüesível	kwɨzivɛɫ	kwezivɛɫ	kw[ɨ]zivɛɫ	kw[e]zivɛɫ	0
questionabilidade	kɨʃtjunɐbilidadɨ	keʃtjunɐbilidadɨ	k[ɨ]ʃtjunɐbilidadɨ	k[e]ʃtjunɐbilidadɨ	0
qüestionabilidade	kwɨʃtjunɐbilidadɨ	kweʃtjunɐbilidadɨ	kw[ɨ]ʃtjunɐbilidadɨ	kw[e]ʃtjunɐbilidadɨ	0
questionado	kɨʃtjunadu	keʃtjunadu	k[ɨ]ʃtjunadu	k[e]ʃtjunadu	0
qüestionado	kwɨʃtjunadu	kweʃtjunadu	kw[ɨ]ʃtjunadu	kw[e]ʃtjunadu	0
questionador	kɨʃtjunɐdor	keʃtjunɐdor	k[ɨ]ʃtjunɐdor	k[e]ʃtjunɐdor	0
qüestionador	kwɨʃtjunɐdor	kweʃtjunɐdor	kw[ɨ]ʃtjunɐdor	kw[e]ʃtjunɐdor	0
questionamento	kɨʃtjunɐmẽtu	keʃtjunɐmẽntu	k[ɨ]ʃtjunɐmẽtu[]	k[e]ʃtjunɐmẽnt[u]	0
qüestionamento	kwɨʃtjunɐmẽtu	kweʃtjunɐmẽntu	kw[ɨ]ʃtjunɐmẽtu[]	kw[e]ʃtjunɐmẽnt[u]	0
questionário	kɨʃtjunarju	keʃtjunarju	k[ɨ]ʃtjunarju	k[e]ʃtjunarju	0
qüestionário	kwɨʃtjunarju	kweʃtjunarju	kw[ɨ]ʃtjunarju	kw[e]ʃtjunarju	0
questionar	kɨʃtjunar	keʃtjunar	k[ɨ]ʃtjunar	k[e]ʃtjunar	0
qüestionar	kwɨʃtjunar	kweʃtjunar	kw[ɨ]ʃtjunar	kw[e]ʃtjunar	0
questionável	kɨʃtjunavɛɫ	keʃtjunavɛɫ	k[ɨ]ʃtjunavɛɫ	k[e]ʃtjunavɛɫ	0
qüestionável	kwɨʃtjunavɛɫ	kweʃtjunavɛɫ	kw[ɨ]ʃtjunavɛɫ	kw[e]ʃtjunavɛɫ	0
questiúncula	kɨʃtjũkulɐ	keʃtiũnkulɐ	k[ɨ]ʃtjũkulɐ[]	k[e]ʃtiũnkul[ɐ]	0
qüestiúncula	kwɨʃtjũkulɐ	kweʃtiũnkulɐ	kw[ɨ]ʃtjũkulɐ[]	kw[e]ʃtiũnkul[ɐ]	0
questorado	kɨʃturadu	keʃturadu	k[ɨ]ʃturadu	k[e]ʃturadu	0
qüestorado	kwɨʃturadu	kweʃturadu	kw[ɨ]ʃturadu	kw[e]ʃturadu	0
questório	kɨʃtɔrju	keʃtɔrju	k[ɨ]ʃtɔrju	k[e]ʃtɔrju	0
qüestório	kwɨʃtɔrju	kweʃtɔrju	kw[ɨ]ʃtɔrju	kw[e]ʃtɔrju	0
questuário	kɨʃtwarju	keʃtwarju	k[ɨ]ʃtwarju	k[e]ʃtwarju	0
qüestuário	kwɨʃtwarju	kweʃtwarju	kw[ɨ]ʃtwarju	kw[e]ʃtwarju	0
questuoso	kɨʃtwozu	keʃtwozu	k[ɨ]ʃtwozu	k[e]ʃtwozu	0
qüestuoso	kwɨʃtwozu	kweʃtwozu	kw[ɨ]ʃtwozu	kw[e]ʃtwozu	0
questura	kɨʃturɐ	keʃturɐ	k[ɨ]ʃturɐ	k[e]ʃturɐ	0
qüestura	kwɨʃturɐ	kweʃturɐ	kw[ɨ]ʃturɐ	kw[e]ʃturɐ	0
quetígero	kɨtiʒɨru	ketiʒɨru	k[ɨ]tiʒɨru	k[e]tiʒɨru	0
quetópodes	kɨtɔpudɨʃ	ketɔpudɨʃ	k[ɨ]tɔpudɨʃ	k[e]tɔpudɨʃ	0
quezila	kɨzilɐ	kezilɐ	k[ɨ]zilɐ	k[e]zilɐ	0
quezilar	kɨzilar	kezilar	k[ɨ]zilar	k[e]zilar	0
quezilento	kɨzilẽtu	kezilẽntu	k[ɨ]zilẽtu[]	k[e]zilẽnt[u]	0
quezília	kɨziljɐ	keziljɐ	k[ɨ]ziljɐ	k[e]ziljɐ	0
quita-merenda	kitɐmɨrẽdɐ	kitɐmerẽndɐ	kitɐm[ɨ]rẽdɐ[]	kitɐm[e]rẽnd[ɐ]	0
rabita-ferreira	ʀɐbitɐfɨʀɐjrɐ	ʀɐbitɐfeʀɐjrɐ	ʀɐbitɐf[ɨ]ʀɐjrɐ	ʀɐbitɐf[e]ʀɐjrɐ	0
ramerraneiro	ʀɐmɨʀɐnɐjru	ʀɐmeʀɐnɐjru	ʀɐm[ɨ]ʀɐnɐjru	ʀɐm[e]ʀɐnɐjru	0
ramerranesco	ʀɐmɨʀɐneʃku	ʀɐmeʀɐneʃku	ʀɐm[ɨ]ʀɐneʃku	ʀɐm[e]ʀɐneʃku	0
rebaixador	ʀɨbajʃɐdor	ʀebajʃɐdor	ʀ[ɨ]bajʃɐdor	ʀ[e]bajʃɐdor	0
rebaixado	ʀɨbajʃadu	ʀebajʃadu	ʀ[ɨ]bajʃadu	ʀ[e]bajʃadu	0
rebaixamento	ʀɨbajʃɐmẽtu	ʀebajʃɐmẽntu	ʀ[ɨ]bajʃɐmẽtu[]	ʀ[e]bajʃɐmẽnt[u]	0
rebaixar	ʀɨbajʃar	ʀebajʃar	ʀ[ɨ]bajʃar	ʀ[e]bajʃar	0
rebaixa	ʀɨbajʃɐ	ʀebajʃɐ	ʀ[ɨ]bajʃɐ	ʀ[e]bajʃɐ	0
rebaixe	ʀɨbajʃɨ	ʀebajʃɨ	ʀ[ɨ]bajʃɨ	ʀ[e]bajʃɨ	0
rebaixo	ʀɨbajʃu	ʀebajʃu	ʀ[ɨ]bajʃu	ʀ[e]bajʃu	0
rebalva	ʀɨbaɫvɐ	ʀebaɫvɐ	ʀ[ɨ]baɫvɐ	ʀ[e]baɫvɐ	0
rebanhada	ʀɨbɐɲadɐ	ʀebɐ̃ɲadɐ	ʀ[ɨ]bɐ[]ɲadɐ	ʀ[e]bɐ[̃]ɲadɐ	0
rebanhar	ʀɨbɐɲar	ʀebɐ̃ɲar	ʀ[ɨ]bɐ[]ɲar	ʀ[e]bɐ[̃]ɲar	0
rebanhio	ʀɨbɐɲiu	ʀebɐ̃ɲiw	ʀ[ɨ]bɐ[]ɲi[u]	ʀ[e]bɐ[̃]ɲi[w]	0
rebanho	ʀɨbɐɲu	ʀebɐ̃ɲu	ʀ[ɨ]bɐ[]ɲu	ʀ[e]bɐ[̃]ɲu	0
rebaptismo	ʀɨbatiʒmu	ʀebɐptiʒmu	ʀ[ɨ]ba[]tiʒmu	ʀ[e]bɐ[p]tiʒmu	0
rebaptizar	ʀɨbatizar	ʀebɐptizar	ʀ[ɨ]ba[]tizar	ʀ[e]bɐ[p]tizar	0
rebarbação	ʀɨbɐrbɐsɐ̃w̃	ʀebɐrbɐsɐ̃w̃	ʀ[ɨ]bɐrbɐsɐ̃w̃	ʀ[e]bɐrbɐsɐ̃w̃	0
rebarbadora	ʀɨbɐrbɐdorɐ	ʀebɐrbɐdorɐ	ʀ[ɨ]bɐrbɐdorɐ	ʀ[e]bɐrbɐdorɐ	0
rebarbador	ʀɨbɐrbɐdor	ʀebɐrbɐdor	ʀ[ɨ]bɐrbɐdor	ʀ[e]bɐrbɐdor	0
rebarbagem	ʀɨbɐrbaʒɐ̃j̃	ʀebɐrbaʒɐjn	ʀ[ɨ]bɐrbaʒɐ[̃]j[̃]	ʀ[e]bɐrbaʒɐ[]j[n]	0
rebarbar	ʀɨbɐrbar	ʀebɐrbar	ʀ[ɨ]bɐrbar	ʀ[e]bɐrbar	0
rebarba	ʀɨbarbɐ	ʀebarbɐ	ʀ[ɨ]barbɐ	ʀ[e]barbɐ	0
rebarbativo	ʀɨbɐrbɐtivu	ʀebɐrbɐtivu	ʀ[ɨ]bɐrbɐtivu	ʀ[e]bɐrbɐtivu	0
rebatedor	ʀɨbɐtɨdor	ʀebɐtɨdor	ʀ[ɨ]bɐtɨdor	ʀ[e]bɐtɨdor	0
rebater	ʀɨbɐter	ʀebɐter	ʀ[ɨ]bɐter	ʀ[e]bɐter	0
rebatida	ʀɨbɐtidɐ	ʀebɐtidɐ	ʀ[ɨ]bɐtidɐ	ʀ[e]bɐtidɐ	0
rebatido	ʀɨbɐtidu	ʀebɐtidu	ʀ[ɨ]bɐtidu	ʀ[e]bɐtidu	0
rebatimento	ʀɨbɐtimẽtu	ʀebɐtimẽntu	ʀ[ɨ]bɐtimẽtu[]	ʀ[e]bɐtimẽnt[u]	0
rebatinha	ʀɨbɐtiɲɐ	ʀebɐtiɲɐ	ʀ[ɨ]bɐtiɲɐ	ʀ[e]bɐtiɲɐ	0
rebatismo	ʀɨbatiʒmu	ʀebɐtiʒmu	ʀ[ɨ]b[a]tiʒmu	ʀ[e]b[ɐ]tiʒmu	0
rebatível	ʀɨbɐtivɛɫ	ʀebɐtivɛɫ	ʀ[ɨ]bɐtivɛɫ	ʀ[e]bɐtivɛɫ	0
rebatizar	ʀɨbatizar	ʀebɐtizar	ʀ[ɨ]b[a]tizar	ʀ[e]b[ɐ]tizar	0
rebato	ʀɨbatu	ʀebatu	ʀ[ɨ]batu	ʀ[e]batu	0
rebeca	ʀɨbɛkɐ	ʀebɛkɐ	ʀ[ɨ]bɛkɐ	ʀ[e]bɛkɐ	0
rebeijar	ʀɨbɐjʒar	ʀebɐjʒar	ʀ[ɨ]bɐjʒar	ʀ[e]bɐjʒar	0
rebelão	ʀɨbɨlɐ̃w̃	ʀebɨlɐ̃w̃	ʀ[ɨ]bɨlɐ̃w̃	ʀ[e]bɨlɐ̃w̃	0
rebelar	ʀɨbɨlar	ʀebɨlar	ʀ[ɨ]bɨlar	ʀ[e]bɨlar	0
rebelde	ʀɨbɛɫdɨ	ʀebeɫdɨ	ʀ[ɨ]b[ɛ]ɫdɨ	ʀ[e]b[e]ɫdɨ	0
rebeldia	ʀɨbɛɫdiɐ	ʀebɨɫdiɐ	ʀ[ɨ]b[ɛ]ɫdiɐ	ʀ[e]b[ɨ]ɫdiɐ	0
rebeldismo	ʀɨbɛɫdiʒmu	ʀebɨɫdiʒmu	ʀ[ɨ]b[ɛ]ɫdiʒmu	ʀ[e]b[ɨ]ɫdiʒmu	0
rebelião	ʀɨbɨljɐ̃w̃	ʀebɨliɐ̃w̃	ʀ[ɨ]bɨl[j]ɐ̃w̃	ʀ[e]bɨl[i]ɐ̃w̃	0
rebelionar	ʀɨbɨljunar	ʀebɨljunar	ʀ[ɨ]bɨljunar	ʀ[e]bɨljunar	0
rebelo	ʀɨbelu	ʀebelu	ʀ[ɨ]belu	ʀ[e]belu	0
rebencada	ʀɨbẽkadɐ	ʀebẽnkadɐ	ʀ[ɨ]bẽkadɐ[]	ʀ[e]bẽnkad[ɐ]	0
rebenta-boi	ʀɨbẽtɐboj	ʀebẽntɐboj	ʀ[ɨ]bẽtɐboj[]	ʀ[e]bẽntɐbo[j]	0
rebentação	ʀɨbẽtɐsɐ̃w̃	ʀebẽntɐsɐ̃w̃	ʀ[ɨ]bẽtɐ[s]ɐ̃[w]̃[]	ʀ[e]bẽn[t]ɐs[ɐ]̃w[̃]	0
rebentado	ʀɨbẽtadu	ʀebẽntadu	ʀ[ɨ]bẽtadu[]	ʀ[e]bẽntad[u]	0
rebentamento	ʀɨbẽtɐmẽtu	ʀebẽntɐmẽntu	ʀ[ɨ]bẽtɐmẽtu[]	ʀ[e]bẽntɐmẽnt[u]	0
rebentão	ʀɨbẽtɐ̃w̃	ʀebẽntɐ̃w̃	ʀ[ɨ]bẽtɐ̃[w]̃[]	ʀ[e]bẽnt[ɐ]̃w[̃]	0
rebentãozal	ʀɨbẽtɐ̃w̃zaɫ	ʀebẽntɐ̃w̃zaɫ	ʀ[ɨ]bẽtɐ̃[w]̃zaɫ[]	ʀ[e]bẽnt[ɐ]̃w̃za[ɫ]	0
rebentar	ʀɨbẽtar	ʀebẽntar	ʀ[ɨ]bẽtar[]	ʀ[e]bẽnta[r]	0
rebentina	ʀɨbẽtinɐ	ʀebẽntinɐ	ʀ[ɨ]bẽt[i]nɐ[]	ʀ[e]bẽ[]ntin[ɐ]	0
rebentinha	ʀɨbẽtiɲɐ	ʀebẽntiɲɐ	ʀ[ɨ]bẽtiɲɐ[]	ʀ[e]bẽntiɲ[ɐ]	0
rebento	ʀɨbẽtu	ʀebẽntu	ʀ[ɨ]bẽtu[]	ʀ[e]bẽnt[u]	0
rebeque	ʀɨbɛkɨ	ʀebɛkɨ	ʀ[ɨ]bɛkɨ	ʀ[e]bɛkɨ	0
rebimbar	ʀɨbĩbar	ʀebĩmbar	ʀ[ɨ]bĩbar[]	ʀ[e]bĩmba[r]	0
rebimba	ʀɨbĩbɐ	ʀebĩmbɐ	ʀ[ɨ]bĩbɐ[]	ʀ[e]bĩmb[ɐ]	0
rebique	ʀɨbikɨ	ʀebikɨ	ʀ[ɨ]bikɨ	ʀ[e]bikɨ	0
rebitadeira	ʀɨbitɐdɐjrɐ	ʀebitɐdɐjrɐ	ʀ[ɨ]bitɐdɐjrɐ	ʀ[e]bitɐdɐjrɐ	0
rebitadora	ʀɨbitɐdorɐ	ʀebitɐdorɐ	ʀ[ɨ]bitɐdorɐ	ʀ[e]bitɐdorɐ	0
rebitador	ʀɨbitɐdor	ʀebitɐdor	ʀ[ɨ]bitɐdor	ʀ[e]bitɐdor	0
rebitagem	ʀɨbitaʒɐ̃j̃	ʀebitaʒɐjn	ʀ[ɨ]bitaʒɐ[̃]j[̃]	ʀ[e]bitaʒɐ[]j[n]	0
rebitar	ʀɨbitar	ʀebitar	ʀ[ɨ]bitar	ʀ[e]bitar	0
rebita	ʀɨbitɐ	ʀebitɐ	ʀ[ɨ]bitɐ	ʀ[e]bitɐ	0
rebite	ʀɨbitɨ	ʀebitɨ	ʀ[ɨ]bitɨ	ʀ[e]bitɨ	0
reboante	ʀɨbwɐ̃tɨ	ʀebuɐ̃ntɨ	ʀ[ɨ]b[w]ɐ̃[]tɨ	ʀ[e]b[u]ɐ̃[n]tɨ	0
reboar	ʀɨbwar	ʀebuar	ʀ[ɨ]b[w]ar	ʀ[e]b[u]ar	0
rebobinar	ʀɨbɔbinar	ʀebubinar	ʀ[ɨ]b[ɔ]binar	ʀ[e]b[u]binar	0
rebocadura	ʀɨbukɐdurɐ	ʀebukɐdurɐ	ʀ[ɨ]bukɐdurɐ	ʀ[e]bukɐdurɐ	0
reboco	ʀɨboku	ʀebɔku	ʀ[ɨ]b[o]ku	ʀ[e]b[ɔ]ku	0
rebolado	ʀɨbuladu	ʀebuladu	ʀ[ɨ]buladu	ʀ[e]buladu	0
rebolão	ʀɨbulɐ̃w̃	ʀebulɐ̃w̃	ʀ[ɨ]bulɐ̃w̃	ʀ[e]bulɐ̃w̃	0
rebolaria	ʀɨbulɐriɐ	ʀebulɐriɐ	ʀ[ɨ]bulɐriɐ	ʀ[e]bulɐriɐ	0
rebolar	ʀɨbular	ʀebular	ʀ[ɨ]bular	ʀ[e]bular	0
rebolear	ʀɨbuljar	ʀebuliar	ʀ[ɨ]bul[j]ar	ʀ[e]bul[i]ar	0
reboleta	ʀɨbuletɐ	ʀebulɛtɐ	ʀ[ɨ]bul[e]tɐ	ʀ[e]bul[ɛ]tɐ	0
reboliço	ʀɨbulisu	ʀebulisu	ʀ[ɨ]bulisu	ʀ[e]bulisu	0
rebolir	ʀɨbulir	ʀebulir	ʀ[ɨ]bulir	ʀ[e]bulir	0
reboludo	ʀɨbuludu	ʀebuludu	ʀ[ɨ]buludu	ʀ[e]buludu	0
rebombar	ʀɨbõbar	ʀebõmbar	ʀ[ɨ]bõbar[]	ʀ[e]bõmba[r]	0
rebombo	ʀɨbõbu	ʀebõmbu	ʀ[ɨ]bõbu[]	ʀ[e]bõmb[u]	0
rebôo	ʀɨbou	ʀebow	ʀ[ɨ]bo[u]	ʀ[e]bo[w]	0
reboquear	ʀɨbukjar	ʀebukɨar	ʀ[ɨ]buk[j]ar	ʀ[e]buk[ɨ]ar	0
reboque	ʀɨbɔkɨ	ʀebɔkɨ	ʀ[ɨ]bɔkɨ	ʀ[e]bɔkɨ	0
reboração	ʀɨburɐsɐ̃w̃	ʀeburɐsɐ̃w̃	ʀ[ɨ]burɐsɐ̃w̃	ʀ[e]burɐsɐ̃w̃	0
reborar	ʀɨburar	ʀeburar	ʀ[ɨ]burar	ʀ[e]burar	0
rebora	ʀɨbɔrɐ	ʀebɔrɐ	ʀ[ɨ]bɔrɐ	ʀ[e]bɔrɐ	0
rebordagem	ʀɨburdaʒɐ̃j̃	ʀeburdaʒɐjn	ʀ[ɨ]burdaʒɐ[̃]j[̃]	ʀ[e]burdaʒɐ[]j[n]	0
rebordão	ʀɨburdɐ̃w̃	ʀeburdɐ̃w̃	ʀ[ɨ]burdɐ̃w̃	ʀ[e]burdɐ̃w̃	0
rebordar	ʀɨburdar	ʀeburdar	ʀ[ɨ]burdar	ʀ[e]burdar	0
rebordo	ʀɨbordu	ʀebɔrdu	ʀ[ɨ]b[o]rdu	ʀ[e]b[ɔ]rdu	0
rebordosa	ʀɨburdɔzɐ	ʀeburdɔzɐ	ʀ[ɨ]burdɔzɐ	ʀ[e]burdɔzɐ	0
rebordosense	ʀɨburduzẽsɨ	ʀeburduzẽnsɨ	ʀ[ɨ]burduzẽsɨ[]	ʀ[e]burduzẽns[ɨ]	0
rebotalho	ʀɨbutaʎu	ʀebutaʎu	ʀ[ɨ]butaʎu	ʀ[e]butaʎu	0
rebotar	ʀɨbutar	ʀebutar	ʀ[ɨ]butar	ʀ[e]butar	0
rebote	ʀɨbɔtɨ	ʀebɔtɨ	ʀ[ɨ]bɔtɨ	ʀ[e]bɔtɨ	0
reboto	ʀɨbotu	ʀebɔtu	ʀ[ɨ]b[o]tu	ʀ[e]b[ɔ]tu	0
rebraço	ʀɨbrasu	ʀebrasu	ʀ[ɨ]brasu	ʀ[e]brasu	0
rebramar	ʀɨbrɐmar	ʀebrɐmar	ʀ[ɨ]brɐmar	ʀ[e]brɐmar	0
rebramir	ʀɨbrɐmir	ʀebrɐmir	ʀ[ɨ]brɐmir	ʀ[e]brɐmir	0
rebrilhante	ʀɨbriʎɐ̃tɨ	ʀebriʎɐ̃ntɨ	ʀ[ɨ]briʎɐ̃[]tɨ	ʀ[e]briʎɐ̃[n]tɨ	0
rebrilhar	ʀɨbriʎar	ʀebriʎar	ʀ[ɨ]briʎar	ʀ[e]briʎar	0
rebrilho	ʀɨbriʎu	ʀebriʎu	ʀ[ɨ]briʎu	ʀ[e]briʎu	0
rebuçadamente	ʀɨbusadɐmẽtɨ	ʀebusɐdɐmẽntɨ	ʀ[ɨ]bus[a]dɐmẽtɨ[]	ʀ[e]bus[ɐ]dɐmẽnt[ɨ]	0
rebuçado	ʀɨbusadu	ʀebusadu	ʀ[ɨ]busadu	ʀ[e]busadu	0
rebuçar	ʀɨbusar	ʀebusar	ʀ[ɨ]busar	ʀ[e]busar	0
rebuço	ʀɨbusu	ʀebusu	ʀ[ɨ]busu	ʀ[e]busu	0
rebulhar	ʀɨbuʎar	ʀebuʎar	ʀ[ɨ]buʎar	ʀ[e]buʎar	0
rebulício	ʀɨbulisju	ʀebulisju	ʀ[ɨ]bulisju	ʀ[e]bulisju	0
rebuliço	ʀɨbulisu	ʀebulisu	ʀ[ɨ]bulisu	ʀ[e]bulisu	0
rebulir	ʀɨbulir	ʀebulir	ʀ[ɨ]bulir	ʀ[e]bulir	0
rebuscado	ʀɨbuʃkadu	ʀebuʃkadu	ʀ[ɨ]buʃkadu	ʀ[e]buʃkadu	0
rebuscamento	ʀɨbuʃkɐmẽtu	ʀebuʃkɐmẽntu	ʀ[ɨ]buʃkɐmẽtu[]	ʀ[e]buʃkɐmẽnt[u]	0
rebuscar	ʀɨbuʃkar	ʀebuʃkar	ʀ[ɨ]buʃkar	ʀ[e]buʃkar	0
rebusca	ʀɨbuʃkɐ	ʀebuʃkɐ	ʀ[ɨ]buʃkɐ	ʀ[e]buʃkɐ	0
rebusco	ʀɨbuʃku	ʀebuʃku	ʀ[ɨ]buʃku	ʀ[e]buʃku	0
rebusnar	ʀɨbuʒnar	ʀebuʒnar	ʀ[ɨ]buʒnar	ʀ[e]buʒnar	0
rebusno	ʀɨbuʒnu	ʀebuʒnu	ʀ[ɨ]buʒnu	ʀ[e]buʒnu	0
rebusqueiro	ʀɨbuʃkɐjru	ʀebuʃkɐjru	ʀ[ɨ]buʃkɐjru	ʀ[e]buʃkɐjru	0
recacho	ʀɨkaʃu	ʀekaʃu	ʀ[ɨ]kaʃu	ʀ[e]kaʃu	0
recadar	ʀɨkɐdar	ʀekɐdar	ʀ[ɨ]kɐdar	ʀ[e]kɐdar	0
recadear	ʀɨkɐdjar	ʀekɐdiar	ʀ[ɨ]kɐd[j]ar	ʀ[e]kɐd[i]ar	0
recadeira	ʀɨkɐdɐjrɐ	ʀekɐdɐjrɐ	ʀ[ɨ]kɐdɐjrɐ	ʀ[e]kɐdɐjrɐ	0
recadeiro	ʀɨkɐdɐjru	ʀekɐdɐjru	ʀ[ɨ]kɐdɐjru	ʀ[e]kɐdɐjru	0
recadém	ʀɨkɐdɐ̃j̃	ʀekɐdɐjn	ʀ[ɨ]kɐdɐ[̃]j[̃]	ʀ[e]kɐdɐ[]j[n]	0
recadete	ʀɨkɐdetɨ	ʀekɐdɛtɨ	ʀ[ɨ]kɐd[e]tɨ	ʀ[e]kɐd[ɛ]tɨ	0
recadista	ʀɨkɐdiʃtɐ	ʀekɐdiʃtɐ	ʀ[ɨ]kɐdiʃtɐ	ʀ[e]kɐdiʃtɐ	0
recaída	ʀɨkɐidɐ	ʀekɐidɐ	ʀ[ɨ]kɐidɐ	ʀ[e]kɐidɐ	0
recaidiço	ʀɨkɐidisu	ʀekajdisu	ʀ[ɨ]kɐ[i]disu	ʀ[e]ka[j]disu	0
recaimão	ʀɨkajmɐ̃w̃	ʀekajmɐ̃w̃	ʀ[ɨ]kajmɐ̃w̃	ʀ[e]kajmɐ̃w̃	0
recaimento	ʀɨkɐimẽtu	ʀekajmẽntu	ʀ[ɨ]kɐ[i]mẽtu[]	ʀ[e]ka[j]mẽnt[u]	0
recair	ʀɨkɐir	ʀekɐir	ʀ[ɨ]kɐir	ʀ[e]kɐir	0
recálculo	ʀɨkaɫkulu	ʀekaɫkulu	ʀ[ɨ]kaɫkulu	ʀ[e]kaɫkulu	0
recalescência	ʀɨkɐlɨʃsẽsjɐ	ʀekɐlɨʃsẽnsjɐ	ʀ[ɨ]kɐlɨʃsẽsjɐ[]	ʀ[e]kɐlɨʃsẽnsj[ɐ]	0
recalque	ʀɨkaɫkɨ	ʀekaɫkɨ	ʀ[ɨ]kaɫkɨ	ʀ[e]kaɫkɨ	0
recamador	ʀɨkɐmɐdor	ʀekɐmɐdor	ʀ[ɨ]kɐmɐdor	ʀ[e]kɐmɐdor	0
recamado	ʀɨkɐmadu	ʀekɐmadu	ʀ[ɨ]kɐmadu	ʀ[e]kɐmadu	0
recamadura	ʀɨkɐmɐdurɐ	ʀekɐmɐdurɐ	ʀ[ɨ]kɐmɐdurɐ	ʀ[e]kɐmɐdurɐ	0
recâmara	ʀɨkɐmɐrɐ	ʀekɐ̃mɐrɐ	ʀ[ɨ]kɐ[]mɐrɐ	ʀ[e]kɐ[̃]mɐrɐ	0
recamar	ʀɨkɐmar	ʀekɐmar	ʀ[ɨ]kɐmar	ʀ[e]kɐmar	0
recama	ʀɨkɐmɐ	ʀekɐ̃mɐ	ʀ[ɨ]kɐ[]mɐ	ʀ[e]kɐ[̃]mɐ	0
recambiado	ʀɨkɐ̃bjadu	ʀekɐ̃mbiadu	ʀ[ɨ]kɐ̃[]b[j]adu	ʀ[e]kɐ̃[m]b[i]adu	0
recambiamento	ʀɨkɐ̃bjɐmẽtu	ʀekɐ̃mbiɐmẽntu	ʀ[ɨ]kɐ̃[]b[j]ɐmẽtu[]	ʀ[e]kɐ̃[m]b[i]ɐmẽnt[u]	0
recambiar	ʀɨkɐ̃bjar	ʀekɐ̃mbiar	ʀ[ɨ]kɐ̃[]b[j]ar	ʀ[e]kɐ̃[m]b[i]ar	0
recambiável	ʀɨkɐ̃bjavɛɫ	ʀekɐ̃mbiavɛɫ	ʀ[ɨ]kɐ̃[]b[j]avɛɫ	ʀ[e]kɐ̃[m]b[i]avɛɫ	0
recâmbio	ʀɨkɐ̃bju	ʀekɐ̃mbju	ʀ[ɨ]kɐ̃[]bju	ʀ[e]kɐ̃[m]bju	0
recambó	ʀɨkɐ̃bɔ	ʀekɐ̃mbɔ	ʀ[ɨ]kɐ̃[]bɔ	ʀ[e]kɐ̃[m]bɔ	0
recamo	ʀɨkɐmu	ʀekɐ̃mu	ʀ[ɨ]kɐ[]mu	ʀ[e]kɐ[̃]mu	0
recanalizar	ʀɨkɐnɐlizar	ʀekɐnɐlizar	ʀ[ɨ]kɐnɐlizar	ʀ[e]kɐnɐlizar	0
recandidatar	ʀɨkɐ̃didɐtar	ʀekɐ̃ndidɐtar	ʀ[ɨ]kɐ̃[]didɐtar	ʀ[e]kɐ̃[n]didɐtar	0
recantação	ʀɨkɐ̃tɐsɐ̃w̃	ʀekɐ̃ntɐsɐ̃w̃	ʀ[ɨ]kɐ̃[]tɐsɐ̃w̃	ʀ[e]kɐ̃[n]tɐsɐ̃w̃	0
recantar	ʀɨkɐ̃tar	ʀekɐ̃ntar	ʀ[ɨ]kɐ̃[]tar	ʀ[e]kɐ̃[n]tar	0
recanto	ʀɨkɐ̃tu	ʀekɐ̃ntu	ʀ[ɨ]kɐ̃[]tu	ʀ[e]kɐ̃[n]tu	0
recapear	ʀɨkɐpjar	ʀekɐpiar	ʀ[ɨ]kɐp[j]ar	ʀ[e]kɐp[i]ar	0
recapeável	ʀɨkɐpjavɛɫ	ʀekɐpɨavɛɫ	ʀ[ɨ]kɐp[j]avɛɫ	ʀ[e]kɐp[ɨ]avɛɫ	0
recapitalizar	ʀɨkɐpitɐlizar	ʀekɐpitɐlizar	ʀ[ɨ]kɐpitɐlizar	ʀ[e]kɐpitɐlizar	0
recapitulação	ʀɨkɐpitulɐsɐ̃w̃	ʀekɐpitulɐsɐ̃w̃	ʀ[ɨ]kɐpitulɐsɐ̃w̃	ʀ[e]kɐpitulɐsɐ̃w̃	0
recapitulado	ʀɨkɐpituladu	ʀekɐpituladu	ʀ[ɨ]kɐpituladu	ʀ[e]kɐpituladu	0
recapitular	ʀɨkɐpitular	ʀekɐpitular	ʀ[ɨ]kɐpitular	ʀ[e]kɐpitular	0
recapitulativo	ʀɨkɐpitulɐtivu	ʀekɐpitulɐtivu	ʀ[ɨ]kɐpitulɐtivu	ʀ[e]kɐpitulɐtivu	0
recapitulável	ʀɨkɐpitulavɛɫ	ʀekɐpitulavɛɫ	ʀ[ɨ]kɐpitulavɛɫ	ʀ[e]kɐpitulavɛɫ	0
recapturado	ʀɨkapturadu	ʀekɐpturadu	ʀ[ɨ]k[a]pturadu	ʀ[e]k[ɐ]pturadu	0
recapturar	ʀɨkapturar	ʀekɐpturar	ʀ[ɨ]k[a]pturar	ʀ[e]k[ɐ]pturar	0
recaptura	ʀɨkapturɐ	ʀekɐpturɐ	ʀ[ɨ]k[a]pturɐ	ʀ[e]k[ɐ]pturɐ	0
recargar	ʀɨkɐrɡar	ʀekɐrɡar	ʀ[ɨ]kɐrɡar	ʀ[e]kɐrɡar	0
recarga	ʀɨkarɡɐ	ʀekarɡɐ	ʀ[ɨ]karɡɐ	ʀ[e]karɡɐ	0
recarregado	ʀɨkɐʀɨɡadu	ʀekɐʀɨɡadu	ʀ[ɨ]kɐʀɨɡadu	ʀ[e]kɐʀɨɡadu	0
recarregamento	ʀɨkɐʀɨɡɐmẽtu	ʀekɐʀeɡɐmẽntu	ʀ[ɨ]kɐʀ[ɨ]ɡɐmẽtu[]	ʀ[e]kɐʀ[e]ɡɐmẽnt[u]	0
recarregar	ʀɨkɐʀɨɡar	ʀekɐʀɨɡar	ʀ[ɨ]kɐʀɨɡar	ʀ[e]kɐʀɨɡar	0
recarregável	ʀɨkɐʀɨɡaveɫ	ʀekɐʀɨɡavɛɫ	ʀ[ɨ]kɐʀɨɡav[e]ɫ	ʀ[e]kɐʀɨɡav[ɛ]ɫ	0
recasar	ʀɨkɐzar	ʀekɐzar	ʀ[ɨ]kɐzar	ʀ[e]kɐzar	0
recatadamente	ʀɨkɐtadɐmẽtɨ	ʀekɐtɐdɐmẽntɨ	ʀ[ɨ]kɐt[a]dɐmẽtɨ[]	ʀ[e]kɐt[ɐ]dɐmẽnt[ɨ]	0
recatado	ʀɨkɐtadu	ʀekɐtadu	ʀ[ɨ]kɐtadu	ʀ[e]kɐtadu	0
recato	ʀɨkatu	ʀekatu	ʀ[ɨ]katu	ʀ[e]katu	0
recauchutado	ʀɨkawʃutadu	ʀekawʃutadu	ʀ[ɨ]kawʃutadu	ʀ[e]kawʃutadu	0
recauchutagem	ʀɨkawʃutaʒɐ̃j̃	ʀekawʃutaʒɐjn	ʀ[ɨ]kawʃutaʒɐ[̃]j[̃]	ʀ[e]kawʃutaʒɐ[]j[n]	0
recauchutar	ʀɨkawʃutar	ʀekawʃutar	ʀ[ɨ]kawʃutar	ʀ[e]kawʃutar	0
recaucionar	ʀɨkawsjunar	ʀekawsjunar	ʀ[ɨ]kawsjunar	ʀ[e]kawsjunar	0
recaucionável	ʀɨkawsjunavɛɫ	ʀekawsjunavɛɫ	ʀ[ɨ]kawsjunavɛɫ	ʀ[e]kawsjunavɛɫ	0
recavar	ʀɨkɐvar	ʀekɐvar	ʀ[ɨ]kɐvar	ʀ[e]kɐvar	0
recavém	ʀɨkɐvɐ̃j̃	ʀekɐvɐjn	ʀ[ɨ]kɐvɐ[̃]j[̃]	ʀ[e]kɐvɐ[]j[n]	0
receado	ʀɨsjadu	ʀesiadu	ʀ[ɨ]s[j]adu	ʀ[e]s[i]adu	0
recear	ʀɨsjar	ʀesiar	ʀ[ɨ]s[j]ar	ʀ[e]s[i]ar	0
recebedoria	ʀɨsɨbɨduriɐ	ʀesɨbeduriɐ	ʀ[ɨ]sɨb[ɨ]duriɐ	ʀ[e]sɨb[e]duriɐ	0
recebedor	ʀɨsɨbɨdor	ʀesɨbɨdor	ʀ[ɨ]sɨbɨdor	ʀ[e]sɨbɨdor	0
receber	ʀɨsɨber	ʀesɨber	ʀ[ɨ]sɨber	ʀ[e]sɨber	0
recebido	ʀɨsɨbidu	ʀesɨbidu	ʀ[ɨ]sɨbidu	ʀ[e]sɨbidu	0
recebimento	ʀɨsɨbimẽtu	ʀesɨbimẽntu	ʀ[ɨ]sɨbimẽtu[]	ʀ[e]sɨbimẽnt[u]	0
recebível	ʀɨsɨbivɛɫ	ʀesɨbivɛɫ	ʀ[ɨ]sɨbivɛɫ	ʀ[e]sɨbivɛɫ	0
receção	ʀɨsɛsɐ̃w̃	ʀesɨsɐ̃w̃	ʀ[ɨ]s[ɛ]sɐ̃w̃	ʀ[e]s[ɨ]sɐ̃w̃	0
rececionar	ʀɨsɛsjunar	ʀesɨsjunar	ʀ[ɨ]s[ɛ]sjunar	ʀ[e]s[ɨ]sjunar	0
rececionista	ʀɨsɛsjuniʃtɐ	ʀesɨsjuniʃtɐ	ʀ[ɨ]s[ɛ]sjuniʃtɐ	ʀ[e]s[ɨ]sjuniʃtɐ	0
receio	ʀɨsɐju	ʀeseju	ʀ[ɨ]s[ɐ]ju	ʀ[e]s[e]ju	0
receitado	ʀɨsɐjtadu	ʀesɐjtadu	ʀ[ɨ]sɐjtadu	ʀ[e]sɐjtadu	0
receitário	ʀɨsɐjtarju	ʀesɐjtarju	ʀ[ɨ]sɐjtarju	ʀ[e]sɐjtarju	0
receitar	ʀɨsɐjtar	ʀesɐjtar	ʀ[ɨ]sɐjtar	ʀ[e]sɐjtar	0
receita	ʀɨsɐjtɐ	ʀesɐjtɐ	ʀ[ɨ]sɐjtɐ	ʀ[e]sɐjtɐ	0
receituário	ʀɨsɐjtwarju	ʀesɐjtwarju	ʀ[ɨ]sɐjtwarju	ʀ[e]sɐjtwarju	0
recenar	ʀɨsɨnar	ʀesɨnar	ʀ[ɨ]sɨnar	ʀ[e]sɨnar	0
recendência	ʀɨsẽdẽsjɐ	ʀesẽndẽnsjɐ	ʀ[ɨ]sẽdẽsjɐ[]	ʀ[e]sẽndẽnsj[ɐ]	0
recendente	ʀɨsẽdẽtɨ	ʀesẽndẽntɨ	ʀ[ɨ]sẽdẽtɨ[]	ʀ[e]sẽndẽnt[ɨ]	0
recender	ʀɨsẽder	ʀesẽnder	ʀ[ɨ]sẽder[]	ʀ[e]sẽnde[r]	0
recensão	ʀɨsẽsɐ̃w̃	ʀesẽnsɐ̃w̃	ʀ[ɨ]sẽsɐ̃[w]̃[]	ʀ[e]sẽns[ɐ]̃w[̃]	0
recenseador	ʀɨsẽsjɐdor	ʀesẽnsiɐdor	ʀ[ɨ]sẽsjɐdor[]	ʀ[e]sẽnsiɐdo[r]	0
recenseado	ʀɨsẽsjadu	ʀesẽnsiadu	ʀ[ɨ]sẽsjadu[]	ʀ[e]sẽnsiad[u]	0
recenseamento	ʀɨsẽsjɐmẽtu	ʀesẽnsiɐmẽntu	ʀ[ɨ]sẽsjɐmẽtu[]	ʀ[e]sẽnsiɐmẽnt[u]	0
recensear	ʀɨsẽsjar	ʀesẽnsiar	ʀ[ɨ]sẽsjar[]	ʀ[e]sẽnsia[r]	0
recenseio	ʀɨsẽsɐju	ʀesẽnseju	ʀ[ɨ]sẽsɐju[]	ʀ[e]sẽnsej[u]	0
recental	ʀɨsẽtaɫ	ʀesẽntaɫ	ʀ[ɨ]sẽtaɫ[]	ʀ[e]sẽnta[ɫ]	0
recentemente	ʀɨsẽtɨmẽtɨ	ʀesẽntɨmẽntɨ	ʀ[ɨ]sẽtɨmẽtɨ[]	ʀ[e]sẽntɨmẽnt[ɨ]	0
recente	ʀɨsẽtɨ	ʀesẽntɨ	ʀ[ɨ]sẽtɨ[]	ʀ[e]sẽnt[ɨ]	0
receosamente	ʀɨsjɔzɐmẽtɨ	ʀesiɔzɐmẽntɨ	ʀ[ɨ]s[j]ɔzɐmẽtɨ[]	ʀ[e]s[i]ɔzɐmẽnt[ɨ]	0
receoso	ʀɨsjozu	ʀesiozu	ʀ[ɨ]s[j]ozu	ʀ[e]s[i]ozu	0
recepagem	ʀɨsɨpaʒɐ̃j̃	ʀesɨpaʒɐjn	ʀ[ɨ]sɨpaʒɐ[̃]j[̃]	ʀ[e]sɨpaʒɐ[]j[n]	0
recepção	ʀɨsɛpsɐ̃w̃	ʀesɨpsɐ̃w̃	ʀ[ɨ]s[ɛ]psɐ̃w̃	ʀ[e]s[ɨ]psɐ̃w̃	0
recepcionar	ʀɨsɛpsjunar	ʀesɨpsjunar	ʀ[ɨ]s[ɛ]psjunar	ʀ[e]s[ɨ]psjunar	0
recepcionista	ʀɨsɛpsjuniʃtɐ	ʀesɨpsjuniʃtɐ	ʀ[ɨ]s[ɛ]psjuniʃtɐ	ʀ[e]s[ɨ]psjuniʃtɐ	0
receptação	ʀɨsɛtɐsɐ̃w̃	ʀesɨptɐsɐ̃w̃	ʀ[ɨ]sɛ[]tɐsɐ̃w̃	ʀ[e]sɨ[p]tɐsɐ̃w̃	0
receptacular	ʀɨsɛptɐkular	ʀesɨptɐkular	ʀ[ɨ]s[ɛ]ptɐkular	ʀ[e]s[ɨ]ptɐkular	0
receptáculo	ʀɨsɛptakulu	ʀesɨptakulu	ʀ[ɨ]s[ɛ]ptakulu	ʀ[e]s[ɨ]ptakulu	0
receptador	ʀɨsɛptɐdor	ʀesɨptɐdor	ʀ[ɨ]s[ɛ]ptɐdor	ʀ[e]s[ɨ]ptɐdor	0
receptado	ʀɨsɛptadu	ʀesɨptadu	ʀ[ɨ]s[ɛ]ptadu	ʀ[e]s[ɨ]ptadu	0
receptar	ʀɨsɛptar	ʀesɨptar	ʀ[ɨ]s[ɛ]ptar	ʀ[e]s[ɨ]ptar	0
receptibilidade	ʀɨsɛptibilidadɨ	ʀesɨptibilidadɨ	ʀ[ɨ]s[ɛ]ptibilidadɨ	ʀ[e]s[ɨ]ptibilidadɨ	0
receptiva	ʀɨsɛtivɐ	ʀesɨptivɐ	ʀ[ɨ]sɛ[]tivɐ	ʀ[e]sɨ[p]tivɐ	0
receptível	ʀɨsɛtivɛɫ	ʀesɨptivɛɫ	ʀ[ɨ]sɛ[]tivɛɫ	ʀ[e]sɨ[p]tivɛɫ	0
receptividade	ʀɨsɛtividadɨ	ʀesɨptividadɨ	ʀ[ɨ]sɛ[]tividadɨ	ʀ[e]sɨ[p]tividadɨ	0
receptivo	ʀɨsɛptivu	ʀesɨptivu	ʀ[ɨ]s[ɛ]ptivu	ʀ[e]s[ɨ]ptivu	0
receptor	ʀɨsɛptor	ʀesɨptor	ʀ[ɨ]s[ɛ]ptor	ʀ[e]s[ɨ]ptor	0
recessão	ʀɨsɨsɐ̃w̃	ʀesɨsɐ̃w̃	ʀ[ɨ]sɨsɐ̃w̃	ʀ[e]sɨsɐ̃w̃	0
recessividade	ʀɨsɨsividadɨ	ʀesɨsividadɨ	ʀ[ɨ]sɨsividadɨ	ʀ[e]sɨsividadɨ	0
recessivo	ʀɨsɨsivu	ʀesɨsivu	ʀ[ɨ]sɨsivu	ʀ[e]sɨsivu	0
recesso	ʀɨsɛsu	ʀesɛsu	ʀ[ɨ]sɛsu	ʀ[e]sɛsu	0
recetação	ʀɨsɛtɐsɐ̃w̃	ʀesɨtɐsɐ̃w̃	ʀ[ɨ]s[ɛ]tɐsɐ̃w̃	ʀ[e]s[ɨ]tɐsɐ̃w̃	0
recetacular	ʀɨsɛtɐkular	ʀesɨtɐkular	ʀ[ɨ]s[ɛ]tɐkular	ʀ[e]s[ɨ]tɐkular	0
recetáculo	ʀɨsɛtakulu	ʀesɨtakulu	ʀ[ɨ]s[ɛ]takulu	ʀ[e]s[ɨ]takulu	0
recetador	ʀɨsɛtɐdor	ʀesɨtɐdor	ʀ[ɨ]s[ɛ]tɐdor	ʀ[e]s[ɨ]tɐdor	0
recetado	ʀɨsɛtadu	ʀesɨtadu	ʀ[ɨ]s[ɛ]tadu	ʀ[e]s[ɨ]tadu	0
recetar	ʀɨsɛtar	ʀesɨtar	ʀ[ɨ]s[ɛ]tar	ʀ[e]s[ɨ]tar	0
recetibilidade	ʀɨsɛtibilidadɨ	ʀesɨtibilidadɨ	ʀ[ɨ]s[ɛ]tibilidadɨ	ʀ[e]s[ɨ]tibilidadɨ	0
recetiva	ʀɨsɛtivɐ	ʀesɨtivɐ	ʀ[ɨ]s[ɛ]tivɐ	ʀ[e]s[ɨ]tivɐ	0
recetível	ʀɨsɛtivɛɫ	ʀesɨtivɛɫ	ʀ[ɨ]s[ɛ]tivɛɫ	ʀ[e]s[ɨ]tivɛɫ	0
recetividade	ʀɨsɛtividadɨ	ʀesɨtividadɨ	ʀ[ɨ]s[ɛ]tividadɨ	ʀ[e]s[ɨ]tividadɨ	0
recetivo	ʀɨsɛtivu	ʀesɨtivu	ʀ[ɨ]s[ɛ]tivu	ʀ[e]s[ɨ]tivu	0
recetor	ʀɨsɛtor	ʀesɨtor	ʀ[ɨ]s[ɛ]tor	ʀ[e]s[ɨ]tor	0
recibo	ʀɨsibu	ʀesibu	ʀ[ɨ]sibu	ʀ[e]sibu	0
recidivar	ʀɨsidivar	ʀesidivar	ʀ[ɨ]sidivar	ʀ[e]sidivar	0
recidiva	ʀɨsidivɐ	ʀesidivɐ	ʀ[ɨ]sidivɐ	ʀ[e]sidivɐ	0
recidividade	ʀɨsidividadɨ	ʀesidividadɨ	ʀ[ɨ]sidividadɨ	ʀ[e]sidividadɨ	0
recidivo	ʀɨsidivu	ʀesidivu	ʀ[ɨ]sidivu	ʀ[e]sidivu	0
recifal	ʀɨsifaɫ	ʀesifaɫ	ʀ[ɨ]sifaɫ	ʀ[e]sifaɫ	0
recifense	ʀɨsifẽsɨ	ʀesifẽnsɨ	ʀ[ɨ]sifẽsɨ[]	ʀ[e]sifẽns[ɨ]	0
recife	ʀɨsifɨ	ʀesifɨ	ʀ[ɨ]sifɨ	ʀ[e]sifɨ	0
recifoso	ʀɨsifozu	ʀesifozu	ʀ[ɨ]sifozu	ʀ[e]sifozu	0
recingir	ʀɨsĩʒir	ʀesĩnʒir	ʀ[ɨ]sĩʒir[]	ʀ[e]sĩnʒi[r]	0
recinto	ʀɨsĩtu	ʀesĩntu	ʀ[ɨ]sĩtu[]	ʀ[e]sĩnt[u]	0
recíolo	ʀɨsiulu	ʀesiwlu	ʀ[ɨ]si[u]lu	ʀ[e]si[w]lu	0
recipiendário	ʀɨsipjẽdarju	ʀesipiẽndarju	ʀ[ɨ]sipjẽdarju[]	ʀ[e]sipiẽndarj[u]	0
recipiente	ʀɨsipjẽtɨ	ʀesipiẽntɨ	ʀ[ɨ]sipjẽtɨ[]	ʀ[e]sipiẽnt[ɨ]	0
reciprocação	ʀɨsiprukɐsɐ̃w̃	ʀesiprukɐsɐ̃w̃	ʀ[ɨ]siprukɐsɐ̃w̃	ʀ[e]siprukɐsɐ̃w̃	0
reciprocar	ʀɨsiprukar	ʀesiprukar	ʀ[ɨ]siprukar	ʀ[e]siprukar	0
recíproca	ʀɨsiprukɐ	ʀesiprukɐ	ʀ[ɨ]siprukɐ	ʀ[e]siprukɐ	0
reciprocidade	ʀɨsiprusidadɨ	ʀesiprusidadɨ	ʀ[ɨ]siprusidadɨ	ʀ[e]siprusidadɨ	0
recíproco	ʀɨsipruku	ʀesipruku	ʀ[ɨ]sipruku	ʀ[e]sipruku	0
recitação	ʀɨsitɐsɐ̃w̃	ʀesitɐsɐ̃w̃	ʀ[ɨ]sitɐsɐ̃w̃	ʀ[e]sitɐsɐ̃w̃	0
recitador	ʀɨsitɐdor	ʀesitɐdor	ʀ[ɨ]sitɐdor	ʀ[e]sitɐdor	0
recitado	ʀɨsitadu	ʀesitadu	ʀ[ɨ]sitadu	ʀ[e]sitadu	0
recital	ʀɨsitaɫ	ʀesitaɫ	ʀ[ɨ]sitaɫ	ʀ[e]sitaɫ	0
recitante	ʀɨsitɐ̃tɨ	ʀesitɐ̃ntɨ	ʀ[ɨ]sitɐ̃[]tɨ	ʀ[e]sitɐ̃[n]tɨ	0
recitar	ʀɨsitar	ʀesitar	ʀ[ɨ]sitar	ʀ[e]sitar	0
recitativo	ʀɨsitɐtivu	ʀesitɐtivu	ʀ[ɨ]sitɐtivu	ʀ[e]sitɐtivu	0
recobrado	ʀɨkubradu	ʀekubradu	ʀ[ɨ]kubradu	ʀ[e]kubradu	0
recobramento	ʀɨkubrɐmẽtu	ʀekubrɐmẽntu	ʀ[ɨ]kubrɐmẽtu[]	ʀ[e]kubrɐmẽnt[u]	0
recobrar	ʀɨkubrar	ʀekubrar	ʀ[ɨ]kubrar	ʀ[e]kubrar	0
recobrável	ʀɨkubravɛɫ	ʀekubravɛɫ	ʀ[ɨ]kubravɛɫ	ʀ[e]kubravɛɫ	0
recobrir	ʀɨkubrir	ʀekubrir	ʀ[ɨ]kubrir	ʀ[e]kubrir	0
recobro	ʀɨkobru	ʀekɔbru	ʀ[ɨ]k[o]bru	ʀ[e]k[ɔ]bru	0
recogitar	ʀɨkuʒitar	ʀekuʒitar	ʀ[ɨ]kuʒitar	ʀ[e]kuʒitar	0
recognição	ʀɨkɔɡnisɐ̃w̃	ʀekuɡnisɐ̃w̃	ʀ[ɨ]k[ɔ]ɡnisɐ̃w̃	ʀ[e]k[u]ɡnisɐ̃w̃	0
recognitivo	ʀɨkɔɡnitivu	ʀekuɡnitivu	ʀ[ɨ]k[ɔ]ɡnitivu	ʀ[e]k[u]ɡnitivu	0
recognoscível	ʀɨkɔɡnɔʃsivɛɫ	ʀekuɡnuʃsivɛɫ	ʀ[ɨ]k[ɔ]ɡn[ɔ]ʃsivɛɫ	ʀ[e]k[u]ɡn[u]ʃsivɛɫ	0
recoitar	ʀɨkojtar	ʀekojtar	ʀ[ɨ]kojtar	ʀ[e]kojtar	0
recoito	ʀɨkojtu	ʀekojtu	ʀ[ɨ]kojtu	ʀ[e]kojtu	0
recoleção	ʀɨkulɛsɐ̃w̃	ʀekulɨsɐ̃w̃	ʀ[ɨ]kul[ɛ]sɐ̃w̃	ʀ[e]kul[ɨ]sɐ̃w̃	0
recolecção	ʀɨkulɛksɐ̃w̃	ʀekulɛsɐ̃w̃	ʀ[ɨ]kulɛ[k]sɐ̃w̃	ʀ[e]kulɛ[]sɐ̃w̃	0
recolector	ʀɨkulɛtor	ʀekulɛtor	ʀ[ɨ]kulɛtor	ʀ[e]kulɛtor	0
recoletor	ʀɨkulɛtor	ʀekulɨtor	ʀ[ɨ]kul[ɛ]tor	ʀ[e]kul[ɨ]tor	0
recolha	ʀɨkoʎɐ	ʀekoʎɐ	ʀ[ɨ]koʎɐ	ʀ[e]koʎɐ	0
recolheita	ʀɨkuʎɐjtɐ	ʀekuʎɐjtɐ	ʀ[ɨ]kuʎɐjtɐ	ʀ[e]kuʎɐjtɐ	0
recolher	ʀɨkuʎer	ʀekuʎer	ʀ[ɨ]kuʎer	ʀ[e]kuʎer	0
recolhidamente	ʀɨkuʎidɐmẽtɨ	ʀekuʎidɐmẽntɨ	ʀ[ɨ]kuʎidɐmẽtɨ[]	ʀ[e]kuʎidɐmẽnt[ɨ]	0
recolhida	ʀɨkuʎidɐ	ʀekuʎidɐ	ʀ[ɨ]kuʎidɐ	ʀ[e]kuʎidɐ	0
recolhido	ʀɨkuʎidu	ʀekuʎidu	ʀ[ɨ]kuʎidu	ʀ[e]kuʎidu	0
recolhimento	ʀɨkuʎimẽtu	ʀekuʎimẽntu	ʀ[ɨ]kuʎimẽtu[]	ʀ[e]kuʎimẽnt[u]	0
recolho	ʀɨkoʎu	ʀekoʎu	ʀ[ɨ]koʎu	ʀ[e]koʎu	0
recolocar	ʀɨkulukar	ʀekulukar	ʀ[ɨ]kulukar	ʀ[e]kulukar	0
recoltar	ʀɨkoɫtar	ʀekuɫtar	ʀ[ɨ]k[o]ɫtar	ʀ[e]k[u]ɫtar	0
recolta	ʀɨkoɫtɐ	ʀekɔɫtɐ	ʀ[ɨ]k[o]ɫtɐ	ʀ[e]k[ɔ]ɫtɐ	0
recombinação	ʀɨkõbinɐsɐ̃w̃	ʀekõmbinɐsɐ̃w̃	ʀ[ɨ]kõbinɐ[s]ɐ̃[w]̃[]	ʀ[e]kõmbi[n]ɐs[ɐ]̃w[̃]	0
recombinante	ʀɨkõbinɐ̃tɨ	ʀekõmbinɐ̃ntɨ	ʀ[ɨ]kõbinɐ̃tɨ[]	ʀ[e]kõmbinɐ̃nt[ɨ]	0
recombinar	ʀɨkõbinar	ʀekõmbinar	ʀ[ɨ]kõbinar[]	ʀ[e]kõmbina[r]	0
recomeçar	ʀɨkumɨsar	ʀekumɨsar	ʀ[ɨ]kumɨsar	ʀ[e]kumɨsar	0
recomeço	ʀɨkumesu	ʀekumesu	ʀ[ɨ]kumesu	ʀ[e]kumesu	0
recomendação	ʀɨkumẽdɐsɐ̃w̃	ʀekumẽndɐsɐ̃w̃	ʀ[ɨ]kumẽdɐ[s]ɐ̃[w]̃[]	ʀ[e]kumẽn[d]ɐs[ɐ]̃w[̃]	0
recomendado	ʀɨkumẽdadu	ʀekumẽndadu	ʀ[ɨ]kumẽd[a]du[]	ʀ[e]kumẽ[n]dad[u]	0
recomendar	ʀɨkumẽdar	ʀekumẽndar	ʀ[ɨ]kumẽdar[]	ʀ[e]kumẽnda[r]	0
recomendatório	ʀɨkumẽdɐtɔrju	ʀekumẽndɐtɔrju	ʀ[ɨ]kumẽdɐtɔrju[]	ʀ[e]kumẽndɐtɔrj[u]	0
recomendável	ʀɨkumẽdavɛɫ	ʀekumẽndavɛɫ	ʀ[ɨ]kumẽdavɛɫ[]	ʀ[e]kumẽndavɛ[ɫ]	0
recompensação	ʀɨkõpẽsɐsɐ̃w̃	ʀekõmpẽnsɐsɐ̃w̃	ʀ[ɨ]kõpẽsɐsɐ̃w̃[]	ʀ[e]kõmpẽnsɐsɐ̃w[̃]	0
recompensador	ʀɨkõpẽsɐdor	ʀekõmpẽnsɐdor	ʀ[ɨ]kõpẽsɐdor[]	ʀ[e]kõmpẽnsɐdo[r]	0
recompensado	ʀɨkõpẽsadu	ʀekõmpẽnsadu	ʀ[ɨ]kõpẽsadu[]	ʀ[e]kõmpẽnsad[u]	0
recompensar	ʀɨkõpẽsar	ʀekõmpẽnsar	ʀ[ɨ]kõpẽsar[]	ʀ[e]kõmpẽnsa[r]	0
recompensa	ʀɨkõpẽsɐ	ʀekõmpẽnsɐ	ʀ[ɨ]kõpẽsɐ[]	ʀ[e]kõmpẽns[ɐ]	0
recompensável	ʀɨkõpẽsavɛɫ	ʀekõmpẽnsavɛɫ	ʀ[ɨ]kõpẽsavɛɫ[]	ʀ[e]kõmpẽnsavɛ[ɫ]	0
recompilação	ʀɨkõpilɐsɐ̃w̃	ʀekõmpilɐsɐ̃w̃	ʀ[ɨ]kõpilɐ[s]ɐ̃[w]̃[]	ʀ[e]kõmpi[l]ɐs[ɐ]̃w[̃]	0
recompilador	ʀɨkõpilɐdor	ʀekõmpilɐdor	ʀ[ɨ]kõpilɐdor[]	ʀ[e]kõmpilɐdo[r]	0
recompilar	ʀɨkõpilar	ʀekõmpilar	ʀ[ɨ]kõpilar[]	ʀ[e]kõmpila[r]	0
recompilatório	ʀɨkõpilɐtɔrju	ʀekõmpilɐtɔrju	ʀ[ɨ]kõpilɐtɔrju[]	ʀ[e]kõmpilɐtɔrj[u]	0
recomponente	ʀɨkõpunẽtɨ	ʀekõmpunẽntɨ	ʀ[ɨ]kõpunẽtɨ[]	ʀ[e]kõmpunẽnt[ɨ]	0
recompor	ʀɨkõpor	ʀekõmpor	ʀ[ɨ]kõpor[]	ʀ[e]kõmpo[r]	0
recomposição	ʀɨkõpuzisɐ̃w̃	ʀekõmpuzisɐ̃w̃	ʀ[ɨ]kõpuzisɐ̃[w]̃[]	ʀ[e]kõmpuzis[ɐ]̃w[̃]	0
recomprar	ʀɨkõprar	ʀekõmprar	ʀ[ɨ]kõpr[a]r[]	ʀ[e]kõm[p]ra[r]	0
recôncavo	ʀɨkõkɐvu	ʀekõnkɐvu	ʀ[ɨ]kõkɐvu[]	ʀ[e]kõnkɐv[u]	0
reconcentração	ʀɨkõsẽtrɐsɐ̃w̃	ʀekõnsẽntrɐsɐ̃w̃	ʀ[ɨ]kõsẽtrɐsɐ̃w̃[]	ʀ[e]kõnsẽntrɐsɐ̃w[̃]	0
reconcentrar	ʀɨkõsẽtrar	ʀekõnsẽntrar	ʀ[ɨ]kõsẽtrar[]	ʀ[e]kõnsẽntra[r]	0
reconcertar	ʀɨkõsɨrtar	ʀekõnsɨrtar	ʀ[ɨ]kõsɨrt[a]r[]	ʀ[e]kõnsɨ[]rta[r]	0
reconcerto	ʀɨkõsertu	ʀekõnsɛrtu	ʀ[ɨ]kõsertu[]	ʀ[e]kõnsɛrt[u]	0
reconciliação	ʀɨkõsiljɐsɐ̃w̃	ʀekõnsiliɐsɐ̃w̃	ʀ[ɨ]kõsiljɐ[s]ɐ̃[w]̃[]	ʀ[e]kõnsil[i]ɐs[ɐ]̃w[̃]	0
reconciliador	ʀɨkõsiljɐdor	ʀekõnsiliɐdor	ʀ[ɨ]kõsiljɐdor[]	ʀ[e]kõnsiliɐdo[r]	0
reconciliado	ʀɨkõsiljadu	ʀekõnsiliadu	ʀ[ɨ]kõsiljadu[]	ʀ[e]kõnsiliad[u]	0
reconciliar	ʀɨkõsiljar	ʀekõnsiliar	ʀ[ɨ]kõsiljar[]	ʀ[e]kõnsilia[r]	0
reconciliatório	ʀɨkõsiljɐtɔrju	ʀekõnsiliɐtɔrju	ʀ[ɨ]kõsiljɐtɔrju[]	ʀ[e]kõnsiliɐtɔrj[u]	0
reconciliável	ʀɨkõsiljavɛɫ	ʀekõnsiliavɛɫ	ʀ[ɨ]kõsiljavɛɫ[]	ʀ[e]kõnsiliavɛ[ɫ]	0
recondicionamento	ʀɨkõdisjunɐmẽtu	ʀekõndisjunɐmẽntu	ʀ[ɨ]kõdisjunɐmẽtu[]	ʀ[e]kõndisjunɐmẽnt[u]	0
recondicionar	ʀɨkõdisjunar	ʀekõndisjunar	ʀ[ɨ]kõdisjunar[]	ʀ[e]kõndisjuna[r]	0
recondicionável	ʀɨkõdisjunavɛɫ	ʀekõndisjunavɛɫ	ʀ[ɨ]kõdisjunavɛɫ[]	ʀ[e]kõndisjunavɛ[ɫ]	0
reconditório	ʀɨkõditɔrju	ʀekõnditɔrju	ʀ[ɨ]kõditɔrju[]	ʀ[e]kõnditɔrj[u]	0
recôndito	ʀɨkõditu	ʀekõnditu	ʀ[ɨ]kõditu[]	ʀ[e]kõndit[u]	0
recondução	ʀɨkõdusɐ̃w̃	ʀekõndusɐ̃w̃	ʀ[ɨ]kõdusɐ̃[w]̃[]	ʀ[e]kõndus[ɐ]̃w[̃]	0
recondutível	ʀɨkõdutivɛɫ	ʀekõndutivɛɫ	ʀ[ɨ]kõdutivɛɫ[]	ʀ[e]kõndutivɛ[ɫ]	0
reconduzir	ʀɨkõduzir	ʀekõnduzir	ʀ[ɨ]kõduzir[]	ʀ[e]kõnduzi[r]	0
reconduzível	ʀɨkõduzivɛɫ	ʀekõnduzivɛɫ	ʀ[ɨ]kõduzivɛɫ[]	ʀ[e]kõnduzivɛ[ɫ]	0
reconfessar	ʀɨkõfɨsar	ʀekõnfɨsar	ʀ[ɨ]kõfɨsar[]	ʀ[e]kõnfɨsa[r]	0
reconfiguração	ʀɨkõfiɡurɐsɐ̃w̃	ʀekõnfiɡurɐsɐ̃w̃	ʀ[ɨ]kõfiɡurɐ[s]ɐ̃[w]̃[]	ʀ[e]kõnfiɡu[r]ɐs[ɐ]̃w[̃]	0
reconfigurar	ʀɨkõfiɡurar	ʀekõnfiɡurar	ʀ[ɨ]kõfiɡur[a]r[]	ʀ[e]kõnfiɡ[u]ra[r]	0
reconfortador	ʀɨkõfurtɐdor	ʀekõnfurtɐdor	ʀ[ɨ]kõfurtɐdor[]	ʀ[e]kõnfurtɐdo[r]	0
reconfortante	ʀɨkõfurtɐ̃tɨ	ʀekõnfurtɐ̃ntɨ	ʀ[ɨ]kõfurtɐ[̃]tɨ[]	ʀ[e]kõnfur[]tɐ̃nt[ɨ]	0
reconfortar	ʀɨkõfurtar	ʀekõnfurtar	ʀ[ɨ]kõfurt[a]r[]	ʀ[e]kõnfu[]rta[r]	0
reconfortável	ʀɨkõfurtavɛɫ	ʀekõnfurtavɛɫ	ʀ[ɨ]kõfurtavɛɫ[]	ʀ[e]kõnfurtavɛ[ɫ]	0
reconforto	ʀɨkõfortu	ʀekõnfortu	ʀ[ɨ]kõfortu[]	ʀ[e]kõnfort[u]	0
recongraçar	ʀɨkõɡrɐsar	ʀekõnɡrɐsar	ʀ[ɨ]kõɡrɐsar[]	ʀ[e]kõnɡrɐsa[r]	0
reconhecer	ʀɨkuɲɨser	ʀekõɲɨser	ʀ[ɨ]ku[]ɲɨser	ʀ[e]ko[̃]ɲɨser	0
reconhecidamente	ʀɨkuɲɨsidɐmẽtɨ	ʀekõɲesidɐmẽntɨ	ʀ[ɨ]ku[]ɲ[ɨ]sidɐmẽtɨ[]	ʀ[e]ko[̃]ɲ[e]sidɐmẽnt[ɨ]	0
reconhecido	ʀɨkuɲɨsidu	ʀekõɲɨsidu	ʀ[ɨ]ku[]ɲɨsidu	ʀ[e]ko[̃]ɲɨsidu	0
reconhecimento	ʀɨkuɲɨsimẽtu	ʀekõɲesimẽntu	ʀ[ɨ]ku[]ɲ[ɨ]simẽtu[]	ʀ[e]ko[̃]ɲ[e]simẽnt[u]	0
reconhecível	ʀɨkuɲɨsivɛɫ	ʀekõɲɨsivɛɫ	ʀ[ɨ]ku[]ɲɨsivɛɫ	ʀ[e]ko[̃]ɲɨsivɛɫ	0
reconquistado	ʀɨkõkiʃtadu	ʀekõnkiʃtadu	ʀ[ɨ]kõkiʃtadu[]	ʀ[e]kõnkiʃtad[u]	0
reconquistar	ʀɨkõkiʃtar	ʀekõnkiʃtar	ʀ[ɨ]kõkiʃtar[]	ʀ[e]kõnkiʃta[r]	0
reconquista	ʀɨkõkiʃtɐ	ʀekõnkiʃtɐ	ʀ[ɨ]kõkiʃtɐ[]	ʀ[e]kõnkiʃt[ɐ]	0
reconsagrar	ʀɨkõsɐɡrar	ʀekõnsɐɡrar	ʀ[ɨ]kõsɐɡr[a]r[]	ʀ[e]kõnsɐ[ɡ]ra[r]	0
reconsertar	ʀɨkõsɨrtar	ʀekõnsɨrtar	ʀ[ɨ]kõsɨrt[a]r[]	ʀ[e]kõnsɨ[]rta[r]	0
reconserto	ʀɨkõsertu	ʀekõnsɛrtu	ʀ[ɨ]kõsertu[]	ʀ[e]kõnsɛrt[u]	0
reconsideração	ʀɨkõsidɨrɐsɐ̃w̃	ʀekõnsidɨrɐsɐ̃w̃	ʀ[ɨ]kõsidɨrɐ[s]ɐ̃[w]̃[]	ʀ[e]kõnsidɨ[r]ɐs[ɐ]̃w[̃]	0
reconsiderado	ʀɨkõsidɨradu	ʀekõnsidɨradu	ʀ[ɨ]kõsidɨradu[]	ʀ[e]kõnsidɨrad[u]	0
reconsiderar	ʀɨkõsidɨrar	ʀekõnsidɨrar	ʀ[ɨ]kõsidɨr[a]r[]	ʀ[e]kõnsid[ɨ]ra[r]	0
reconsolidação	ʀɨkõsulidɐsɐ̃w̃	ʀekõnsulidɐsɐ̃w̃	ʀ[ɨ]kõsulidɐ[s]ɐ̃[w]̃[]	ʀ[e]kõnsuli[d]ɐs[ɐ]̃w[̃]	0
reconsolidar	ʀɨkõsulidar	ʀekõnsulidar	ʀ[ɨ]kõsulidar[]	ʀ[e]kõnsulida[r]	0
reconsorciar	ʀɨkõsursjar	ʀekõnsursiar	ʀ[ɨ]kõsu[r]sj[a]r[]	ʀ[e]kõn[]su[]rsia[r]	0
reconstituição	ʀɨkõʃtitwisɐ̃w̃	ʀekõnʃtitujsɐ̃w̃	ʀ[ɨ]kõʃt[i]t[w]isɐ̃w[]̃[]	ʀ[e]kõn[ʃ]t[]itujs[ɐ]̃w[̃]	0
reconstituído	ʀɨkõʃtitwidu	ʀekõnʃtituidu	ʀ[ɨ]kõʃt[i]t[w]i[d]u[]	ʀ[e]kõn[ʃ]t[]i[t]uid[u]	0
reconstituinte	ʀɨkõʃtitwĩtɨ	ʀekõnʃtituĩntɨ	ʀ[ɨ]kõʃt[i]tw[ĩ]tɨ[]	ʀ[e]kõn[ʃ]ti[]tuĩnt[ɨ]	0
reconstituir	ʀɨkõʃtitwir	ʀekõnʃtituir	ʀ[ɨ]kõʃt[i]t[w]ir[]	ʀ[e]kõn[ʃ]t[]itui[r]	0
reconstituível	ʀɨkõʃtitwivɛɫ	ʀekõnʃtituivɛɫ	ʀ[ɨ]kõʃt[i]t[w]ivɛɫ[]	ʀ[e]kõn[ʃ]t[]ituivɛ[ɫ]	0
reconstitutivo	ʀɨkõʃtitutivu	ʀekõnʃtitutivu	ʀ[ɨ]kõʃt[i]t[u]tivu[]	ʀ[e]kõn[ʃ]t[i]tutiv[u]	0
reconstrução	ʀɨkõʃtrusɐ̃w̃	ʀekõnʃtrusɐ̃w̃	ʀ[ɨ]kõʃtrusɐ̃[w]̃[]	ʀ[e]kõnʃtrus[ɐ]̃w[̃]	0
reconstruído	ʀɨkõʃtruidu	ʀekõnʃtruidu	ʀ[ɨ]kõʃtrui[d]u[]	ʀ[e]kõnʃtr[]uid[u]	0
reconstruir	ʀɨkõʃtruir	ʀekõnʃtruir	ʀ[ɨ]kõʃtru[i]r[]	ʀ[e]kõnʃt[]rui[r]	0
reconstrutivo	ʀɨkõʃtrutivu	ʀekõnʃtrutivu	ʀ[ɨ]kõʃtr[u]ti[v]u[]	ʀ[e]kõnʃ[]tr[]utiv[u]	0
reconstrutor	ʀɨkõʃtrutor	ʀekõnʃtrutor	ʀ[ɨ]kõʃtr[u]t[o]r[]	ʀ[e]kõnʃ[]t[]ruto[r]	0
recontagem	ʀɨkõtaʒɐ̃j̃	ʀekõntaʒɐjn	ʀ[ɨ]kõtaʒɐ̃[]j[̃]	ʀ[e]kõntaʒ[ɐ]j[n]	0
recontamento	ʀɨkõtɐmẽtu	ʀekõntɐmẽntu	ʀ[ɨ]kõtɐmẽtu[]	ʀ[e]kõntɐmẽnt[u]	0
recontente	ʀɨkõtẽtɨ	ʀekõntẽntɨ	ʀ[ɨ]kõt[ẽ]tɨ[]	ʀ[e]kõ[n]tẽnt[ɨ]	0
recontratar	ʀɨkõtrɐtar	ʀekõntrɐtar	ʀ[ɨ]kõtr[ɐ]t[a]r[]	ʀ[e]kõn[]t[]rɐta[r]	0
recontrato	ʀɨkõtratu	ʀekõntratu	ʀ[ɨ]kõtr[a]tu[]	ʀ[e]kõn[]trat[u]	0
recontro	ʀɨkõtru	ʀekõntru	ʀ[ɨ]kõtru[]	ʀ[e]kõntr[u]	0
reconvalescença	ʀɨkõvɐlɨʃsẽsɐ	ʀekõnvɐlɨʃsẽnsɐ	ʀ[ɨ]kõvɐlɨʃs[ẽ]sɐ[]	ʀ[e]kõnvɐlɨ[ʃ]sẽns[ɐ]	0
reconvalescente	ʀɨkõvɐlɨʃsẽtɨ	ʀekõnvɐlɨʃsẽntɨ	ʀ[ɨ]kõvɐlɨʃsẽtɨ[]	ʀ[e]kõnvɐlɨʃsẽnt[ɨ]	0
reconvalescer	ʀɨkõvɐlɨʃser	ʀekõnvɐlɨʃser	ʀ[ɨ]kõvɐlɨʃser[]	ʀ[e]kõnvɐlɨʃse[r]	0
reconvenção	ʀɨkõvẽsɐ̃w̃	ʀekõnvẽnsɐ̃w̃	ʀ[ɨ]kõvẽs[ɐ]̃w̃[]	ʀ[e]kõnv[e]̃nsɐ̃w[̃]	0
reconversão	ʀɨkõvɨrsɐ̃w̃	ʀekõnvɨrsɐ̃w̃	ʀ[ɨ]kõvɨrsɐ̃[w]̃[]	ʀ[e]kõnvɨrs[ɐ]̃w[̃]	0
reconverter	ʀɨkõvɨrter	ʀekõnvɨrter	ʀ[ɨ]kõvɨrt[e]r[]	ʀ[e]kõnvɨ[]rte[r]	0
reconvindo	ʀɨkõvĩdu	ʀekõnvĩndu	ʀ[ɨ]kõvĩdu[]	ʀ[e]kõnvĩnd[u]	0
reconvir	ʀɨkõvir	ʀekõnvir	ʀ[ɨ]kõvir[]	ʀ[e]kõnvi[r]	0
reconvocação	ʀɨkõvukɐsɐ̃w̃	ʀekõnvukɐsɐ̃w̃	ʀ[ɨ]kõvukɐ[s]ɐ̃[w]̃[]	ʀ[e]kõnvu[k]ɐs[ɐ]̃w[̃]	0
reconvocar	ʀɨkõvukar	ʀekõnvukar	ʀ[ɨ]kõvukar[]	ʀ[e]kõnvuka[r]	0
reconvocável	ʀɨkõvukavɛɫ	ʀekõnvukavɛɫ	ʀ[ɨ]kõvukavɛɫ[]	ʀ[e]kõnvukavɛ[ɫ]	0
recopiar	ʀɨkupjar	ʀekupiar	ʀ[ɨ]kup[j]ar	ʀ[e]kup[i]ar	0
recopilação	ʀɨkupilɐsɐ̃w̃	ʀekupilɐsɐ̃w̃	ʀ[ɨ]kupilɐsɐ̃w̃	ʀ[e]kupilɐsɐ̃w̃	0
recopilar	ʀɨkupilar	ʀekupilar	ʀ[ɨ]kupilar	ʀ[e]kupilar	0
recoser	ʀɨkuzer	ʀekuzɛr	ʀ[ɨ]kuz[e]r	ʀ[e]kuz[ɛ]r	0
recostar	ʀɨkuʃtar	ʀekuʃtar	ʀ[ɨ]kuʃtar	ʀ[e]kuʃtar	0
recosto	ʀɨkoʃtu	ʀekoʃtu	ʀ[ɨ]koʃtu	ʀ[e]koʃtu	0
recovado	ʀɨkuvadu	ʀekuvadu	ʀ[ɨ]kuvadu	ʀ[e]kuvadu	0
recovagem	ʀɨkuvaʒɐ̃j̃	ʀekuvaʒɐjn	ʀ[ɨ]kuvaʒɐ[̃]j[̃]	ʀ[e]kuvaʒɐ[]j[n]	0
recovar	ʀɨkuvar	ʀekuvar	ʀ[ɨ]kuvar	ʀ[e]kuvar	0
recova	ʀɨkɔvɐ	ʀekɔvɐ	ʀ[ɨ]kɔvɐ	ʀ[e]kɔvɐ	0
recoveira	ʀɨkuvɐjrɐ	ʀekuvɐjrɐ	ʀ[ɨ]kuvɐjrɐ	ʀ[e]kuvɐjrɐ	0
recoveiro	ʀɨkuvɐjru	ʀekuvɐjru	ʀ[ɨ]kuvɐjru	ʀ[e]kuvɐjru	0
recovo	ʀɨkovu	ʀekovu	ʀ[ɨ]kovu	ʀ[e]kovu	0
recozedura	ʀɨkuzɨdurɐ	ʀekuzɨdurɐ	ʀ[ɨ]kuzɨdurɐ	ʀ[e]kuzɨdurɐ	0
recozer	ʀɨkuzer	ʀekuzer	ʀ[ɨ]kuzer	ʀ[e]kuzer	0
recozido	ʀɨkuzidu	ʀekuzidu	ʀ[ɨ]kuzidu	ʀ[e]kuzidu	0
recozimento	ʀɨkuzimẽtu	ʀekuzimẽntu	ʀ[ɨ]kuzimẽtu[]	ʀ[e]kuzimẽnt[u]	0
recuada	ʀɨkwadɐ	ʀekuadɐ	ʀ[ɨ]k[w]adɐ	ʀ[e]k[u]adɐ	0
recuadeira	ʀɨkwɐdɐjrɐ	ʀekuɐdɐjrɐ	ʀ[ɨ]k[w]ɐdɐjrɐ	ʀ[e]k[u]ɐdɐjrɐ	0
recuado	ʀɨkwadu	ʀekuadu	ʀ[ɨ]k[w]adu	ʀ[e]k[u]adu	0
recuamento	ʀɨkwɐmẽtu	ʀekuɐmẽntu	ʀ[ɨ]k[w]ɐmẽtu[]	ʀ[e]k[u]ɐmẽnt[u]	0
recuanço	ʀɨkwɐ̃su	ʀekuɐ̃nsu	ʀ[ɨ]k[w]ɐ̃[]su	ʀ[e]k[u]ɐ̃[n]su	0
recuar	ʀɨkwar	ʀekuar	ʀ[ɨ]k[w]ar	ʀ[e]k[u]ar	0
recua	ʀɨkuɐ	ʀekuɐ	ʀ[ɨ]kuɐ	ʀ[e]kuɐ	0
recúbito	ʀɨkubitu	ʀekubitu	ʀ[ɨ]kubitu	ʀ[e]kubitu	0
recuidar	ʀɨkujdar	ʀekujdar	ʀ[ɨ]kujdar	ʀ[e]kujdar	0
recultivar	ʀɨkuɫtivar	ʀekuɫtivar	ʀ[ɨ]kuɫtivar	ʀ[e]kuɫtivar	0
recumbente	ʀɨkũbẽtɨ	ʀekũmbẽntɨ	ʀ[ɨ]kũbẽtɨ[]	ʀ[e]kũmbẽnt[ɨ]	0
recumbir	ʀɨkũbir	ʀekũmbir	ʀ[ɨ]kũbir[]	ʀ[e]kũmbi[r]	0
recunhar	ʀɨkuɲar	ʀekũɲar	ʀ[ɨ]ku[]ɲar	ʀ[e]ku[̃]ɲar	0
recuo	ʀɨkuu	ʀekuw	ʀ[ɨ]ku[u]	ʀ[e]ku[w]	0
recuperação	ʀɨkupɨrɐsɐ̃w̃	ʀekuperɐsɐ̃w̃	ʀ[ɨ]kup[ɨ]rɐsɐ̃w̃	ʀ[e]kup[e]rɐsɐ̃w̃	0
recuperador	ʀɨkupɨrɐdor	ʀekuperɐdor	ʀ[ɨ]kup[ɨ]rɐdor	ʀ[e]kup[e]rɐdor	0
recuperado	ʀɨkupɨradu	ʀekupɨradu	ʀ[ɨ]kupɨradu	ʀ[e]kupɨradu	0
recuperar	ʀɨkupɨrar	ʀekupɨrar	ʀ[ɨ]kupɨrar	ʀ[e]kupɨrar	0
recuperativo	ʀɨkupɨrɐtivu	ʀekuperɐtivu	ʀ[ɨ]kup[ɨ]rɐtivu	ʀ[e]kup[e]rɐtivu	0
recuperável	ʀɨkupɨravɛɫ	ʀekupɨravɛɫ	ʀ[ɨ]kupɨravɛɫ	ʀ[e]kupɨravɛɫ	0
recursividade	ʀɨkursividadɨ	ʀekursividadɨ	ʀ[ɨ]kursividadɨ	ʀ[e]kursividadɨ	0
recursivo	ʀɨkursivu	ʀekursivu	ʀ[ɨ]kursivu	ʀ[e]kursivu	0
recurso	ʀɨkursu	ʀekursu	ʀ[ɨ]kursu	ʀ[e]kursu	0
recurvado	ʀɨkurvadu	ʀekurvadu	ʀ[ɨ]kurvadu	ʀ[e]kurvadu	0
recurvar	ʀɨkurvar	ʀekurvar	ʀ[ɨ]kurvar	ʀ[e]kurvar	0
recurvo	ʀɨkurvu	ʀekurvu	ʀ[ɨ]kurvu	ʀ[e]kurvu	0
recusação	ʀɨkuzɐsɐ̃w̃	ʀekuzɐsɐ̃w̃	ʀ[ɨ]kuzɐsɐ̃w̃	ʀ[e]kuzɐsɐ̃w̃	0
recusador	ʀɨkuzɐdor	ʀekuzɐdor	ʀ[ɨ]kuzɐdor	ʀ[e]kuzɐdor	0
recusado	ʀɨkuzadu	ʀekuzadu	ʀ[ɨ]kuzadu	ʀ[e]kuzadu	0
recusante	ʀɨkuzɐ̃tɨ	ʀekuzɐ̃ntɨ	ʀ[ɨ]kuzɐ̃[]tɨ	ʀ[e]kuzɐ̃[n]tɨ	0
recusar	ʀɨkuzar	ʀekuzar	ʀ[ɨ]kuzar	ʀ[e]kuzar	0
recusa	ʀɨkuzɐ	ʀekuzɐ	ʀ[ɨ]kuzɐ	ʀ[e]kuzɐ	0
recusativo	ʀɨkuzɐtivu	ʀekuzɐtivu	ʀ[ɨ]kuzɐtivu	ʀ[e]kuzɐtivu	0
recusável	ʀɨkuzavɛɫ	ʀekuzavɛɫ	ʀ[ɨ]kuzavɛɫ	ʀ[e]kuzavɛɫ	0
redação	ʀɨdasɐ̃w̃	ʀedɐsɐ̃w̃	ʀ[ɨ]d[a]sɐ̃w̃	ʀ[e]d[ɐ]sɐ̃w̃	0
redacção	ʀɨdasɐ̃w̃	ʀedasɐ̃w̃	ʀ[ɨ]dasɐ̃w̃	ʀ[e]dasɐ̃w̃	0
redactor-chefe	ʀɨdatorʃɛfɨ	ʀedɐtorʃɛfɨ	ʀ[ɨ]d[a]torʃɛfɨ	ʀ[e]d[ɐ]torʃɛfɨ	0
redactorial	ʀɨdaturjaɫ	ʀedɐturiaɫ	ʀ[ɨ]d[a]tur[j]aɫ	ʀ[e]d[ɐ]tur[i]aɫ	0
redactor	ʀɨdator	ʀedɐtor	ʀ[ɨ]d[a]tor	ʀ[e]d[ɐ]tor	0
redada	ʀɨdadɐ	ʀedadɐ	ʀ[ɨ]dadɐ	ʀ[e]dadɐ	0
redanho	ʀɨdɐɲu	ʀedɐ̃ɲu	ʀ[ɨ]dɐ[]ɲu	ʀ[e]dɐ[̃]ɲu	0
redarguente	ʀɨdɐrɡwẽtɨ	ʀedɐrɡwẽntɨ	ʀ[ɨ]dɐrɡwẽtɨ[]	ʀ[e]dɐrɡwẽnt[ɨ]	0
redargüente	ʀɨdɐrɡwẽtɨ	ʀedɐrɡuẽntɨ	ʀ[ɨ]dɐrɡwẽtɨ[]	ʀ[e]dɐrɡuẽnt[ɨ]	0
redarguição	ʀɨdɐrɡwisɐ̃w̃	ʀedɐrɡwisɐ̃w̃	ʀ[ɨ]dɐrɡwisɐ̃w̃	ʀ[e]dɐrɡwisɐ̃w̃	0
redargüição	ʀɨdɐrɡwisɐ̃w̃	ʀedɐrɡuisɐ̃w̃	ʀ[ɨ]dɐrɡ[w]isɐ̃w̃	ʀ[e]dɐrɡ[u]isɐ̃w̃	0
redarguir	ʀɨdɐrɡir	ʀedɐrɡwir	ʀ[ɨ]dɐrɡ[]ir	ʀ[e]dɐrɡ[w]ir	0
redargüir	ʀɨdɐrɡwir	ʀedɐrɡuir	ʀ[ɨ]dɐrɡ[w]ir	ʀ[e]dɐrɡ[u]ir	0
redarguitivo	ʀɨdɐrɡwitivu	ʀedɐrɡwitivu	ʀ[ɨ]dɐrɡwitivu	ʀ[e]dɐrɡwitivu	0
redargüitivo	ʀɨdɐrɡwitivu	ʀedɐrɡuitivu	ʀ[ɨ]dɐrɡ[w]itivu	ʀ[e]dɐrɡ[u]itivu	0
redarguível	ʀɨdɐrɡwivɛɫ	ʀedɐrɡwivɛɫ	ʀ[ɨ]dɐrɡwivɛɫ	ʀ[e]dɐrɡwivɛɫ	0
redator-chefe	ʀɨdatorʃɛfɨ	ʀedɐtorʃɛfɨ	ʀ[ɨ]d[a]torʃɛfɨ	ʀ[e]d[ɐ]torʃɛfɨ	0
redatorial	ʀɨdaturjaɫ	ʀedɐturiaɫ	ʀ[ɨ]d[a]tur[j]aɫ	ʀ[e]d[ɐ]tur[i]aɫ	0
redator	ʀɨdator	ʀedɐtor	ʀ[ɨ]d[a]tor	ʀ[e]d[ɐ]tor	0
redefinição	ʀɨdɨfɨnisɐ̃w̃	ʀedɨfinisɐ̃w̃	ʀ[ɨ]dɨf[ɨ]nisɐ̃w̃	ʀ[e]dɨf[i]nisɐ̃w̃	0
redefinido	ʀɨdɨfɨnidu	ʀedɨfinidu	ʀ[ɨ]dɨf[ɨ]nidu	ʀ[e]dɨf[i]nidu	0
redefinir	ʀɨdɨfɨnir	ʀedɨfinir	ʀ[ɨ]dɨf[ɨ]nir	ʀ[e]dɨf[i]nir	0
redeiro	ʀɨdɐjru	ʀedɐjru	ʀ[ɨ]dɐjru	ʀ[e]dɐjru	0
redemoinhar	ʀɨdɨmwiɲar	ʀedɨmuiɲar	ʀ[ɨ]dɨm[w]iɲar	ʀ[e]dɨm[u]iɲar	0
redemoinho	ʀɨdɨmwiɲu	ʀedɨmuiɲu	ʀ[ɨ]dɨm[w]iɲu	ʀ[e]dɨm[u]iɲu	0
redenho	ʀɨdɐjɲu	ʀedeɲu	ʀ[ɨ]dɐ[j]ɲu	ʀ[e]de[]ɲu	0
redentor	ʀɨdẽtor	ʀedẽntor	ʀ[ɨ]dẽtor[]	ʀ[e]dẽnto[r]	0
redescender	ʀɨdɨʃsẽder	ʀedɨʃsẽnder	ʀ[ɨ]dɨʃsẽder[]	ʀ[e]dɨʃsẽnde[r]	0
redescer	ʀɨdɨʃser	ʀedɨʃser	ʀ[ɨ]dɨʃser	ʀ[e]dɨʃser	0
redescoberta	ʀɨdɨʃkubɛrtɐ	ʀedɨʃkubɛrtɐ	ʀ[ɨ]dɨʃkubɛrtɐ	ʀ[e]dɨʃkubɛrtɐ	0
redescobrir	ʀɨdɨʃkubrir	ʀedɨʃkubrir	ʀ[ɨ]dɨʃkubrir	ʀ[e]dɨʃkubrir	0
redescontar	ʀɨdɨʃkõtar	ʀedɨʃkõntar	ʀ[ɨ]dɨʃkõtar[]	ʀ[e]dɨʃkõnta[r]	0
redescontável	ʀɨdɨʃkõtavɛɫ	ʀedɨʃkõntavɛɫ	ʀ[ɨ]dɨʃkõtavɛɫ[]	ʀ[e]dɨʃkõntavɛ[ɫ]	0
redesconto	ʀɨdɨʃkõtu	ʀedɨʃkõntu	ʀ[ɨ]dɨʃkõtu[]	ʀ[e]dɨʃkõnt[u]	0
redesenhado	ʀɨdɨzɨɲadu	ʀedɨzɨɲadu	ʀ[ɨ]dɨzɨɲadu	ʀ[e]dɨzɨɲadu	0
redesenhar	ʀɨdɨzɨɲar	ʀedɨzɨɲar	ʀ[ɨ]dɨzɨɲar	ʀ[e]dɨzɨɲar	0
redestilar	ʀɨdɨʃtilar	ʀedɨʃtilar	ʀ[ɨ]dɨʃtilar	ʀ[e]dɨʃtilar	0
redibição	ʀɨdibisɐ̃w̃	ʀedibisɐ̃w̃	ʀ[ɨ]dibisɐ̃w̃	ʀ[e]dibisɐ̃w̃	0
redibir	ʀɨdibir	ʀedibir	ʀ[ɨ]dibir	ʀ[e]dibir	0
redibitório	ʀɨdibitɔrju	ʀedibitɔrju	ʀ[ɨ]dibitɔrju	ʀ[e]dibitɔrju	0
redição	ʀɨdisɐ̃w̃	ʀedisɐ̃w̃	ʀ[ɨ]disɐ̃w̃	ʀ[e]disɐ̃w̃	0
redigido	ʀɨdiʒidu	ʀediʒidu	ʀ[ɨ]diʒidu	ʀ[e]diʒidu	0
redigir	ʀɨdiʒir	ʀediʒir	ʀ[ɨ]diʒir	ʀ[e]diʒir	0
redimensionamento	ʀɨdimẽsjunɐmẽtu	ʀedimẽnsjunɐmẽntu	ʀ[ɨ]dimẽsjunɐmẽtu[]	ʀ[e]dimẽnsjunɐmẽnt[u]	0
redimensionar	ʀɨdimẽsjunar	ʀedimẽnsjunar	ʀ[ɨ]dimẽsjunar[]	ʀ[e]dimẽnsjuna[r]	0
redimido	ʀɨdimidu	ʀedimidu	ʀ[ɨ]dimidu	ʀ[e]dimidu	0
redimir	ʀɨdimir	ʀedimir	ʀ[ɨ]dimir	ʀ[e]dimir	0
redimível	ʀɨdimivɛɫ	ʀedimivɛɫ	ʀ[ɨ]dimivɛɫ	ʀ[e]dimivɛɫ	0
redingote	ʀɨdĩɡɔtɨ	ʀedĩnɡɔtɨ	ʀ[ɨ]dĩɡɔtɨ[]	ʀ[e]dĩnɡɔt[ɨ]	0
redinha	ʀɨdiɲɐ	ʀediɲɐ	ʀ[ɨ]diɲɐ	ʀ[e]diɲɐ	0
redintegrar	ʀɨdĩtɨɡrar	ʀedĩntɨɡrar	ʀ[ɨ]dĩtɨɡr[a]r[]	ʀ[e]dĩntɨ[ɡ]ra[r]	0
redireccionar	ʀɨdirɛsjunar	ʀedirɛsjunar	ʀ[ɨ]dirɛsjunar	ʀ[e]dirɛsjunar	0
redirecionar	ʀɨdirɛsjunar	ʀediresjunar	ʀ[ɨ]dir[ɛ]sjunar	ʀ[e]dir[e]sjunar	0
redistribuição	ʀɨdɨʃtribwisɐ̃w̃	ʀediʃtribujsɐ̃w̃	ʀ[ɨ]d[ɨ]ʃtribw[i]sɐ̃w̃	ʀ[e]d[i]ʃtribu[j]sɐ̃w̃	0
redistribuir	ʀɨdiʃtribwir	ʀediʃtribuir	ʀ[ɨ]diʃtrib[w]ir	ʀ[e]diʃtrib[u]ir	0
redivivo	ʀɨdivivu	ʀedivivu	ʀ[ɨ]divivu	ʀ[e]divivu	0
redizer	ʀɨdizer	ʀedizer	ʀ[ɨ]dizer	ʀ[e]dizer	0
redobrado	ʀɨdubradu	ʀedubradu	ʀ[ɨ]dubradu	ʀ[e]dubradu	0
redobradura	ʀɨdubrɐdurɐ	ʀedubrɐdurɐ	ʀ[ɨ]dubrɐdurɐ	ʀ[e]dubrɐdurɐ	0
redobramento	ʀɨdubrɐmẽtu	ʀedubrɐmẽntu	ʀ[ɨ]dubrɐmẽtu[]	ʀ[e]dubrɐmẽnt[u]	0
redobrar	ʀɨdubrar	ʀedubrar	ʀ[ɨ]dubrar	ʀ[e]dubrar	0
redobre	ʀɨdɔbrɨ	ʀedɔbrɨ	ʀ[ɨ]dɔbrɨ	ʀ[e]dɔbrɨ	0
redobro	ʀɨdobru	ʀedɔbru	ʀ[ɨ]d[o]bru	ʀ[e]d[ɔ]bru	0
redoiçar	ʀɨdojsar	ʀedojsar	ʀ[ɨ]dojsar	ʀ[e]dojsar	0
redoiça	ʀɨdojsɐ	ʀedojsɐ	ʀ[ɨ]dojsɐ	ʀ[e]dojsɐ	0
redoirar	ʀɨdojrar	ʀedojrar	ʀ[ɨ]dojrar	ʀ[e]dojrar	0
redolente	ʀɨdulẽtɨ	ʀedulẽntɨ	ʀ[ɨ]dulẽtɨ[]	ʀ[e]dulẽnt[ɨ]	0
redomão	ʀɨdumɐ̃w̃	ʀedumɐ̃w̃	ʀ[ɨ]dumɐ̃w̃	ʀ[e]dumɐ̃w̃	0
redoma	ʀɨdomɐ	ʀedomɐ	ʀ[ɨ]domɐ	ʀ[e]domɐ	0
redondal	ʀɨdõdaɫ	ʀedõndaɫ	ʀ[ɨ]dõdaɫ[]	ʀ[e]dõnda[ɫ]	0
redondamente	ʀɨdõdɐmẽtɨ	ʀedõndɐmẽntɨ	ʀ[ɨ]dõdɐmẽtɨ[]	ʀ[e]dõndɐmẽnt[ɨ]	0
redondear	ʀɨdõdjar	ʀedõndiar	ʀ[ɨ]dõdjar[]	ʀ[e]dõndia[r]	0
redondeiro	ʀɨdõdɐjru	ʀedõndɐjru	ʀ[ɨ]dõdɐjru[]	ʀ[e]dõndɐjr[u]	0
redondela	ʀɨdõdɛlɐ	ʀedõndɛlɐ	ʀ[ɨ]dõdɛlɐ[]	ʀ[e]dõndɛl[ɐ]	0
redondel	ʀɨdõdɛɫ	ʀedõndɛɫ	ʀ[ɨ]dõdɛɫ[]	ʀ[e]dõndɛ[ɫ]	0
redondense	ʀɨdõdẽsɨ	ʀedõndẽnsɨ	ʀ[ɨ]dõdẽsɨ[]	ʀ[e]dõndẽns[ɨ]	0
redondeza	ʀɨdõdezɐ	ʀedõndezɐ	ʀ[ɨ]dõdezɐ[]	ʀ[e]dõndez[ɐ]	0
redondez	ʀɨdõdeʃ	ʀedõndeʃ	ʀ[ɨ]dõdeʃ[]	ʀ[e]dõnde[ʃ]	0
redondilha	ʀɨdõdiʎɐ	ʀedõndiʎɐ	ʀ[ɨ]dõdiʎɐ[]	ʀ[e]dõndiʎ[ɐ]	0
redondil	ʀɨdõdiɫ	ʀedõndiɫ	ʀ[ɨ]dõdiɫ[]	ʀ[e]dõndi[ɫ]	0
redondinho	ʀɨdõdiɲu	ʀedõndiɲu	ʀ[ɨ]dõdiɲu[]	ʀ[e]dõndiɲ[u]	0
redondo	ʀɨdõdu	ʀedõndu	ʀ[ɨ]dõdu[]	ʀ[e]dõnd[u]	0
redopiar	ʀɨdupjar	ʀedupiar	ʀ[ɨ]dup[j]ar	ʀ[e]dup[i]ar	0
redopio	ʀɨdupiu	ʀedupiw	ʀ[ɨ]dupi[u]	ʀ[e]dupi[w]	0
redouçar	ʀɨdowsar	ʀedowsar	ʀ[ɨ]dowsar	ʀ[e]dowsar	0
redouça	ʀɨdowsɐ	ʀedowsɐ	ʀ[ɨ]dowsɐ	ʀ[e]dowsɐ	0
redourar	ʀɨdowrar	ʀedowrar	ʀ[ɨ]dowrar	ʀ[e]dowrar	0
redução	ʀɨdusɐ̃w̃	ʀedusɐ̃w̃	ʀ[ɨ]dusɐ̃w̃	ʀ[e]dusɐ̃w̃	0
reducente	ʀɨdusẽtɨ	ʀedusẽntɨ	ʀ[ɨ]dusẽtɨ[]	ʀ[e]dusẽnt[ɨ]	0
reducionismo	ʀɨdusjuniʒmu	ʀedusjuniʒmu	ʀ[ɨ]dusjuniʒmu	ʀ[e]dusjuniʒmu	0
reducionista	ʀɨdusjuniʃtɐ	ʀedusjuniʃtɐ	ʀ[ɨ]dusjuniʃtɐ	ʀ[e]dusjuniʃtɐ	0
reducionístico	ʀɨdusjuniʃtiku	ʀedusjuniʃtiku	ʀ[ɨ]dusjuniʃtiku	ʀ[e]dusjuniʃtiku	0
redundância	ʀɨdũdɐ̃sjɐ	ʀedũndɐ̃nsjɐ	ʀ[ɨ]dũdɐ̃sjɐ[]	ʀ[e]dũndɐ̃nsj[ɐ]	0
redundante	ʀɨdũdɐ̃tɨ	ʀedũndɐ̃ntɨ	ʀ[ɨ]dũdɐ̃tɨ[]	ʀ[e]dũndɐ̃nt[ɨ]	0
redundar	ʀɨdũdar	ʀedũndar	ʀ[ɨ]dũdar[]	ʀ[e]dũnda[r]	0
reduplicação	ʀɨduplikɐsɐ̃w̃	ʀeduplikɐsɐ̃w̃	ʀ[ɨ]duplikɐsɐ̃w̃	ʀ[e]duplikɐsɐ̃w̃	0
reduplicar	ʀɨduplikar	ʀeduplikar	ʀ[ɨ]duplikar	ʀ[e]duplikar	0
reduplicativo	ʀɨduplikɐtivu	ʀeduplikɐtivu	ʀ[ɨ]duplikɐtivu	ʀ[e]duplikɐtivu	0
redura	ʀɨdurɐ	ʀedurɐ	ʀ[ɨ]durɐ	ʀ[e]durɐ	0
redutibilidade	ʀɨdutibilidadɨ	ʀedutibilidadɨ	ʀ[ɨ]dutibilidadɨ	ʀ[e]dutibilidadɨ	0
redutível	ʀɨdutivɛɫ	ʀedutivɛɫ	ʀ[ɨ]dutivɛɫ	ʀ[e]dutivɛɫ	0
redutivo	ʀɨdutivu	ʀedutivu	ʀ[ɨ]dutivu	ʀ[e]dutivu	0
redutor	ʀɨdutor	ʀedutor	ʀ[ɨ]dutor	ʀ[e]dutor	0
reduto	ʀɨdutu	ʀedutu	ʀ[ɨ]dutu	ʀ[e]dutu	0
redúvias	ʀɨduvjɐʃ	ʀeduvɪɐʃ	ʀ[ɨ]duv[j]ɐʃ	ʀ[e]duv[ɪ]ɐʃ	0
reduzida	ʀɨduzidɐ	ʀeduzidɐ	ʀ[ɨ]duzidɐ	ʀ[e]duzidɐ	0
reduzido	ʀɨduzidu	ʀeduzidu	ʀ[ɨ]duzidu	ʀ[e]duzidu	0
redúzio	ʀɨduzju	ʀeduzju	ʀ[ɨ]duzju	ʀ[e]duzju	0
reduzir	ʀɨduzir	ʀeduzir	ʀ[ɨ]duzir	ʀ[e]duzir	0
reduzível	ʀɨduzivɛɫ	ʀeduzivɛɫ	ʀ[ɨ]duzivɛɫ	ʀ[e]duzivɛɫ	0
reerguer	ʀjerɡer	ʀiɨrɡer	ʀj[e]rɡer	ʀi[ɨ]rɡer	0
refalso	ʀɨfaɫsu	ʀefaɫsu	ʀ[ɨ]faɫsu	ʀ[e]faɫsu	0
refartar	ʀɨfɐrtar	ʀefɐrtar	ʀ[ɨ]fɐrtar	ʀ[e]fɐrtar	0
refastelado	ʀɨfɐʃtɨladu	ʀefɐʃtɨladu	ʀ[ɨ]fɐʃtɨladu	ʀ[e]fɐʃtɨladu	0
refastelamento	ʀɨfɐʃtɨlɐmẽtu	ʀefɐʃtelɐmẽntu	ʀ[ɨ]fɐʃt[ɨ]lɐmẽtu[]	ʀ[e]fɐʃt[e]lɐmẽnt[u]	0
refastelar	ʀɨfɐʃtɨlar	ʀefɐʃtɨlar	ʀ[ɨ]fɐʃtɨlar	ʀ[e]fɐʃtɨlar	0
refazedor	ʀɨfɐzɨdor	ʀefɐzɨdor	ʀ[ɨ]fɐzɨdor	ʀ[e]fɐzɨdor	0
refazer	ʀɨfɐzer	ʀefɐzer	ʀ[ɨ]fɐzer	ʀ[e]fɐzer	0
refazimento	ʀɨfɐzimẽtu	ʀefɐzimẽntu	ʀ[ɨ]fɐzimẽtu[]	ʀ[e]fɐzimẽnt[u]	0
refazível	ʀɨfɐzivɛɫ	ʀefɐzivɛɫ	ʀ[ɨ]fɐzivɛɫ	ʀ[e]fɐzivɛɫ	0
refecer	ʀɨfɛser	ʀefɨser	ʀ[ɨ]f[ɛ]ser	ʀ[e]f[ɨ]ser	0
refece	ʀɨfɛsɨ	ʀefɛsɨ	ʀ[ɨ]fɛsɨ	ʀ[e]fɛsɨ	0
refectivo	ʀɨfɛtivu	ʀefɛtivu	ʀ[ɨ]fɛtivu	ʀ[e]fɛtivu	0
refectório	ʀɨfɛtɔrju	ʀefɛtɔrju	ʀ[ɨ]fɛtɔrju	ʀ[e]fɛtɔrju	0
refecundar	ʀɨfɨkũdar	ʀefɨkũndar	ʀ[ɨ]fɨkũdar[]	ʀ[e]fɨkũnda[r]	0
refegado	ʀɨfɨɡadu	ʀefɨɡadu	ʀ[ɨ]fɨɡadu	ʀ[e]fɨɡadu	0
refegar	ʀɨfɨɡar	ʀefɨɡar	ʀ[ɨ]fɨɡar	ʀ[e]fɨɡar	0
refega	ʀɨfɛɡɐ	ʀefɛɡɐ	ʀ[ɨ]fɛɡɐ	ʀ[e]fɛɡɐ	0
refego	ʀɨfeɡu	ʀefeɡu	ʀ[ɨ]feɡu	ʀ[e]feɡu	0
refeição	ʀɨfɐjsɐ̃w̃	ʀefɐjsɐ̃w̃	ʀ[ɨ]fɐjsɐ̃w̃	ʀ[e]fɐjsɐ̃w̃	0
refeitoreiro	ʀɨfɐjturɐjru	ʀefɐjturɐjru	ʀ[ɨ]fɐjturɐjru	ʀ[e]fɐjturɐjru	0
refeitório	ʀɨfɐjtɔrju	ʀefɐjtɔrju	ʀ[ɨ]fɐjtɔrju	ʀ[e]fɐjtɔrju	0
refeito	ʀɨfɐjtu	ʀefɐjtu	ʀ[ɨ]fɐjtu	ʀ[e]fɐjtu	0
refelga	rɨfɛɫɡɐ	ʀefeɫɡɐ	r[ɨ]f[ɛ]ɫɡɐ	ʀ[e]f[e]ɫɡɐ	0
refender	ʀɨfẽder	ʀefẽnder	ʀ[ɨ]fẽder[]	ʀ[e]fẽnde[r]	0
refendimento	ʀɨfẽdimẽtu	ʀefẽndimẽntu	ʀ[ɨ]fẽdimẽtu[]	ʀ[e]fẽndimẽnt[u]	0
refentar	ʀɨfẽtar	ʀefẽntar	ʀ[ɨ]fẽtar[]	ʀ[e]fẽnta[r]	0
referencial	ʀɨfɨrẽsjaɫ	ʀefɨrẽnsiaɫ	ʀ[ɨ]fɨrẽsjaɫ[]	ʀ[e]fɨrẽnsia[ɫ]	0
referenciar	ʀɨfɨrẽsjar	ʀefɨrẽnsiar	ʀ[ɨ]fɨrẽsjar[]	ʀ[e]fɨrẽnsia[r]	0
referência	ʀɨfɨrẽsjɐ	ʀefɨrẽnsjɐ	ʀ[ɨ]fɨrẽsjɐ[]	ʀ[e]fɨrẽnsj[ɐ]	0
referendário	ʀɨfɨrẽdarju	ʀefɨrẽndarju	ʀ[ɨ]fɨrẽdarju[]	ʀ[e]fɨrẽndarj[u]	0
referendar	ʀɨfɨrẽdar	ʀefɨrẽndar	ʀ[ɨ]fɨrẽdar[]	ʀ[e]fɨrẽnda[r]	0
referenda	ʀɨfɨrẽdɐ	ʀefɨrẽndɐ	ʀ[ɨ]fɨrẽdɐ[]	ʀ[e]fɨrẽnd[ɐ]	0
referendo	ʀɨfɨrẽdu	ʀefɨrẽndu	ʀ[ɨ]fɨrẽdu[]	ʀ[e]fɨrẽnd[u]	0
referente	ʀɨfɨrẽtɨ	ʀefɨrẽntɨ	ʀ[ɨ]fɨrẽtɨ[]	ʀ[e]fɨrẽnt[ɨ]	0
referido	ʀɨfɨridu	ʀefɨridu	ʀ[ɨ]fɨridu	ʀ[e]fɨridu	0
referimento	ʀɨfɨrimẽtu	ʀefɨrimẽntu	ʀ[ɨ]fɨrimẽtu[]	ʀ[e]fɨrimẽnt[u]	0
referir	ʀɨfɨrir	ʀefɨrir	ʀ[ɨ]fɨrir	ʀ[e]fɨrir	0
refermentação	ʀɨfɨrmẽtɐsɐ̃w̃	ʀefɨrmẽntɐsɐ̃w̃	ʀ[ɨ]fɨrmẽtɐ[s]ɐ̃[w]̃[]	ʀ[e]fɨrmẽn[t]ɐs[ɐ]̃w[̃]	0
refermentar	ʀɨfɨrmẽtar	ʀefɨrmẽntar	ʀ[ɨ]fɨrmẽtar[]	ʀ[e]fɨrmẽnta[r]	0
refertadamente	ʀɨfɨrtadɐmẽtɨ	ʀefɨrtɐdɐmẽntɨ	ʀ[ɨ]fɨrt[a]dɐmẽtɨ[]	ʀ[e]fɨrt[ɐ]dɐmẽnt[ɨ]	0
refertar	ʀɨfɨrtar	ʀefɨrtar	ʀ[ɨ]fɨrtar	ʀ[e]fɨrtar	0
referta	ʀɨfɛrtɐ	ʀefɛrtɐ	ʀ[ɨ]fɛrtɐ	ʀ[e]fɛrtɐ	0
refervente	ʀɨfɨrvẽtɨ	ʀefɨrvẽntɨ	ʀ[ɨ]fɨrvẽtɨ[]	ʀ[e]fɨrvẽnt[ɨ]	0
referver	ʀɨfɨrver	ʀefɨrver	ʀ[ɨ]fɨrver	ʀ[e]fɨrver	0
refestelado	ʀɨfɨʃtɨladu	ʀefɨʃtɨladu	ʀ[ɨ]fɨʃtɨladu	ʀ[e]fɨʃtɨladu	0
refestelar	ʀɨfɨʃtɨlar	ʀefɨʃtɨlar	ʀ[ɨ]fɨʃtɨlar	ʀ[e]fɨʃtɨlar	0
refestelo	ʀɨfɨʃtelu	ʀefɨʃtɛlu	ʀ[ɨ]fɨʃt[e]lu	ʀ[e]fɨʃt[ɛ]lu	0
refesto	ʀɨfeʃtu	ʀefɛʃtu	ʀ[ɨ]f[e]ʃtu	ʀ[e]f[ɛ]ʃtu	0
refetivo	ʀɨfɛtivu	ʀefɨtivu	ʀ[ɨ]f[ɛ]tivu	ʀ[e]f[ɨ]tivu	0
refetório	ʀɨfɛtɔrju	ʀefɨtɔrju	ʀ[ɨ]f[ɛ]tɔrju	ʀ[e]f[ɨ]tɔrju	0
refiar	ʀɨfjar	ʀefiar	ʀ[ɨ]f[j]ar	ʀ[e]f[i]ar	0
refilão	ʀɨfilɐ̃w̃	ʀefilɐ̃w̃	ʀ[ɨ]filɐ̃w̃	ʀ[e]filɐ̃w̃	0
refilhar	ʀɨfiʎar	ʀefiʎar	ʀ[ɨ]fiʎar	ʀ[e]fiʎar	0
refilho	ʀɨfiʎu	ʀefiʎu	ʀ[ɨ]fiʎu	ʀ[e]fiʎu	0
refilo	ʀɨfilu	ʀefilu	ʀ[ɨ]filu	ʀ[e]filu	0
refiltrar	ʀɨfiɫtrar	ʀefiɫtrar	ʀ[ɨ]fiɫtrar	ʀ[e]fiɫtrar	0
refinação	ʀɨfinɐsɐ̃w̃	ʀefinɐsɐ̃w̃	ʀ[ɨ]finɐsɐ̃w̃	ʀ[e]finɐsɐ̃w̃	0
refinador	ʀɨfinɐdor	ʀefinɐdor	ʀ[ɨ]finɐdor	ʀ[e]finɐdor	0
refinado	ʀɨfinadu	ʀefinadu	ʀ[ɨ]finadu	ʀ[e]finadu	0
refinadura	ʀɨfinɐdurɐ	ʀefinɐdurɐ	ʀ[ɨ]finɐdurɐ	ʀ[e]finɐdurɐ	0
refinamento	ʀɨfinɐmẽtu	ʀefinɐmẽntu	ʀ[ɨ]finɐmẽtu[]	ʀ[e]finɐmẽnt[u]	0
refinanciamento	ʀɨfinɐ̃sjɐmẽtu	ʀefinɐ̃nsiɐmẽntu	ʀ[ɨ]finɐ̃[]s[j]ɐmẽtu[]	ʀ[e]finɐ̃[n]s[i]ɐmẽnt[u]	0
refinanciar	ʀɨfinɐ̃sjar	ʀefinɐ̃nsiar	ʀ[ɨ]finɐ̃[]s[j]ar	ʀ[e]finɐ̃[n]s[i]ar	0
refinaria	ʀɨfinɐriɐ	ʀefinɐriɐ	ʀ[ɨ]finɐriɐ	ʀ[e]finɐriɐ	0
refinar	ʀɨfinar	ʀefinar	ʀ[ɨ]finar	ʀ[e]finar	0
refincar	ʀɨfĩkar	ʀefĩnkar	ʀ[ɨ]fĩkar[]	ʀ[e]fĩnka[r]	0
refirmação	ʀɨfirmɐsɐ̃w̃	ʀefirmɐsɐ̃w̃	ʀ[ɨ]firmɐsɐ̃w̃	ʀ[e]firmɐsɐ̃w̃	0
refirmante	ʀɨfirmɐ̃tɨ	ʀefirmɐ̃ntɨ	ʀ[ɨ]firmɐ̃[]tɨ	ʀ[e]firmɐ̃[n]tɨ	0
refirmar	ʀɨfirmar	ʀefirmar	ʀ[ɨ]firmar	ʀ[e]firmar	0
reflectidor	ʀɨflɛtidor	ʀeflɛtidor	ʀ[ɨ]flɛtidor	ʀ[e]flɛtidor	0
reflectido	ʀɨflɛktidu	ʀeflɛtidu	ʀ[ɨ]flɛ[k]tidu	ʀ[e]flɛ[]tidu	0
reflectir	ʀɨflɛtir	ʀeflɛtir	ʀ[ɨ]flɛtir	ʀ[e]flɛtir	0
reflectividade	ʀɨflɛktividadɨ	ʀeflɛtividadɨ	ʀ[ɨ]flɛ[k]tividadɨ	ʀ[e]flɛ[]tividadɨ	0
reflectivo	ʀɨflɛtivu	ʀeflɛtivu	ʀ[ɨ]flɛtivu	ʀ[e]flɛtivu	0
reflectografia	ʀɨflɛktuɡrɐfiɐ	ʀeflɛtuɡrɐfiɐ	ʀ[ɨ]flɛ[k]tuɡrɐfiɐ	ʀ[e]flɛ[]tuɡrɐfiɐ	0
reflectográfico	ʀɨflɛktuɡrafiku	ʀeflɛtuɡrafiku	ʀ[ɨ]flɛ[k]tuɡrafiku	ʀ[e]flɛ[]tuɡrafiku	0
reflectômetro	ʀɨflɛktomɨtru	ʀeflɛtomɨtru	ʀ[ɨ]flɛ[k]tomɨtru	ʀ[e]flɛ[]tomɨtru	0
reflectómetro	ʀɨflɛktɔmɨtru	ʀeflɛtɔmɨtru	ʀ[ɨ]flɛ[k]tɔmɨtru	ʀ[e]flɛ[]tɔmɨtru	0
reflector	ʀɨflɛtor	ʀeflɛtor	ʀ[ɨ]flɛtor	ʀ[e]flɛtor	0
refletidor	ʀɨflɛtidor	ʀeflɨtidor	ʀ[ɨ]fl[ɛ]tidor	ʀ[e]fl[ɨ]tidor	0
refletido	ʀɨflɛtidu	ʀeflɨtidu	ʀ[ɨ]fl[ɛ]tidu	ʀ[e]fl[ɨ]tidu	0
refletir	ʀɨflɛtir	ʀeflɨtir	ʀ[ɨ]fl[ɛ]tir	ʀ[e]fl[ɨ]tir	0
refletividade	ʀɨflɛtividadɨ	ʀeflɨtividadɨ	ʀ[ɨ]fl[ɛ]tividadɨ	ʀ[e]fl[ɨ]tividadɨ	0
refletivo	ʀɨflɛtivu	ʀeflɨtivu	ʀ[ɨ]fl[ɛ]tivu	ʀ[e]fl[ɨ]tivu	0
refletografia	ʀɨflɛtuɡrɐfiɐ	ʀeflɨtuɡrɐfiɐ	ʀ[ɨ]fl[ɛ]tuɡrɐfiɐ	ʀ[e]fl[ɨ]tuɡrɐfiɐ	0
refletográfico	ʀɨflɛtuɡrafiku	ʀeflɨtuɡrafiku	ʀ[ɨ]fl[ɛ]tuɡrafiku	ʀ[e]fl[ɨ]tuɡrafiku	0
refletômetro	ʀɨflɛtomɨtru	ʀeflɨtomɨtru	ʀ[ɨ]fl[ɛ]tomɨtru	ʀ[e]fl[ɨ]tomɨtru	0
refletómetro	ʀɨflɛtɔmɨtru	ʀeflɨtɔmɨtru	ʀ[ɨ]fl[ɛ]tɔmɨtru	ʀ[e]fl[ɨ]tɔmɨtru	0
refletor	ʀɨflɛtor	ʀeflɨtor	ʀ[ɨ]fl[ɛ]tor	ʀ[e]fl[ɨ]tor	0
reflexão	ʀɨflɛsɐ̃w̃	ʀeflɨksɐ̃w̃	ʀ[ɨ]flɛ[]sɐ̃w̃	ʀ[e]flɨ[k]sɐ̃w̃	0
reflexibilidade	ʀɨflɛksibilidadɨ	ʀeflɨksibilidadɨ	ʀ[ɨ]fl[ɛ]ksibilidadɨ	ʀ[e]fl[ɨ]ksibilidadɨ	0
reflexionar	ʀɨflɛksjunar	ʀeflɨksjunar	ʀ[ɨ]fl[ɛ]ksjunar	ʀ[e]fl[ɨ]ksjunar	0
reflexível	ʀɨflɛksivɛɫ	ʀeflɨksivɛɫ	ʀ[ɨ]fl[ɛ]ksivɛɫ	ʀ[e]fl[ɨ]ksivɛɫ	0
reflexividade	ʀɨflɛksividadɨ	ʀeflɨksividadɨ	ʀ[ɨ]fl[ɛ]ksividadɨ	ʀ[e]fl[ɨ]ksividadɨ	0
reflexivo	ʀɨflɛksivu	ʀeflɨksivu	ʀ[ɨ]fl[ɛ]ksivu	ʀ[e]fl[ɨ]ksivu	0
reflexologia	ʀɨflɛksuluʒiɐ	ʀeflɨksuluʒiɐ	ʀ[ɨ]fl[ɛ]ksuluʒiɐ	ʀ[e]fl[ɨ]ksuluʒiɐ	0
reflexológico	ʀɨflɛksulɔʒiku	ʀeflɨksulɔʒiku	ʀ[ɨ]fl[ɛ]ksulɔʒiku	ʀ[e]fl[ɨ]ksulɔʒiku	0
reflexologista	ʀɨflɛksuluʒiʃtɐ	ʀeflɨksuluʒiʃtɐ	ʀ[ɨ]fl[ɛ]ksuluʒiʃtɐ	ʀ[e]fl[ɨ]ksuluʒiʃtɐ	0
reflexólogo	ʀɨflɛksɔluɡu	ʀeflɨksɔluɡu	ʀ[ɨ]fl[ɛ]ksɔluɡu	ʀ[e]fl[ɨ]ksɔluɡu	0
reflexo	ʀɨflɛksu	ʀeflɛksu	ʀ[ɨ]flɛksu	ʀ[e]flɛksu	0
reflexoterapia	ʀɨflɛksɔtɨrɐpiɐ	ʀeflɨksutɨrɐpiɐ	ʀ[ɨ]fl[ɛ]ks[ɔ]tɨrɐpiɐ	ʀ[e]fl[ɨ]ks[u]tɨrɐpiɐ	0
reflexoterápico	ʀɨflɛksɔtɨrapiku	ʀeflɨksutɨrapiku	ʀ[ɨ]fl[ɛ]ks[ɔ]tɨrapiku	ʀ[e]fl[ɨ]ks[u]tɨrapiku	0
reflorescência	ʀɨflurɨʃsẽsjɐ	ʀeflurɨʃsẽnsjɐ	ʀ[ɨ]flurɨʃsẽsjɐ[]	ʀ[e]flurɨʃsẽnsj[ɐ]	0
reflorescente	ʀɨflurɨʃsẽtɨ	ʀeflurɨʃsẽntɨ	ʀ[ɨ]flurɨʃsẽtɨ[]	ʀ[e]flurɨʃsẽnt[ɨ]	0
reflorescer	ʀɨflurɨʃser	ʀeflurɨʃser	ʀ[ɨ]flurɨʃser	ʀ[e]flurɨʃser	0
reflorescido	ʀɨflurɨʃsidu	ʀeflurɨʃsidu	ʀ[ɨ]flurɨʃsidu	ʀ[e]flurɨʃsidu	0
reflorescimento	ʀɨflurɨʃsimẽtu	ʀeflureʃsimẽntu	ʀ[ɨ]flur[ɨ]ʃsimẽtu[]	ʀ[e]flur[e]ʃsimẽnt[u]	0
reflorestação	ʀɨflurɨʃtɐsɐ̃w̃	ʀeflureʃtɐsɐ̃w̃	ʀ[ɨ]flur[ɨ]ʃtɐsɐ̃w̃	ʀ[e]flur[e]ʃtɐsɐ̃w̃	0
reflorestamento	ʀɨflurɨʃtɐmẽtu	ʀeflureʃtɐmẽntu	ʀ[ɨ]flur[ɨ]ʃtɐmẽtu[]	ʀ[e]flur[e]ʃtɐmẽnt[u]	0
reflorestar	rɨflurɨʃtar	ʀeflurɨʃtar	r[ɨ]flurɨʃtar	ʀ[e]flurɨʃtar	0
reflorir	ʀɨflurir	ʀeflurir	ʀ[ɨ]flurir	ʀ[e]flurir	0
refluência	ʀɨflwẽsjɐ	ʀefluẽnsjɐ	ʀ[ɨ]flwẽsjɐ[]	ʀ[e]fluẽnsj[ɐ]	0
refluente	ʀɨflwẽtɨ	ʀefluẽntɨ	ʀ[ɨ]flwẽtɨ[]	ʀ[e]fluẽnt[ɨ]	0
refluir	ʀɨflwir	ʀefluir	ʀ[ɨ]fl[w]ir	ʀ[e]fl[u]ir	0
reflutuação	ʀɨflutwɐsɐ̃w̃	ʀeflutuɐsɐ̃w̃	ʀ[ɨ]flut[w]ɐsɐ̃w̃	ʀ[e]flut[u]ɐsɐ̃w̃	0
reflutuar	ʀɨflutwar	ʀeflutuar	ʀ[ɨ]flut[w]ar	ʀ[e]flut[u]ar	0
refluxo	ʀɨfluksu	ʀefluksu	ʀ[ɨ]fluksu	ʀ[e]fluksu	0
refocilamento	ʀɨfusilɐmẽtu	ʀefusilɐmẽntu	ʀ[ɨ]fusilɐmẽtu[]	ʀ[e]fusilɐmẽnt[u]	0
refocilante	ʀɨfusilɐ̃tɨ	ʀefusilɐ̃ntɨ	ʀ[ɨ]fusilɐ̃[]tɨ	ʀ[e]fusilɐ̃[n]tɨ	0
refocilar	ʀɨfusilar	ʀefusilar	ʀ[ɨ]fusilar	ʀ[e]fusilar	0
refogado	ʀɨfuɡadu	ʀefuɡadu	ʀ[ɨ]fuɡadu	ʀ[e]fuɡadu	0
refogar	ʀɨfuɡar	ʀefuɡar	ʀ[ɨ]fuɡar	ʀ[e]fuɡar	0
refolgar	ʀɨfoɫɡar	ʀefuɫɡar	ʀ[ɨ]f[o]ɫɡar	ʀ[e]f[u]ɫɡar	0
refolgo	ʀɨfoɫɡu	ʀefoɫɡu	ʀ[ɨ]foɫɡu	ʀ[e]foɫɡu	0
refolhado	ʀɨfuʎadu	ʀefuʎadu	ʀ[ɨ]fuʎadu	ʀ[e]fuʎadu	0
refolhamento	ʀɨfuʎɐmẽtu	ʀefuʎɐmẽntu	ʀ[ɨ]fuʎɐmẽtu[]	ʀ[e]fuʎɐmẽnt[u]	0
refolho	ʀɨfoʎu	ʀefoʎu	ʀ[ɨ]foʎu	ʀ[e]foʎu	0
reforçador	ʀɨfursɐdor	ʀefursɐdor	ʀ[ɨ]fursɐdor	ʀ[e]fursɐdor	0
reforçado	ʀɨfursadu	ʀefursadu	ʀ[ɨ]fursadu	ʀ[e]fursadu	0
reforçar	ʀɨfursar	ʀefursar	ʀ[ɨ]fursar	ʀ[e]fursar	0
reforçativo	ʀɨfursɐtivu	ʀefursɐtivu	ʀ[ɨ]fursɐtivu	ʀ[e]fursɐtivu	0
reforço	ʀɨforsu	ʀeforsu	ʀ[ɨ]forsu	ʀ[e]forsu	0
reforjar	ʀɨfurʒar	ʀefurʒar	ʀ[ɨ]furʒar	ʀ[e]furʒar	0
reformabilidade	ʀɨfurmɐbilidadɨ	ʀefurmɐbilidadɨ	ʀ[ɨ]furmɐbilidadɨ	ʀ[e]furmɐbilidadɨ	0
reformação	ʀɨfurmɐsɐ̃w̃	ʀefurmɐsɐ̃w̃	ʀ[ɨ]furmɐsɐ̃w̃	ʀ[e]furmɐsɐ̃w̃	0
reformador	ʀɨfurmɐdor	ʀefurmɐdor	ʀ[ɨ]furmɐdor	ʀ[e]furmɐdor	0
reformado	ʀɨfurmadu	ʀefurmadu	ʀ[ɨ]furmadu	ʀ[e]furmadu	0
reformar	ʀɨfurmar	ʀefurmar	ʀ[ɨ]furmar	ʀ[e]furmar	0
reforma	ʀɨfɔrmɐ	ʀefɔrmɐ	ʀ[ɨ]fɔrmɐ	ʀ[e]fɔrmɐ	0
reformativo	ʀɨfurmɐtivu	ʀefurmɐtivu	ʀ[ɨ]furmɐtivu	ʀ[e]furmɐtivu	0
reformatório	ʀɨfurmɐtɔrju	ʀefurmɐtɔrju	ʀ[ɨ]furmɐtɔrju	ʀ[e]furmɐtɔrju	0
reformável	ʀɨfurmavɛɫ	ʀefurmavɛɫ	ʀ[ɨ]furmavɛɫ	ʀ[e]furmavɛɫ	0
reformismo	ʀɨfurmiʒmu	ʀefurmiʒmu	ʀ[ɨ]furmiʒmu	ʀ[e]furmiʒmu	0
reformista	ʀɨfurmiʃtɐ	ʀefurmiʃtɐ	ʀ[ɨ]furmiʃtɐ	ʀ[e]furmiʃtɐ	0
reformístico	ʀɨfurmiʃtiku	ʀefurmiʃtiku	ʀ[ɨ]furmiʃtiku	ʀ[e]furmiʃtiku	0
reformulação	ʀɨfurmulɐsɐ̃w̃	ʀefurmulɐsɐ̃w̃	ʀ[ɨ]furmulɐsɐ̃w̃	ʀ[e]furmulɐsɐ̃w̃	0
reformular	ʀɨfurmular	ʀefurmular	ʀ[ɨ]furmular	ʀ[e]furmular	0
refornecer	ʀɨfurnɨser	ʀefurnɨser	ʀ[ɨ]furnɨser	ʀ[e]furnɨser	0
refornecimento	ʀɨfurnɨsimẽtu	ʀefurnesimẽntu	ʀ[ɨ]furn[ɨ]simẽtu[]	ʀ[e]furn[e]simẽnt[u]	0
refortalecer	ʀɨfurtɐlɨser	ʀefurtɐlɨser	ʀ[ɨ]furtɐlɨser	ʀ[e]furtɐlɨser	0
refortificar	ʀɨfurtifikar	ʀefurtifikar	ʀ[ɨ]furtifikar	ʀ[e]furtifikar	0
refração	ʀɨfrasɐ̃w̃	ʀefrɐsɐ̃w̃	ʀ[ɨ]fr[a]sɐ̃w̃	ʀ[e]fr[ɐ]sɐ̃w̃	0
refracção	ʀɨfraksɐ̃w̃	ʀefrasɐ̃w̃	ʀ[ɨ]fra[k]sɐ̃w̃	ʀ[e]fra[]sɐ̃w̃	0
refractário	ʀɨfraktarju	ʀefrɐtarju	ʀ[ɨ]fra[k]tarju	ʀ[e]frɐ[]tarju	0
refractarismo	ʀɨfraktɐriʒmu	ʀefrɐtɐriʒmu	ʀ[ɨ]fra[k]tɐriʒmu	ʀ[e]frɐ[]tɐriʒmu	0
refractar	ʀɨfraktar	ʀefrɐtar	ʀ[ɨ]fra[k]tar	ʀ[e]frɐ[]tar	0
refractividade	ʀɨfraktividadɨ	ʀefrɐtividadɨ	ʀ[ɨ]fra[k]tividadɨ	ʀ[e]frɐ[]tividadɨ	0
refractivo	ʀɨfraktivu	ʀefrɐtivu	ʀ[ɨ]fra[k]tivu	ʀ[e]frɐ[]tivu	0
refractometria	ʀɨfratɔmɨtriɐ	ʀefrɐtumɨtriɐ	ʀ[ɨ]fr[a]t[ɔ]mɨtriɐ	ʀ[e]fr[ɐ]t[u]mɨtriɐ	0
refractométrico	ʀɨfratɔmɛtriku	ʀefrɐtumɛtriku	ʀ[ɨ]fr[a]t[ɔ]mɛtriku	ʀ[e]fr[ɐ]t[u]mɛtriku	0
refractômetro	ʀɨfraktomɨtru	ʀefrɐtomɨtru	ʀ[ɨ]fra[k]tomɨtru	ʀ[e]frɐ[]tomɨtru	0
refractómetro	ʀɨfratɔmɨtru	ʀefrɐtɔmɨtru	ʀ[ɨ]fr[a]tɔmɨtru	ʀ[e]fr[ɐ]tɔmɨtru	0
refractor	ʀɨfraktor	ʀefrɐtor	ʀ[ɨ]fra[k]tor	ʀ[e]frɐ[]tor	0
refracto	ʀɨfraktu	ʀefratu	ʀ[ɨ]fra[k]tu	ʀ[e]fra[]tu	0
refrangência	ʀɨfrɐ̃ʒẽsjɐ	ʀefrɐ̃nʒẽnsjɐ	ʀ[ɨ]frɐ̃[]ʒẽsjɐ[]	ʀ[e]frɐ̃[n]ʒẽnsj[ɐ]	0
refrangente	ʀɨfrɐ̃ʒẽtɨ	ʀefrɐ̃nʒẽntɨ	ʀ[ɨ]frɐ̃[]ʒẽtɨ[]	ʀ[e]frɐ̃[n]ʒẽnt[ɨ]	0
refranger	ʀɨfrɐ̃ʒer	ʀefrɐ̃nʒer	ʀ[ɨ]frɐ̃[]ʒer	ʀ[e]frɐ̃[n]ʒer	0
refrangibilidade	ʀɨfrɐ̃ʒibilidadɨ	ʀefrɐ̃nʒibilidadɨ	ʀ[ɨ]frɐ̃[]ʒibilidadɨ	ʀ[e]frɐ̃[n]ʒibilidadɨ	0
refrangível	ʀɨfrɐ̃ʒivɛɫ	ʀefrɐ̃nʒivɛɫ	ʀ[ɨ]frɐ̃[]ʒivɛɫ	ʀ[e]frɐ̃[n]ʒivɛɫ	0
refratário	ʀɨfratarju	ʀefrɐtarju	ʀ[ɨ]fr[a]tarju	ʀ[e]fr[ɐ]tarju	0
refratarismo	ʀɨfratɐriʒmu	ʀefrɐtɐriʒmu	ʀ[ɨ]fr[a]tɐriʒmu	ʀ[e]fr[ɐ]tɐriʒmu	0
refratar	ʀɨfratar	ʀefrɐtar	ʀ[ɨ]fr[a]tar	ʀ[e]fr[ɐ]tar	0
refratividade	ʀɨfratividadɨ	ʀefrɐtividadɨ	ʀ[ɨ]fr[a]tividadɨ	ʀ[e]fr[ɐ]tividadɨ	0
refrativo	ʀɨfrativu	ʀefrɐtivu	ʀ[ɨ]fr[a]tivu	ʀ[e]fr[ɐ]tivu	0
refratometria	ʀɨfratɔmɨtriɐ	ʀefrɐtumɨtriɐ	ʀ[ɨ]fr[a]t[ɔ]mɨtriɐ	ʀ[e]fr[ɐ]t[u]mɨtriɐ	0
refratométrico	ʀɨfratɔmɛtriku	ʀefrɐtumɛtriku	ʀ[ɨ]fr[a]t[ɔ]mɛtriku	ʀ[e]fr[ɐ]t[u]mɛtriku	0
refratômetro	ʀɨfratomɨtru	ʀefrɐtomɨtru	ʀ[ɨ]fr[a]tomɨtru	ʀ[e]fr[ɐ]tomɨtru	0
refratómetro	ʀɨfratɔmɨtru	ʀefrɐtɔmɨtru	ʀ[ɨ]fr[a]tɔmɨtru	ʀ[e]fr[ɐ]tɔmɨtru	0
refrator	ʀɨfrator	ʀefrɐtor	ʀ[ɨ]fr[a]tor	ʀ[e]fr[ɐ]tor	0
refrato	ʀɨfratu	ʀefratu	ʀ[ɨ]fratu	ʀ[e]fratu	0
refreador	ʀɨfrjɐdor	ʀefriɐdor	ʀ[ɨ]fr[j]ɐdor	ʀ[e]fr[i]ɐdor	0
refreado	ʀɨfrjadu	ʀefriadu	ʀ[ɨ]fr[j]adu	ʀ[e]fr[i]adu	0
refreamento	ʀɨfrjɐmẽtu	ʀefriɐmẽntu	ʀ[ɨ]fr[j]ɐmẽtu[]	ʀ[e]fr[i]ɐmẽnt[u]	0
refrear	ʀɨfrjar	ʀefriar	ʀ[ɨ]fr[j]ar	ʀ[e]fr[i]ar	0
refreável	ʀɨfrjavɛɫ	ʀefrɨavɛɫ	ʀ[ɨ]fr[j]avɛɫ	ʀ[e]fr[ɨ]avɛɫ	0
refregar	ʀɨfrɨɡar	ʀefrɨɡar	ʀ[ɨ]frɨɡar	ʀ[e]frɨɡar	0
refrega	ʀɨfrɛɡɐ	ʀefrɛɡɐ	ʀ[ɨ]frɛɡɐ	ʀ[e]frɛɡɐ	0
refreio	ʀɨfrɐju	ʀefreju	ʀ[ɨ]fr[ɐ]ju	ʀ[e]fr[e]ju	0
refrescadela	ʀɨfrɨʃkɐdɛlɐ	ʀefrɨʃkɐdɛlɐ	ʀ[ɨ]frɨʃkɐdɛlɐ	ʀ[e]frɨʃkɐdɛlɐ	0
refrescado	ʀɨfrɨʃkadu	ʀefrɨʃkadu	ʀ[ɨ]frɨʃkadu	ʀ[e]frɨʃkadu	0
refrescamento	ʀɨfrɨʃkɐmẽtu	ʀefrɨʃkɐmẽntu	ʀ[ɨ]frɨʃkɐmẽtu[]	ʀ[e]frɨʃkɐmẽnt[u]	0
refrescante	ʀɨfrɨʃkɐ̃tɨ	ʀefrɨʃkɐ̃ntɨ	ʀ[ɨ]frɨʃkɐ̃[]tɨ	ʀ[e]frɨʃkɐ̃[n]tɨ	0
refrescar	ʀɨfrɨʃkar	ʀefrɨʃkar	ʀ[ɨ]frɨʃkar	ʀ[e]frɨʃkar	0
refrescativo	ʀɨfrɨʃkɐtivu	ʀefrɨʃkɐtivu	ʀ[ɨ]frɨʃkɐtivu	ʀ[e]frɨʃkɐtivu	0
refresco	ʀɨfreʃku	ʀefreʃku	ʀ[ɨ]freʃku	ʀ[e]freʃku	0
refrigeração	ʀɨfriʒɨrɐsɐ̃w̃	ʀefriʒerɐsɐ̃w̃	ʀ[ɨ]friʒ[ɨ]rɐsɐ̃w̃	ʀ[e]friʒ[e]rɐsɐ̃w̃	0
refrigerador	ʀɨfriʒɨrɐdor	ʀefriʒerɐdor	ʀ[ɨ]friʒ[ɨ]rɐdor	ʀ[e]friʒ[e]rɐdor	0
refrigerante	ʀɨfriʒɨrɐ̃tɨ	ʀefriʒɨrɐ̃ntɨ	ʀ[ɨ]friʒɨrɐ̃[]tɨ	ʀ[e]friʒɨrɐ̃[n]tɨ	0
refrigerar	ʀɨfriʒɨrar	ʀefriʒɨrar	ʀ[ɨ]friʒɨrar	ʀ[e]friʒɨrar	0
refrigerativo	ʀɨfriʒɨrɐtivu	ʀefriʒerɐtivu	ʀ[ɨ]friʒ[ɨ]rɐtivu	ʀ[e]friʒ[e]rɐtivu	0
refrigeratório	ʀɨfriʒɨrɐtɔrju	ʀefriʒerɐtɔrju	ʀ[ɨ]friʒ[ɨ]rɐtɔrju	ʀ[e]friʒ[e]rɐtɔrju	0
refrigério	ʀɨfriʒɛrju	ʀefriʒɛrju	ʀ[ɨ]friʒɛrju	ʀ[e]friʒɛrju	0
refringência	ʀɨfrĩʒẽsjɐ	ʀefrĩnʒẽnsjɐ	ʀ[ɨ]frĩʒẽsjɐ[]	ʀ[e]frĩnʒẽnsj[ɐ]	0
refringente	ʀɨfrĩʒẽtɨ	ʀefrĩnʒẽntɨ	ʀ[ɨ]frĩʒẽtɨ[]	ʀ[e]frĩnʒẽnt[ɨ]	0
refrondescer	ʀɨfrõdɨʃser	ʀefrõndɨʃser	ʀ[ɨ]frõdɨʃser[]	ʀ[e]frõndɨʃse[r]	0
refrulhar	ʀɨfruʎar	ʀefruʎar	ʀ[ɨ]fruʎar	ʀ[e]fruʎar	0
refrulho	ʀɨfruʎu	ʀefruʎu	ʀ[ɨ]fruʎu	ʀ[e]fruʎu	0
refugador	ʀɨfuɡɐdor	ʀefuɡɐdor	ʀ[ɨ]fuɡɐdor	ʀ[e]fuɡɐdor	0
refugado	ʀɨfuɡadu	ʀefuɡadu	ʀ[ɨ]fuɡadu	ʀ[e]fuɡadu	0
refugar	ʀɨfuɡar	ʀefuɡar	ʀ[ɨ]fuɡar	ʀ[e]fuɡar	0
refugiado	ʀɨfuʒjadu	ʀefuʒiadu	ʀ[ɨ]fuʒ[j]adu	ʀ[e]fuʒ[i]adu	0
refugiar	ʀɨfuʒjar	ʀefuʒiar	ʀ[ɨ]fuʒ[j]ar	ʀ[e]fuʒ[i]ar	0
refúgio	ʀɨfuʒju	ʀefuʒju	ʀ[ɨ]fuʒju	ʀ[e]fuʒju	0
refugir	ʀɨfuʒir	ʀefuʒir	ʀ[ɨ]fuʒir	ʀ[e]fuʒir	0
refugo	ʀɨfuɡu	ʀefuɡu	ʀ[ɨ]fuɡu	ʀ[e]fuɡu	0
refulgência	ʀɨfuɫʒẽsjɐ	ʀefuɫʒẽnsjɐ	ʀ[ɨ]fuɫʒẽsjɐ[]	ʀ[e]fuɫʒẽnsj[ɐ]	0
refulgente	ʀɨfuɫʒẽtɨ	ʀefuɫʒẽntɨ	ʀ[ɨ]fuɫʒẽtɨ[]	ʀ[e]fuɫʒẽnt[ɨ]	0
refúlgido	ʀɨfuɫʒidu	ʀefuɫʒidu	ʀ[ɨ]fuɫʒidu	ʀ[e]fuɫʒidu	0
refulgir	ʀɨfuɫʒir	ʀefuɫʒir	ʀ[ɨ]fuɫʒir	ʀ[e]fuɫʒir	0
refundação	ʀɨfũdɐsɐ̃w̃	ʀefũndɐsɐ̃w̃	ʀ[ɨ]fũdɐ[s]ɐ̃[w]̃[]	ʀ[e]fũn[d]ɐs[ɐ]̃w[̃]	0
refundar	ʀɨfũdar	ʀefũndar	ʀ[ɨ]fũdar[]	ʀ[e]fũnda[r]	0
refundição	ʀɨfũdisɐ̃w̃	ʀefũndisɐ̃w̃	ʀ[ɨ]fũdisɐ̃[w]̃[]	ʀ[e]fũndis[ɐ]̃w[̃]	0
refundidor	ʀɨfũdidor	ʀefũndidor	ʀ[ɨ]fũd[i]dor[]	ʀ[e]fũ[n]dido[r]	0
refundir	ʀɨfũdir	ʀefũndir	ʀ[ɨ]fũdir[]	ʀ[e]fũndi[r]	0
refusar	ʀɨfuzar	ʀefuzar	ʀ[ɨ]fuzar	ʀ[e]fuzar	0
refustar	ʀɨfuʃtar	ʀefuʃtar	ʀ[ɨ]fuʃtar	ʀ[e]fuʃtar	0
refustedo	ʀɨfuʃtedu	ʀefuʃtedu	ʀ[ɨ]fuʃtedu	ʀ[e]fuʃtedu	0
refuste	ʀɨfuʃtɨ	ʀefuʃtɨ	ʀ[ɨ]fuʃtɨ	ʀ[e]fuʃtɨ	0
refusto	ʀɨfuʃtu	ʀefuʃtu	ʀ[ɨ]fuʃtu	ʀ[e]fuʃtu	0
refutação	ʀɨfutɐsɐ̃w̃	ʀefutɐsɐ̃w̃	ʀ[ɨ]futɐsɐ̃w̃	ʀ[e]futɐsɐ̃w̃	0
refutador	ʀɨfutɐdor	ʀefutɐdor	ʀ[ɨ]futɐdor	ʀ[e]futɐdor	0
refutar	ʀɨfutar	ʀefutar	ʀ[ɨ]futar	ʀ[e]futar	0
refutativo	ʀɨfutɐtivu	ʀefutɐtivu	ʀ[ɨ]futɐtivu	ʀ[e]futɐtivu	0
refutatório	ʀɨfutɐtɔrju	ʀefutɐtɔrju	ʀ[ɨ]futɐtɔrju	ʀ[e]futɐtɔrju	0
refutável	ʀɨfutavɛɫ	ʀefutavɛɫ	ʀ[ɨ]futavɛɫ	ʀ[e]futavɛɫ	0
regaçada	ʀɨɡɐsadɐ	ʀeɡɐsadɐ	ʀ[ɨ]ɡɐsadɐ	ʀ[e]ɡɐsadɐ	0
regaçar	ʀɨɡɐsar	ʀeɡɐsar	ʀ[ɨ]ɡɐsar	ʀ[e]ɡɐsar	0
regaço	ʀɨɡasu	ʀeɡasu	ʀ[ɨ]ɡasu	ʀ[e]ɡasu	0
regada	ʀɨɡadɐ	ʀeɡadɐ	ʀ[ɨ]ɡadɐ	ʀ[e]ɡadɐ	0
regadia	ʀɨɡɐdiɐ	ʀeɡɐdiɐ	ʀ[ɨ]ɡɐdiɐ	ʀ[e]ɡɐdiɐ	0
regadio	ʀɨɡɐdiu	ʀeɡɐdiw	ʀ[ɨ]ɡɐdi[u]	ʀ[e]ɡɐdi[w]	0
regador	ʀɨɡɐdor	ʀeɡɐdor	ʀ[ɨ]ɡɐdor	ʀ[e]ɡɐdor	0
regadura	ʀɨɡɐdurɐ	ʀeɡɐdurɐ	ʀ[ɨ]ɡɐdurɐ	ʀ[e]ɡɐdurɐ	0
regaladamente	ʀɨɡɐladɐmẽtɨ	ʀeɡɐlɐdɐmẽntɨ	ʀ[ɨ]ɡɐl[a]dɐmẽtɨ[]	ʀ[e]ɡɐl[ɐ]dɐmẽnt[ɨ]	0
regalada	ʀɨɡɐladɐ	ʀeɡɐladɐ	ʀ[ɨ]ɡɐladɐ	ʀ[e]ɡɐladɐ	0
regalador	ʀɨɡɐlɐdor	ʀeɡɐlɐdor	ʀ[ɨ]ɡɐlɐdor	ʀ[e]ɡɐlɐdor	0
regalado	ʀɨɡɐladu	ʀeɡɐladu	ʀ[ɨ]ɡɐladu	ʀ[e]ɡɐladu	0
regalão	ʀɨɡɐlɐ̃w̃	ʀeɡɐlɐ̃w̃	ʀ[ɨ]ɡɐlɐ̃w̃	ʀ[e]ɡɐlɐ̃w̃	0
regalardoar	ʀɨɡɐlɐrdwar	ʀeɡɐlɐrduar	ʀ[ɨ]ɡɐlɐrd[w]ar	ʀ[e]ɡɐlɐrd[u]ar	0
regalar	ʀɨɡɐlar	ʀeɡɐlar	ʀ[ɨ]ɡɐlar	ʀ[e]ɡɐlar	0
regaleira	ʀɨɡɐlɐjrɐ	ʀeɡɐlɐjrɐ	ʀ[ɨ]ɡɐlɐjrɐ	ʀ[e]ɡɐlɐjrɐ	0
regalengo	ʀɨɡɐlẽɡu	ʀeɡɐlẽnɡu	ʀ[ɨ]ɡɐlẽɡu[]	ʀ[e]ɡɐlẽnɡ[u]	0
regalia	ʀɨɡɐliɐ	ʀeɡɐliɐ	ʀ[ɨ]ɡɐliɐ	ʀ[e]ɡɐliɐ	0
regalismo	ʀɨɡɐliʒmu	ʀeɡɐliʒmu	ʀ[ɨ]ɡɐliʒmu	ʀ[e]ɡɐliʒmu	0
regalista	ʀɨɡɐliʃtɐ	ʀeɡɐliʃtɐ	ʀ[ɨ]ɡɐliʃtɐ	ʀ[e]ɡɐliʃtɐ	0
regaliza	ʀɨɡɐlizɐ	ʀeɡɐlizɐ	ʀ[ɨ]ɡɐlizɐ	ʀ[e]ɡɐlizɐ	0
regaliz	ʀɨɡɐliʃ	ʀeɡɐliʃ	ʀ[ɨ]ɡɐliʃ	ʀ[e]ɡɐliʃ	0
regalona	ʀɨɡɐlonɐ	ʀeɡɐlonɐ	ʀ[ɨ]ɡɐlonɐ	ʀ[e]ɡɐlonɐ	0
regalório	ʀɨɡɐlɔrju	ʀeɡɐlɔrju	ʀ[ɨ]ɡɐlɔrju	ʀ[e]ɡɐlɔrju	0
regalo	ʀɨɡalu	ʀeɡalu	ʀ[ɨ]ɡalu	ʀ[e]ɡalu	0
regambolear	ʀɨɡɐ̃buljar	ʀeɡɐ̃mbuliar	ʀ[ɨ]ɡɐ̃[]bul[j]ar	ʀ[e]ɡɐ̃[m]bul[i]ar	0
regamboleio	ʀɨɡɐ̃bulɐju	ʀeɡɐ̃mbuleju	ʀ[ɨ]ɡɐ̃[]bul[ɐ]ju	ʀ[e]ɡɐ̃[m]bul[e]ju	0
regatagem	ʀɨɡɐtaʒɐ̃j̃	ʀeɡɐtaʒɐjn	ʀ[ɨ]ɡɐtaʒɐ[̃]j[̃]	ʀ[e]ɡɐtaʒɐ[]j[n]	0
regatão	ʀɨɡɐtɐ̃w̃	ʀeɡɐtɐ̃w̃	ʀ[ɨ]ɡɐtɐ̃w̃	ʀ[e]ɡɐtɐ̃w̃	0
regatar	ʀɨɡɐtar	ʀeɡɐtar	ʀ[ɨ]ɡɐtar	ʀ[e]ɡɐtar	0
regata	ʀɨɡatɐ	ʀeɡatɐ	ʀ[ɨ]ɡatɐ	ʀ[e]ɡatɐ	0
regateador	ʀɨɡɐtjɐdor	ʀeɡɐtiɐdor	ʀ[ɨ]ɡɐt[j]ɐdor	ʀ[e]ɡɐt[i]ɐdor	0
regatear	ʀɨɡɐtjar	ʀeɡɐtiar	ʀ[ɨ]ɡɐt[j]ar	ʀ[e]ɡɐt[i]ar	0
regateio	ʀɨɡɐtɐju	ʀeɡɐteju	ʀ[ɨ]ɡɐt[ɐ]ju	ʀ[e]ɡɐt[e]ju	0
regateiral	ʀɨɡɐtɐjraɫ	ʀeɡɐtɐjraɫ	ʀ[ɨ]ɡɐtɐjraɫ	ʀ[e]ɡɐtɐjraɫ	0
regateira	ʀɨɡɐtɐjrɐ	ʀeɡɐtɐjrɐ	ʀ[ɨ]ɡɐtɐjrɐ	ʀ[e]ɡɐtɐjrɐ	0
regateirice	ʀɨɡɐtɐjrisɨ	ʀeɡɐtɐjrisɨ	ʀ[ɨ]ɡɐtɐjrisɨ	ʀ[e]ɡɐtɐjrisɨ	0
regateirona	ʀɨɡɐtɐjronɐ	ʀeɡɐtɐjronɐ	ʀ[ɨ]ɡɐtɐjronɐ	ʀ[e]ɡɐtɐjronɐ	0
regateiro	ʀɨɡɐtɐjru	ʀeɡɐtɐjru	ʀ[ɨ]ɡɐtɐjru	ʀ[e]ɡɐtɐjru	0
regatia	ʀɨɡɐtiɐ	ʀeɡɐtiɐ	ʀ[ɨ]ɡɐtiɐ	ʀ[e]ɡɐtiɐ	0
regatinhar	ʀɨɡɐtiɲar	ʀeɡɐtiɲar	ʀ[ɨ]ɡɐtiɲar	ʀ[e]ɡɐtiɲar	0
regatista	ʀɨɡɐtiʃtɐ	ʀeɡɐtiʃtɐ	ʀ[ɨ]ɡɐtiʃtɐ	ʀ[e]ɡɐtiʃtɐ	0
regatoa	ʀɨɡɐtoɐ	ʀeɡɐtoɐ	ʀ[ɨ]ɡɐtoɐ	ʀ[e]ɡɐtoɐ	0
regato	ʀɨɡatu	ʀeɡatu	ʀ[ɨ]ɡatu	ʀ[e]ɡatu	0
regedoral	ʀɨʒɨduraɫ	ʀeʒɨduraɫ	ʀ[ɨ]ʒɨduraɫ	ʀ[e]ʒɨduraɫ	0
regedoria	ʀɨʒɨduriɐ	ʀeʒɨduriɐ	ʀ[ɨ]ʒɨduriɐ	ʀ[e]ʒɨduriɐ	0
regedor	ʀɨʒɨdor	ʀeʒɨdor	ʀ[ɨ]ʒɨdor	ʀ[e]ʒɨdor	0
regeira	ʀɨʒɐjrɐ	ʀeʒɐjrɐ	ʀ[ɨ]ʒɐjrɐ	ʀ[e]ʒɐjrɐ	0
regelador	ʀɨʒɨlɐdor	ʀeʒɨlɐdor	ʀ[ɨ]ʒɨlɐdor	ʀ[e]ʒɨlɐdor	0
regelado	ʀɨʒɨladu	ʀeʒɨladu	ʀ[ɨ]ʒɨladu	ʀ[e]ʒɨladu	0
regelante	ʀɨʒɨlɐ̃tɨ	ʀeʒɨlɐ̃ntɨ	ʀ[ɨ]ʒɨlɐ̃[]tɨ	ʀ[e]ʒɨlɐ̃[n]tɨ	0
regelar	ʀɨʒɨlar	ʀeʒɨlar	ʀ[ɨ]ʒɨlar	ʀ[e]ʒɨlar	0
regélido	ʀɨʒɛlidu	ʀeʒɛlidu	ʀ[ɨ]ʒɛlidu	ʀ[e]ʒɛlidu	0
regelo	ʀɨʒelu	ʀeʒɛlu	ʀ[ɨ]ʒ[e]lu	ʀ[e]ʒ[ɛ]lu	0
regencial	ʀɨʒẽsjaɫ	ʀeʒẽnsiaɫ	ʀ[ɨ]ʒẽsjaɫ[]	ʀ[e]ʒẽnsia[ɫ]	0
regência	ʀɨʒẽsjɐ	ʀeʒẽnsjɐ	ʀ[ɨ]ʒẽsjɐ[]	ʀ[e]ʒẽnsj[ɐ]	0
regenerabilidade	ʀɨʒɨnɨrɐbilidadɨ	ʀeʒɨnerɐbilidadɨ	ʀ[ɨ]ʒɨn[ɨ]rɐbilidadɨ	ʀ[e]ʒɨn[e]rɐbilidadɨ	0
regeneração	ʀɨʒɨnɨrɐsɐ̃w̃	ʀeʒɨnerɐsɐ̃w̃	ʀ[ɨ]ʒɨn[ɨ]rɐsɐ̃w̃	ʀ[e]ʒɨn[e]rɐsɐ̃w̃	0
regenerador	ʀɨʒɨnɨrɐdor	ʀeʒɨnerɐdor	ʀ[ɨ]ʒɨn[ɨ]rɐdor	ʀ[e]ʒɨn[e]rɐdor	0
regenerado	ʀɨʒɨnɨradu	ʀeʒɨnɨradu	ʀ[ɨ]ʒɨnɨradu	ʀ[e]ʒɨnɨradu	0
regenerando	ʀɨʒɨnɨrɐ̃du	ʀeʒɨnɨrɐ̃ndu	ʀ[ɨ]ʒɨnɨrɐ̃[]du	ʀ[e]ʒɨnɨrɐ̃[n]du	0
regenerante	ʀɨʒɨnɨrɐ̃tɨ	ʀeʒɨnɨrɐ̃ntɨ	ʀ[ɨ]ʒɨnɨrɐ̃[]tɨ	ʀ[e]ʒɨnɨrɐ̃[n]tɨ	0
regenerar	ʀɨʒɨnɨrar	ʀeʒɨnɨrar	ʀ[ɨ]ʒɨnɨrar	ʀ[e]ʒɨnɨrar	0
regenerativo	ʀɨʒɨnɨrɐtivu	ʀeʒɨnerɐtivu	ʀ[ɨ]ʒɨn[ɨ]rɐtivu	ʀ[e]ʒɨn[e]rɐtivu	0
regenerável	ʀɨʒɨnɨravɛɫ	ʀeʒɨnɨravɛɫ	ʀ[ɨ]ʒɨnɨravɛɫ	ʀ[e]ʒɨnɨravɛɫ	0
regenerescência	ʀɨʒɨnɨrɨʃsẽsjɐ	ʀeʒɨnerɨʃsẽnsjɐ	ʀ[ɨ]ʒɨn[ɨ]rɨʃsẽsjɐ[]	ʀ[e]ʒɨn[e]rɨʃsẽnsj[ɐ]	0
regente	ʀɨʒẽtɨ	ʀeʒẽntɨ	ʀ[ɨ]ʒẽtɨ[]	ʀ[e]ʒẽnt[ɨ]	0
regerar	ʀɨʒɨrar	ʀeʒɨrar	ʀ[ɨ]ʒɨrar	ʀ[e]ʒɨrar	0
região	ʀɨʒjɐ̃w̃	ʀeʒiɐ̃w̃	ʀ[ɨ]ʒ[j]ɐ̃w̃	ʀ[e]ʒ[i]ɐ̃w̃	0
regímen	ʀɨʒimɛn	ʀeʒimɐjn	ʀ[ɨ]ʒimɛ[]n	ʀ[e]ʒimɐ[j]n	0
regimental	ʀɨʒimẽtaɫ	ʀeʒimẽntaɫ	ʀ[ɨ]ʒimẽtaɫ[]	ʀ[e]ʒimẽnta[ɫ]	0
regimentar	ʀɨʒimẽtar	ʀeʒimẽntar	ʀ[ɨ]ʒimẽtar[]	ʀ[e]ʒimẽnta[r]	0
regimento	ʀɨʒimẽtu	ʀeʒimẽntu	ʀ[ɨ]ʒimẽtu[]	ʀ[e]ʒimẽnt[u]	0
regime	ʀɨʒimɨ	ʀeʒimɨ	ʀ[ɨ]ʒimɨ	ʀ[e]ʒimɨ	0
reginar	ʀɨʒinar	ʀeʒinar	ʀ[ɨ]ʒinar	ʀ[e]ʒinar	0
regina	ʀɨʒinɐ	ʀeʒinɐ	ʀ[ɨ]ʒinɐ	ʀ[e]ʒinɐ	0
reginense	ʀɨʒinẽsɨ	ʀeʒinẽnsɨ	ʀ[ɨ]ʒinẽsɨ[]	ʀ[e]ʒinẽns[ɨ]	0
regíneo	ʀɨʒinju	ʀeʒiniw	ʀ[ɨ]ʒinj[u]	ʀ[e]ʒini[w]	0
regionalismo	ʀɨʒjunɐliʒmu	ʀeʒjunɐliʒmu	ʀ[ɨ]ʒjunɐliʒmu	ʀ[e]ʒjunɐliʒmu	0
regionalista	ʀɨʒjunɐliʃtɐ	ʀeʒjunɐliʃtɐ	ʀ[ɨ]ʒjunɐliʃtɐ	ʀ[e]ʒjunɐliʃtɐ	0
regionalístico	ʀɨʒjunɐliʃtiku	ʀeʒjunɐliʃtiku	ʀ[ɨ]ʒjunɐliʃtiku	ʀ[e]ʒjunɐliʃtiku	0
regionalização	ʀɨʒjunɐlizɐsɐ̃w̃	ʀeʒjunɐlizɐsɐ̃w̃	ʀ[ɨ]ʒjunɐlizɐsɐ̃w̃	ʀ[e]ʒjunɐlizɐsɐ̃w̃	0
regionalizar	ʀɨʒjunɐlizar	ʀeʒjunɐlizar	ʀ[ɨ]ʒjunɐlizar	ʀ[e]ʒjunɐlizar	0
regional	ʀɨʒjunaɫ	ʀeʒjunaɫ	ʀ[ɨ]ʒjunaɫ	ʀ[e]ʒjunaɫ	0
regirar	ʀɨʒirar	ʀeʒirar	ʀ[ɨ]ʒirar	ʀ[e]ʒirar	0
regiro	ʀɨʒiru	ʀeʒiru	ʀ[ɨ]ʒiru	ʀ[e]ʒiru	0
registação	ʀɨʒiʃtɐsɐ̃w̃	ʀeʒiʃtɐsɐ̃w̃	ʀ[ɨ]ʒiʃtɐsɐ̃w̃	ʀ[e]ʒiʃtɐsɐ̃w̃	0
registador	ʀɨʒiʃtɐdor	ʀeʒiʃtɐdor	ʀ[ɨ]ʒiʃtɐdor	ʀ[e]ʒiʃtɐdor	0
registar	ʀɨʒiʃtar	ʀeʒiʃtar	ʀ[ɨ]ʒiʃtar	ʀ[e]ʒiʃtar	0
registo	ʀɨʒiʃtu	ʀeʒiʃtu	ʀ[ɨ]ʒiʃtu	ʀ[e]ʒiʃtu	0
registração	ʀɨʒiʃtrasɐ̃w̃	ʀeʒiʃtrɐsɐ̃w̃	ʀ[ɨ]ʒiʃtr[a]sɐ̃w̃	ʀ[e]ʒiʃtr[ɐ]sɐ̃w̃	0
registrador	ʀɨʒiʃtrɐdor	ʀeʒiʃtrɐdor	ʀ[ɨ]ʒiʃtrɐdor	ʀ[e]ʒiʃtrɐdor	0
registrar	ʀɨʒiʃtrar	ʀeʒiʃtrar	ʀ[ɨ]ʒiʃtrar	ʀ[e]ʒiʃtrar	0
registrável	ʀɨʒiʃtravɛɫ	ʀeʒiʃtravɛɫ	ʀ[ɨ]ʒiʃtravɛɫ	ʀ[e]ʒiʃtravɛɫ	0
registro	ʀɨʒiʃtru	ʀeʒiʃtru	ʀ[ɨ]ʒiʃtru	ʀ[e]ʒiʃtru	0
regoar	ʀɨɡwar	ʀeɡuar	ʀ[ɨ]ɡ[w]ar	ʀ[e]ɡ[u]ar	0
regola	ʀɨɡɔlɐ	ʀeɡɔlɐ	ʀ[ɨ]ɡɔlɐ	ʀ[e]ɡɔlɐ	0
regolfo	ʀɨɡoɫfu	ʀeɡoɫfu	ʀ[ɨ]ɡoɫfu	ʀ[e]ɡoɫfu	0
rególito	ʀɨɡɔlitu	ʀeɡɔlitu	ʀ[ɨ]ɡɔlitu	ʀ[e]ɡɔlitu	0
regoliz	ʀɨɡuliʃ	ʀeɡuliʃ	ʀ[ɨ]ɡuliʃ	ʀ[e]ɡuliʃ	0
regorjear	ʀɨɡurʒjar	ʀeɡurʒiar	ʀ[ɨ]ɡurʒ[j]ar	ʀ[e]ɡurʒ[i]ar	0
regorjeio	ʀɨɡurʒɐju	ʀeɡurʒeju	ʀ[ɨ]ɡurʒ[ɐ]ju	ʀ[e]ɡurʒ[e]ju	0
regougar	ʀɨɡowɡar	ʀeɡowɡar	ʀ[ɨ]ɡowɡar	ʀ[e]ɡowɡar	0
regougo	ʀɨɡowɡu	ʀeɡowɡu	ʀ[ɨ]ɡowɡu	ʀ[e]ɡowɡu	0
regozijador	ʀɨɡuziʒɐdor	ʀeɡuziʒɐdor	ʀ[ɨ]ɡuziʒɐdor	ʀ[e]ɡuziʒɐdor	0
regozijar	ʀɨɡuziʒar	ʀeɡuziʒar	ʀ[ɨ]ɡuziʒar	ʀ[e]ɡuziʒar	0
regozijo	ʀɨɡuziʒu	ʀeɡuziʒu	ʀ[ɨ]ɡuziʒu	ʀ[e]ɡuziʒu	0
regradamente	ʀɨɡradɐmẽtɨ	ʀeɡrɐdɐmẽntɨ	ʀ[ɨ]ɡr[a]dɐmẽtɨ[]	ʀ[e]ɡr[ɐ]dɐmẽnt[ɨ]	0
regradeira	ʀɨɡrɐdɐjrɐ	ʀeɡrɐdɐjrɐ	ʀ[ɨ]ɡrɐdɐjrɐ	ʀ[e]ɡrɐdɐjrɐ	0
regrador	ʀɨɡrɐdor	ʀeɡrɐdor	ʀ[ɨ]ɡrɐdor	ʀ[e]ɡrɐdor	0
regrado	ʀɨɡradu	ʀeɡradu	ʀ[ɨ]ɡradu	ʀ[e]ɡradu	0
regrante	ʀɨɡrɐ̃tɨ	ʀeɡrɐ̃ntɨ	ʀ[ɨ]ɡrɐ̃[]tɨ	ʀ[e]ɡrɐ̃[n]tɨ	0
regravação	ʀɨɡrɐvɐsɐ̃w̃	ʀeɡrɐvɐsɐ̃w̃	ʀ[ɨ]ɡrɐvɐsɐ̃w̃	ʀ[e]ɡrɐvɐsɐ̃w̃	0
regravar	ʀɨɡrɐvar	ʀeɡrɐvar	ʀ[ɨ]ɡrɐvar	ʀ[e]ɡrɐvar	0
regravável	ʀɨɡrɐvavɛɫ	ʀeɡrɐvavɛɫ	ʀ[ɨ]ɡrɐvavɛɫ	ʀ[e]ɡrɐvavɛɫ	0
regraxar	ʀɨɡraʃar	ʀeɡrɐʃar	ʀ[ɨ]ɡr[a]ʃar	ʀ[e]ɡr[ɐ]ʃar	0
regraxo	ʀɨɡraʃu	ʀeɡraʃu	ʀ[ɨ]ɡraʃu	ʀ[e]ɡraʃu	0
regredir	ʀɨɡrɨdir	ʀeɡrɨdir	ʀ[ɨ]ɡrɨdir	ʀ[e]ɡrɨdir	0
regressão	ʀɨɡrɨsɐ̃w̃	ʀeɡrɨsɐ̃w̃	ʀ[ɨ]ɡrɨsɐ̃w̃	ʀ[e]ɡrɨsɐ̃w̃	0
regressar	ʀɨɡrɨsar	ʀeɡrɨsar	ʀ[ɨ]ɡrɨsar	ʀ[e]ɡrɨsar	0
regressista	ʀɨɡrɨsiʃtɐ	ʀeɡrɨsiʃtɐ	ʀ[ɨ]ɡrɨsiʃtɐ	ʀ[e]ɡrɨsiʃtɐ	0
regressividade	ʀɨɡrɨsividadɨ	ʀeɡrɨsividadɨ	ʀ[ɨ]ɡrɨsividadɨ	ʀ[e]ɡrɨsividadɨ	0
regressivo	ʀɨɡrɨsivu	ʀeɡrɨsivu	ʀ[ɨ]ɡrɨsivu	ʀ[e]ɡrɨsivu	0
regresso	ʀɨɡrɛsu	ʀeɡrɛsu	ʀ[ɨ]ɡrɛsu	ʀ[e]ɡrɛsu	0
regreta	ʀɨɡretɐ	ʀeɡrɛtɐ	ʀ[ɨ]ɡr[e]tɐ	ʀ[e]ɡr[ɛ]tɐ	0
regrista	ʀɨɡriʃtɐ	ʀeɡriʃtɐ	ʀ[ɨ]ɡriʃtɐ	ʀ[e]ɡriʃtɐ	0
regueifa	ʀɨɡɐjfɐ	ʀeɡɐjfɐ	ʀ[ɨ]ɡɐjfɐ	ʀ[e]ɡɐjfɐ	0
regueirão	ʀɨɡɐjrɐ̃w̃	ʀeɡɐjrɐ̃w̃	ʀ[ɨ]ɡɐjrɐ̃w̃	ʀ[e]ɡɐjrɐ̃w̃	0
regueira	ʀɨɡɐjrɐ	ʀeɡɐjrɐ	ʀ[ɨ]ɡɐjrɐ	ʀ[e]ɡɐjrɐ	0
regueiro	ʀɨɡɐjru	ʀeɡɐjru	ʀ[ɨ]ɡɐjru	ʀ[e]ɡɐjru	0
reguengo	ʀɨɡẽɡu	ʀeɡẽnɡu	ʀ[ɨ]ɡẽɡu[]	ʀ[e]ɡẽnɡ[u]	0
reguengueiro	ʀɨɡẽɡɐjru	ʀeɡẽnɡwɐjru	ʀ[ɨ]ɡẽɡɐjru[]	ʀ[e]ɡẽnɡwɐjr[u]	0
reguenguense	ʀɨɡẽɡẽsɨ	ʀeɡẽnɡwẽnsɨ	ʀ[ɨ]ɡẽɡẽsɨ[]	ʀ[e]ɡẽnɡwẽns[ɨ]	0
reguila	ʀɨɡilɐ	ʀeɡilɐ	ʀ[ɨ]ɡilɐ	ʀ[e]ɡilɐ	0
reguingar	ʀɨɡĩɡar	ʀeɡĩnɡar	ʀ[ɨ]ɡĩɡar[]	ʀ[e]ɡĩnɡa[r]	0
reguingote	ʀɨɡĩɡɔtɨ	ʀeɡĩnɡɔtɨ	ʀ[ɨ]ɡĩɡɔtɨ[]	ʀ[e]ɡĩnɡɔt[ɨ]	0
regulação	ʀɨɡulɐsɐ̃w̃	ʀeɡulɐsɐ̃w̃	ʀ[ɨ]ɡulɐsɐ̃w̃	ʀ[e]ɡulɐsɐ̃w̃	0
regulador	ʀɨɡulɐdor	ʀeɡulɐdor	ʀ[ɨ]ɡulɐdor	ʀ[e]ɡulɐdor	0
regulamentação	ʀɨɡulɐmẽtɐsɐ̃w̃	ʀeɡulɐmẽntɐsɐ̃w̃	ʀ[ɨ]ɡulɐmẽtɐ[s]ɐ̃[w]̃[]	ʀ[e]ɡulɐmẽn[t]ɐs[ɐ]̃w[̃]	0
regulamentário	ʀɨɡulɐmẽtarju	ʀeɡulɐmẽntarju	ʀ[ɨ]ɡulɐmẽtarju[]	ʀ[e]ɡulɐmẽntarj[u]	0
regulamentar	ʀɨɡulɐmẽtar	ʀeɡulɐmẽntar	ʀ[ɨ]ɡulɐmẽtar[]	ʀ[e]ɡulɐmẽnta[r]	0
regulamento	ʀɨɡulɐmẽtu	ʀeɡulɐmẽntu	ʀ[ɨ]ɡulɐmẽtu[]	ʀ[e]ɡulɐmẽnt[u]	0
regularidade	ʀɨɡulɐridadɨ	ʀeɡulɐridadɨ	ʀ[ɨ]ɡulɐridadɨ	ʀ[e]ɡulɐridadɨ	0
regularização	ʀɨɡulɐrizɐsɐ̃w̃	ʀeɡulɐrizɐsɐ̃w̃	ʀ[ɨ]ɡulɐrizɐsɐ̃w̃	ʀ[e]ɡulɐrizɐsɐ̃w̃	0
regularizador	ʀɨɡulɐrizɐdor	ʀeɡulɐrizɐdor	ʀ[ɨ]ɡulɐrizɐdor	ʀ[e]ɡulɐrizɐdor	0
regularizar	ʀɨɡulɐrizar	ʀeɡulɐrizar	ʀ[ɨ]ɡulɐrizar	ʀ[e]ɡulɐrizar	0
regularmente	ʀɨɡularmẽtɨ	ʀeɡulɐrmẽntɨ	ʀ[ɨ]ɡul[a]rmẽtɨ[]	ʀ[e]ɡul[ɐ]rmẽnt[ɨ]	0
regulável	ʀɨɡulavɛɫ	ʀeɡulavɛɫ	ʀ[ɨ]ɡulavɛɫ	ʀ[e]ɡulavɛɫ	0
regulete	ʀɨɡuletɨ	ʀeɡulɛtɨ	ʀ[ɨ]ɡul[e]tɨ	ʀ[e]ɡul[ɛ]tɨ	0
regúlida	ʀɨɡulidɐ	ʀeɡulidɐ	ʀ[ɨ]ɡulidɐ	ʀ[e]ɡulidɐ	0
regúlidas	ʀɨɡulidɐʃ	ʀeɡulidɐʃ	ʀ[ɨ]ɡulidɐʃ	ʀ[e]ɡulidɐʃ	0
regulídeo	ʀɨɡulidju	ʀeɡulidiw	ʀ[ɨ]ɡulidj[u]	ʀ[e]ɡulidi[w]	0
regulídeos	ʀɨɡulidjuʃ	ʀeɡulidiwʃ	ʀ[ɨ]ɡulidj[u]ʃ	ʀ[e]ɡulidi[w]ʃ	0
regurgitação	ʀɨɡurʒitɐsɐ̃w̃	ʀeɡurʒitɐsɐ̃w̃	ʀ[ɨ]ɡurʒitɐsɐ̃w̃	ʀ[e]ɡurʒitɐsɐ̃w̃	0
regurgitamento	ʀɨɡurʒitɐmẽtu	ʀeɡurʒitɐmẽntu	ʀ[ɨ]ɡurʒitɐmẽtu[]	ʀ[e]ɡurʒitɐmẽnt[u]	0
regurgitar	ʀɨɡurʒitar	ʀeɡurʒitar	ʀ[ɨ]ɡurʒitar	ʀ[e]ɡurʒitar	0
reidratação	ʀɨidrɐtɐsɐ̃w̃	ʀeidrɐtɐsɐ̃w̃	ʀ[ɨ]idrɐtɐsɐ̃w̃	ʀ[e]idrɐtɐsɐ̃w̃	0
reidratar	ʀɨidrɐtar	ʀeidrɐtar	ʀ[ɨ]idrɐtar	ʀ[e]idrɐtar	0
rei-pescador	ʀɐjpɨʃkɐdor	ʀɐjpeʃkɐdor	ʀɐjp[ɨ]ʃkɐdor	ʀɐjp[e]ʃkɐdor	0
rejeição	ʀɨʒɐjsɐ̃w̃	ʀeʒɐjsɐ̃w̃	ʀ[ɨ]ʒɐjsɐ̃w̃	ʀ[e]ʒɐjsɐ̃w̃	0
rejeitado	ʀɨʒɐjtadu	ʀeʒɐjtadu	ʀ[ɨ]ʒɐjtadu	ʀ[e]ʒɐjtadu	0
rejeitar	ʀɨʒɐjtar	ʀeʒɐjtar	ʀ[ɨ]ʒɐjtar	ʀ[e]ʒɐjtar	0
rejeitável	ʀɨʒɐjtavɛɫ	ʀeʒɐjtavɛɫ	ʀ[ɨ]ʒɐjtavɛɫ	ʀ[e]ʒɐjtavɛɫ	0
rejeito	ʀɨʒɐjtu	ʀeʒɐjtu	ʀ[ɨ]ʒɐjtu	ʀ[e]ʒɐjtu	0
rejubilar	ʀɨʒubilar	ʀeʒubilar	ʀ[ɨ]ʒubilar	ʀ[e]ʒubilar	0
rejúbilo	ʀɨʒubilu	ʀeʒubilu	ʀ[ɨ]ʒubilu	ʀ[e]ʒubilu	0
rejuntamento	ʀɨʒũtɐmẽtu	ʀeʒũntɐmẽntu	ʀ[ɨ]ʒũtɐmẽtu[]	ʀ[e]ʒũntɐmẽnt[u]	0
rejuntar	ʀɨʒũtar	ʀeʒũntar	ʀ[ɨ]ʒũtar[]	ʀ[e]ʒũnta[r]	0
rejuntável	ʀɨʒũtavɛɫ	ʀeʒũntavɛɫ	ʀ[ɨ]ʒũtavɛɫ[]	ʀ[e]ʒũntavɛ[ɫ]	0
rejurar	ʀɨʒurar	ʀeʒurar	ʀ[ɨ]ʒurar	ʀ[e]ʒurar	0
rejuvenescedor	ʀɨʒuvɨnɨʃsɨdor	ʀeʒuvenɨʃsɨdor	ʀ[ɨ]ʒuv[ɨ]nɨʃsɨdor	ʀ[e]ʒuv[e]nɨʃsɨdor	0
rejuvenescência	ʀɨʒuvɨnɨʃsẽsjɐ	ʀeʒuvenɨʃsẽnsjɐ	ʀ[ɨ]ʒuv[ɨ]nɨʃsẽsjɐ[]	ʀ[e]ʒuv[e]nɨʃsẽnsj[ɐ]	0
rejuvenescente	ʀɨʒuvɨnɨʃsẽtɨ	ʀeʒuvenɨʃsẽntɨ	ʀ[ɨ]ʒuv[ɨ]nɨʃsẽtɨ[]	ʀ[e]ʒuv[e]nɨʃsẽnt[ɨ]	0
rejuvenescer	ʀɨʒuvɨnɨʃser	ʀeʒuvenɨʃser	ʀ[ɨ]ʒuv[ɨ]nɨʃser	ʀ[e]ʒuv[e]nɨʃser	0
rejuvenescido	ʀɨʒuvɨnɨʃsidu	ʀeʒuvenɨʃsidu	ʀ[ɨ]ʒuv[ɨ]nɨʃsidu	ʀ[e]ʒuv[e]nɨʃsidu	0
rejuvenescimento	ʀɨʒuvɨnɨʃsimẽtu	ʀeʒuvenɨʃsimẽntu	ʀ[ɨ]ʒuv[ɨ]nɨʃsimẽtu[]	ʀ[e]ʒuv[e]nɨʃsimẽnt[u]	0
relação	ʀɨlɐsɐ̃w̃	ʀelɐsɐ̃w̃	ʀ[ɨ]lɐsɐ̃w̃	ʀ[e]lɐsɐ̃w̃	0
relacionação	ʀɨlɐsjunɐsɐ̃w̃	ʀelɐsjunɐsɐ̃w̃	ʀ[ɨ]lɐsjunɐsɐ̃w̃	ʀ[e]lɐsjunɐsɐ̃w̃	0
relacionado	ʀɨlɐsjunadu	ʀelɐsjunadu	ʀ[ɨ]lɐsjunadu	ʀ[e]lɐsjunadu	0
relacional	ʀɨlɐsjunaɫ	ʀelɐsjunaɫ	ʀ[ɨ]lɐsjunaɫ	ʀ[e]lɐsjunaɫ	0
relacionamento	ʀɨlɐsjunɐmẽtu	ʀelɐsjunɐmẽntu	ʀ[ɨ]lɐsjunɐmẽtu[]	ʀ[e]lɐsjunɐmẽnt[u]	0
relacionar	ʀɨlɐsjunar	ʀelɐsjunar	ʀ[ɨ]lɐsjunar	ʀ[e]lɐsjunar	0
relações-públicas	ʀɨlɐsõjʃpublikɐʃ	ʀelɐsõjʃpublikɐʃ	ʀ[ɨ]lɐsõ[]jʃpublikɐʃ	ʀ[e]lɐso[̃]jʃpublikɐʃ	0
relaço	ʀɨlasu	ʀelasu	ʀ[ɨ]lasu	ʀ[e]lasu	0
relacrar	ʀɨlɐkrar	ʀelɐkrar	ʀ[ɨ]lɐkrar	ʀ[e]lɐkrar	0
relamber	ʀɨlɐ̃ber	ʀelɐ̃mber	ʀ[ɨ]lɐ̃[]ber	ʀ[e]lɐ̃[m]ber	0
relambório	ʀɨlɐ̃bɔrju	ʀelɐ̃mbɔrju	ʀ[ɨ]lɐ̃[]bɔrju	ʀ[e]lɐ̃[m]bɔrju	0
relampadejar	ʀɨlɐ̃pɐdɨʒar	ʀelɐ̃mpɐdɨʒar	ʀ[ɨ]lɐ̃[]pɐdɨʒar	ʀ[e]lɐ̃[m]pɐdɨʒar	0
relâmpado	ʀɨlɐ̃pɐdu	ʀelɐ̃mpɐdu	ʀ[ɨ]lɐ̃[]pɐdu	ʀ[e]lɐ̃[m]pɐdu	0
relâmpago	ʀɨlɐ̃pɐɡu	ʀelɐ̃mpɐɡu	ʀ[ɨ]lɐ̃[]pɐɡu	ʀ[e]lɐ̃[m]pɐɡu	0
relampagueamento	ʀɨlɐ̃pɐɡjɐmẽtu	ʀelɐ̃mpɐɡɨɐmẽntu	ʀ[ɨ]lɐ̃[]pɐɡ[j]ɐmẽtu[]	ʀ[e]lɐ̃[m]pɐɡ[ɨ]ɐmẽnt[u]	0
relampagueante	ʀɨlɐ̃pɐɡjɐ̃tɨ	ʀelɐ̃mpɐɡɨɐ̃ntɨ	ʀ[ɨ]lɐ̃[]pɐɡ[j]ɐ̃[]tɨ	ʀ[e]lɐ̃[m]pɐɡ[ɨ]ɐ̃[n]tɨ	0
relampaguear	ʀɨlɐ̃pɐɡjar	ʀelɐ̃mpɐɡɨar	ʀ[ɨ]lɐ̃[]pɐɡ[j]ar	ʀ[e]lɐ̃[m]pɐɡ[ɨ]ar	0
relampar	ʀɨlɐ̃par	ʀelɐ̃mpar	ʀ[ɨ]lɐ̃[]par	ʀ[e]lɐ̃[m]par	0
relampeado	ʀɨlɐ̃pjadu	ʀelɐ̃mpiadu	ʀ[ɨ]lɐ̃[]p[j]adu	ʀ[e]lɐ̃[m]p[i]adu	0
relampear	ʀɨlɐ̃pjar	ʀelɐ̃mpiar	ʀ[ɨ]lɐ̃[]p[j]ar	ʀ[e]lɐ̃[m]p[i]ar	0
relampejante	ʀɨlɐ̃pɨʒɐ̃tɨ	ʀelɐ̃mpɨʒɐ̃ntɨ	ʀ[ɨ]lɐ̃[]pɨʒɐ̃[]tɨ	ʀ[e]lɐ̃[m]pɨʒɐ̃[n]tɨ	0
relampejar	ʀɨlɐ̃pɨʒar	ʀelɐ̃mpɨʒar	ʀ[ɨ]lɐ̃[]pɨʒar	ʀ[e]lɐ̃[m]pɨʒar	0
relampejo	ʀɨlɐ̃pɐjʒu	ʀelɐ̃mpeʒu	ʀ[ɨ]lɐ̃[]pɐ[j]ʒu	ʀ[e]lɐ̃[m]pe[]ʒu	0
relampo	ʀɨlɐ̃pu	ʀelɐ̃mpu	ʀ[ɨ]lɐ̃[]pu	ʀ[e]lɐ̃[m]pu	0
relançamento	ʀɨlɐ̃sɐmẽtu	ʀelɐ̃nsɐmẽntu	ʀ[ɨ]lɐ̃[]sɐmẽtu[]	ʀ[e]lɐ̃[n]sɐmẽnt[u]	0
relançar	ʀɨlɐ̃sar	ʀelɐ̃nsar	ʀ[ɨ]lɐ̃[]sar	ʀ[e]lɐ̃[n]sar	0
relancear	ʀɨlɐ̃sjar	ʀelɐ̃nsiar	ʀ[ɨ]lɐ̃[]s[j]ar	ʀ[e]lɐ̃[n]s[i]ar	0
relance	ʀɨlɐ̃sɨ	ʀelɐ̃nsɨ	ʀ[ɨ]lɐ̃[]sɨ	ʀ[e]lɐ̃[n]sɨ	0
relapsão	ʀɨlɐpsɐ̃w̃	ʀelɐpsɐ̃w̃	ʀ[ɨ]lɐpsɐ̃w̃	ʀ[e]lɐpsɐ̃w̃	0
relapsia	ʀɨlɐpsiɐ	ʀelɐpsiɐ	ʀ[ɨ]lɐpsiɐ	ʀ[e]lɐpsiɐ	0
relapso	ʀɨlapsu	ʀelapsu	ʀ[ɨ]lapsu	ʀ[e]lapsu	0
relatador	ʀɨlɐtɐdor	ʀelɐtɐdor	ʀ[ɨ]lɐtɐdor	ʀ[e]lɐtɐdor	0
relatar	ʀɨlɐtar	ʀelɐtar	ʀ[ɨ]lɐtar	ʀ[e]lɐtar	0
relativamente	ʀɨlɐtivɐmẽtɨ	ʀelɐtivɐmẽntɨ	ʀ[ɨ]lɐtivɐmẽtɨ[]	ʀ[e]lɐtivɐmẽnt[ɨ]	0
relatividade	ʀɨlɐtividadɨ	ʀelɐtividadɨ	ʀ[ɨ]lɐtividadɨ	ʀ[e]lɐtividadɨ	0
relativismo	ʀɨlɐtiviʒmu	ʀelɐtiviʒmu	ʀ[ɨ]lɐtiviʒmu	ʀ[e]lɐtiviʒmu	0
relativista	ʀɨlɐtiviʃtɐ	ʀelɐtiviʃtɐ	ʀ[ɨ]lɐtiviʃtɐ	ʀ[e]lɐtiviʃtɐ	0
relativização	ʀɨlɐtivizɐsɐ̃w̃	ʀelɐtivizɐsɐ̃w̃	ʀ[ɨ]lɐtivizɐsɐ̃w̃	ʀ[e]lɐtivizɐsɐ̃w̃	0
relativizar	ʀɨlɐtivizar	ʀelɐtivizar	ʀ[ɨ]lɐtivizar	ʀ[e]lɐtivizar	0
relativo	ʀɨlɐtivu	ʀelɐtivu	ʀ[ɨ]lɐtivu	ʀ[e]lɐtivu	0
relatório	ʀɨlɐtɔrju	ʀelɐtɔrju	ʀ[ɨ]lɐtɔrju	ʀ[e]lɐtɔrju	0
relator	ʀɨlator	ʀelɐtor	ʀ[ɨ]l[a]tor	ʀ[e]l[ɐ]tor	0
relato	ʀɨlatu	ʀelatu	ʀ[ɨ]latu	ʀ[e]latu	0
relaxação	ʀɨlaʃɐsɐ̃w̃	ʀelɐʃɐsɐ̃w̃	ʀ[ɨ]l[a]ʃɐsɐ̃w̃	ʀ[e]l[ɐ]ʃɐsɐ̃w̃	0
relaxador	ʀɨlaʃɐdor	ʀelɐʃɐdor	ʀ[ɨ]l[a]ʃɐdor	ʀ[e]l[ɐ]ʃɐdor	0
relaxado	ʀɨlaʃadu	ʀelɐʃadu	ʀ[ɨ]l[a]ʃadu	ʀ[e]l[ɐ]ʃadu	0
relaxamento	ʀɨlaʃɐmẽtu	ʀelɐʃɐmẽntu	ʀ[ɨ]l[a]ʃɐmẽtu[]	ʀ[e]l[ɐ]ʃɐmẽnt[u]	0
relaxante	ʀɨlaʃɐ̃tɨ	ʀelɐʃɐ̃ntɨ	ʀ[ɨ]l[a]ʃɐ̃[]tɨ	ʀ[e]l[ɐ]ʃɐ̃[n]tɨ	0
relaxar	ʀɨlaʃar	ʀelɐʃar	ʀ[ɨ]l[a]ʃar	ʀ[e]l[ɐ]ʃar	0
relaxativo	ʀɨlaʃɐtivu	ʀelɐʃɐtivu	ʀ[ɨ]l[a]ʃɐtivu	ʀ[e]l[ɐ]ʃɐtivu	0
relaxe	ʀɨlaʃɨ	ʀelaʃɨ	ʀ[ɨ]laʃɨ	ʀ[e]laʃɨ	0
relaxidão	ʀɨlɐʃidɐ̃w̃	ʀelɐʃidɐ̃w̃	ʀ[ɨ]lɐʃidɐ̃w̃	ʀ[e]lɐʃidɐ̃w̃	0
relaxismo	ʀɨlaʃiʒmu	ʀelɐʃiʒmu	ʀ[ɨ]l[a]ʃiʒmu	ʀ[e]l[ɐ]ʃiʒmu	0
relaxista	ʀɨlaʃiʃtɐ	ʀelɐʃiʃtɐ	ʀ[ɨ]l[a]ʃiʃtɐ	ʀ[e]l[ɐ]ʃiʃtɐ	0
relegação	ʀɨlɨɡɐsɐ̃w̃	ʀelɨɡɐsɐ̃w̃	ʀ[ɨ]lɨɡɐsɐ̃w̃	ʀ[e]lɨɡɐsɐ̃w̃	0
relegado	ʀɨlɨɡadu	ʀelɨɡadu	ʀ[ɨ]lɨɡadu	ʀ[e]lɨɡadu	0
relegar	ʀɨlɨɡar	ʀelɨɡar	ʀ[ɨ]lɨɡar	ʀ[e]lɨɡar	0
relegável	ʀɨlɨɡavɛɫ	ʀelɨɡavɛɫ	ʀ[ɨ]lɨɡavɛɫ	ʀ[e]lɨɡavɛɫ	0
relego	ʀɨleɡu	ʀelɛɡu	ʀ[ɨ]l[e]ɡu	ʀ[e]l[ɛ]ɡu	0
releiro	ʀɨlɐjru	ʀelɐjru	ʀ[ɨ]lɐjru	ʀ[e]lɐjru	0
releixar	ʀɨlɐjʃar	ʀelɐjʃar	ʀ[ɨ]lɐjʃar	ʀ[e]lɐjʃar	0
releixo	ʀɨlɐjʃu	ʀelɐjʃu	ʀ[ɨ]lɐjʃu	ʀ[e]lɐjʃu	0
relembrança	ʀɨlẽbrɐ̃sɐ	ʀelẽmbrɐ̃nsɐ	ʀ[ɨ]lẽbrɐ̃[s]ɐ[]	ʀ[e]lẽmbr[]ɐ̃ns[ɐ]	0
relembrar	ʀɨlẽbrar	ʀelẽmbrar	ʀ[ɨ]lẽbr[a]r[]	ʀ[e]lẽm[b]ra[r]	0
relembrativo	ʀɨlẽbrɐtivu	ʀelẽmbrɐtivu	ʀ[ɨ]lẽbrɐtivu[]	ʀ[e]lẽmbrɐtiv[u]	0
relembrável	ʀɨlẽbravɛɫ	ʀelẽmbravɛɫ	ʀ[ɨ]lẽbravɛɫ[]	ʀ[e]lẽmbravɛ[ɫ]	0
relengo	ʀɨlẽɡu	ʀelẽnɡu	ʀ[ɨ]lẽɡu[]	ʀ[e]lẽnɡ[u]	0
relentar	ʀɨlẽtar	ʀelẽntar	ʀ[ɨ]lẽtar[]	ʀ[e]lẽnta[r]	0
relento	ʀɨlẽtu	ʀelẽntu	ʀ[ɨ]lẽtu[]	ʀ[e]lẽnt[u]	0
relevação	ʀɨlɨvɐsɐ̃w̃	ʀelɨvɐsɐ̃w̃	ʀ[ɨ]lɨvɐsɐ̃w̃	ʀ[e]lɨvɐsɐ̃w̃	0
relevador	ʀɨlɨvɐdor	ʀelɨvɐdor	ʀ[ɨ]lɨvɐdor	ʀ[e]lɨvɐdor	0
relevamento	ʀɨlɨvɐmẽtu	ʀelɨvɐmẽntu	ʀ[ɨ]lɨvɐmẽtu[]	ʀ[e]lɨvɐmẽnt[u]	0
relevância	ʀɨlɨvɐ̃sjɐ	ʀelɨvɐ̃nsjɐ	ʀ[ɨ]lɨvɐ̃[]sjɐ	ʀ[e]lɨvɐ̃[n]sjɐ	0
relevantemente	ʀɨlɨvɐ̃tɨmẽtɨ	ʀelɨvɐ̃ntɨmẽntɨ	ʀ[ɨ]lɨvɐ̃[]tɨmẽtɨ[]	ʀ[e]lɨvɐ̃[n]tɨmẽnt[ɨ]	0
relevante	ʀɨlɨvɐ̃tɨ	ʀelɨvɐ̃ntɨ	ʀ[ɨ]lɨvɐ̃[]tɨ	ʀ[e]lɨvɐ̃[n]tɨ	0
relevar	ʀɨlɨvar	ʀelɨvar	ʀ[ɨ]lɨvar	ʀ[e]lɨvar	0
relevável	ʀɨlɨvavɛɫ	ʀelɨvavɛɫ	ʀ[ɨ]lɨvavɛɫ	ʀ[e]lɨvavɛɫ	0
relevogravura	ʀɨlevɔɡrɐvurɐ	ʀelɨvuɡrɐvurɐ	ʀ[ɨ]l[e]v[ɔ]ɡrɐvurɐ	ʀ[e]l[ɨ]v[u]ɡrɐvurɐ	0
relevo	ʀɨlevu	ʀelevu	ʀ[ɨ]levu	ʀ[e]levu	0
relhada	ʀɨʎadɐ	ʀeʎadɐ	ʀ[ɨ]ʎadɐ	ʀ[e]ʎadɐ	0
relheira	ʀɨʎɐjrɐ	ʀeʎɐjrɐ	ʀ[ɨ]ʎɐjrɐ	ʀ[e]ʎɐjrɐ	0
relheiro	ʀɨʎɐjru	ʀeʎɐjru	ʀ[ɨ]ʎɐjru	ʀ[e]ʎɐjru	0
relhota	ʀɨʎɔtɐ	ʀeʎɔtɐ	ʀ[ɨ]ʎɔtɐ	ʀ[e]ʎɔtɐ	0
relhote	ʀɨʎɔtɨ	ʀeʎɔtɨ	ʀ[ɨ]ʎɔtɨ	ʀ[e]ʎɔtɨ	0
relicário	ʀɨlikarju	ʀelikarju	ʀ[ɨ]likarju	ʀ[e]likarju	0
relice	ʀɨlisɨ	ʀelisɨ	ʀ[ɨ]lisɨ	ʀ[e]lisɨ	0
relicitação	ʀɨlisitɐsɐ̃w̃	ʀelisitɐsɐ̃w̃	ʀ[ɨ]lisitɐsɐ̃w̃	ʀ[e]lisitɐsɐ̃w̃	0
relicitar	ʀɨlisitar	ʀelisitar	ʀ[ɨ]lisitar	ʀ[e]lisitar	0
relicto	ʀɨliktu	ʀelitu	ʀ[ɨ]li[k]tu	ʀ[e]li[]tu	0
religar	ʀɨliɡar	ʀeliɡar	ʀ[ɨ]liɡar	ʀ[e]liɡar	0
religável	ʀɨliɡavɛɫ	ʀeliɡavɛɫ	ʀ[ɨ]liɡavɛɫ	ʀ[e]liɡavɛɫ	0
religião	ʀɨliʒjɐ̃w̃	ʀeliʒiɐ̃w̃	ʀ[ɨ]liʒ[j]ɐ̃w̃	ʀ[e]liʒ[i]ɐ̃w̃	0
religiomania	ʀɨliʒjɔmɐniɐ	ʀeliʒiumɐniɐ	ʀ[ɨ]liʒj[ɔ]mɐniɐ	ʀ[e]liʒi[u]mɐniɐ	0
religionário	ʀɨliʒjunarju	ʀeliʒjunarju	ʀ[ɨ]liʒjunarju	ʀ[e]liʒjunarju	0
religiosamente	ʀɨliʒjɔzɐmẽtɨ	ʀeliʒiɔzɐmẽntɨ	ʀ[ɨ]liʒ[j]ɔzɐmẽtɨ[]	ʀ[e]liʒ[i]ɔzɐmẽnt[ɨ]	0
religiosa	ʀɨliʒjɔzɐ	ʀeliʒiɔzɐ	ʀ[ɨ]liʒ[j]ɔzɐ	ʀ[e]liʒ[i]ɔzɐ	0
religiosidade	ʀɨliʒjuzidadɨ	ʀeliʒiuzidadɨ	ʀ[ɨ]liʒ[j]uzidadɨ	ʀ[e]liʒ[i]uzidadɨ	0
religioso	ʀɨliʒjozu	ʀeliʒiozu	ʀ[ɨ]liʒ[j]ozu	ʀ[e]liʒ[i]ozu	0
relimar	ʀɨlimar	ʀelimar	ʀ[ɨ]limar	ʀ[e]limar	0
relinchão	ʀɨlĩʃɐ̃w̃	ʀelĩnʃɐ̃w̃	ʀ[ɨ]lĩʃɐ̃[w]̃[]	ʀ[e]lĩnʃ[ɐ]̃w[̃]	0
relinchar	ʀɨlĩʃar	ʀelĩnʃar	ʀ[ɨ]lĩʃar[]	ʀ[e]lĩnʃa[r]	0
relincho	ʀɨlĩʃu	ʀelĩnʃu	ʀ[ɨ]lĩʃu[]	ʀ[e]lĩnʃ[u]	0
relingar	ʀɨlĩɡar	ʀelĩnɡar	ʀ[ɨ]lĩɡar[]	ʀ[e]lĩnɡa[r]	0
relinga	ʀɨlĩɡɐ	ʀelĩnɡɐ	ʀ[ɨ]lĩɡɐ[]	ʀ[e]lĩnɡ[ɐ]	0
relíquia	ʀɨlikjɐ	ʀelikiɐ	ʀ[ɨ]lik[j]ɐ	ʀ[e]lik[i]ɐ	0
relocação	rɨlukɐsɐ̃w̃	ʀelukɐsɐ̃w̃	r[ɨ]lukɐsɐ̃w̃	ʀ[e]lukɐsɐ̃w̃	0
relocar	rɨlukar	ʀelukar	r[ɨ]lukar	ʀ[e]lukar	0
relógio-calendário	ʀɨlɔʒjukɐlẽdarju	ʀelɔʒɪukɐlẽndarju	ʀ[ɨ]lɔʒ[j]ukɐlẽdarju[]	ʀ[e]lɔʒ[ɪ]ukɐlẽndarj[u]	0
relógio-da-morte	ʀɨlɔʒjudɐmɔrtɨ	ʀelɔʒɪudɐmɔrtɨ	ʀ[ɨ]lɔʒ[j]udɐmɔrtɨ	ʀ[e]lɔʒ[ɪ]udɐmɔrtɨ	0
relógio-de-ponto	ʀɨlɔʒjudɨpõtu	ʀelɔʒɪudɨpõntu	ʀ[ɨ]lɔʒ[j]udɨpõtu[]	ʀ[e]lɔʒ[ɪ]udɨpõnt[u]	0
relógio	ʀɨlɔʒju	ʀelɔʒju	ʀ[ɨ]lɔʒju	ʀ[e]lɔʒju	0
relojeiro	ʀɨluʒɐjru	ʀeluʒɐjru	ʀ[ɨ]luʒɐjru	ʀ[e]luʒɐjru	0
relojoaria	ʀɨluʒwɐriɐ	ʀeluʒuɐriɐ	ʀ[ɨ]luʒ[w]ɐriɐ	ʀ[e]luʒ[u]ɐriɐ	0
relojoeiro	ʀɨluʒwɐjru	ʀeluʒuɐjru	ʀ[ɨ]luʒ[w]ɐjru	ʀ[e]luʒ[u]ɐjru	0
reloucar	ʀɨlowkar	ʀelowkar	ʀ[ɨ]lowkar	ʀ[e]lowkar	0
relouquear	ʀɨlowkjar	ʀelowkɨar	ʀ[ɨ]lowk[j]ar	ʀ[e]lowk[ɨ]ar	0
relumbrante	ʀɨlũbrɐ̃tɨ	ʀelũmbrɐ̃ntɨ	ʀ[ɨ]lũbrɐ̃tɨ[]	ʀ[e]lũmbrɐ̃nt[ɨ]	0
relumbrar	ʀɨlũbrar	ʀelũmbrar	ʀ[ɨ]lũbr[a]r[]	ʀ[e]lũm[b]ra[r]	0
relutação	ʀɨlutɐsɐ̃w̃	ʀelutɐsɐ̃w̃	ʀ[ɨ]lutɐsɐ̃w̃	ʀ[e]lutɐsɐ̃w̃	0
relutância	ʀɨlutɐ̃sjɐ	ʀelutɐ̃nsjɐ	ʀ[ɨ]lutɐ̃[]sjɐ	ʀ[e]lutɐ̃[n]sjɐ	0
relutante	ʀɨlutɐ̃tɨ	ʀelutɐ̃ntɨ	ʀ[ɨ]lutɐ̃[]tɨ	ʀ[e]lutɐ̃[n]tɨ	0
relutar	ʀɨlutar	ʀelutar	ʀ[ɨ]lutar	ʀ[e]lutar	0
relutividade	ʀɨlutividadɨ	ʀelutividadɨ	ʀ[ɨ]lutividadɨ	ʀ[e]lutividadɨ	0
remada	ʀɨmadɐ	ʀemadɐ	ʀ[ɨ]madɐ	ʀ[e]madɐ	0
remadela	ʀɨmɐdɛlɐ	ʀemɐdɛlɐ	ʀ[ɨ]mɐdɛlɐ	ʀ[e]mɐdɛlɐ	0
remador	ʀɨmɐdor	ʀemɐdor	ʀ[ɨ]mɐdor	ʀ[e]mɐdor	0
remado	ʀɨmadu	ʀemadu	ʀ[ɨ]madu	ʀ[e]madu	0
remadura	ʀɨmɐdurɐ	ʀemɐdurɐ	ʀ[ɨ]mɐdurɐ	ʀ[e]mɐdurɐ	0
remagnetizar	ʀɨmaɡnɨtizar	ʀemɐɡnetizar	ʀ[ɨ]m[a]ɡn[ɨ]tizar	ʀ[e]m[ɐ]ɡn[e]tizar	0
remanchão	ʀɨmɐ̃ʃɐ̃w̃	ʀemɐ̃nʃɐ̃w̃	ʀ[ɨ]mɐ̃[]ʃɐ̃w̃	ʀ[e]mɐ̃[n]ʃɐ̃w̃	0
remancho	ʀɨmɐ̃ʃu	ʀemɐ̃nʃu	ʀ[ɨ]mɐ̃[]ʃu	ʀ[e]mɐ̃[n]ʃu	0
remandar	ʀɨmɐ̃dar	ʀemɐ̃ndar	ʀ[ɨ]mɐ̃[]dar	ʀ[e]mɐ̃[n]dar	0
remanência	ʀɨmɐnẽsjɐ	ʀemɐnẽnsjɐ	ʀ[ɨ]mɐnẽsjɐ[]	ʀ[e]mɐnẽnsj[ɐ]	0
remanente	ʀɨmɐnẽtɨ	ʀemɐnẽntɨ	ʀ[ɨ]mɐnẽtɨ[]	ʀ[e]mɐnẽnt[ɨ]	0
remanescência	ʀɨmɐnɨʃsẽsjɐ	ʀemɐnɨʃsẽnsjɐ	ʀ[ɨ]mɐnɨʃsẽsjɐ[]	ʀ[e]mɐnɨʃsẽnsj[ɐ]	0
remanescente	ʀɨmɐnɨʃsẽtɨ	ʀemɐnɨʃsẽntɨ	ʀ[ɨ]mɐnɨʃsẽtɨ[]	ʀ[e]mɐnɨʃsẽnt[ɨ]	0
remanescer	ʀɨmɐnɨʃser	ʀemɐnɨʃser	ʀ[ɨ]mɐnɨʃser	ʀ[e]mɐnɨʃser	0
remangar	ʀɨmɐ̃ɡar	ʀemɐ̃nɡar	ʀ[ɨ]mɐ̃[]ɡar	ʀ[e]mɐ̃[n]ɡar	0
remansado	ʀɨmɐ̃sadu	ʀemɐ̃nsadu	ʀ[ɨ]mɐ̃[]sadu	ʀ[e]mɐ̃[n]sadu	0
remansar	ʀɨmɐ̃sar	ʀemɐ̃nsar	ʀ[ɨ]mɐ̃[]sar	ʀ[e]mɐ̃[n]sar	0
remansear	ʀɨmɐ̃sjar	ʀemɐ̃nsiar	ʀ[ɨ]mɐ̃[]s[j]ar	ʀ[e]mɐ̃[n]s[i]ar	0
remanso	ʀɨmɐ̃su	ʀemɐ̃nsu	ʀ[ɨ]mɐ̃[]su	ʀ[e]mɐ̃[n]su	0
remansoso	ʀɨmɐ̃sozu	ʀemɐ̃nsozu	ʀ[ɨ]mɐ̃[]sozu	ʀ[e]mɐ̃[n]sozu	0
remarcar	ʀɨmɐrkar	ʀemɐrkar	ʀ[ɨ]mɐrkar	ʀ[e]mɐrkar	0
remaridar	ʀɨmɐridar	ʀemɐridar	ʀ[ɨ]mɐridar	ʀ[e]mɐridar	0
remascar	ʀɨmɐʃkar	ʀemɐʃkar	ʀ[ɨ]mɐʃkar	ʀ[e]mɐʃkar	0
remasse	ʀɨmasɨ	ʀemasɨ	ʀ[ɨ]masɨ	ʀ[e]masɨ	0
remasterização	ʀɨmaʃtɨrizɐsɐ̃w̃	ʀemɐʃterizɐsɐ̃w̃	ʀ[ɨ]m[a]ʃt[ɨ]rizɐsɐ̃w̃	ʀ[e]m[ɐ]ʃt[e]rizɐsɐ̃w̃	0
remasterizar	ʀɨmaʃtɨrizar	ʀemɐʃterizar	ʀ[ɨ]m[a]ʃt[ɨ]rizar	ʀ[e]m[ɐ]ʃt[e]rizar	0
remastigação	ʀɨmɐʃtiɡɐsɐ̃w̃	ʀemɐʃtiɡɐsɐ̃w̃	ʀ[ɨ]mɐʃtiɡɐsɐ̃w̃	ʀ[e]mɐʃtiɡɐsɐ̃w̃	0
remastigar	ʀɨmɐʃtiɡar	ʀemɐʃtiɡar	ʀ[ɨ]mɐʃtiɡar	ʀ[e]mɐʃtiɡar	0
rematação	ʀɨmɐtɐsɐ̃w̃	ʀemɐtɐsɐ̃w̃	ʀ[ɨ]mɐtɐsɐ̃w̃	ʀ[e]mɐtɐsɐ̃w̃	0
rematador	ʀɨmɐtɐdor	ʀemɐtɐdor	ʀ[ɨ]mɐtɐdor	ʀ[e]mɐtɐdor	0
rematado	ʀɨmɐtadu	ʀemɐtadu	ʀ[ɨ]mɐtadu	ʀ[e]mɐtadu	0
rematar	ʀɨmɐtar	ʀemɐtar	ʀ[ɨ]mɐtar	ʀ[e]mɐtar	0
remate	ʀɨmatɨ	ʀematɨ	ʀ[ɨ]matɨ	ʀ[e]matɨ	0
remeção	ʀɨmɨsɐ̃w̃	ʀemɨsɐ̃w̃	ʀ[ɨ]mɨsɐ̃w̃	ʀ[e]mɨsɐ̃w̃	0
remedar	ʀɨmɨdar	ʀemɨdar	ʀ[ɨ]mɨdar	ʀ[e]mɨdar	0
remedeio	ʀɨmɨdɐju	ʀemɨdeju	ʀ[ɨ]mɨd[ɐ]ju	ʀ[e]mɨd[e]ju	0
remediador	ʀɨmɨdjɐdor	ʀemɨdiɐdor	ʀ[ɨ]mɨd[j]ɐdor	ʀ[e]mɨd[i]ɐdor	0
remediado	ʀɨmɨdjadu	ʀemɨdiadu	ʀ[ɨ]mɨd[j]adu	ʀ[e]mɨd[i]adu	0
remediar	ʀɨmɨdjar	ʀemɨdiar	ʀ[ɨ]mɨd[j]ar	ʀ[e]mɨd[i]ar	0
remediável	ʀɨmɨdjavɛɫ	ʀemɨdiavɛɫ	ʀ[ɨ]mɨd[j]avɛɫ	ʀ[e]mɨd[i]avɛɫ	0
remedição	ʀɨmɨdisɐ̃w̃	ʀemɨdisɐ̃w̃	ʀ[ɨ]mɨdisɐ̃w̃	ʀ[e]mɨdisɐ̃w̃	0
remédio-de-vaqueiro	ʀɨmɛdjudɨvɐkɐjru	ʀemɛdɪudɨvɐkɐjru	ʀ[ɨ]mɛd[j]udɨvɐkɐjru	ʀ[e]mɛd[ɪ]udɨvɐkɐjru	0
remédio-do-vaqueiro	ʀɨmɛdjuduvɐkɐjru	ʀemɛdɪuduvɐkɐjru	ʀ[ɨ]mɛd[j]uduvɐkɐjru	ʀ[e]mɛd[ɪ]uduvɐkɐjru	0
remédio	ʀɨmɛdju	ʀemɛdju	ʀ[ɨ]mɛdju	ʀ[e]mɛdju	0
remedir	ʀɨmɨdir	ʀemɨdir	ʀ[ɨ]mɨdir	ʀ[e]mɨdir	0
remedo	ʀɨmedu	ʀemedu	ʀ[ɨ]medu	ʀ[e]medu	0
remeia	ʀɨmɐjɐ	ʀemejɐ	ʀ[ɨ]m[ɐ]jɐ	ʀ[e]m[e]jɐ	0
remeiro	ʀɨmɐjru	ʀemɐjru	ʀ[ɨ]mɐjru	ʀ[e]mɐjru	0
remelado	ʀɨmɨladu	ʀemɨladu	ʀ[ɨ]mɨladu	ʀ[e]mɨladu	0
remela	ʀɨmɛlɐ	ʀemɛlɐ	ʀ[ɨ]mɛlɐ	ʀ[e]mɛlɐ	0
remeleiro	ʀɨmɨlɐjru	ʀemɨlɐjru	ʀ[ɨ]mɨlɐjru	ʀ[e]mɨlɐjru	0
remeleixo	ʀɨmɨlɐjʃu	ʀemɨlɐjʃu	ʀ[ɨ]mɨlɐjʃu	ʀ[e]mɨlɐjʃu	0
remelento	ʀɨmɨlẽtu	ʀemɨlẽntu	ʀ[ɨ]mɨlẽtu[]	ʀ[e]mɨlẽnt[u]	0
remelgado	ʀɨmɛɫɡadu	ʀemɨɫɡadu	ʀ[ɨ]m[ɛ]ɫɡadu	ʀ[e]m[ɨ]ɫɡadu	0
remelga	ʀɨmɛɫɡɐ	ʀemeɫɡɐ	ʀ[ɨ]m[ɛ]ɫɡɐ	ʀ[e]m[e]ɫɡɐ	0
remelgueira	ʀɨmɛɫɡɐjrɐ	ʀemɨɫɡɐjrɐ	ʀ[ɨ]m[ɛ]ɫɡɐjrɐ	ʀ[e]m[ɨ]ɫɡɐjrɐ	0
remelgueiro	ʀɨmɛɫɡɐjru	ʀemɨɫɡɐjru	ʀ[ɨ]m[ɛ]ɫɡɐjru	ʀ[e]m[ɨ]ɫɡɐjru	0
remelhor	ʀɨmɨʎɔr	ʀemɨʎor	ʀ[ɨ]mɨʎ[ɔ]r	ʀ[e]mɨʎ[o]r	0
remeloso	ʀɨmɨlozu	ʀemɨlozu	ʀ[ɨ]mɨlozu	ʀ[e]mɨlozu	0
remembrança	ʀɨmẽbrɐ̃sɐ	ʀemẽmbrɐ̃nsɐ	ʀ[ɨ]mẽbrɐ̃[s]ɐ[]	ʀ[e]mẽmbr[]ɐ̃ns[ɐ]	0
remembrar	ʀɨmẽbrar	ʀemẽmbrar	ʀ[ɨ]mẽbr[a]r[]	ʀ[e]mẽm[b]ra[r]	0
rememoração	ʀɨmɨmurɐsɐ̃w̃	ʀemɨmurɐsɐ̃w̃	ʀ[ɨ]mɨmurɐsɐ̃w̃	ʀ[e]mɨmurɐsɐ̃w̃	0
rememorador	ʀɨmɨmurɐdor	ʀemɨmurɐdor	ʀ[ɨ]mɨmurɐdor	ʀ[e]mɨmurɐdor	0
rememorar	ʀɨmɨmurar	ʀemɨmurar	ʀ[ɨ]mɨmurar	ʀ[e]mɨmurar	0
rememorativo	ʀɨmɨmurɐtivu	ʀemɨmurɐtivu	ʀ[ɨ]mɨmurɐtivu	ʀ[e]mɨmurɐtivu	0
rememorável	ʀɨmɨmuravɛɫ	ʀemɨmuravɛɫ	ʀ[ɨ]mɨmuravɛɫ	ʀ[e]mɨmuravɛɫ	0
remêmoro	ʀɨmemuru	ʀememuru	ʀ[ɨ]memuru	ʀ[e]memuru	0
remémoro	ʀɨmɛmuru	ʀemɛmuru	ʀ[ɨ]mɛmuru	ʀ[e]mɛmuru	0
remendado	ʀɨmẽdadu	ʀemẽndadu	ʀ[ɨ]mẽd[a]du[]	ʀ[e]mẽ[n]dad[u]	0
remendagem	ʀɨmẽdaʒɐ̃j̃	ʀemẽndaʒɐjn	ʀ[ɨ]mẽdaʒɐ̃[]j[̃]	ʀ[e]mẽndaʒ[ɐ]j[n]	0
remendão	ʀɨmẽdɐ̃w̃	ʀemẽndɐ̃w̃	ʀ[ɨ]mẽdɐ̃[w]̃[]	ʀ[e]mẽnd[ɐ]̃w[̃]	0
remendar	ʀɨmẽdar	ʀemẽndar	ʀ[ɨ]mẽdar[]	ʀ[e]mẽnda[r]	0
remendeiro	ʀɨmẽdɐjru	ʀemẽndɐjru	ʀ[ɨ]mẽdɐjru[]	ʀ[e]mẽndɐjr[u]	0
remendo	ʀɨmẽdu	ʀemẽndu	ʀ[ɨ]mẽdu[]	ʀ[e]mẽnd[u]	0
remeneio	ʀɨmɨnɐju	ʀemɨneju	ʀ[ɨ]mɨn[ɐ]ju	ʀ[e]mɨn[e]ju	0
remenicar	ʀɨmɨnikar	ʀemɨnikar	ʀ[ɨ]mɨnikar	ʀ[e]mɨnikar	0
remense	ʀɨmẽsɨ	ʀemẽnsɨ	ʀ[ɨ]mẽsɨ[]	ʀ[e]mẽns[ɨ]	0
remerecedor	ʀɨmɨrɨsɨdor	ʀemɨresɨdor	ʀ[ɨ]mɨr[ɨ]sɨdor	ʀ[e]mɨr[e]sɨdor	0
remerecer	ʀɨmɨrɨser	ʀemɨrɨser	ʀ[ɨ]mɨrɨser	ʀ[e]mɨrɨser	0
remergulhar	ʀɨmɨrɡuʎar	ʀemɨrɡuʎar	ʀ[ɨ]mɨrɡuʎar	ʀ[e]mɨrɡuʎar	0
remessão	ʀɨmɨsɐ̃w̃	ʀemɨsɐ̃w̃	ʀ[ɨ]mɨsɐ̃w̃	ʀ[e]mɨsɐ̃w̃	0
remessar	ʀɨmɨsar	ʀemɨsar	ʀ[ɨ]mɨsar	ʀ[e]mɨsar	0
remessa	ʀɨmɛsɐ	ʀemɛsɐ	ʀ[ɨ]mɛsɐ	ʀ[e]mɛsɐ	0
remesso	ʀɨmesu	ʀemɛsu	ʀ[ɨ]m[e]su	ʀ[e]m[ɛ]su	0
remetedura	ʀɨmɨtɨdurɐ	ʀemɨtɨdurɐ	ʀ[ɨ]mɨtɨdurɐ	ʀ[e]mɨtɨdurɐ	0
remetente	ʀɨmɨtẽtɨ	ʀemɨtẽntɨ	ʀ[ɨ]mɨtẽtɨ[]	ʀ[e]mɨtẽnt[ɨ]	0
remeter	ʀɨmɨter	ʀemɨter	ʀ[ɨ]mɨter	ʀ[e]mɨter	0
remetida	ʀɨmɨtidɐ	ʀemɨtidɐ	ʀ[ɨ]mɨtidɐ	ʀ[e]mɨtidɐ	0
remetimento	ʀɨmɨtimẽtu	ʀemɨtimẽntu	ʀ[ɨ]mɨtimẽtu[]	ʀ[e]mɨtimẽnt[u]	0
remexão	ʀɨmɨʃɐ̃w̃	ʀemɨʃɐ̃w̃	ʀ[ɨ]mɨʃɐ̃w̃	ʀ[e]mɨʃɐ̃w̃	0
remexer	ʀɨmɨʃer	ʀemɨʃer	ʀ[ɨ]mɨʃer	ʀ[e]mɨʃer	0
remexida	ʀɨmɨʃidɐ	ʀemɨʃidɐ	ʀ[ɨ]mɨʃidɐ	ʀ[e]mɨʃidɐ	0
remexido	ʀɨmɨʃidu	ʀemɨʃidu	ʀ[ɨ]mɨʃidu	ʀ[e]mɨʃidu	0
remição	ʀɨmisɐ̃w̃	ʀemisɐ̃w̃	ʀ[ɨ]misɐ̃w̃	ʀ[e]misɐ̃w̃	0
remidor	ʀɨmidor	ʀemidor	ʀ[ɨ]midor	ʀ[e]midor	0
remido	ʀɨmidu	ʀemidu	ʀ[ɨ]midu	ʀ[e]midu	0
remiforme	ʀɨmifɔrmɨ	ʀemifɔrmɨ	ʀ[ɨ]mifɔrmɨ	ʀ[e]mifɔrmɨ	0
remígero	ʀɨmiʒɨru	ʀemiʒɨru	ʀ[ɨ]miʒɨru	ʀ[e]miʒɨru	0
remígio	ʀɨmiʒju	ʀemiʒju	ʀ[ɨ]miʒju	ʀ[e]miʒju	0
remigração	ʀɨmiɡrɐsɐ̃w̃	ʀemiɡrɐsɐ̃w̃	ʀ[ɨ]miɡrɐsɐ̃w̃	ʀ[e]miɡrɐsɐ̃w̃	0
remigrar	ʀɨmiɡrar	ʀemiɡrar	ʀ[ɨ]miɡrar	ʀ[e]miɡrar	0
reminar	ʀɨminar	ʀeminar	ʀ[ɨ]minar	ʀ[e]minar	0
remineralização	ʀɨminɨrɐlizɐsɐ̃w̃	ʀeminerɐlizɐsɐ̃w̃	ʀ[ɨ]min[ɨ]rɐlizɐsɐ̃w̃	ʀ[e]min[e]rɐlizɐsɐ̃w̃	0
remineralizar	ʀɨminɨrɐlizar	ʀeminerɐlizar	ʀ[ɨ]min[ɨ]rɐlizar	ʀ[e]min[e]rɐlizar	0
reminiscência	ʀɨmɨniʃsẽsjɐ	ʀeminiʃsẽnsjɐ	ʀ[ɨ]m[ɨ]niʃsẽsjɐ[]	ʀ[e]m[i]niʃsẽnsj[ɐ]	0
remípede	ʀɨmipɨdɨ	ʀemipɨdɨ	ʀ[ɨ]mipɨdɨ	ʀ[e]mipɨdɨ	0
remirar	ʀɨmirar	ʀemirar	ʀ[ɨ]mirar	ʀ[e]mirar	0
remissão	ʀɨmisɐ̃w̃	ʀemisɐ̃w̃	ʀ[ɨ]misɐ̃w̃	ʀ[e]misɐ̃w̃	0
remissa	ʀɨmisɐ	ʀemisɐ	ʀ[ɨ]misɐ	ʀ[e]misɐ	0
remissibilidade	ʀɨmisibilidadɨ	ʀemisibilidadɨ	ʀ[ɨ]misibilidadɨ	ʀ[e]misibilidadɨ	0
remissível	ʀɨmisivɛɫ	ʀemisivɛɫ	ʀ[ɨ]misivɛɫ	ʀ[e]misivɛɫ	0
remissivo	ʀɨmisivu	ʀemisivu	ʀ[ɨ]misivu	ʀ[e]misivu	0
remissório	ʀɨmisɔrju	ʀemisɔrju	ʀ[ɨ]misɔrju	ʀ[e]misɔrju	0
remisso	ʀɨmisu	ʀemisu	ʀ[ɨ]misu	ʀ[e]misu	0
remitarso	ʀɨmitarsu	ʀemitarsu	ʀ[ɨ]mitarsu	ʀ[e]mitarsu	0
remitência	ʀɨmitẽsjɐ	ʀemitẽnsjɐ	ʀ[ɨ]mitẽsjɐ[]	ʀ[e]mitẽnsj[ɐ]	0
remitente	ʀɨmitẽtɨ	ʀemitẽntɨ	ʀ[ɨ]mitẽtɨ[]	ʀ[e]mitẽnt[ɨ]	0
remitir	ʀɨmitir	ʀemitir	ʀ[ɨ]mitir	ʀ[e]mitir	0
remível	ʀɨmivɛɫ	ʀemivɛɫ	ʀ[ɨ]mivɛɫ	ʀ[e]mivɛɫ	0
remixagem	ʀɨmiksaʒɐ̃j̃	ʀemiksaʒɐjn	ʀ[ɨ]miksaʒɐ[̃]j[̃]	ʀ[e]miksaʒɐ[]j[n]	0
remixar	ʀɨmiksar	ʀemiksar	ʀ[ɨ]miksar	ʀ[e]miksar	0
remoalho	ʀɨmwaʎu	ʀemuaʎu	ʀ[ɨ]m[w]aʎu	ʀ[e]m[u]aʎu	0
remoçador	ʀɨmusɐdor	ʀemusɐdor	ʀ[ɨ]musɐdor	ʀ[e]musɐdor	0
remoçado	ʀɨmusadu	ʀemusadu	ʀ[ɨ]musadu	ʀ[e]musadu	0
remoção	ʀɨmusɐ̃w̃	ʀemusɐ̃w̃	ʀ[ɨ]musɐ̃w̃	ʀ[e]musɐ̃w̃	0
remoçar	ʀɨmusar	ʀemusar	ʀ[ɨ]musar	ʀ[e]musar	0
remoçativo	ʀɨmusɐtivu	ʀemusɐtivu	ʀ[ɨ]musɐtivu	ʀ[e]musɐtivu	0
remodelação	ʀɨmudɨlɐsɐ̃w̃	ʀemudɨlɐsɐ̃w̃	ʀ[ɨ]mudɨlɐsɐ̃w̃	ʀ[e]mudɨlɐsɐ̃w̃	0
remodelar	ʀɨmudɨlar	ʀemudɨlar	ʀ[ɨ]mudɨlar	ʀ[e]mudɨlar	0
remoedura	ʀɨmuidurɐ	ʀemuɨdurɐ	ʀ[ɨ]mu[i]durɐ	ʀ[e]mu[ɨ]durɐ	0
remoer	ʀɨmwer	ʀemuer	ʀ[ɨ]m[w]er	ʀ[e]m[u]er	0
remoinhar	ʀɨmwiɲar	ʀemuiɲar	ʀ[ɨ]m[w]iɲar	ʀ[e]m[u]iɲar	0
remoinho	ʀɨmwiɲu	ʀemuiɲu	ʀ[ɨ]m[w]iɲu	ʀ[e]m[u]iɲu	0
remoinhoso	ʀɨmwiɲozu	ʀemuiɲozu	ʀ[ɨ]m[w]iɲozu	ʀ[e]m[u]iɲozu	0
remolhar	ʀɨmuʎar	ʀemuʎar	ʀ[ɨ]muʎar	ʀ[e]muʎar	0
remolho	ʀɨmoʎu	ʀemɔʎu	ʀ[ɨ]m[o]ʎu	ʀ[e]m[ɔ]ʎu	0
remondagem	ʀɨmõdaʒɐ̃j̃	ʀemõndaʒɐjn	ʀ[ɨ]mõdaʒɐ̃[]j[̃]	ʀ[e]mõndaʒ[ɐ]j[n]	0
remondar	ʀɨmõdar	ʀemõndar	ʀ[ɨ]mõdar[]	ʀ[e]mõnda[r]	0
remontado	ʀɨmõtadu	ʀemõntadu	ʀ[ɨ]mõtadu[]	ʀ[e]mõntad[u]	0
remontagem	ʀɨmõtaʒɐ̃j̃	ʀemõntaʒɐjn	ʀ[ɨ]mõtaʒɐ̃[]j[̃]	ʀ[e]mõntaʒ[ɐ]j[n]	0
remontante	ʀɨmõtɐ̃tɨ	ʀemõntɐ̃ntɨ	ʀ[ɨ]mõtɐ[̃]tɨ[]	ʀ[e]mõn[]tɐ̃nt[ɨ]	0
remontar	ʀɨmõtar	ʀemõntar	ʀ[ɨ]mõtar[]	ʀ[e]mõnta[r]	0
remonta	ʀɨmõtɐ	ʀemõntɐ	ʀ[ɨ]mõtɐ[]	ʀ[e]mõnt[ɐ]	0
remonte	ʀɨmõtɨ	ʀemõntɨ	ʀ[ɨ]mõtɨ[]	ʀ[e]mõnt[ɨ]	0
remontista	ʀɨmõtiʃtɐ	ʀemõntiʃtɐ	ʀ[ɨ]mõti[ʃ]tɐ[]	ʀ[e]mõn[]tiʃt[ɐ]	0
remoqueador	ʀɨmukjɐdor	ʀemukeɐdor	ʀ[ɨ]muk[j]ɐdor	ʀ[e]muk[e]ɐdor	0
remoquear	ʀɨmukjar	ʀemukɨar	ʀ[ɨ]muk[j]ar	ʀ[e]muk[ɨ]ar	0
remoque	ʀɨmɔkɨ	ʀemɔkɨ	ʀ[ɨ]mɔkɨ	ʀ[e]mɔkɨ	0
remorado	ʀɨmuradu	ʀemuradu	ʀ[ɨ]muradu	ʀ[e]muradu	0
remorar	ʀɨmurar	ʀemurar	ʀ[ɨ]murar	ʀ[e]murar	0
remora	ʀɨmɔrɐ	ʀemɔrɐ	ʀ[ɨ]mɔrɐ	ʀ[e]mɔrɐ	0
remordaz	ʀɨmurdaʃ	ʀemurdaʃ	ʀ[ɨ]murdaʃ	ʀ[e]murdaʃ	0
remordedor	ʀɨmurdɨdor	ʀemurdɨdor	ʀ[ɨ]murdɨdor	ʀ[e]murdɨdor	0
remordente	ʀɨmurdẽtɨ	ʀemurdẽntɨ	ʀ[ɨ]murdẽtɨ[]	ʀ[e]murdẽnt[ɨ]	0
remorder	ʀɨmurder	ʀemurder	ʀ[ɨ]murder	ʀ[e]murder	0
remordimento	ʀɨmurdimẽtu	ʀemurdimẽntu	ʀ[ɨ]murdimẽtu[]	ʀ[e]murdimẽnt[u]	0
remoroso	ʀɨmurozu	ʀemurozu	ʀ[ɨ]murozu	ʀ[e]murozu	0
remorso	ʀɨmɔrsu	ʀemɔrsu	ʀ[ɨ]mɔrsu	ʀ[e]mɔrsu	0
remorto	ʀɨmortu	ʀemortu	ʀ[ɨ]mortu	ʀ[e]mortu	0
remoto	ʀɨmɔtu	ʀemɔtu	ʀ[ɨ]mɔtu	ʀ[e]mɔtu	0
remover	ʀɨmuver	ʀemuver	ʀ[ɨ]muver	ʀ[e]muver	0
removimento	ʀɨmuvimẽtu	ʀemuvimẽntu	ʀ[ɨ]muvimẽtu[]	ʀ[e]muvimẽnt[u]	0
removível	ʀɨmuvivɛɫ	ʀemuvivɛɫ	ʀ[ɨ]muvivɛɫ	ʀ[e]muvivɛɫ	0
remualho	ʀɨmwaʎu	ʀemuaʎu	ʀ[ɨ]m[w]aʎu	ʀ[e]m[u]aʎu	0
remudar	ʀɨmudar	ʀemudar	ʀ[ɨ]mudar	ʀ[e]mudar	0
remugir	ʀɨmuʒir	ʀemuʒir	ʀ[ɨ]muʒir	ʀ[e]muʒir	0
remuito	ʀɨmũj̃tu	ʀemujtu	ʀ[ɨ]m[ũ]j[̃]tu	ʀ[e]m[u]j[]tu	0
remuneração	ʀɨmunɨrɐsɐ̃w̃	ʀemunerɐsɐ̃w̃	ʀ[ɨ]mun[ɨ]rɐsɐ̃w̃	ʀ[e]mun[e]rɐsɐ̃w̃	0
remunerador	ʀɨmunɨrɐdor	ʀemunerɐdor	ʀ[ɨ]mun[ɨ]rɐdor	ʀ[e]mun[e]rɐdor	0
remunerado	ʀɨmunɨradu	ʀemunɨradu	ʀ[ɨ]munɨradu	ʀ[e]munɨradu	0
remunerar	ʀɨmunɨrar	ʀemunɨrar	ʀ[ɨ]munɨrar	ʀ[e]munɨrar	0
remunerativo	ʀɨmunɨrɐtivu	ʀemunerɐtivu	ʀ[ɨ]mun[ɨ]rɐtivu	ʀ[e]mun[e]rɐtivu	0
remuneratório	ʀɨmunɨrɐtɔrju	ʀemunerɐtɔrju	ʀ[ɨ]mun[ɨ]rɐtɔrju	ʀ[e]mun[e]rɐtɔrju	0
remunerável	ʀɨmunɨravɛɫ	ʀemunɨravɛɫ	ʀ[ɨ]munɨravɛɫ	ʀ[e]munɨravɛɫ	0
remuneroso	ʀɨmunɨrozu	ʀemunɨrozu	ʀ[ɨ]munɨrozu	ʀ[e]munɨrozu	0
remurmurar	ʀɨmurmurar	ʀemurmurar	ʀ[ɨ]murmurar	ʀ[e]murmurar	0
remurmurejar	ʀɨmurmurɨʒar	ʀemurmurɨʒar	ʀ[ɨ]murmurɨʒar	ʀ[e]murmurɨʒar	0
remurmúrio	ʀɨmurmurju	ʀemurmurju	ʀ[ɨ]murmurju	ʀ[e]murmurju	0
renano	ʀɨnɐnu	ʀenɐ̃nu	ʀ[ɨ]nɐ[]nu	ʀ[e]nɐ[̃]nu	0
renascença	ʀɨnɐʃsẽsɐ	ʀenɐʃsẽnsɐ	ʀ[ɨ]nɐʃsẽsɐ[]	ʀ[e]nɐʃsẽns[ɐ]	0
renascente	ʀɨnɐʃsẽtɨ	ʀenɐʃsẽntɨ	ʀ[ɨ]nɐʃsẽtɨ[]	ʀ[e]nɐʃsẽnt[ɨ]	0
renascentismo	ʀɨnɐʃsẽtiʒmu	ʀenɐʃsẽntiʒmu	ʀ[ɨ]nɐʃsẽtiʒmu[]	ʀ[e]nɐʃsẽntiʒm[u]	0
renascentista	ʀɨnɐʃsẽtiʃtɐ	ʀenɐʃsẽntiʃtɐ	ʀ[ɨ]nɐʃsẽti[ʃ]tɐ[]	ʀ[e]nɐʃsẽn[]tiʃt[ɐ]	0
renascer	ʀɨnɐʃser	ʀenɐʃser	ʀ[ɨ]nɐʃser	ʀ[e]nɐʃser	0
renascimento	ʀɨnɐʃsimẽtu	ʀenɐʃsimẽntu	ʀ[ɨ]nɐʃsimẽtu[]	ʀ[e]nɐʃsimẽnt[u]	0
renavegar	ʀɨnɐvɨɡar	ʀenɐvɨɡar	ʀ[ɨ]nɐvɨɡar	ʀ[e]nɐvɨɡar	0
renegação	ʀɨnɨɡɐsɐ̃w̃	ʀenɨɡɐsɐ̃w̃	ʀ[ɨ]nɨɡɐsɐ̃w̃	ʀ[e]nɨɡɐsɐ̃w̃	0
renegador	ʀɨnɨɡɐdor	ʀenɨɡɐdor	ʀ[ɨ]nɨɡɐdor	ʀ[e]nɨɡɐdor	0
renegado	ʀɨnɨɡadu	ʀenɨɡadu	ʀ[ɨ]nɨɡadu	ʀ[e]nɨɡadu	0
renegar	ʀɨnɨɡar	ʀenɨɡar	ʀ[ɨ]nɨɡar	ʀ[e]nɨɡar	0
renegociação	ʀɨnɨɡusjɐsɐ̃w̃	ʀenɨɡusiɐsɐ̃w̃	ʀ[ɨ]nɨɡus[j]ɐsɐ̃w̃	ʀ[e]nɨɡus[i]ɐsɐ̃w̃	0
renegociar	ʀɨnɨɡusjar	ʀenɨɡusiar	ʀ[ɨ]nɨɡus[j]ar	ʀ[e]nɨɡus[i]ar	0
renegociável	ʀɨnɨɡusjavɛɫ	ʀenɨɡusiavɛɫ	ʀ[ɨ]nɨɡus[j]avɛɫ	ʀ[e]nɨɡus[i]avɛɫ	0
renetar	ʀɨnɨtar	ʀenɨtar	ʀ[ɨ]nɨtar	ʀ[e]nɨtar	0
renete	ʀɨnetɨ	ʀenetɨ	ʀ[ɨ]netɨ	ʀ[e]netɨ	0
renhido	ʀɨɲidu	ʀeɲidu	ʀ[ɨ]ɲidu	ʀ[e]ɲidu	0
renhimento	ʀɨɲimẽtu	ʀeɲimẽntu	ʀ[ɨ]ɲimẽtu[]	ʀ[e]ɲimẽnt[u]	0
renículo	ʀɨnikulu	ʀenikulu	ʀ[ɨ]nikulu	ʀ[e]nikulu	0
renidente	ʀɨnidẽtɨ	ʀenidẽntɨ	ʀ[ɨ]nidẽtɨ[]	ʀ[e]nidẽnt[ɨ]	0
reniforme	ʀɨnifɔrmɨ	ʀenifɔrmɨ	ʀ[ɨ]nifɔrmɨ	ʀ[e]nifɔrmɨ	0
renina	ʀɨninɐ	ʀeninɐ	ʀ[ɨ]ninɐ	ʀ[e]ninɐ	0
renitência	ʀɨnitẽsjɐ	ʀenitẽnsjɐ	ʀ[ɨ]nitẽsjɐ[]	ʀ[e]nitẽnsj[ɐ]	0
renitente	ʀɨnitẽtɨ	ʀenitẽntɨ	ʀ[ɨ]nitẽtɨ[]	ʀ[e]nitẽnt[ɨ]	0
renitir	ʀɨnitir	ʀenitir	ʀ[ɨ]nitir	ʀ[e]nitir	0
renomado	ʀɨnumadu	ʀenumadu	ʀ[ɨ]numadu	ʀ[e]numadu	0
renome	ʀɨnomɨ	ʀenomɨ	ʀ[ɨ]nomɨ	ʀ[e]nomɨ	0
renovação	ʀɨnuvɐsɐ̃w̃	ʀenuvɐsɐ̃w̃	ʀ[ɨ]nuvɐsɐ̃w̃	ʀ[e]nuvɐsɐ̃w̃	0
renovador	ʀɨnuvɐdor	ʀenuvɐdor	ʀ[ɨ]nuvɐdor	ʀ[e]nuvɐdor	0
renovamento	ʀɨnuvɐmẽtu	ʀenuvɐmẽntu	ʀ[ɨ]nuvɐmẽtu[]	ʀ[e]nuvɐmẽnt[u]	0
renovar	ʀɨnuvar	ʀenuvar	ʀ[ɨ]nuvar	ʀ[e]nuvar	0
renova	ʀɨnɔvɐ	ʀenɔvɐ	ʀ[ɨ]nɔvɐ	ʀ[e]nɔvɐ	0
renovável	ʀɨnuvavɛɫ	ʀenuvavɛɫ	ʀ[ɨ]nuvavɛɫ	ʀ[e]nuvavɛɫ	0
renovo	ʀɨnovu	ʀenovu	ʀ[ɨ]novu	ʀ[e]novu	0
renuente	ʀɨnwẽtɨ	ʀenuẽntɨ	ʀ[ɨ]nwẽtɨ[]	ʀ[e]nuẽnt[ɨ]	0
renuir	ʀɨnwir	ʀenuir	ʀ[ɨ]n[w]ir	ʀ[e]n[u]ir	0
renunciação	ʀɨnũsjɐsɐ̃w̃	ʀenũnsiɐsɐ̃w̃	ʀ[ɨ]nũsj[ɐ]s[]ɐ̃[w]̃[]	ʀ[e]nũn[]s[i]ɐs[ɐ]̃w[̃]	0
renunciador	ʀɨnũsjɐdor	ʀenũnsiɐdor	ʀ[ɨ]nũsjɐdor[]	ʀ[e]nũnsiɐdo[r]	0
renunciado	ʀɨnũsjadu	ʀenũnsiadu	ʀ[ɨ]nũsjadu[]	ʀ[e]nũnsiad[u]	0
renunciante	ʀɨnũsjɐ̃tɨ	ʀenũnsiɐ̃ntɨ	ʀ[ɨ]nũsjɐ̃tɨ[]	ʀ[e]nũnsiɐ̃nt[ɨ]	0
renunciar	ʀɨnũsjar	ʀenũnsiar	ʀ[ɨ]nũsjar[]	ʀ[e]nũnsia[r]	0
renúncia	ʀɨnũsjɐ	ʀenũnsjɐ	ʀ[ɨ]nũsjɐ[]	ʀ[e]nũnsj[ɐ]	0
renunciatório	ʀɨnũsjɐtɔrju	ʀenũnsiɐtɔrju	ʀ[ɨ]nũsjɐtɔrju[]	ʀ[e]nũnsiɐtɔrj[u]	0
renunciável	ʀɨnũsjavɛɫ	ʀenũnsiavɛɫ	ʀ[ɨ]nũsjavɛɫ[]	ʀ[e]nũnsiavɛ[ɫ]	0
renutação	ʀɨnutɐsɐ̃w̃	ʀenutɐsɐ̃w̃	ʀ[ɨ]nutɐsɐ̃w̃	ʀ[e]nutɐsɐ̃w̃	0
repagar	ʀɨpɐɡar	ʀepɐɡar	ʀ[ɨ]pɐɡar	ʀ[e]pɐɡar	0
repaginação	ʀɨpɐʒinɐsɐ̃w̃	ʀepɐʒinɐsɐ̃w̃	ʀ[ɨ]pɐʒinɐsɐ̃w̃	ʀ[e]pɐʒinɐsɐ̃w̃	0
repaginar	ʀɨpɐʒinar	ʀepɐʒinar	ʀ[ɨ]pɐʒinar	ʀ[e]pɐʒinar	0
repago	ʀɨpaɡu	ʀepaɡu	ʀ[ɨ]paɡu	ʀ[e]paɡu	0
reparação	ʀɨpɐrɐsɐ̃w̃	ʀepɐrɐsɐ̃w̃	ʀ[ɨ]pɐrɐsɐ̃w̃	ʀ[e]pɐrɐsɐ̃w̃	0
reparador	ʀɨpɐrɐdor	ʀepɐrɐdor	ʀ[ɨ]pɐrɐdor	ʀ[e]pɐrɐdor	0
reparar	ʀɨpɐrar	ʀepɐrar	ʀ[ɨ]pɐrar	ʀ[e]pɐrar	0
reparatório	ʀɨpɐrɐtɔrju	ʀepɐrɐtɔrju	ʀ[ɨ]pɐrɐtɔrju	ʀ[e]pɐrɐtɔrju	0
reparável	ʀɨpɐravɛɫ	ʀepɐravɛɫ	ʀ[ɨ]pɐravɛɫ	ʀ[e]pɐravɛɫ	0
reparo	ʀɨparu	ʀeparu	ʀ[ɨ]paru	ʀ[e]paru	0
repartição	ʀɨpɐrtisɐ̃w̃	ʀepɐrtisɐ̃w̃	ʀ[ɨ]pɐrtisɐ̃w̃	ʀ[e]pɐrtisɐ̃w̃	0
repartideira	ʀɨpɐrtidɐjrɐ	ʀepɐrtidɐjrɐ	ʀ[ɨ]pɐrtidɐjrɐ	ʀ[e]pɐrtidɐjrɐ	0
repartidor	ʀɨpɐrtidor	ʀepɐrtidor	ʀ[ɨ]pɐrtidor	ʀ[e]pɐrtidor	0
repartido	ʀɨpɐrtidu	ʀepɐrtidu	ʀ[ɨ]pɐrtidu	ʀ[e]pɐrtidu	0
repartimento	ʀɨpɐrtimẽtu	ʀepɐrtimẽntu	ʀ[ɨ]pɐrtimẽtu[]	ʀ[e]pɐrtimẽnt[u]	0
repartir	ʀɨpɐrtir	ʀepɐrtir	ʀ[ɨ]pɐrtir	ʀ[e]pɐrtir	0
repartitivo	ʀɨpɐrtitivu	ʀepɐrtitivu	ʀ[ɨ]pɐrtitivu	ʀ[e]pɐrtitivu	0
repartível	ʀɨpɐrtivɛɫ	ʀepɐrtivɛɫ	ʀ[ɨ]pɐrtivɛɫ	ʀ[e]pɐrtivɛɫ	0
repassadeira	ʀɨpɐsɐdɐjrɐ	ʀepɐsɐdɐjrɐ	ʀ[ɨ]pɐsɐdɐjrɐ	ʀ[e]pɐsɐdɐjrɐ	0
repassado	ʀɨpɐsadu	ʀepɐsadu	ʀ[ɨ]pɐsadu	ʀ[e]pɐsadu	0
repassar	ʀɨpɐsar	ʀepɐsar	ʀ[ɨ]pɐsar	ʀ[e]pɐsar	0
repasse	ʀɨpasɨ	ʀepasɨ	ʀ[ɨ]pasɨ	ʀ[e]pasɨ	0
repasso	ʀɨpasu	ʀepasu	ʀ[ɨ]pasu	ʀ[e]pasu	0
repastar	ʀɨpɐʃtar	ʀepɐʃtar	ʀ[ɨ]pɐʃtar	ʀ[e]pɐʃtar	0
repasto	ʀɨpaʃtu	ʀepaʃtu	ʀ[ɨ]paʃtu	ʀ[e]paʃtu	0
repatanar	ʀɨpɐtɐnar	ʀepɐtɐnar	ʀ[ɨ]pɐtɐnar	ʀ[e]pɐtɐnar	0
repatriação	ʀɨpɐtrjɐsɐ̃w̃	ʀepɐtriɐsɐ̃w̃	ʀ[ɨ]pɐtr[j]ɐsɐ̃w̃	ʀ[e]pɐtr[i]ɐsɐ̃w̃	0
repatriado	rɨpɐtrjadu	ʀepɐtriadu	r[ɨ]pɐtr[j]adu	ʀ[e]pɐtr[i]adu	0
repatriador	ʀɨpɐtrjɐdor	ʀepɐtriɐdor	ʀ[ɨ]pɐtr[j]ɐdor	ʀ[e]pɐtr[i]ɐdor	0
repatriamento	ʀɨpɐtrjɐmẽtu	ʀepɐtriɐmẽntu	ʀ[ɨ]pɐtr[j]ɐmẽtu[]	ʀ[e]pɐtr[i]ɐmẽnt[u]	0
repatriar	ʀɨpɐtrjar	ʀepɐtriar	ʀ[ɨ]pɐtr[j]ar	ʀ[e]pɐtr[i]ar	0
repavimentação	ʀɨpɐvimẽtɐsɐ̃w̃	ʀepɐvimẽntɐsɐ̃w̃	ʀ[ɨ]pɐvimẽtɐ[s]ɐ̃[w]̃[]	ʀ[e]pɐvimẽn[t]ɐs[ɐ]̃w[̃]	0
repavimentar	ʀɨpɐvimẽtar	ʀepɐvimẽntar	ʀ[ɨ]pɐvimẽtar[]	ʀ[e]pɐvimẽnta[r]	0
repelão	ʀɨpɨlɐ̃w̃	ʀepɨlɐ̃w̃	ʀ[ɨ]pɨlɐ̃w̃	ʀ[e]pɨlɐ̃w̃	0
repelar	ʀɨpɨlar	ʀepɨlar	ʀ[ɨ]pɨlar	ʀ[e]pɨlar	0
repelência	ʀɨpɨlẽsjɐ	ʀepɨlẽnsjɐ	ʀ[ɨ]pɨlẽsjɐ[]	ʀ[e]pɨlẽnsj[ɐ]	0
repelente	ʀɨpɨlẽtɨ	ʀepɨlẽntɨ	ʀ[ɨ]pɨlẽtɨ[]	ʀ[e]pɨlẽnt[ɨ]	0
repelido	ʀɨpɨlidu	ʀepɨlidu	ʀ[ɨ]pɨlidu	ʀ[e]pɨlidu	0
repelir	ʀɨpɨlir	ʀepɨlir	ʀ[ɨ]pɨlir	ʀ[e]pɨlir	0
repelo	ʀɨpelu	ʀepɛlu	ʀ[ɨ]p[e]lu	ʀ[e]p[ɛ]lu	0
repenicado	ʀɨpɨnikadu	ʀepɨnikadu	ʀ[ɨ]pɨnikadu	ʀ[e]pɨnikadu	0
repenicar	ʀɨpɨnikar	ʀepɨnikar	ʀ[ɨ]pɨnikar	ʀ[e]pɨnikar	0
repenique	ʀɨpɨnikɨ	ʀepɨnikɨ	ʀ[ɨ]pɨnikɨ	ʀ[e]pɨnikɨ	0
repensar	ʀɨpẽsar	ʀepẽnsar	ʀ[ɨ]pẽsar[]	ʀ[e]pẽnsa[r]	0
repentemente	ʀɨpẽtɨmẽtɨ	ʀepẽntɨmẽntɨ	ʀ[ɨ]pẽtɨmẽtɨ[]	ʀ[e]pẽntɨmẽnt[ɨ]	0
repente	ʀɨpẽtɨ	ʀepẽntɨ	ʀ[ɨ]pẽtɨ[]	ʀ[e]pẽnt[ɨ]	0
repentinamente	ʀɨpẽtinɐmẽtɨ	ʀepẽntinɐmẽntɨ	ʀ[ɨ]pẽt[i]nɐmẽtɨ[]	ʀ[e]pẽ[]ntinɐmẽnt[ɨ]	0
repentinar	ʀɨpẽtinar	ʀepẽntinar	ʀ[ɨ]pẽt[i]nar[]	ʀ[e]pẽ[]ntina[r]	0
repentino	ʀɨpẽtinu	ʀepẽntinu	ʀ[ɨ]pẽt[i]nu[]	ʀ[e]pẽ[]ntin[u]	0
repentista	ʀɨpẽtiʃtɐ	ʀepẽntiʃtɐ	ʀ[ɨ]pẽti[ʃ]tɐ[]	ʀ[e]pẽn[]tiʃt[ɐ]	0
repercussão	ʀɨpɨrkusɐ̃w̃	ʀepɨrkusɐ̃w̃	ʀ[ɨ]pɨrkusɐ̃w̃	ʀ[e]pɨrkusɐ̃w̃	0
repercussivo	ʀɨpɨrkusivu	ʀepɨrkusivu	ʀ[ɨ]pɨrkusivu	ʀ[e]pɨrkusivu	0
repercusso	ʀɨpɨrkusu	ʀepɨrkusu	ʀ[ɨ]pɨrkusu	ʀ[e]pɨrkusu	0
repercutente	ʀɨpɨrkutẽtɨ	ʀepɨrkutẽntɨ	ʀ[ɨ]pɨrkutẽtɨ[]	ʀ[e]pɨrkutẽnt[ɨ]	0
repercutir	ʀɨpɨrkutir	ʀepɨrkutir	ʀ[ɨ]pɨrkutir	ʀ[e]pɨrkutir	0
reperguntar	ʀɨpɨrɡũtar	ʀepɨrɡũntar	ʀ[ɨ]pɨrɡũtar[]	ʀ[e]pɨrɡũnta[r]	0
repergunta	ʀɨpɨrɡũtɐ	ʀepɨrɡũntɐ	ʀ[ɨ]pɨrɡũtɐ[]	ʀ[e]pɨrɡũnt[ɐ]	0
repertoriar	ʀɨpɨrturjar	ʀepɨrturiar	ʀ[ɨ]pɨrtur[j]ar	ʀ[e]pɨrtur[i]ar	0
repertório	ʀɨpɨrtɔrju	ʀepɨrtɔrju	ʀ[ɨ]pɨrtɔrju	ʀ[e]pɨrtɔrju	0
repesador	ʀɨpɨzɐdor	ʀepɨzɐdor	ʀ[ɨ]pɨzɐdor	ʀ[e]pɨzɐdor	0
repescagem	ʀɨpɨʃkaʒɐ̃j̃	ʀepɨʃkaʒɐjn	ʀ[ɨ]pɨʃkaʒɐ[̃]j[̃]	ʀ[e]pɨʃkaʒɐ[]j[n]	0
repescar	ʀɨpɨʃkar	ʀepɨʃkar	ʀ[ɨ]pɨʃkar	ʀ[e]pɨʃkar	0
repetenado	ʀɨpɨtɨnadu	ʀepɨtɨnadu	ʀ[ɨ]pɨtɨnadu	ʀ[e]pɨtɨnadu	0
repetenar	ʀɨpɨtɨnar	ʀepɨtɨnar	ʀ[ɨ]pɨtɨnar	ʀ[e]pɨtɨnar	0
repetência	ʀɨpɨtẽsjɐ	ʀepɨtẽnsjɐ	ʀ[ɨ]pɨtẽsjɐ[]	ʀ[e]pɨtẽnsj[ɐ]	0
repetente	ʀɨpɨtẽtɨ	ʀepɨtẽntɨ	ʀ[ɨ]pɨtẽtɨ[]	ʀ[e]pɨtẽnt[ɨ]	0
repetição	ʀɨpɨtisɐ̃w̃	ʀepɨtisɐ̃w̃	ʀ[ɨ]pɨtisɐ̃w̃	ʀ[e]pɨtisɐ̃w̃	0
repetidamente	ʀɨpɨtidɐmẽtɨ	ʀepɨtidɐmẽntɨ	ʀ[ɨ]pɨtidɐmẽtɨ[]	ʀ[e]pɨtidɐmẽnt[ɨ]	0
repetidor	ʀɨpɨtidor	ʀepɨtidor	ʀ[ɨ]pɨtidor	ʀ[e]pɨtidor	0
repetido	ʀɨpɨtidu	ʀepɨtidu	ʀ[ɨ]pɨtidu	ʀ[e]pɨtidu	0
repetir	ʀɨpɨtir	ʀepɨtir	ʀ[ɨ]pɨtir	ʀ[e]pɨtir	0
repetitivo	ʀɨpɨtitivu	ʀepɨtitivu	ʀ[ɨ]pɨtitivu	ʀ[e]pɨtitivu	0
repetitório	ʀɨpɨtitɔrju	ʀepɨtitɔrju	ʀ[ɨ]pɨtitɔrju	ʀ[e]pɨtitɔrju	0
repetível	ʀɨpɨtivɛɫ	ʀepɨtivɛɫ	ʀ[ɨ]pɨtivɛɫ	ʀ[e]pɨtivɛɫ	0
repicador	ʀɨpikɐdor	ʀepikɐdor	ʀ[ɨ]pikɐdor	ʀ[e]pikɐdor	0
repicagem	ʀɨpikaʒɐ̃j̃	ʀepikaʒɐjn	ʀ[ɨ]pikaʒɐ[̃]j[̃]	ʀ[e]pikaʒɐ[]j[n]	0
repica-ponto	ʀɨpikɐpõtu	ʀepikɐpõntu	ʀ[ɨ]pikɐpõtu[]	ʀ[e]pikɐpõnt[u]	0
repicar	ʀɨpikar	ʀepikar	ʀ[ɨ]pikar	ʀ[e]pikar	0
repiento	ʀɨpjẽtu	ʀepiẽntu	ʀ[ɨ]pjẽtu[]	ʀ[e]piẽnt[u]	0
repimpado	ʀɨpĩpadu	ʀepĩmpadu	ʀ[ɨ]pĩpadu[]	ʀ[e]pĩmpad[u]	0
repimpar	ʀɨpĩpar	ʀepĩmpar	ʀ[ɨ]pĩpar[]	ʀ[e]pĩmpa[r]	0
repimpim	ʀɨpĩpĩ	ʀepĩmpĩn	ʀ[ɨ]pĩpĩ[]	ʀ[e]pĩmpĩ[n]	0
repinchar	ʀɨpĩʃar	ʀepĩnʃar	ʀ[ɨ]pĩʃar[]	ʀ[e]pĩnʃa[r]	0
repintalgado	ʀɨpĩtaɫɡadu	ʀepĩntaɫɡadu	ʀ[ɨ]pĩtaɫ[ɡ]adu[]	ʀ[e]pĩnt[]aɫɡad[u]	0
repintar	ʀɨpĩtar	ʀepĩntar	ʀ[ɨ]pĩtar[]	ʀ[e]pĩnta[r]	0
repique	ʀɨpikɨ	ʀepikɨ	ʀ[ɨ]pikɨ	ʀ[e]pikɨ	0
repiquetar	ʀɨpikɨtar	ʀepikɨtar	ʀ[ɨ]pikɨtar	ʀ[e]pikɨtar	0
repiquete	ʀɨpiketɨ	ʀepikɛtɨ	ʀ[ɨ]pik[e]tɨ	ʀ[e]pik[ɛ]tɨ	0
repisado	ʀɨpizadu	ʀepizadu	ʀ[ɨ]pizadu	ʀ[e]pizadu	0
repisar	ʀɨpizar	ʀepizar	ʀ[ɨ]pizar	ʀ[e]pizar	0
repisa	ʀɨpizɐ	ʀepizɐ	ʀ[ɨ]pizɐ	ʀ[e]pizɐ	0
replainar	ʀɨplajnar	ʀeplajnar	ʀ[ɨ]plajnar	ʀ[e]plajnar	0
replaina	ʀɨplajnɐ	ʀeplajnɐ	ʀ[ɨ]plajnɐ	ʀ[e]plajnɐ	0
replaino	ʀɨplajnu	ʀeplajnu	ʀ[ɨ]plajnu	ʀ[e]plajnu	0
replanado	ʀɨplɐnadu	ʀeplɐnadu	ʀ[ɨ]plɐnadu	ʀ[e]plɐnadu	0
replantação	ʀɨplɐ̃tɐsɐ̃w̃	ʀeplɐ̃ntɐsɐ̃w̃	ʀ[ɨ]plɐ̃[]tɐsɐ̃w̃	ʀ[e]plɐ̃[n]tɐsɐ̃w̃	0
replantar	ʀɨplɐ̃tar	ʀeplɐ̃ntar	ʀ[ɨ]plɐ̃[]tar	ʀ[e]plɐ̃[n]tar	0
replantio	ʀɨplɐ̃tiu	ʀeplɐ̃ntiw	ʀ[ɨ]plɐ̃[]ti[u]	ʀ[e]plɐ̃[n]ti[w]	0
repleção	ʀɨplɛsɐ̃w̃	ʀeplɨsɐ̃w̃	ʀ[ɨ]pl[ɛ]sɐ̃w̃	ʀ[e]pl[ɨ]sɐ̃w̃	0
repleno	ʀɨplenu	ʀeplenu	ʀ[ɨ]plenu	ʀ[e]plenu	0
repletar	ʀɨplɨtar	ʀeplɨtar	ʀ[ɨ]plɨtar	ʀ[e]plɨtar	0
repleto	ʀɨplɛtu	ʀeplɛtu	ʀ[ɨ]plɛtu	ʀ[e]plɛtu	0
replicação	ʀɨplikɐsɐ̃w̃	ʀeplikɐsɐ̃w̃	ʀ[ɨ]plikɐsɐ̃w̃	ʀ[e]plikɐsɐ̃w̃	0
replicador	ʀɨplikɐdor	ʀeplikɐdor	ʀ[ɨ]plikɐdor	ʀ[e]plikɐdor	0
replicante	ʀɨplikɐ̃tɨ	ʀeplikɐ̃ntɨ	ʀ[ɨ]plikɐ̃[]tɨ	ʀ[e]plikɐ̃[n]tɨ	0
replicar	ʀɨplikar	ʀeplikar	ʀ[ɨ]plikar	ʀ[e]plikar	0
replicativo	ʀɨplikɐtivu	ʀeplikɐtivu	ʀ[ɨ]plikɐtivu	ʀ[e]plikɐtivu	0
replicável	ʀɨplikavɛɫ	ʀeplikavɛɫ	ʀ[ɨ]plikavɛɫ	ʀ[e]plikavɛɫ	0
repoisar	ʀɨpojzar	ʀepojzar	ʀ[ɨ]pojzar	ʀ[e]pojzar	0
repoiso	ʀɨpojzu	ʀepojzu	ʀ[ɨ]pojzu	ʀ[e]pojzu	0
repolegar	ʀɨpulɨɡar	ʀepulɨɡar	ʀ[ɨ]pulɨɡar	ʀ[e]pulɨɡar	0
repolego	ʀɨpuleɡu	ʀepulɛɡu	ʀ[ɨ]pul[e]ɡu	ʀ[e]pul[ɛ]ɡu	0
repolga	ʀɨpɔɫɡɐ	ʀepoɫɡɐ	ʀ[ɨ]p[ɔ]ɫɡɐ	ʀ[e]p[o]ɫɡɐ	0
repolhaço	ʀɨpuʎasu	ʀepuʎasu	ʀ[ɨ]puʎasu	ʀ[e]puʎasu	0
repolhal	ʀɨpuʎaɫ	ʀepuʎaɫ	ʀ[ɨ]puʎaɫ	ʀ[e]puʎaɫ	0
repolhar	ʀɨpuʎar	ʀepuʎar	ʀ[ɨ]puʎar	ʀ[e]puʎar	0
repolho	ʀɨpoʎu	ʀepoʎu	ʀ[ɨ]poʎu	ʀ[e]poʎu	0
repolhudo	ʀɨpuʎudu	ʀepuʎudu	ʀ[ɨ]puʎudu	ʀ[e]puʎudu	0
repoltrear	ʀɨpoɫtrjar	ʀepuɫtriar	ʀ[ɨ]p[o]ɫtr[j]ar	ʀ[e]p[u]ɫtr[i]ar	0
repôncio	ʀɨpõsju	ʀepõnsju	ʀ[ɨ]põsju[]	ʀ[e]põnsj[u]	0
repontão	ʀɨpõtɐ̃w̃	ʀepõntɐ̃w̃	ʀ[ɨ]põtɐ̃[w]̃[]	ʀ[e]põnt[ɐ]̃w[̃]	0
repontar	ʀɨpõtar	ʀepõntar	ʀ[ɨ]põtar[]	ʀ[e]põnta[r]	0
reponta	ʀɨpõtɐ	ʀepõntɐ	ʀ[ɨ]põtɐ[]	ʀ[e]põnt[ɐ]	0
repontice	ʀɨpõtisɨ	ʀepõntisɨ	ʀ[ɨ]põtisɨ[]	ʀ[e]põntis[ɨ]	0
reportação	ʀɨpurtɐsɐ̃w̃	ʀepurtɐsɐ̃w̃	ʀ[ɨ]purtɐsɐ̃w̃	ʀ[e]purtɐsɐ̃w̃	0
reportado	ʀɨpurtadu	ʀepurtadu	ʀ[ɨ]purtadu	ʀ[e]purtadu	0
reportagem	ʀɨpurtaʒɐ̃j̃	ʀepurtaʒɐjn	ʀ[ɨ]purtaʒɐ[̃]j[̃]	ʀ[e]purtaʒɐ[]j[n]	0
reportamento	ʀɨpurtɐmẽtu	ʀepurtɐmẽntu	ʀ[ɨ]purtɐmẽtu[]	ʀ[e]purtɐmẽnt[u]	0
repórter	ʀɨpɔrtɛr	ʀepɔrtɨr	ʀ[ɨ]pɔrt[ɛ]r	ʀ[e]pɔrt[ɨ]r	0
reportório	ʀɨpurtɔrju	ʀepurtɔrju	ʀ[ɨ]purtɔrju	ʀ[e]purtɔrju	0
reposição	ʀɨpuzisɐ̃w̃	ʀepuzisɐ̃w̃	ʀ[ɨ]puzisɐ̃w̃	ʀ[e]puzisɐ̃w̃	0
repositório	ʀɨpuzitɔrju	ʀepuzitɔrju	ʀ[ɨ]puzitɔrju	ʀ[e]puzitɔrju	0
repostada	ʀɨpuʃtadɐ	ʀepuʃtadɐ	ʀ[ɨ]puʃtadɐ	ʀ[e]puʃtadɐ	0
repostar	ʀɨpuʃtar	ʀepuʃtar	ʀ[ɨ]puʃtar	ʀ[e]puʃtar	0
reposta	ʀɨpɔʃtɐ	ʀepɔʃtɐ	ʀ[ɨ]pɔʃtɐ	ʀ[e]pɔʃtɐ	0
reposteiro	ʀɨpuʃtɐjru	ʀepuʃtɐjru	ʀ[ɨ]puʃtɐjru	ʀ[e]puʃtɐjru	0
reposte	ʀɨpɔʃtɨ	ʀepɔʃtɨ	ʀ[ɨ]pɔʃtɨ	ʀ[e]pɔʃtɨ	0
repotrear	ʀɨputrjar	ʀeputriar	ʀ[ɨ]putr[j]ar	ʀ[e]putr[i]ar	0
repotronar	ʀɨputrunar	ʀeputrunar	ʀ[ɨ]putrunar	ʀ[e]putrunar	0
repousante	ʀɨpowzɐ̃tɨ	ʀepowzɐ̃ntɨ	ʀ[ɨ]powzɐ̃[]tɨ	ʀ[e]powzɐ̃[n]tɨ	0
repousar	ʀɨpowzar	ʀepowzar	ʀ[ɨ]powzar	ʀ[e]powzar	0
repouso	ʀɨpowzu	ʀepowzu	ʀ[ɨ]powzu	ʀ[e]powzu	0
repovoação	ʀɨpuvwɐsɐ̃w̃	ʀepuvuɐsɐ̃w̃	ʀ[ɨ]puv[w]ɐsɐ̃w̃	ʀ[e]puv[u]ɐsɐ̃w̃	0
repovoamento	ʀɨpuvwɐmẽtu	ʀepuvuɐmẽntu	ʀ[ɨ]puv[w]ɐmẽtu[]	ʀ[e]puv[u]ɐmẽnt[u]	0
repovoar	ʀɨpuvwar	ʀepuvuar	ʀ[ɨ]puv[w]ar	ʀ[e]puv[u]ar	0
repreendedor	ʀɨprjẽdɨdor	ʀepriẽndɨdor	ʀ[ɨ]prjẽd[ɨ]dor[]	ʀ[e]priẽ[n]dɨdo[r]	0
repreender	ʀɨprjẽder	ʀepriẽnder	ʀ[ɨ]prjẽder[]	ʀ[e]priẽnde[r]	0
repreendido	ʀɨprjẽdidu	ʀepriẽndidu	ʀ[ɨ]prjẽd[i]du[]	ʀ[e]priẽ[n]did[u]	0
repreensão	ʀɨprjẽsɐ̃w̃	ʀepriẽnsɐ̃w̃	ʀ[ɨ]prjẽsɐ̃[w]̃[]	ʀ[e]priẽns[ɐ]̃w[̃]	0
repreensivamente	ʀɨprjẽsivɐmẽtɨ	ʀepriẽnsivɐmẽntɨ	ʀ[ɨ]prjẽsivɐmẽtɨ[]	ʀ[e]priẽnsivɐmẽnt[ɨ]	0
repreensivelmente	ʀɨprjẽsivɛɫmẽtɨ	ʀepriẽnsivɛɫmẽntɨ	ʀ[ɨ]prjẽsivɛɫmẽtɨ[]	ʀ[e]priẽnsivɛɫmẽnt[ɨ]	0
repreensível	ʀɨprjẽsivɛɫ	ʀepriẽnsivɛɫ	ʀ[ɨ]prjẽsivɛɫ[]	ʀ[e]priẽnsivɛ[ɫ]	0
repreensivo	ʀɨprjẽsivu	ʀepriẽnsivu	ʀ[ɨ]prjẽsivu[]	ʀ[e]priẽnsiv[u]	0
repreensor	ʀɨprjẽsor	ʀepriẽnsor	ʀ[ɨ]prjẽsor[]	ʀ[e]priẽnso[r]	0
repregar	ʀɨprɨɡar	ʀeprɨɡar	ʀ[ɨ]prɨɡar	ʀ[e]prɨɡar	0
reprego	ʀɨprɛɡu	ʀeprɛɡu	ʀ[ɨ]prɛɡu	ʀ[e]prɛɡu	0
reprender	ʀɨprẽder	ʀeprẽnder	ʀ[ɨ]prẽder[]	ʀ[e]prẽnde[r]	0
represador	ʀɨprɨzɐdor	ʀeprɨzɐdor	ʀ[ɨ]prɨzɐdor	ʀ[e]prɨzɐdor	0
represadura	ʀɨprɨzɐdurɐ	ʀeprɨzɐdurɐ	ʀ[ɨ]prɨzɐdurɐ	ʀ[e]prɨzɐdurɐ	0
represália	ʀɨprɨzaljɐ	ʀeprɨzaljɐ	ʀ[ɨ]prɨzaljɐ	ʀ[e]prɨzaljɐ	0
represar	ʀɨprɨzar	ʀeprɨzar	ʀ[ɨ]prɨzar	ʀ[e]prɨzar	0
represa	ʀɨprezɐ	ʀeprezɐ	ʀ[ɨ]prezɐ	ʀ[e]prezɐ	0
representação	ʀɨprɨzẽtɐsɐ̃w̃	ʀeprɨzẽntɐsɐ̃w̃	ʀ[ɨ]prɨzẽtɐ[s]ɐ̃[w]̃[]	ʀ[e]prɨzẽn[t]ɐs[ɐ]̃w[̃]	0
representador	ʀɨprɨzẽtɐdor	ʀeprɨzẽntɐdor	ʀ[ɨ]prɨzẽtɐdor[]	ʀ[e]prɨzẽntɐdo[r]	0
representante	ʀɨprɨzẽtɐ̃tɨ	ʀeprɨzẽntɐ̃ntɨ	ʀ[ɨ]prɨzẽtɐ[̃]tɨ[]	ʀ[e]prɨzẽn[]tɐ̃nt[ɨ]	0
representar	ʀɨprɨzẽtar	ʀeprɨzẽntar	ʀ[ɨ]prɨzẽtar[]	ʀ[e]prɨzẽnta[r]	0
representatividade	ʀɨprɨzẽtɐtividadɨ	ʀeprɨzẽntɐtividadɨ	ʀ[ɨ]prɨzẽt[ɐ]ti[v]id[a]dɨ[]	ʀ[e]prɨzẽ[n]tɐ[t]iv[i]dad[ɨ]	0
representativo	ʀɨprɨzẽtɐtivu	ʀeprɨzẽntɐtivu	ʀ[ɨ]prɨzẽt[ɐ]tivu[]	ʀ[e]prɨzẽ[n]tɐtiv[u]	0
representável	ʀɨprɨzẽtavɛɫ	ʀeprɨzẽntavɛɫ	ʀ[ɨ]prɨzẽtavɛɫ[]	ʀ[e]prɨzẽntavɛ[ɫ]	0
representear	ʀɨprɨzẽtjar	ʀeprɨzẽntiar	ʀ[ɨ]prɨzẽtjar[]	ʀ[e]prɨzẽntia[r]	0
represo	ʀɨprezu	ʀeprɛzu	ʀ[ɨ]pr[e]zu	ʀ[e]pr[ɛ]zu	0
repressão	ʀɨprɨsɐ̃w̃	ʀeprɨsɐ̃w̃	ʀ[ɨ]prɨsɐ̃w̃	ʀ[e]prɨsɐ̃w̃	0
repressivo	ʀɨprɨsivu	ʀeprɨsivu	ʀ[ɨ]prɨsivu	ʀ[e]prɨsivu	0
repressor	ʀɨprɨsor	ʀeprɨsor	ʀ[ɨ]prɨsor	ʀ[e]prɨsor	0
reprimenda	ʀɨprimẽdɐ	ʀeprimẽndɐ	ʀ[ɨ]primẽdɐ[]	ʀ[e]primẽnd[ɐ]	0
reprimidor	ʀɨprimidor	ʀeprimidor	ʀ[ɨ]primidor	ʀ[e]primidor	0
reprimido	ʀɨprimidu	ʀeprimidu	ʀ[ɨ]primidu	ʀ[e]primidu	0
reprimir	ʀɨprimir	ʀeprimir	ʀ[ɨ]primir	ʀ[e]primir	0
reprimível	ʀɨprimivɛɫ	ʀeprimivɛɫ	ʀ[ɨ]primivɛɫ	ʀ[e]primivɛɫ	0
reprincipiar	ʀɨprĩsipjar	ʀeprĩnsipiar	ʀ[ɨ]prĩsipjar[]	ʀ[e]prĩnsipia[r]	0
reprisar	ʀɨprizar	ʀeprizar	ʀ[ɨ]prizar	ʀ[e]prizar	0
reprise	ʀɨprizɨ	ʀeprizɨ	ʀ[ɨ]prizɨ	ʀ[e]prizɨ	0
repristinação	ʀɨpriʃtinɐsɐ̃w̃	ʀepriʃtinɐsɐ̃w̃	ʀ[ɨ]priʃtinɐsɐ̃w̃	ʀ[e]priʃtinɐsɐ̃w̃	0
repristinar	ʀɨpriʃtinar	ʀepriʃtinar	ʀ[ɨ]priʃtinar	ʀ[e]priʃtinar	0
reprobatório	ʀɨprubɐtɔrju	ʀeprubɐtɔrju	ʀ[ɨ]prubɐtɔrju	ʀ[e]prubɐtɔrju	0
reprochar	ʀɨprɔʃar	ʀepruʃar	ʀ[ɨ]pr[ɔ]ʃar	ʀ[e]pr[u]ʃar	0
reproche	ʀɨprɔʃɨ	ʀeprɔʃɨ	ʀ[ɨ]prɔʃɨ	ʀ[e]prɔʃɨ	0
reprodução	ʀɨprudusɐ̃w̃	ʀeprudusɐ̃w̃	ʀ[ɨ]prudusɐ̃w̃	ʀ[e]prudusɐ̃w̃	0
reprodutibilidade	ʀɨprudutibilidadɨ	ʀeprudutibilidadɨ	ʀ[ɨ]prudutibilidadɨ	ʀ[e]prudutibilidadɨ	0
reprodutível	ʀɨprudutivɛɫ	ʀeprudutivɛɫ	ʀ[ɨ]prudutivɛɫ	ʀ[e]prudutivɛɫ	0
reprodutivo	ʀɨprudutivu	ʀeprudutivu	ʀ[ɨ]prudutivu	ʀ[e]prudutivu	0
reprodutor	ʀɨprudutor	ʀeprudutor	ʀ[ɨ]prudutor	ʀ[e]prudutor	0
reproduzir	ʀɨpruduzir	ʀepruduzir	ʀ[ɨ]pruduzir	ʀ[e]pruduzir	0
reproduzível	ʀɨpruduzivɛɫ	ʀepruduzivɛɫ	ʀ[ɨ]pruduzivɛɫ	ʀ[e]pruduzivɛɫ	0
reprofundar	ʀɨprufũdar	ʀeprufũndar	ʀ[ɨ]prufũdar[]	ʀ[e]prufũnda[r]	0
reprografia	ʀɨpruɡrɐfiɐ	ʀepruɡrɐfiɐ	ʀ[ɨ]pruɡrɐfiɐ	ʀ[e]pruɡrɐfiɐ	0
reprográfico	ʀɨpruɡrafiku	ʀepruɡrafiku	ʀ[ɨ]pruɡrafiku	ʀ[e]pruɡrafiku	0
reprogramação	ʀɨpruɡrɐmɐsɐ̃w̃	ʀepruɡrɐmɐsɐ̃w̃	ʀ[ɨ]pruɡrɐmɐsɐ̃w̃	ʀ[e]pruɡrɐmɐsɐ̃w̃	0
reprogramar	ʀɨpruɡrɐmar	ʀepruɡrɐmar	ʀ[ɨ]pruɡrɐmar	ʀ[e]pruɡrɐmar	0
reprometer	ʀɨprumɨter	ʀeprumɨter	ʀ[ɨ]prumɨter	ʀ[e]prumɨter	0
repromissão	ʀɨprumisɐ̃w̃	ʀeprumisɐ̃w̃	ʀ[ɨ]prumisɐ̃w̃	ʀ[e]prumisɐ̃w̃	0
reprovação	ʀɨpruvɐsɐ̃w̃	ʀepruvɐsɐ̃w̃	ʀ[ɨ]pruvɐsɐ̃w̃	ʀ[e]pruvɐsɐ̃w̃	0
reprovador	ʀɨpruvɐdor	ʀepruvɐdor	ʀ[ɨ]pruvɐdor	ʀ[e]pruvɐdor	0
reprovado	ʀɨpruvadu	ʀepruvadu	ʀ[ɨ]pruvadu	ʀ[e]pruvadu	0
reprovar	ʀɨpruvar	ʀepruvar	ʀ[ɨ]pruvar	ʀ[e]pruvar	0
reprovável	ʀɨpruvavɛɫ	ʀepruvavɛɫ	ʀ[ɨ]pruvavɛɫ	ʀ[e]pruvavɛɫ	0
reprover	ʀɨpruver	ʀepruver	ʀ[ɨ]pruver	ʀ[e]pruver	0
repruir	ʀɨpruir	ʀepruir	ʀ[ɨ]pruir	ʀ[e]pruir	0
reprurir	ʀɨprurir	ʀeprurir	ʀ[ɨ]prurir	ʀ[e]prurir	0
republicação	ʀɨpublikɐsɐ̃w̃	ʀepublikɐsɐ̃w̃	ʀ[ɨ]publikɐsɐ̃w̃	ʀ[e]publikɐsɐ̃w̃	0
republicar	ʀɨpublikar	ʀepublikar	ʀ[ɨ]publikar	ʀ[e]publikar	0
repudiação	ʀɨpudjɐsɐ̃w̃	ʀepudiɐsɐ̃w̃	ʀ[ɨ]pud[j]ɐsɐ̃w̃	ʀ[e]pud[i]ɐsɐ̃w̃	0
repudiar	ʀɨpudjar	ʀepudiar	ʀ[ɨ]pud[j]ar	ʀ[e]pud[i]ar	0
repudiável	ʀɨpudjavɛɫ	ʀepudiavɛɫ	ʀ[ɨ]pud[j]avɛɫ	ʀ[e]pud[i]avɛɫ	0
repúdio	ʀɨpudju	ʀepudju	ʀ[ɨ]pudju	ʀ[e]pudju	0
repugnador	ʀɨpuɡnɐdor	ʀepuɡnɐdor	ʀ[ɨ]puɡnɐdor	ʀ[e]puɡnɐdor	0
repugnância	ʀɨpuɡnɐ̃sjɐ	ʀepuɡnɐ̃nsjɐ	ʀ[ɨ]puɡnɐ̃[]sjɐ	ʀ[e]puɡnɐ̃[n]sjɐ	0
repugnante	ʀɨpuɡnɐ̃tɨ	ʀepuɡnɐ̃ntɨ	ʀ[ɨ]puɡnɐ̃[]tɨ	ʀ[e]puɡnɐ̃[n]tɨ	0
repugnar	ʀɨpuɡnar	ʀepuɡnar	ʀ[ɨ]puɡnar	ʀ[e]puɡnar	0
repulsão	ʀɨpuɫsɐ̃w̃	ʀepuɫsɐ̃w̃	ʀ[ɨ]puɫsɐ̃w̃	ʀ[e]puɫsɐ̃w̃	0
repulsar	ʀɨpuɫsar	ʀepuɫsar	ʀ[ɨ]puɫsar	ʀ[e]puɫsar	0
repulsa	ʀɨpuɫsɐ	ʀepuɫsɐ	ʀ[ɨ]puɫsɐ	ʀ[e]puɫsɐ	0
repulsivo	ʀɨpuɫsivu	ʀepuɫsivu	ʀ[ɨ]puɫsivu	ʀ[e]puɫsivu	0
repulsor	ʀɨpuɫsor	ʀepuɫsor	ʀ[ɨ]puɫsor	ʀ[e]puɫsor	0
repulso	ʀɨpuɫsu	ʀepuɫsu	ʀ[ɨ]puɫsu	ʀ[e]puɫsu	0
repululação	ʀɨpululɐsɐ̃w̃	ʀepululɐsɐ̃w̃	ʀ[ɨ]pululɐsɐ̃w̃	ʀ[e]pululɐsɐ̃w̃	0
repulular	ʀɨpulular	ʀepulular	ʀ[ɨ]pulular	ʀ[e]pulular	0
repungir	ʀɨpũʒir	ʀepũnʒir	ʀ[ɨ]pũʒir[]	ʀ[e]pũnʒi[r]	0
repurgação	ʀɨpurɡɐsɐ̃w̃	ʀepurɡɐsɐ̃w̃	ʀ[ɨ]purɡɐsɐ̃w̃	ʀ[e]purɡɐsɐ̃w̃	0
repurgar	ʀɨpurɡar	ʀepurɡar	ʀ[ɨ]purɡar	ʀ[e]purɡar	0
repurificação	ʀɨpurifikɐsɐ̃w̃	ʀepurifikɐsɐ̃w̃	ʀ[ɨ]purifikɐsɐ̃w̃	ʀ[e]purifikɐsɐ̃w̃	0
repurificar	ʀɨpurifikar	ʀepurifikar	ʀ[ɨ]purifikar	ʀ[e]purifikar	0
reputação	ʀɨputɐsɐ̃w̃	ʀeputɐsɐ̃w̃	ʀ[ɨ]putɐsɐ̃w̃	ʀ[e]putɐsɐ̃w̃	0
reputado	ʀɨputadu	ʀeputadu	ʀ[ɨ]putadu	ʀ[e]putadu	0
reputar	ʀɨputar	ʀeputar	ʀ[ɨ]putar	ʀ[e]putar	0
repuxador	ʀɨpuʃɐdor	ʀepuʃɐdor	ʀ[ɨ]puʃɐdor	ʀ[e]puʃɐdor	0
repuxão	ʀɨpuʃɐ̃w̃	ʀepuʃɐ̃w̃	ʀ[ɨ]puʃɐ̃w̃	ʀ[e]puʃɐ̃w̃	0
repuxar	ʀɨpuʃar	ʀepuʃar	ʀ[ɨ]puʃar	ʀ[e]puʃar	0
repuxo	ʀɨpuʃu	ʀepuʃu	ʀ[ɨ]puʃu	ʀ[e]puʃu	0
requadrupedar	ʀɨkwɐdrupɨdar	ʀekwɐdrupɨdar	ʀ[ɨ]kwɐdrupɨdar	ʀ[e]kwɐdrupɨdar	0
requalificação	ʀɨkwɐlifikɐsɐ̃w̃	ʀekwɐlifikɐsɐ̃w̃	ʀ[ɨ]kwɐlifikɐsɐ̃w̃	ʀ[e]kwɐlifikɐsɐ̃w̃	0
requalificar	ʀɨkwɐlifikar	ʀekwɐlifikar	ʀ[ɨ]kwɐlifikar	ʀ[e]kwɐlifikar	0
requebrador	ʀɨkɨbrɐdor	ʀekɨbrɐdor	ʀ[ɨ]kɨbrɐdor	ʀ[e]kɨbrɐdor	0
requebrado	ʀɨkɨbradu	ʀekɨbradu	ʀ[ɨ]kɨbradu	ʀ[e]kɨbradu	0
requebrar	ʀɨkɨbrar	ʀekɨbrar	ʀ[ɨ]kɨbrar	ʀ[e]kɨbrar	0
requebro	ʀɨkɛbru	ʀekɛbru	ʀ[ɨ]kɛbru	ʀ[e]kɛbru	0
requeijão	ʀɨkɐjʒɐ̃w̃	ʀekɐjʒɐ̃w̃	ʀ[ɨ]kɐjʒɐ̃w̃	ʀ[e]kɐjʒɐ̃w̃	0
requeija	ʀɨkɐjʒɐ	ʀekɐjʒɐ	ʀ[ɨ]kɐjʒɐ	ʀ[e]kɐjʒɐ	0
requeimação	ʀɨkɐjmɐsɐ̃w̃	ʀekɐjmɐsɐ̃w̃	ʀ[ɨ]kɐjmɐsɐ̃w̃	ʀ[e]kɐjmɐsɐ̃w̃	0
requeimar	ʀɨkɐjmar	ʀekɐjmar	ʀ[ɨ]kɐjmar	ʀ[e]kɐjmar	0
requeima	ʀɨkɐjmɐ	ʀekɐjmɐ	ʀ[ɨ]kɐjmɐ	ʀ[e]kɐjmɐ	0
requeime	ʀɨkɐjmɨ	ʀekɐjmɨ	ʀ[ɨ]kɐjmɨ	ʀ[e]kɐjmɨ	0
requeimo	ʀɨkɐjmu	ʀekɐjmu	ʀ[ɨ]kɐjmu	ʀ[e]kɐjmu	0
requentado	ʀɨkẽtadu	ʀekẽntadu	ʀ[ɨ]kẽtadu[]	ʀ[e]kẽntad[u]	0
requentar	ʀɨkẽtar	ʀekẽntar	ʀ[ɨ]kẽtar[]	ʀ[e]kẽnta[r]	0
requeredor	ʀɨkɨrɨdor	ʀekɨrɨdor	ʀ[ɨ]kɨrɨdor	ʀ[e]kɨrɨdor	0
requerente	ʀɨkɨrẽtɨ	ʀekɨrẽntɨ	ʀ[ɨ]kɨrẽtɨ[]	ʀ[e]kɨrẽnt[ɨ]	0
requerer	ʀɨkɨrer	ʀekɨrer	ʀ[ɨ]kɨrer	ʀ[e]kɨrer	0
requerido	ʀɨkɨridu	ʀekɨridu	ʀ[ɨ]kɨridu	ʀ[e]kɨridu	0
requerimentarista	ʀɨkɨrimẽtɐriʃtɐ	ʀekɨrimẽntɐriʃtɐ	ʀ[ɨ]kɨrimẽtɐriʃtɐ[]	ʀ[e]kɨrimẽntɐriʃt[ɐ]	0
requerimento	ʀɨkɨrimẽtu	ʀekɨrimẽntu	ʀ[ɨ]kɨrimẽtu[]	ʀ[e]kɨrimẽnt[u]	0
requerível	ʀɨkɨrivɛɫ	ʀekɨrivɛɫ	ʀ[ɨ]kɨrivɛɫ	ʀ[e]kɨrivɛɫ	0
requestador	ʀɨkɨʃtɐdor	ʀekɨʃtɐdor	ʀ[ɨ]kɨʃtɐdor	ʀ[e]kɨʃtɐdor	0
requestar	ʀɨkɨʃtar	ʀekɨʃtar	ʀ[ɨ]kɨʃtar	ʀ[e]kɨʃtar	0
requesta	ʀɨkɛʃtɐ	ʀekɛʃtɐ	ʀ[ɨ]kɛʃtɐ	ʀ[e]kɛʃtɐ	0
requesto	ʀɨkɛʃtu	ʀekɛʃtu	ʀ[ɨ]kɛʃtu	ʀ[e]kɛʃtu	0
requietório	ʀɨkjɛtɔrju	ʀekiɨtɔrju	ʀ[ɨ]kj[ɛ]tɔrju	ʀ[e]ki[ɨ]tɔrju	0
requifeiro	ʀɨkifɐjru	ʀekifɐjru	ʀ[ɨ]kifɐjru	ʀ[e]kifɐjru	0
requife	ʀɨkifɨ	ʀekifɨ	ʀ[ɨ]kifɨ	ʀ[e]kifɨ	0
requintado	ʀɨkĩtadu	ʀekintadu	ʀ[ɨ]kĩ[]tadu	ʀ[e]ki[n]tadu	0
requintar	ʀɨkĩtar	ʀekintar	ʀ[ɨ]kĩ[]tar	ʀ[e]ki[n]tar	0
requinta	ʀɨkĩtɐ	ʀekintɐ	ʀ[ɨ]kĩ[]tɐ	ʀ[e]ki[n]tɐ	0
requinte	ʀɨkĩtɨ	ʀekintɨ	ʀ[ɨ]kĩ[]tɨ	ʀ[e]ki[n]tɨ	0
requintista	ʀɨkĩtiʃtɐ	ʀekintiʃtɐ	ʀ[ɨ]kĩ[]tiʃtɐ	ʀ[e]ki[n]tiʃtɐ	0
requisição	ʀɨkɨzisɐ̃w̃	ʀekizisɐ̃w̃	ʀ[ɨ]k[ɨ]zisɐ̃w̃	ʀ[e]k[i]zisɐ̃w̃	0
requisitado	ʀɨkɨzitadu	ʀekizitadu	ʀ[ɨ]k[ɨ]zitadu	ʀ[e]k[i]zitadu	0
requisitante	ʀɨkɨzitɐ̃tɨ	ʀekizitɐ̃ntɨ	ʀ[ɨ]k[ɨ]zitɐ̃[]tɨ	ʀ[e]k[i]zitɐ̃[n]tɨ	0
requisitar	ʀɨkɨzitar	ʀekizitar	ʀ[ɨ]k[ɨ]zitar	ʀ[e]k[i]zitar	0
requisitório	ʀɨkɨzitɔrju	ʀekizitɔrju	ʀ[ɨ]k[ɨ]zitɔrju	ʀ[e]k[i]zitɔrju	0
requisito	ʀɨkɨzitu	ʀekizitu	ʀ[ɨ]k[ɨ]zitu	ʀ[e]k[i]zitu	0
rerratificar	ʀɨʀɐtifikar	ʀeʀɐtifikar	ʀ[ɨ]ʀɐtifikar	ʀ[e]ʀɐtifikar	0
resbordo	ʀɨʒbordu	ʀeʒbɔrdu	ʀ[ɨ]ʒb[o]rdu	ʀ[e]ʒb[ɔ]rdu	0
rescaldo	ʀɨʃkaɫdu	ʀeʃkaɫdu	ʀ[ɨ]ʃkaɫdu	ʀ[e]ʃkaɫdu	0
rescendência	ʀɨʃsẽdẽsjɐ	ʀeʃsẽndẽnsjɐ	ʀ[ɨ]ʃsẽdẽsjɐ[]	ʀ[e]ʃsẽndẽnsj[ɐ]	0
rescendente	ʀɨʃsẽdẽtɨ	ʀeʃsẽndẽntɨ	ʀ[ɨ]ʃsẽdẽtɨ[]	ʀ[e]ʃsẽndẽnt[ɨ]	0
rescender	ʀɨʃsẽder	ʀeʃsẽnder	ʀ[ɨ]ʃsẽder[]	ʀ[e]ʃsẽnde[r]	0
rescindência	ʀɨʃsĩdẽsjɐ	ʀeʃsĩndẽnsjɐ	ʀ[ɨ]ʃsĩdẽsjɐ[]	ʀ[e]ʃsĩndẽnsj[ɐ]	0
rescindir	ʀɨʃsĩdir	ʀeʃsĩndir	ʀ[ɨ]ʃsĩdir[]	ʀ[e]ʃsĩndi[r]	0
rescindível	ʀɨʃsĩdivɛɫ	ʀeʃsĩndivɛɫ	ʀ[ɨ]ʃsĩdivɛɫ[]	ʀ[e]ʃsĩndivɛ[ɫ]	0
rescisão	ʀɨʃsizɐ̃w̃	ʀeʃsizɐ̃w̃	ʀ[ɨ]ʃsizɐ̃w̃	ʀ[e]ʃsizɐ̃w̃	0
rescisório	ʀɨʃsizɔrju	ʀeʃsizɔrju	ʀ[ɨ]ʃsizɔrju	ʀ[e]ʃsizɔrju	0
rescisor	ʀɨʃsizor	ʀeʃsizor	ʀ[ɨ]ʃsizor	ʀ[e]ʃsizor	0
rescrever	ʀɨʃkrɨver	ʀeʃkrɨver	ʀ[ɨ]ʃkrɨver	ʀ[e]ʃkrɨver	0
rescrição	ʀɨʃkrisɐ̃w̃	ʀeʃkrisɐ̃w̃	ʀ[ɨ]ʃkrisɐ̃w̃	ʀ[e]ʃkrisɐ̃w̃	0
rescrito	ʀɨʃkritu	ʀeʃkritu	ʀ[ɨ]ʃkritu	ʀ[e]ʃkritu	0
resedáceas	ʀɨzɨdasjɐʃ	ʀezɨdasiɐʃ	ʀ[ɨ]zɨdas[j]ɐʃ	ʀ[e]zɨdas[i]ɐʃ	0
resedal	ʀɨzɨdaɫ	ʀezɨdaɫ	ʀ[ɨ]zɨdaɫ	ʀ[e]zɨdaɫ	0
reseda	ʀɨzedɐ	ʀezedɐ	ʀ[ɨ]zedɐ	ʀ[e]zedɐ	0
resedíneas	ʀɨzɨdinjɐʃ	ʀezɨdiniɐʃ	ʀ[ɨ]zɨdin[j]ɐʃ	ʀ[e]zɨdin[i]ɐʃ	0
resenhar	ʀɨzɨɲar	ʀezɨɲar	ʀ[ɨ]zɨɲar	ʀ[e]zɨɲar	0
resenha	ʀɨzɐjɲɐ	ʀezeɲɐ	ʀ[ɨ]zɐ[j]ɲɐ	ʀ[e]ze[]ɲɐ	0
resenho	ʀɨzɐjɲu	ʀezeɲu	ʀ[ɨ]zɐ[j]ɲu	ʀ[e]ze[]ɲu	0
resentadura	ʀɨzẽtɐdurɐ	ʀezẽntɐdurɐ	ʀ[ɨ]zẽtɐdurɐ[]	ʀ[e]zẽntɐdur[ɐ]	0
reserpina	ʀɨzɨrpinɐ	ʀezɨrpinɐ	ʀ[ɨ]zɨrpinɐ	ʀ[e]zɨrpinɐ	0
reservação	ʀɨzɨrvɐsɐ̃w̃	ʀezɨrvɐsɐ̃w̃	ʀ[ɨ]zɨrvɐsɐ̃w̃	ʀ[e]zɨrvɐsɐ̃w̃	0
reservadamente	ʀɨzɨrvadɐmẽtɨ	ʀezɨrvɐdɐmẽntɨ	ʀ[ɨ]zɨrv[a]dɐmẽtɨ[]	ʀ[e]zɨrv[ɐ]dɐmẽnt[ɨ]	0
reservador	ʀɨzɨrvɐdor	ʀezɨrvɐdor	ʀ[ɨ]zɨrvɐdor	ʀ[e]zɨrvɐdor	0
reservado	ʀɨzɨrvadu	ʀezɨrvadu	ʀ[ɨ]zɨrvadu	ʀ[e]zɨrvadu	0
reservar	ʀɨzɨrvar	ʀezɨrvar	ʀ[ɨ]zɨrvar	ʀ[e]zɨrvar	0
reserva	ʀɨzɛrvɐ	ʀezɛrvɐ	ʀ[ɨ]zɛrvɐ	ʀ[e]zɛrvɐ	0
reservatário	ʀɨzɨrvɐtarju	ʀezɨrvɐtarju	ʀ[ɨ]zɨrvɐtarju	ʀ[e]zɨrvɐtarju	0
reservativo	ʀɨzɨrvɐtivu	ʀezɨrvɐtivu	ʀ[ɨ]zɨrvɐtivu	ʀ[e]zɨrvɐtivu	0
reservatório	ʀɨzɨrvɐtɔrju	ʀezɨrvɐtɔrju	ʀ[ɨ]zɨrvɐtɔrju	ʀ[e]zɨrvɐtɔrju	0
reservável	ʀɨzɨrvavɛɫ	ʀezɨrvavɛɫ	ʀ[ɨ]zɨrvavɛɫ	ʀ[e]zɨrvavɛɫ	0
reservista	ʀɨzɨrviʃtɐ	ʀezɨrviʃtɐ	ʀ[ɨ]zɨrviʃtɐ	ʀ[e]zɨrviʃtɐ	0
resfolegadoiro	ʀɨʃfolɨɡɐdojru	ʀeʃfuleɡɐdojru	ʀ[ɨ]ʃf[o]l[ɨ]ɡɐdojru	ʀ[e]ʃf[u]l[e]ɡɐdojru	0
resfolegadouro	ʀɨʃfolɨɡɐdowru	ʀeʃfuleɡɐdowru	ʀ[ɨ]ʃf[o]l[ɨ]ɡɐdowru	ʀ[e]ʃf[u]l[e]ɡɐdowru	0
resfolegante	ʀɨʃfolɨɡɐ̃tɨ	ʀeʃfulɨɡɐ̃ntɨ	ʀ[ɨ]ʃf[o]lɨɡɐ̃[]tɨ	ʀ[e]ʃf[u]lɨɡɐ̃[n]tɨ	0
resfolegar	ʀɨʃfolɨɡar	ʀeʃfulɨɡar	ʀ[ɨ]ʃf[o]lɨɡar	ʀ[e]ʃf[u]lɨɡar	0
resfôlego	ʀɨʃfolɨɡu	ʀeʃfolɨɡu	ʀ[ɨ]ʃfolɨɡu	ʀ[e]ʃfolɨɡu	0
resfolgadoiro	ʀɨʃfoɫɡɐdojru	ʀeʃfuɫɡɐdojru	ʀ[ɨ]ʃf[o]ɫɡɐdojru	ʀ[e]ʃf[u]ɫɡɐdojru	0
resfolgadouro	ʀɨʃfoɫɡɐdowru	ʀeʃfuɫɡɐdowru	ʀ[ɨ]ʃf[o]ɫɡɐdowru	ʀ[e]ʃf[u]ɫɡɐdowru	0
resfolgante	ʀɨʃfoɫɡɐ̃tɨ	ʀeʃfuɫɡɐ̃ntɨ	ʀ[ɨ]ʃf[o]ɫɡɐ̃[]tɨ	ʀ[e]ʃf[u]ɫɡɐ̃[n]tɨ	0
resfolgar	ʀɨʃfoɫɡar	ʀeʃfuɫɡar	ʀ[ɨ]ʃf[o]ɫɡar	ʀ[e]ʃf[u]ɫɡar	0
resfolgo	ʀɨʃfoɫɡu	ʀeʃfoɫɡu	ʀ[ɨ]ʃfoɫɡu	ʀ[e]ʃfoɫɡu	0
resfriadoiro	ʀɨʃfriɐdojru	ʀeʃfriɐdojru	ʀ[ɨ]ʃfriɐdojru	ʀ[e]ʃfriɐdojru	0
resfriador	ʀɨʃfrjɐdor	ʀeʃfriɐdor	ʀ[ɨ]ʃfr[j]ɐdor	ʀ[e]ʃfr[i]ɐdor	0
resfriado	ʀɨʃfrjadu	ʀeʃfriadu	ʀ[ɨ]ʃfr[j]adu	ʀ[e]ʃfr[i]adu	0
resfriadouro	ʀɨʃfrjɐdowru	ʀeʃfriɐdowru	ʀ[ɨ]ʃfr[j]ɐdowru	ʀ[e]ʃfr[i]ɐdowru	0
resfriamento	ʀɨʃfrjɐmẽtu	ʀeʃfriɐmẽntu	ʀ[ɨ]ʃfr[j]ɐmẽtu[]	ʀ[e]ʃfr[i]ɐmẽnt[u]	0
resfriar	ʀɨʃfrjar	ʀeʃfriar	ʀ[ɨ]ʃfr[j]ar	ʀ[e]ʃfr[i]ar	0
resgatabilidade	ʀɨʒɡɐtɐbilidadɨ	ʀeʒɡɐtɐbilidadɨ	ʀ[ɨ]ʒɡɐtɐbilidadɨ	ʀ[e]ʒɡɐtɐbilidadɨ	0
resgatador	ʀɨʒɡɐtɐdor	ʀeʒɡɐtɐdor	ʀ[ɨ]ʒɡɐtɐdor	ʀ[e]ʒɡɐtɐdor	0
resgatar	ʀɨʒɡɐtar	ʀeʒɡɐtar	ʀ[ɨ]ʒɡɐtar	ʀ[e]ʒɡɐtar	0
resgatável	ʀɨʒɡɐtavɛɫ	ʀeʒɡɐtavɛɫ	ʀ[ɨ]ʒɡɐtavɛɫ	ʀ[e]ʒɡɐtavɛɫ	0
resgate	ʀɨʒɡatɨ	ʀeʒɡatɨ	ʀ[ɨ]ʒɡatɨ	ʀ[e]ʒɡatɨ	0
resguardado	ʀɨʒɡwɐrdadu	ʀeʒɡwɐrdadu	ʀ[ɨ]ʒɡwɐrdadu	ʀ[e]ʒɡwɐrdadu	0
resguardar	ʀɨʒɡwɐrdar	ʀeʒɡwɐrdar	ʀ[ɨ]ʒɡwɐrdar	ʀ[e]ʒɡwɐrdar	0
resguardo	ʀɨʒɡwardu	ʀeʒɡwardu	ʀ[ɨ]ʒɡwardu	ʀ[e]ʒɡwardu	0
residencial	ʀɨzidẽsjaɫ	ʀezidensiaɫ	ʀ[ɨ]zidẽ[]s[j]aɫ	ʀ[e]zide[n]s[i]aɫ	0
residência	ʀɨzidẽsjɐ	ʀezidẽnsjɐ	ʀ[ɨ]zidẽsjɐ[]	ʀ[e]zidẽnsj[ɐ]	0
residente	ʀɨzidẽtɨ	ʀezidẽntɨ	ʀ[ɨ]zidẽtɨ[]	ʀ[e]zidẽnt[ɨ]	0
residir	ʀɨzidir	ʀezidir	ʀ[ɨ]zidir	ʀ[e]zidir	0
residual	ʀɨzidwaɫ	ʀeziduaɫ	ʀ[ɨ]zid[w]aɫ	ʀ[e]zid[u]aɫ	0
residuário	ʀɨzidwarju	ʀezidwarju	ʀ[ɨ]zidwarju	ʀ[e]zidwarju	0
resíduo	ʀɨzidwu	ʀeziduw	ʀ[ɨ]zid[]w[u]	ʀ[e]zid[u]w[]	0
resignação	ʀɨziɡnɐsɐ̃w̃	ʀeziɡnɐsɐ̃w̃	ʀ[ɨ]ziɡnɐsɐ̃w̃	ʀ[e]ziɡnɐsɐ̃w̃	0
resignadamente	ʀɨziɡnadɐmẽtɨ	ʀeziɡnɐdɐmẽntɨ	ʀ[ɨ]ziɡn[a]dɐmẽtɨ[]	ʀ[e]ziɡn[ɐ]dɐmẽnt[ɨ]	0
resignado	ʀɨziɡnadu	ʀeziɡnadu	ʀ[ɨ]ziɡnadu	ʀ[e]ziɡnadu	0
resignante	ʀɨziɡnɐ̃tɨ	ʀeziɡnɐ̃ntɨ	ʀ[ɨ]ziɡnɐ̃[]tɨ	ʀ[e]ziɡnɐ̃[n]tɨ	0
resignar	ʀɨziɡnar	ʀeziɡnar	ʀ[ɨ]ziɡnar	ʀ[e]ziɡnar	0
resignatário	ʀɨziɡnɐtarju	ʀeziɡnɐtarju	ʀ[ɨ]ziɡnɐtarju	ʀ[e]ziɡnɐtarju	0
resignável	ʀɨziɡnavɛɫ	ʀeziɡnavɛɫ	ʀ[ɨ]ziɡnavɛɫ	ʀ[e]ziɡnavɛɫ	0
resiliência	ʀɨziljẽsjɐ	ʀeziljẽnsjɐ	ʀ[ɨ]ziljẽsjɐ[]	ʀ[e]ziljẽnsj[ɐ]	0
resiliente	ʀɨziljẽtɨ	ʀeziliẽntɨ	ʀ[ɨ]ziljẽtɨ[]	ʀ[e]ziliẽnt[ɨ]	0
resilir	ʀɨzilir	ʀezilir	ʀ[ɨ]zilir	ʀ[e]zilir	0
resilível	ʀɨzilivɛɫ	ʀezilivɛɫ	ʀ[ɨ]zilivɛɫ	ʀ[e]zilivɛɫ	0
resinação	ʀɨzinɐsɐ̃w̃	ʀezinɐsɐ̃w̃	ʀ[ɨ]zinɐsɐ̃w̃	ʀ[e]zinɐsɐ̃w̃	0
resina-de-jalapa	ʀɨzinɐdɨʒɐlapɐ	ʀezinɐdɨʒɐlapɐ	ʀ[ɨ]zinɐdɨʒɐlapɐ	ʀ[e]zinɐdɨʒɐlapɐ	0
resinagem	ʀɨzinaʒɐ̃j̃	ʀezinaʒɐjn	ʀ[ɨ]zinaʒɐ[̃]j[̃]	ʀ[e]zinaʒɐ[]j[n]	0
resinar	ʀɨzinar	ʀezinar	ʀ[ɨ]zinar	ʀ[e]zinar	0
resina	ʀɨzinɐ	ʀezinɐ	ʀ[ɨ]zinɐ	ʀ[e]zinɐ	0
resineiro	ʀɨzinɐjru	ʀezinɐjru	ʀ[ɨ]zinɐjru	ʀ[e]zinɐjru	0
resinento	ʀɨzinẽtu	ʀezinẽntu	ʀ[ɨ]zinẽtu[]	ʀ[e]zinẽnt[u]	0
resinífero	ʀɨzinifɨru	ʀezinifɨru	ʀ[ɨ]zinifɨru	ʀ[e]zinifɨru	0
resinificação	ʀɨzinifikɐsɐ̃w̃	ʀezinifikɐsɐ̃w̃	ʀ[ɨ]zinifikɐsɐ̃w̃	ʀ[e]zinifikɐsɐ̃w̃	0
resinificar	ʀɨzinifikar	ʀezinifikar	ʀ[ɨ]zinifikar	ʀ[e]zinifikar	0
resinificável	ʀɨzinifikavɛɫ	ʀezinifikavɛɫ	ʀ[ɨ]zinifikavɛɫ	ʀ[e]zinifikavɛɫ	0
resiniforme	ʀɨzinifɔrmɨ	ʀezinifɔrmɨ	ʀ[ɨ]zinifɔrmɨ	ʀ[e]zinifɔrmɨ	0
resispicência	ʀɨziʃpisẽsjɐ	ʀeziʃpisẽnsjɐ	ʀ[ɨ]ziʃpisẽsjɐ[]	ʀ[e]ziʃpisẽnsj[ɐ]	0
resistência	ʀɨziʃtẽsjɐ	ʀeziʃtẽnsjɐ	ʀ[ɨ]ziʃtẽsjɐ[]	ʀ[e]ziʃtẽnsj[ɐ]	0
resistente	ʀɨziʃtẽtɨ	ʀeziʃtẽntɨ	ʀ[ɨ]ziʃtẽtɨ[]	ʀ[e]ziʃtẽnt[ɨ]	0
resistibilidade	ʀɨziʃtibilidadɨ	ʀeziʃtibilidadɨ	ʀ[ɨ]ziʃtibilidadɨ	ʀ[e]ziʃtibilidadɨ	0
resistir	ʀɨziʃtir	ʀeziʃtir	ʀ[ɨ]ziʃtir	ʀ[e]ziʃtir	0
resistível	ʀɨziʃtivɛɫ	ʀeziʃtivɛɫ	ʀ[ɨ]ziʃtivɛɫ	ʀ[e]ziʃtivɛɫ	0
resistividade	ʀɨziʃtividadɨ	ʀeziʃtividadɨ	ʀ[ɨ]ziʃtividadɨ	ʀ[e]ziʃtividadɨ	0
resistivo	ʀɨziʃtivu	ʀeziʃtivu	ʀ[ɨ]ziʃtivu	ʀ[e]ziʃtivu	0
resistor	ʀɨziʃtor	ʀeziʃtor	ʀ[ɨ]ziʃtor	ʀ[e]ziʃtor	0
reslumbrar	ʀɨʒlũbrar	ʀeʒlũmbrar	ʀ[ɨ]ʒlũbr[a]r[]	ʀ[e]ʒlũm[b]ra[r]	0
resmoneador	ʀɨʒmunjɐdor	ʀeʒmuniɐdor	ʀ[ɨ]ʒmun[j]ɐdor	ʀ[e]ʒmun[i]ɐdor	0
resmonear	ʀɨʒmunjar	ʀeʒmuniar	ʀ[ɨ]ʒmun[j]ar	ʀ[e]ʒmun[i]ar	0
resmoneio	ʀɨʒmunɐju	ʀeʒmuneju	ʀ[ɨ]ʒmun[ɐ]ju	ʀ[e]ʒmun[e]ju	0
resmuda	ʀɨʒmudɐ	ʀeʒmudɐ	ʀ[ɨ]ʒmudɐ	ʀ[e]ʒmudɐ	0
resolubilidade	ʀɨzulubilidadɨ	ʀezulubilidadɨ	ʀ[ɨ]zulubilidadɨ	ʀ[e]zulubilidadɨ	0
resolução	ʀɨzulusɐ̃w̃	ʀezulusɐ̃w̃	ʀ[ɨ]zulusɐ̃w̃	ʀ[e]zulusɐ̃w̃	0
resolutamente	ʀɨzulutɐmẽtɨ	ʀezulutɐmẽntɨ	ʀ[ɨ]zulutɐmẽtɨ[]	ʀ[e]zulutɐmẽnt[ɨ]	0
resolutivo	ʀɨzulutivu	ʀezulutivu	ʀ[ɨ]zulutivu	ʀ[e]zulutivu	0
resolutório	ʀɨzulutɔrju	ʀezulutɔrju	ʀ[ɨ]zulutɔrju	ʀ[e]zulutɔrju	0
resoluto	ʀɨzulutu	ʀezulutu	ʀ[ɨ]zulutu	ʀ[e]zulutu	0
resolúvel	ʀɨzuluvɛɫ	ʀezuluvɛɫ	ʀ[ɨ]zuluvɛɫ	ʀ[e]zuluvɛɫ	0
resolvente	ʀɨzoɫvẽtɨ	ʀezuɫvẽntɨ	ʀ[ɨ]z[o]ɫvẽtɨ[]	ʀ[e]z[u]ɫvẽnt[ɨ]	0
resolver	ʀɨzoɫver	ʀezuɫver	ʀ[ɨ]z[o]ɫver	ʀ[e]z[u]ɫver	0
resolvido	ʀɨzoɫvidu	ʀezuɫvidu	ʀ[ɨ]z[o]ɫvidu	ʀ[e]z[u]ɫvidu	0
resolvível	ʀɨzoɫvivɛɫ	ʀezuɫvivɛɫ	ʀ[ɨ]z[o]ɫvivɛɫ	ʀ[e]z[u]ɫvivɛɫ	0
resorcina	ʀɨzɔrsinɐ	ʀezursinɐ	ʀ[ɨ]z[ɔ]rsinɐ	ʀ[e]z[u]rsinɐ	0
respalda	ʀɨʃpaɫdɐ	ʀeʃpaɫdɐ	ʀ[ɨ]ʃpaɫdɐ	ʀ[e]ʃpaɫdɐ	0
respaldo	ʀɨʃpaɫdu	ʀeʃpaɫdu	ʀ[ɨ]ʃpaɫdu	ʀ[e]ʃpaɫdu	0
respançadura	ʀɨʃpɐ̃sɐdurɐ	ʀeʃpɐ̃nsɐdurɐ	ʀ[ɨ]ʃpɐ̃[]sɐdurɐ	ʀ[e]ʃpɐ̃[n]sɐdurɐ	0
respançamento	ʀɨʃpɐ̃sɐmẽtu	ʀeʃpɐ̃nsɐmẽntu	ʀ[ɨ]ʃpɐ̃[]sɐmẽtu[]	ʀ[e]ʃpɐ̃[n]sɐmẽnt[u]	0
respançar	ʀɨʃpɐ̃sar	ʀeʃpɐ̃nsar	ʀ[ɨ]ʃpɐ̃[]sar	ʀ[e]ʃpɐ̃[n]sar	0
respectivamente	ʀɨʃpɛtivɐmẽtɨ	ʀeʃpɛtivɐmẽntɨ	ʀ[ɨ]ʃpɛtivɐmẽtɨ[]	ʀ[e]ʃpɛtivɐmẽnt[ɨ]	0
respectivo	ʀɨʃpɛktivu	ʀeʃpɛtivu	ʀ[ɨ]ʃpɛ[k]tivu	ʀ[e]ʃpɛ[]tivu	0
respeitabilidade	ʀɨʃpɐjtɐbilidadɨ	ʀeʃpɐjtɐbilidadɨ	ʀ[ɨ]ʃpɐjtɐbilidadɨ	ʀ[e]ʃpɐjtɐbilidadɨ	0
respeitador	ʀɨʃpɐjtɐdor	ʀeʃpɐjtɐdor	ʀ[ɨ]ʃpɐjtɐdor	ʀ[e]ʃpɐjtɐdor	0
respeitado	ʀɨʃpɐjtadu	ʀeʃpɐjtadu	ʀ[ɨ]ʃpɐjtadu	ʀ[e]ʃpɐjtadu	0
respeitante	ʀɨʃpɐjtɐ̃tɨ	ʀeʃpɐjtɐ̃ntɨ	ʀ[ɨ]ʃpɐjtɐ̃[]tɨ	ʀ[e]ʃpɐjtɐ̃[n]tɨ	0
respeitar	ʀɨʃpɐjtar	ʀeʃpɐjtar	ʀ[ɨ]ʃpɐjtar	ʀ[e]ʃpɐjtar	0
respeitavelmente	ʀɨʃpɐjtavɛɫmẽtɨ	ʀeʃpɐjtavɛɫmẽntɨ	ʀ[ɨ]ʃpɐjtavɛɫmẽtɨ[]	ʀ[e]ʃpɐjtavɛɫmẽnt[ɨ]	0
respeitável	ʀɨʃpɐjtavɛɫ	ʀeʃpɐjtavɛɫ	ʀ[ɨ]ʃpɐjtavɛɫ	ʀ[e]ʃpɐjtavɛɫ	0
respeito	ʀɨʃpɐjtu	ʀeʃpɐjtu	ʀ[ɨ]ʃpɐjtu	ʀ[e]ʃpɐjtu	0
respeitoso	ʀɨʃpɐjtozu	ʀeʃpɐjtozu	ʀ[ɨ]ʃpɐjtozu	ʀ[e]ʃpɐjtozu	0
respetivamente	ʀɨʃpɛtivɐmẽtɨ	ʀeʃpɨtivɐmẽntɨ	ʀ[ɨ]ʃp[ɛ]tivɐmẽtɨ[]	ʀ[e]ʃp[ɨ]tivɐmẽnt[ɨ]	0
respetivo	ʀɨʃpɛtivu	ʀeʃpɨtivu	ʀ[ɨ]ʃp[ɛ]tivu	ʀ[e]ʃp[ɨ]tivu	0
respigadeira	ʀɨʃpiɡɐdɐjrɐ	ʀeʃpiɡɐdɐjrɐ	ʀ[ɨ]ʃpiɡɐdɐjrɐ	ʀ[e]ʃpiɡɐdɐjrɐ	0
respigadoira	ʀɨʃpiɡɐdojrɐ	ʀeʃpiɡɐdojrɐ	ʀ[ɨ]ʃpiɡɐdojrɐ	ʀ[e]ʃpiɡɐdojrɐ	0
respigador	rɨʃpiɡɐdor	ʀeʃpiɡɐdor	r[ɨ]ʃpiɡɐdor	ʀ[e]ʃpiɡɐdor	0
respigadoura	ʀɨʃpiɡɐdowrɐ	ʀeʃpiɡɐdowrɐ	ʀ[ɨ]ʃpiɡɐdowrɐ	ʀ[e]ʃpiɡɐdowrɐ	0
respigadura	ʀɨʃpiɡɐdurɐ	ʀeʃpiɡɐdurɐ	ʀ[ɨ]ʃpiɡɐdurɐ	ʀ[e]ʃpiɡɐdurɐ	0
respigão	ʀɨʃpiɡɐ̃w̃	ʀeʃpiɡɐ̃w̃	ʀ[ɨ]ʃpiɡɐ̃w̃	ʀ[e]ʃpiɡɐ̃w̃	0
respigar	ʀɨʃpiɡar	ʀeʃpiɡar	ʀ[ɨ]ʃpiɡar	ʀ[e]ʃpiɡar	0
respiga	ʀɨʃpiɡɐ	ʀeʃpiɡɐ	ʀ[ɨ]ʃpiɡɐ	ʀ[e]ʃpiɡɐ	0
respigo	ʀɨʃpiɡu	ʀeʃpiɡu	ʀ[ɨ]ʃpiɡu	ʀ[e]ʃpiɡu	0
respingador	ʀɨʃpĩɡɐdor	ʀeʃpĩnɡɐdor	ʀ[ɨ]ʃpĩɡɐdor[]	ʀ[e]ʃpĩnɡɐdo[r]	0
respingão	ʀɨʃpĩɡɐ̃w̃	ʀeʃpĩnɡɐ̃w̃	ʀ[ɨ]ʃpĩɡɐ̃[w]̃[]	ʀ[e]ʃpĩnɡ[ɐ]̃w[̃]	0
respirabilidade	ʀɨʃpirɐbilidadɨ	ʀeʃpirɐbilidadɨ	ʀ[ɨ]ʃpirɐbilidadɨ	ʀ[e]ʃpirɐbilidadɨ	0
respiração	ʀɨʃpirɐsɐ̃w̃	ʀeʃpirɐsɐ̃w̃	ʀ[ɨ]ʃpirɐsɐ̃w̃	ʀ[e]ʃpirɐsɐ̃w̃	0
respiráculo	ʀɨʃpirakulu	ʀeʃpirakulu	ʀ[ɨ]ʃpirakulu	ʀ[e]ʃpirakulu	0
respiradoiro	ʀɨʃpirɐdojru	ʀeʃpirɐdojru	ʀ[ɨ]ʃpirɐdojru	ʀ[e]ʃpirɐdojru	0
respirador	ʀɨʃpirɐdor	ʀeʃpirɐdor	ʀ[ɨ]ʃpirɐdor	ʀ[e]ʃpirɐdor	0
respiradouro	ʀɨʃpirɐdowru	ʀeʃpirɐdowru	ʀ[ɨ]ʃpirɐdowru	ʀ[e]ʃpirɐdowru	0
respiramento	ʀɨʃpirɐmẽtu	ʀeʃpirɐmẽntu	ʀ[ɨ]ʃpirɐmẽtu[]	ʀ[e]ʃpirɐmẽnt[u]	0
respirar	ʀɨʃpirar	ʀeʃpirar	ʀ[ɨ]ʃpirar	ʀ[e]ʃpirar	0
respiratório	ʀɨʃpirɐtɔrju	ʀeʃpirɐtɔrju	ʀ[ɨ]ʃpirɐtɔrju	ʀ[e]ʃpirɐtɔrju	0
respirável	ʀɨʃpiravɛɫ	ʀeʃpiravɛɫ	ʀ[ɨ]ʃpiravɛɫ	ʀ[e]ʃpiravɛɫ	0
respiro	ʀɨʃpiru	ʀeʃpiru	ʀ[ɨ]ʃpiru	ʀ[e]ʃpiru	0
resplandecência	ʀɨʃplɐ̃dɨsẽsjɐ	ʀeʃplɐ̃ndɨsẽnsjɐ	ʀ[ɨ]ʃplɐ̃[]dɨsẽsjɐ[]	ʀ[e]ʃplɐ̃[n]dɨsẽnsj[ɐ]	0
resplandecente	ʀɨʃplɐ̃dɨsẽtɨ	ʀeʃplɐ̃ndɨsẽntɨ	ʀ[ɨ]ʃplɐ̃[]dɨsẽtɨ[]	ʀ[e]ʃplɐ̃[n]dɨsẽnt[ɨ]	0
resplandecer	ʀɨʃplɐ̃dɨser	ʀeʃplɐ̃ndɨser	ʀ[ɨ]ʃplɐ̃[]dɨser	ʀ[e]ʃplɐ̃[n]dɨser	0
resplandor	ʀɨʃplɐ̃dor	ʀeʃplɐ̃ndor	ʀ[ɨ]ʃplɐ̃[]dor	ʀ[e]ʃplɐ̃[n]dor	0
resplendecer	ʀɨʃplẽdɨser	ʀeʃplẽndɨser	ʀ[ɨ]ʃplẽdɨser[]	ʀ[e]ʃplẽndɨse[r]	0
resplendência	ʀɨʃplẽdẽsjɐ	ʀeʃplẽndẽnsjɐ	ʀ[ɨ]ʃplẽdẽsjɐ[]	ʀ[e]ʃplẽndẽnsj[ɐ]	0
resplendente	ʀɨʃplẽdẽtɨ	ʀeʃplẽndẽntɨ	ʀ[ɨ]ʃplẽdẽtɨ[]	ʀ[e]ʃplẽndẽnt[ɨ]	0
resplender	ʀɨʃplẽder	ʀeʃplẽnder	ʀ[ɨ]ʃplẽder[]	ʀ[e]ʃplẽnde[r]	0
resplêndido	ʀɨʃplẽdidu	ʀeʃplẽndidu	ʀ[ɨ]ʃplẽd[i]du[]	ʀ[e]ʃplẽ[n]did[u]	0
resplendoroso	ʀɨʃplẽdurozu	ʀeʃplẽndurozu	ʀ[ɨ]ʃplẽdurozu[]	ʀ[e]ʃplẽnduroz[u]	0
resplendor	ʀɨʃplẽdor	ʀeʃplẽndor	ʀ[ɨ]ʃplẽdor[]	ʀ[e]ʃplẽndo[r]	0
respondão	ʀɨʃpõdɐ̃w̃	ʀeʃpõndɐ̃w̃	ʀ[ɨ]ʃpõdɐ̃[w]̃[]	ʀ[e]ʃpõnd[ɐ]̃w[̃]	0
respondedor	ʀɨʃpõdɨdor	ʀeʃpõndɨdor	ʀ[ɨ]ʃpõd[ɨ]dor[]	ʀ[e]ʃpõ[n]dɨdo[r]	0
respondência	ʀɨʃpõdẽsjɐ	ʀeʃpõndẽnsjɐ	ʀ[ɨ]ʃpõdẽsjɐ[]	ʀ[e]ʃpõndẽnsj[ɐ]	0
respondente	ʀɨʃpõdẽtɨ	ʀeʃpõndẽntɨ	ʀ[ɨ]ʃpõdẽtɨ[]	ʀ[e]ʃpõndẽnt[ɨ]	0
responder	ʀɨʃpõder	ʀeʃpõnder	ʀ[ɨ]ʃpõder[]	ʀ[e]ʃpõnde[r]	0
respondido	ʀɨʃpõdidu	ʀeʃpõndidu	ʀ[ɨ]ʃpõd[i]du[]	ʀ[e]ʃpõ[n]did[u]	0
respondível	ʀɨʃpõdivɛɫ	ʀeʃpõndivɛɫ	ʀ[ɨ]ʃpõdivɛɫ[]	ʀ[e]ʃpõndivɛ[ɫ]	0
responsabilidade	ʀɨʃpõsɐbilidadɨ	ʀeʃpõnsɐbilidadɨ	ʀ[ɨ]ʃpõsɐbi[l]id[a]dɨ[]	ʀ[e]ʃpõnsɐ[b]il[i]dad[ɨ]	0
responsabilização	ʀɨʃpõsɐbilizɐsɐ̃w̃	ʀeʃpõnsɐbilizɐsɐ̃w̃	ʀ[ɨ]ʃpõsɐbi[l]izɐ[s]ɐ̃[w]̃[]	ʀ[e]ʃpõnsɐ[b]ili[z]ɐs[ɐ]̃w[̃]	0
responsabilizador	ʀɨʃpõsɐbilizɐdor	ʀeʃpõnsɐbilizɐdor	ʀ[ɨ]ʃpõsɐbi[l]izɐdor[]	ʀ[e]ʃpõnsɐ[b]ilizɐdo[r]	0
responsabilizar	ʀɨʃpõsɐbilizar	ʀeʃpõnsɐbilizar	ʀ[ɨ]ʃpõsɐbi[l]izar[]	ʀ[e]ʃpõnsɐ[b]iliza[r]	0
responsabilizável	ʀɨʃpõsɐbilizavɛɫ	ʀeʃpõnsɐbilizavɛɫ	ʀ[ɨ]ʃpõsɐbi[l]izavɛɫ[]	ʀ[e]ʃpõnsɐ[b]ilizavɛ[ɫ]	0
responsar	ʀɨʃpõsar	ʀeʃpõnsar	ʀ[ɨ]ʃpõsar[]	ʀ[e]ʃpõnsa[r]	0
responsável	ʀɨʃpõsavɛɫ	ʀeʃpõnsavɛɫ	ʀ[ɨ]ʃpõsavɛɫ[]	ʀ[e]ʃpõnsavɛ[ɫ]	0
responsividade	ʀɨʃpõsividadɨ	ʀeʃpõnsividadɨ	ʀ[ɨ]ʃpõsi[v]id[a]dɨ[]	ʀ[e]ʃpõn[s]iv[i]dad[ɨ]	0
responsivo	ʀɨʃpõsivu	ʀeʃpõnsivu	ʀ[ɨ]ʃpõsivu[]	ʀ[e]ʃpõnsiv[u]	0
responsorial	ʀɨʃpõsurjaɫ	ʀeʃpõnsuriaɫ	ʀ[ɨ]ʃpõsurjaɫ[]	ʀ[e]ʃpõnsuria[ɫ]	0
responsório	ʀɨʃpõsɔrju	ʀeʃpõnsɔrju	ʀ[ɨ]ʃpõsɔrju[]	ʀ[e]ʃpõnsɔrj[u]	0
responso	ʀɨʃpõsu	ʀeʃpõnsu	ʀ[ɨ]ʃpõsu[]	ʀ[e]ʃpõns[u]	0
respostada	ʀɨʃpuʃtadɐ	ʀeʃpuʃtadɐ	ʀ[ɨ]ʃpuʃtadɐ	ʀ[e]ʃpuʃtadɐ	0
respostar	ʀɨʃpuʃtar	ʀeʃpuʃtar	ʀ[ɨ]ʃpuʃtar	ʀ[e]ʃpuʃtar	0
resposta	ʀɨʃpoʃtɐ	ʀeʃpɔʃtɐ	ʀ[ɨ]ʃp[o]ʃtɐ	ʀ[e]ʃp[ɔ]ʃtɐ	0
resquiado	ʀɨʃkjadu	ʀeʃkiadu	ʀ[ɨ]ʃk[j]adu	ʀ[e]ʃk[i]adu	0
resquiar	ʀɨʃkjar	ʀeʃkiar	ʀ[ɨ]ʃk[j]ar	ʀ[e]ʃk[i]ar	0
resquício	ʀɨʃkisju	ʀeʃkisju	ʀ[ɨ]ʃkisju	ʀ[e]ʃkisju	0
ressumação	ʀesumɐsɐ̃w̃	ʀɨsumɐsɐ̃w̃	ʀ[e]sumɐsɐ̃w̃	ʀ[ɨ]sumɐsɐ̃w̃	0
restabelecer	ʀɨʃtɐbɨlɨser	ʀeʃtɐbelɨser	ʀ[ɨ]ʃtɐb[ɨ]lɨser	ʀ[e]ʃtɐb[e]lɨser	0
restabelecido	ʀɨʃtɐbɨlɨsidu	ʀeʃtɐbelɨsidu	ʀ[ɨ]ʃtɐb[ɨ]lɨsidu	ʀ[e]ʃtɐb[e]lɨsidu	0
restabelecimento	ʀɨʃtɐbɨlɨsimẽtu	ʀeʃtɐbelɨsimẽntu	ʀ[ɨ]ʃtɐb[ɨ]lɨsimẽtu[]	ʀ[e]ʃtɐb[e]lɨsimẽnt[u]	0
restagnação	ʀɨʃtɐɡnɐsɐ̃w̃	ʀeʃtɐɡnɐsɐ̃w̃	ʀ[ɨ]ʃtɐɡnɐsɐ̃w̃	ʀ[e]ʃtɐɡnɐsɐ̃w̃	0
restampar	ʀɨʃtɐ̃par	ʀeʃtɐ̃mpar	ʀ[ɨ]ʃtɐ̃[]par	ʀ[e]ʃtɐ̃[m]par	0
restampa	ʀɨʃtɐ̃pɐ	ʀeʃtɐ̃mpɐ	ʀ[ɨ]ʃtɐ̃[]pɐ	ʀ[e]ʃtɐ̃[m]pɐ	0
restante	ʀɨʃtɐ̃tɨ	ʀeʃtɐ̃ntɨ	ʀ[ɨ]ʃtɐ̃[]tɨ	ʀ[e]ʃtɐ̃[n]tɨ	0
restauração	ʀɨʃtawrɐsɐ̃w̃	ʀeʃtawrɐsɐ̃w̃	ʀ[ɨ]ʃtawrɐsɐ̃w̃	ʀ[e]ʃtawrɐsɐ̃w̃	0
restaurador	ʀɨʃtawrɐdor	ʀeʃtawrɐdor	ʀ[ɨ]ʃtawrɐdor	ʀ[e]ʃtawrɐdor	0
restaurar	ʀɨʃtawrar	ʀeʃtawrar	ʀ[ɨ]ʃtawrar	ʀ[e]ʃtawrar	0
restaurativo	ʀɨʃtawrɐtivu	ʀeʃtawrɐtivu	ʀ[ɨ]ʃtawrɐtivu	ʀ[e]ʃtawrɐtivu	0
restaurável	ʀɨʃtawravɛɫ	ʀeʃtawravɛɫ	ʀ[ɨ]ʃtawravɛɫ	ʀ[e]ʃtawravɛɫ	0
restauro	ʀɨʃtawru	ʀeʃtawru	ʀ[ɨ]ʃtawru	ʀ[e]ʃtawru	0
restelada	ʀɨʃtɨladɐ	ʀeʃtɨladɐ	ʀ[ɨ]ʃtɨladɐ	ʀ[e]ʃtɨladɐ	0
restelar	ʀɨʃtɨlar	ʀeʃtɨlar	ʀ[ɨ]ʃtɨlar	ʀ[e]ʃtɨlar	0
resteva	ʀɨʃtevɐ	ʀeʃtɛvɐ	ʀ[ɨ]ʃt[e]vɐ	ʀ[e]ʃt[ɛ]vɐ	0
restiforme	ʀɨʃtifɔrmɨ	ʀeʃtifɔrmɨ	ʀ[ɨ]ʃtifɔrmɨ	ʀ[e]ʃtifɔrmɨ	0
restilação	ʀɨʃtilɐsɐ̃w̃	ʀeʃtilɐsɐ̃w̃	ʀ[ɨ]ʃtilɐsɐ̃w̃	ʀ[e]ʃtilɐsɐ̃w̃	0
restilar	ʀɨʃtilar	ʀeʃtilar	ʀ[ɨ]ʃtilar	ʀ[e]ʃtilar	0
restilo	ʀɨʃtilu	ʀeʃtilu	ʀ[ɨ]ʃtilu	ʀ[e]ʃtilu	0
restingal	ʀɨʃtĩɡaɫ	ʀeʃtĩnɡaɫ	ʀ[ɨ]ʃtĩɡaɫ[]	ʀ[e]ʃtĩnɡa[ɫ]	0
restinga	ʀɨʃtĩɡɐ	ʀeʃtĩnɡɐ	ʀ[ɨ]ʃtĩɡɐ[]	ʀ[e]ʃtĩnɡ[ɐ]	0
restinguir	ʀɨʃtĩɡir	ʀeʃtĩnɡwir	ʀ[ɨ]ʃtĩɡir[]	ʀ[e]ʃtĩnɡwi[r]	0
restionáceas	ʀɨʃtjunasjɐʃ	ʀeʃtjunasiɐʃ	ʀ[ɨ]ʃtjunas[j]ɐʃ	ʀ[e]ʃtjunas[i]ɐʃ	0
restituição	ʀɨʃtitwisɐ̃w̃	ʀeʃtitujsɐ̃w̃	ʀ[ɨ]ʃtitw[i]sɐ̃w̃	ʀ[e]ʃtitu[j]sɐ̃w̃	0
restituidor	ʀɨʃtitwidor	ʀeʃtitujdor	ʀ[ɨ]ʃtitw[i]dor	ʀ[e]ʃtitu[j]dor	0
restituir	ʀɨʃtitwir	ʀeʃtituir	ʀ[ɨ]ʃtit[w]ir	ʀ[e]ʃtit[u]ir	0
restituível	ʀɨʃtitwivɛɫ	ʀeʃtituivɛɫ	ʀ[ɨ]ʃtit[w]ivɛɫ	ʀ[e]ʃtit[u]ivɛɫ	0
restitutório	ʀɨʃtitutɔrju	ʀeʃtitutɔrju	ʀ[ɨ]ʃtitutɔrju	ʀ[e]ʃtitutɔrju	0
restivada	ʀɨʃtivadɐ	ʀeʃtivadɐ	ʀ[ɨ]ʃtivadɐ	ʀ[e]ʃtivadɐ	0
restivar	ʀɨʃtivar	ʀeʃtivar	ʀ[ɨ]ʃtivar	ʀ[e]ʃtivar	0
restiva	ʀɨʃtivɐ	ʀeʃtivɐ	ʀ[ɨ]ʃtivɐ	ʀ[e]ʃtivɐ	0
restivo	ʀɨʃtivu	ʀeʃtivu	ʀ[ɨ]ʃtivu	ʀ[e]ʃtivu	0
restolhada	ʀɨʃtuʎadɐ	ʀeʃtuʎadɐ	ʀ[ɨ]ʃtuʎadɐ	ʀ[e]ʃtuʎadɐ	0
restolhal	ʀɨʃtuʎaɫ	ʀeʃtuʎaɫ	ʀ[ɨ]ʃtuʎaɫ	ʀ[e]ʃtuʎaɫ	0
restolhar	ʀɨʃtuʎar	ʀeʃtuʎar	ʀ[ɨ]ʃtuʎar	ʀ[e]ʃtuʎar	0
restolheira	ʀɨʃtuʎɐjrɐ	ʀeʃtuʎɐjrɐ	ʀ[ɨ]ʃtuʎɐjrɐ	ʀ[e]ʃtuʎɐjrɐ	0
restolho	ʀɨʃtoʎu	ʀeʃtoʎu	ʀ[ɨ]ʃtoʎu	ʀ[e]ʃtoʎu	0
restribar	ʀɨʃtribar	ʀeʃtribar	ʀ[ɨ]ʃtribar	ʀ[e]ʃtribar	0
restrição	ʀɨʃtrisɐ̃w̃	ʀeʃtrisɐ̃w̃	ʀ[ɨ]ʃtrisɐ̃w̃	ʀ[e]ʃtrisɐ̃w̃	0
restringência	ʀɨʃtrĩʒẽsjɐ	ʀeʃtrĩnʒẽnsjɐ	ʀ[ɨ]ʃtrĩʒẽsjɐ[]	ʀ[e]ʃtrĩnʒẽnsj[ɐ]	0
restringente	ʀɨʃtrĩʒẽtɨ	ʀeʃtrĩnʒẽntɨ	ʀ[ɨ]ʃtrĩʒẽtɨ[]	ʀ[e]ʃtrĩnʒẽnt[ɨ]	0
restringimento	ʀɨʃtrĩʒimẽtu	ʀeʃtrĩnʒimẽntu	ʀ[ɨ]ʃtrĩʒimẽtu[]	ʀ[e]ʃtrĩnʒimẽnt[u]	0
restringir	ʀɨʃtrĩʒir	ʀeʃtrĩnʒir	ʀ[ɨ]ʃtrĩʒir[]	ʀ[e]ʃtrĩnʒi[r]	0
restringível	ʀɨʃtrĩʒivɛɫ	ʀeʃtrĩnʒivɛɫ	ʀ[ɨ]ʃtrĩʒivɛɫ[]	ʀ[e]ʃtrĩnʒivɛ[ɫ]	0
restritividade	ʀɨʃtritividadɨ	ʀeʃtritividadɨ	ʀ[ɨ]ʃtritividadɨ	ʀ[e]ʃtritividadɨ	0
restritivo	ʀɨʃtritivu	ʀeʃtritivu	ʀ[ɨ]ʃtritivu	ʀ[e]ʃtritivu	0
restrito	ʀɨʃtritu	ʀeʃtritu	ʀ[ɨ]ʃtritu	ʀ[e]ʃtritu	0
restrugir	ʀɨʃtruʒir	ʀeʃtruʒir	ʀ[ɨ]ʃtruʒir	ʀ[e]ʃtruʒir	0
restruturação	ʀɨʃtruturɐsɐ̃w̃	ʀeʃtruturɐsɐ̃w̃	ʀ[ɨ]ʃtruturɐsɐ̃w̃	ʀ[e]ʃtruturɐsɐ̃w̃	0
restruturar	ʀɨʃtruturar	ʀeʃtruturar	ʀ[ɨ]ʃtruturar	ʀ[e]ʃtruturar	0
restucar	ʀɨʃtukar	ʀeʃtukar	ʀ[ɨ]ʃtukar	ʀ[e]ʃtukar	0
resultado	ʀɨzuɫtadu	ʀezuɫtadu	ʀ[ɨ]zuɫtadu	ʀ[e]zuɫtadu	0
resultância	ʀɨzuɫtɐ̃sjɐ	ʀezuɫtɐ̃nsjɐ	ʀ[ɨ]zuɫtɐ̃[]sjɐ	ʀ[e]zuɫtɐ̃[n]sjɐ	0
resultante	ʀɨzuɫtɐ̃tɨ	ʀezuɫtɐ̃ntɨ	ʀ[ɨ]zuɫtɐ̃[]tɨ	ʀ[e]zuɫtɐ̃[n]tɨ	0
resultar	ʀɨzuɫtar	ʀezuɫtar	ʀ[ɨ]zuɫtar	ʀ[e]zuɫtar	0
resulta	ʀɨzuɫtɐ	ʀezuɫtɐ	ʀ[ɨ]zuɫtɐ	ʀ[e]zuɫtɐ	0
resultativo	ʀɨzuɫtɐtivu	ʀezuɫtɐtivu	ʀ[ɨ]zuɫtɐtivu	ʀ[e]zuɫtɐtivu	0
resumidamente	ʀɨzumidɐmẽtɨ	ʀezumidɐmẽntɨ	ʀ[ɨ]zumidɐmẽtɨ[]	ʀ[e]zumidɐmẽnt[ɨ]	0
resumidor	ʀɨzumidor	ʀezumidor	ʀ[ɨ]zumidor	ʀ[e]zumidor	0
resumido	ʀɨzumidu	ʀezumidu	ʀ[ɨ]zumidu	ʀ[e]zumidu	0
resumir	ʀɨzumir	ʀezumir	ʀ[ɨ]zumir	ʀ[e]zumir	0
resumo	ʀɨzumu	ʀezumu	ʀ[ɨ]zumu	ʀ[e]zumu	0
resvaladeiro	ʀɨʒvɐlɐdɐjru	ʀeʒvɐlɐdɐjru	ʀ[ɨ]ʒvɐlɐdɐjru	ʀ[e]ʒvɐlɐdɐjru	0
resvaladiço	ʀɨʒvɐlɐdisu	ʀeʒvɐlɐdisu	ʀ[ɨ]ʒvɐlɐdisu	ʀ[e]ʒvɐlɐdisu	0
resvaladio	ʀɨʒvɐlɐdiu	ʀeʒvɐlɐdiw	ʀ[ɨ]ʒvɐlɐdi[u]	ʀ[e]ʒvɐlɐdi[w]	0
resvaladoiro	ʀɨʒvɐlɐdojru	ʀeʒvɐlɐdojru	ʀ[ɨ]ʒvɐlɐdojru	ʀ[e]ʒvɐlɐdojru	0
resvaladouro	ʀɨʒvɐlɐdowru	ʀeʒvɐlɐdowru	ʀ[ɨ]ʒvɐlɐdowru	ʀ[e]ʒvɐlɐdowru	0
resvaladura	ʀɨʒvɐlɐdurɐ	ʀeʒvɐlɐdurɐ	ʀ[ɨ]ʒvɐlɐdurɐ	ʀ[e]ʒvɐlɐdurɐ	0
resvalamento	ʀɨʒvɐlɐmẽtu	ʀeʒvɐlɐmẽntu	ʀ[ɨ]ʒvɐlɐmẽtu[]	ʀ[e]ʒvɐlɐmẽnt[u]	0
resvalante	ʀɨʒvɐlɐ̃tɨ	ʀeʒvɐlɐ̃ntɨ	ʀ[ɨ]ʒvɐlɐ̃[]tɨ	ʀ[e]ʒvɐlɐ̃[n]tɨ	0
resvalar	ʀɨʒvɐlar	ʀeʒvɐlar	ʀ[ɨ]ʒvɐlar	ʀ[e]ʒvɐlar	0
resvalo	ʀɨʒvalu	ʀeʒvalu	ʀ[ɨ]ʒvalu	ʀ[e]ʒvalu	0
retabular	ʀɨtɐbular	ʀetɐbular	ʀ[ɨ]tɐbular	ʀ[e]tɐbular	0
retábulo	ʀɨtabulu	ʀetabulu	ʀ[ɨ]tabulu	ʀ[e]tabulu	0
retacar	ʀɨtɐkar	ʀetɐkar	ʀ[ɨ]tɐkar	ʀ[e]tɐkar	0
retada	ʀɨtadɐ	ʀetadɐ	ʀ[ɨ]tadɐ	ʀ[e]tadɐ	0
retalhador	ʀɨtɐʎɐdor	ʀetɐʎɐdor	ʀ[ɨ]tɐʎɐdor	ʀ[e]tɐʎɐdor	0
retalhado	ʀɨtɐʎadu	ʀetɐʎadu	ʀ[ɨ]tɐʎadu	ʀ[e]tɐʎadu	0
retalhadura	ʀɨtɐʎɐdurɐ	ʀetɐʎɐdurɐ	ʀ[ɨ]tɐʎɐdurɐ	ʀ[e]tɐʎɐdurɐ	0
retalhamento	ʀɨtɐʎɐmẽtu	ʀetɐʎɐmẽntu	ʀ[ɨ]tɐʎɐmẽtu[]	ʀ[e]tɐʎɐmẽnt[u]	0
retalhar	ʀɨtɐʎar	ʀetɐʎar	ʀ[ɨ]tɐʎar	ʀ[e]tɐʎar	0
retalheiro	ʀɨtɐʎɐjru	ʀetɐʎɐjru	ʀ[ɨ]tɐʎɐjru	ʀ[e]tɐʎɐjru	0
retalhista	ʀɨtɐʎiʃtɐ	ʀetɐʎiʃtɐ	ʀ[ɨ]tɐʎiʃtɐ	ʀ[e]tɐʎiʃtɐ	0
retalho	ʀɨtaʎu	ʀetaʎu	ʀ[ɨ]taʎu	ʀ[e]taʎu	0
retaliação	ʀɨtɐljɐsɐ̃w̃	ʀetɐliɐsɐ̃w̃	ʀ[ɨ]tɐl[j]ɐsɐ̃w̃	ʀ[e]tɐl[i]ɐsɐ̃w̃	0
retaliar	ʀɨtɐljar	ʀetɐliar	ʀ[ɨ]tɐl[j]ar	ʀ[e]tɐl[i]ar	0
retaliativo	ʀɨtɐljɐtivu	ʀetɐliɐtivu	ʀ[ɨ]tɐl[j]ɐtivu	ʀ[e]tɐl[i]ɐtivu	0
retaliatório	ʀɨtɐljɐtɔrju	ʀetɐliɐtɔrju	ʀ[ɨ]tɐl[j]ɐtɔrju	ʀ[e]tɐl[i]ɐtɔrju	0
retambana	ʀɨtɐ̃bɐnɐ	ʀetɐ̃mbɐ̃nɐ	ʀ[ɨ]tɐ̃[]bɐ[]nɐ	ʀ[e]tɐ̃[m]bɐ[̃]nɐ	0
retame	ʀɨtɐmɨ	ʀetɐ̃mɨ	ʀ[ɨ]tɐ[]mɨ	ʀ[e]tɐ[̃]mɨ	0
retanchar	ʀɨtɐ̃ʃar	ʀetɐ̃nʃar	ʀ[ɨ]tɐ̃[]ʃar	ʀ[e]tɐ̃[n]ʃar	0
retancha	ʀɨtɐ̃ʃɐ	ʀetɐ̃nʃɐ	ʀ[ɨ]tɐ̃[]ʃɐ	ʀ[e]tɐ̃[n]ʃɐ	0
retanchoa	ʀɨtɐ̃ʃoɐ	ʀetɐ̃nʃoɐ	ʀ[ɨ]tɐ̃[]ʃoɐ	ʀ[e]tɐ̃[n]ʃoɐ	0
retanto	ʀɨtɐ̃tu	ʀetɐ̃ntu	ʀ[ɨ]tɐ̃[]tu	ʀ[e]tɐ̃[n]tu	0
retardação	ʀɨtɐrdɐsɐ̃w̃	ʀetɐrdɐsɐ̃w̃	ʀ[ɨ]tɐrdɐsɐ̃w̃	ʀ[e]tɐrdɐsɐ̃w̃	0
retardador	ʀɨtɐrdɐdor	ʀetɐrdɐdor	ʀ[ɨ]tɐrdɐdor	ʀ[e]tɐrdɐdor	0
retardado	ʀɨtɐrdadu	ʀetɐrdadu	ʀ[ɨ]tɐrdadu	ʀ[e]tɐrdadu	0
retardamento	ʀɨtɐrdɐmẽtu	ʀetɐrdɐmẽntu	ʀ[ɨ]tɐrdɐmẽtu[]	ʀ[e]tɐrdɐmẽnt[u]	0
retardança	ʀɨtɐrdɐ̃sɐ	ʀetɐrdɐ̃nsɐ	ʀ[ɨ]tɐrdɐ̃[]sɐ	ʀ[e]tɐrdɐ̃[n]sɐ	0
retardão	ʀɨtɐrdɐ̃w̃	ʀetɐrdɐ̃w̃	ʀ[ɨ]tɐrdɐ̃w̃	ʀ[e]tɐrdɐ̃w̃	0
retardar	ʀɨtɐrdar	ʀetɐrdar	ʀ[ɨ]tɐrdar	ʀ[e]tɐrdar	0
retardatário	ʀɨtɐrdɐtarju	ʀetɐrdɐtarju	ʀ[ɨ]tɐrdɐtarju	ʀ[e]tɐrdɐtarju	0
retardativo	ʀɨtɐrdɐtivu	ʀetɐrdɐtivu	ʀ[ɨ]tɐrdɐtivu	ʀ[e]tɐrdɐtivu	0
retardo	ʀɨtardu	ʀetardu	ʀ[ɨ]tardu	ʀ[e]tardu	0
reteimar	ʀɨtɐjmar	ʀetɐjmar	ʀ[ɨ]tɐjmar	ʀ[e]tɐjmar	0
retelhação	ʀɨtɨʎɐsɐ̃w̃	ʀetɨʎɐsɐ̃w̃	ʀ[ɨ]tɨʎɐsɐ̃w̃	ʀ[e]tɨʎɐsɐ̃w̃	0
retelhadura	ʀɨtɨʎɐdurɐ	ʀetɨʎɐdurɐ	ʀ[ɨ]tɨʎɐdurɐ	ʀ[e]tɨʎɐdurɐ	0
retelhar	ʀɨtɨʎar	ʀetɨʎar	ʀ[ɨ]tɨʎar	ʀ[e]tɨʎar	0
retemperação	ʀɨtẽpɨrɐsɐ̃w̃	ʀetẽmperɐsɐ̃w̃	ʀ[ɨ]tẽpɨrɐ[s]ɐ̃[w]̃[]	ʀ[e]tẽmpe[r]ɐs[ɐ]̃w[̃]	0
retemperante	ʀɨtẽpɨrɐ̃tɨ	ʀetẽmpɨrɐ̃ntɨ	ʀ[ɨ]tẽpɨrɐ̃tɨ[]	ʀ[e]tẽmpɨrɐ̃nt[ɨ]	0
retemperar	ʀɨtẽpɨrar	ʀetẽmpɨrar	ʀ[ɨ]tẽpɨr[a]r[]	ʀ[e]tẽmp[ɨ]ra[r]	0
retêmpera	ʀɨtẽpɨrɐ	ʀetẽmpɨrɐ	ʀ[ɨ]tẽpɨrɐ[]	ʀ[e]tẽmpɨr[ɐ]	0
retempo	ʀɨtẽpu	ʀetẽmpu	ʀ[ɨ]tẽpu[]	ʀ[e]tẽmp[u]	0
retenção	ʀɨtẽsɐ̃w̃	ʀetẽnsɐ̃w̃	ʀ[ɨ]tẽsɐ̃[w]̃[]	ʀ[e]tẽns[ɐ]̃w[̃]	0
retenida	ʀɨtɨnidɐ	ʀetɨnidɐ	ʀ[ɨ]tɨnidɐ	ʀ[e]tɨnidɐ	0
retensão	ʀɨtẽsɐ̃w̃	ʀetẽnsɐ̃w̃	ʀ[ɨ]tẽsɐ̃[w]̃[]	ʀ[e]tẽns[ɐ]̃w[̃]	0
retentiva	ʀɨtẽtivɐ	ʀetẽntivɐ	ʀ[ɨ]tẽtivɐ[]	ʀ[e]tẽntiv[ɐ]	0
retentividade	ʀɨtẽtividadɨ	ʀetẽntividadɨ	ʀ[ɨ]tẽti[v]id[a]dɨ[]	ʀ[e]tẽn[t]iv[i]dad[ɨ]	0
retentivo	ʀɨtẽtivu	ʀetẽntivu	ʀ[ɨ]tẽtivu[]	ʀ[e]tẽntiv[u]	0
retentor	ʀɨtẽtor	ʀetẽntor	ʀ[ɨ]tẽtor[]	ʀ[e]tẽnto[r]	0
retentriz	ʀɨtẽtriʃ	ʀetẽntriʃ	ʀ[ɨ]tẽtriʃ[]	ʀ[e]tẽntri[ʃ]	0
retesador	ʀɨtɨzɐdor	ʀetɨzɐdor	ʀ[ɨ]tɨzɐdor	ʀ[e]tɨzɐdor	0
retesado	ʀɨtɨzadu	ʀetɨzadu	ʀ[ɨ]tɨzadu	ʀ[e]tɨzadu	0
retesamento	ʀɨtɨzɐmẽtu	ʀetɨzɐmẽntu	ʀ[ɨ]tɨzɐmẽtu[]	ʀ[e]tɨzɐmẽnt[u]	0
retesar	ʀɨtɨzar	ʀetɨzar	ʀ[ɨ]tɨzar	ʀ[e]tɨzar	0
retesiar	ʀɨtɨzjar	ʀetɨziar	ʀ[ɨ]tɨz[j]ar	ʀ[e]tɨz[i]ar	0
retesia	ʀɨtɨziɐ	ʀetɨziɐ	ʀ[ɨ]tɨziɐ	ʀ[e]tɨziɐ	0
reteso	ʀɨtezu	ʀetezu	ʀ[ɨ]tezu	ʀ[e]tezu	0
reticenciar	ʀɨtisẽsjar	ʀetisẽnsiar	ʀ[ɨ]tisẽsjar[]	ʀ[e]tisẽnsia[r]	0
reticência	ʀɨtisẽsjɐ	ʀetisẽnsjɐ	ʀ[ɨ]tisẽsjɐ[]	ʀ[e]tisẽnsj[ɐ]	0
reticencioso	ʀɨtisẽsjozu	ʀetisẽnsiozu	ʀ[ɨ]tisẽsjozu[]	ʀ[e]tisẽnsioz[u]	0
reticente	ʀɨtisẽtɨ	ʀetisẽntɨ	ʀ[ɨ]tisẽtɨ[]	ʀ[e]tisẽnt[ɨ]	0
reticulação	ʀɨtikulɐsɐ̃w̃	ʀetikulɐsɐ̃w̃	ʀ[ɨ]tikulɐsɐ̃w̃	ʀ[e]tikulɐsɐ̃w̃	0
reticulado	ʀɨtikuladu	ʀetikuladu	ʀ[ɨ]tikuladu	ʀ[e]tikuladu	0
reticular	ʀɨtikular	ʀetikular	ʀ[ɨ]tikular	ʀ[e]tikular	0
retícula	ʀɨtikulɐ	ʀetikulɐ	ʀ[ɨ]tikulɐ	ʀ[e]tikulɐ	0
reticulina	ʀɨtikulinɐ	ʀetikulinɐ	ʀ[ɨ]tikulinɐ	ʀ[e]tikulinɐ	0
reticulócito	ʀɨtikulɔsitu	ʀetikulɔsitu	ʀ[ɨ]tikulɔsitu	ʀ[e]tikulɔsitu	0
reticulocitose	ʀɨtikulɔsitɔzɨ	ʀetikulusitɔzɨ	ʀ[ɨ]tikul[ɔ]sitɔzɨ	ʀ[e]tikul[u]sitɔzɨ	0
reticuloendotelial	ʀɨtikulɔẽdɔtɨljaɫ	ʀetikuluẽnduteliaɫ	ʀ[ɨ]tikulɔẽdɔtɨljaɫ[]	ʀ[e]tikuluẽndutelia[ɫ]	0
retículo	ʀɨtikulu	ʀetikulu	ʀ[ɨ]tikulu	ʀ[e]tikulu	0
retido	ʀɨtidu	ʀetidu	ʀ[ɨ]tidu	ʀ[e]tidu	0
retiforme	ʀɨtifɔrmɨ	ʀetifɔrmɨ	ʀ[ɨ]tifɔrmɨ	ʀ[e]tifɔrmɨ	0
retilintar	ʀɨtɨlĩtar	ʀetilĩntar	ʀ[ɨ]t[ɨ]lĩtar[]	ʀ[e]t[i]lĩnta[r]	0
retináculo	ʀɨtinakulu	ʀetinakulu	ʀ[ɨ]tinakulu	ʀ[e]tinakulu	0
retinência	ʀɨtinẽsjɐ	ʀetinẽnsjɐ	ʀ[ɨ]tinẽsjɐ[]	ʀ[e]tinẽnsj[ɐ]	0
retinente	ʀɨtinẽtɨ	ʀetinẽntɨ	ʀ[ɨ]tinẽtɨ[]	ʀ[e]tinẽnt[ɨ]	0
retinérveo	ʀɨtinɛrvju	ʀetinɛrviw	ʀ[ɨ]tinɛrvj[u]	ʀ[e]tinɛrvi[w]	0
retingir	ʀɨtĩʒir	ʀetĩnʒir	ʀ[ɨ]tĩʒir[]	ʀ[e]tĩnʒi[r]	0
retiniano	ʀɨtinjɐnu	ʀetiniɐ̃nu	ʀ[ɨ]tin[j]ɐ[]nu	ʀ[e]tin[i]ɐ[̃]nu	0
retínico	ʀɨtiniku	ʀetiniku	ʀ[ɨ]tiniku	ʀ[e]tiniku	0
retinir	ʀɨtɨnir	ʀetinir	ʀ[ɨ]t[ɨ]nir	ʀ[e]t[i]nir	0
retinite	ʀɨtinitɨ	ʀetinitɨ	ʀ[ɨ]tinitɨ	ʀ[e]tinitɨ	0
retinito	ʀɨtinitu	ʀetinitu	ʀ[ɨ]tinitu	ʀ[e]tinitu	0
retinoblastoma	rɨtinɔblɐʃtomɐ	ʀetinublɐʃtomɐ	r[ɨ]tin[ɔ]blɐʃtomɐ	ʀ[e]tin[u]blɐʃtomɐ	0
retinocoroidite	ʀɨtinɔkurɔjditɨ	ʀetinukurojditɨ	ʀ[ɨ]tin[ɔ]kur[ɔ]jditɨ	ʀ[e]tin[u]kur[o]jditɨ	0
retinopatia	ʀɨtinɔpɐtiɐ	ʀetinupɐtiɐ	ʀ[ɨ]tin[ɔ]pɐtiɐ	ʀ[e]tin[u]pɐtiɐ	0
retintim	ʀɨtĩtĩ	ʀetĩntĩn	ʀ[ɨ]tĩtĩ[]	ʀ[e]tĩntĩ[n]	0
retintinir	ʀɨtĩtinir	ʀetĩntinir	ʀ[ɨ]tĩt[i]n[]ir[]	ʀ[e]tĩ[]n[t]ini[r]	0
retintório	ʀɨtĩtɔrju	ʀetĩntɔrju	ʀ[ɨ]tĩtɔrju[]	ʀ[e]tĩntɔrj[u]	0
retinto	ʀɨtĩtu	ʀetĩntu	ʀ[ɨ]tĩtu[]	ʀ[e]tĩnt[u]	0
retípede	ʀɨtipɨdɨ	ʀetipɨdɨ	ʀ[ɨ]tipɨdɨ	ʀ[e]tipɨdɨ	0
retirada	ʀɨtiradɐ	ʀetiradɐ	ʀ[ɨ]tiradɐ	ʀ[e]tiradɐ	0
retirado	ʀɨtiradu	ʀetiradu	ʀ[ɨ]tiradu	ʀ[e]tiradu	0
retiramento	ʀɨtirɐmẽtu	ʀetirɐmẽntu	ʀ[ɨ]tirɐmẽtu[]	ʀ[e]tirɐmẽnt[u]	0
retirar	ʀɨtirar	ʀetirar	ʀ[ɨ]tirar	ʀ[e]tirar	0
retirável	ʀɨtiravɛɫ	ʀetiravɛɫ	ʀ[ɨ]tiravɛɫ	ʀ[e]tiravɛɫ	0
retiro	ʀɨtiru	ʀetiru	ʀ[ɨ]tiru	ʀ[e]tiru	0
retocador	ʀɨtukɐdor	ʀetukɐdor	ʀ[ɨ]tukɐdor	ʀ[e]tukɐdor	0
retocar	ʀɨtukar	ʀetukar	ʀ[ɨ]tukar	ʀ[e]tukar	0
retocável	ʀɨtukavɛɫ	ʀetukavɛɫ	ʀ[ɨ]tukavɛɫ	ʀ[e]tukavɛɫ	0
retoiçador	ʀɨtojsɐdor	ʀetojsɐdor	ʀ[ɨ]tojsɐdor	ʀ[e]tojsɐdor	0
retoição	ʀɨtojsɐ̃w̃	ʀetojsɐ̃w̃	ʀ[ɨ]tojsɐ̃w̃	ʀ[e]tojsɐ̃w̃	0
retoiça	ʀɨtojsɐ	ʀetojsɐ	ʀ[ɨ]tojsɐ	ʀ[e]tojsɐ	0
retoiço	ʀɨtojsu	ʀetojsu	ʀ[ɨ]tojsu	ʀ[e]tojsu	0
retomada	ʀɨtumadɐ	ʀetumadɐ	ʀ[ɨ]tumadɐ	ʀ[e]tumadɐ	0
retomar	ʀɨtumar	ʀetumar	ʀ[ɨ]tumar	ʀ[e]tumar	0
retoma	ʀɨtɔmɐ	ʀetomɐ	ʀ[ɨ]t[ɔ]mɐ	ʀ[e]t[o]mɐ	0
retoque	ʀɨtɔkɨ	ʀetɔkɨ	ʀ[ɨ]tɔkɨ	ʀ[e]tɔkɨ	0
retorção	ʀɨtursɐ̃w̃	ʀetursɐ̃w̃	ʀ[ɨ]tursɐ̃w̃	ʀ[e]tursɐ̃w̃	0
retorcedeira	ʀɨtursɨdɐjrɐ	ʀetursɨdɐjrɐ	ʀ[ɨ]tursɨdɐjrɐ	ʀ[e]tursɨdɐjrɐ	0
retorcedura	ʀɨtursɨdurɐ	ʀetursɨdurɐ	ʀ[ɨ]tursɨdurɐ	ʀ[e]tursɨdurɐ	0
retorcer	ʀɨturser	ʀeturser	ʀ[ɨ]turser	ʀ[e]turser	0
retorce	ʀɨtɔrsɨ	ʀetɔrsɨ	ʀ[ɨ]tɔrsɨ	ʀ[e]tɔrsɨ	0
retorcido	ʀɨtursidu	ʀetursidu	ʀ[ɨ]tursidu	ʀ[e]tursidu	0
retornado	ʀɨturnadu	ʀeturnadu	ʀ[ɨ]turnadu	ʀ[e]turnadu	0
retornamento	ʀɨturnɐmẽtu	ʀeturnɐmẽntu	ʀ[ɨ]turnɐmẽtu[]	ʀ[e]turnɐmẽnt[u]	0
retornança	ʀɨturnɐ̃sɐ	ʀeturnɐ̃nsɐ	ʀ[ɨ]turnɐ̃[]sɐ	ʀ[e]turnɐ̃[n]sɐ	0
retornar	ʀɨturnar	ʀeturnar	ʀ[ɨ]turnar	ʀ[e]turnar	0
retornelo	ʀɨturnɛlu	ʀeturnɛlu	ʀ[ɨ]turnɛlu	ʀ[e]turnɛlu	0
retorno	ʀɨtornu	ʀetornu	ʀ[ɨ]tornu	ʀ[e]tornu	0
retorquir	ʀɨturkir	ʀeturkir	ʀ[ɨ]turkir	ʀ[e]turkir	0
retorquível	ʀɨturkivɛɫ	ʀeturkivɛɫ	ʀ[ɨ]turkivɛɫ	ʀ[e]turkivɛɫ	0
retorsão	ʀɨtursɐ̃w̃	ʀetursɐ̃w̃	ʀ[ɨ]tursɐ̃w̃	ʀ[e]tursɐ̃w̃	0
retorta	ʀɨtɔrtɐ	ʀetɔrtɐ	ʀ[ɨ]tɔrtɐ	ʀ[e]tɔrtɐ	0
retorto	ʀɨtortu	ʀetortu	ʀ[ɨ]tortu	ʀ[e]tortu	0
retostar	ʀɨtuʃtar	ʀetuʃtar	ʀ[ɨ]tuʃtar	ʀ[e]tuʃtar	0
retouçador	ʀɨtowsɐdor	ʀetowsɐdor	ʀ[ɨ]towsɐdor	ʀ[e]towsɐdor	0
retoução	ʀɨtowsɐ̃w̃	ʀetowsɐ̃w̃	ʀ[ɨ]towsɐ̃w̃	ʀ[e]towsɐ̃w̃	0
retoucar	ʀɨtowkar	ʀetowkar	ʀ[ɨ]towkar	ʀ[e]towkar	0
retouça	ʀɨtowsɐ	ʀetowsɐ	ʀ[ɨ]towsɐ	ʀ[e]towsɐ	0
retouço	ʀɨtowsu	ʀetowsu	ʀ[ɨ]towsu	ʀ[e]towsu	0
retração	ʀɨtrasɐ̃w̃	ʀetrɐsɐ̃w̃	ʀ[ɨ]tr[a]sɐ̃w̃	ʀ[e]tr[ɐ]sɐ̃w̃	0
retraçar	ʀɨtrɐsar	ʀetrɐsar	ʀ[ɨ]trɐsar	ʀ[e]trɐsar	0
retracção	ʀɨtrasɐ̃w̃	ʀetrasɐ̃w̃	ʀ[ɨ]trasɐ̃w̃	ʀ[e]trasɐ̃w̃	0
retraço	ʀɨtrasu	ʀetrasu	ʀ[ɨ]trasu	ʀ[e]trasu	0
retractação	ʀɨtrɐtɐsɐ̃w̃	ʀetrɐtɐsɐ̃w̃	ʀ[ɨ]trɐtɐsɐ̃w̃	ʀ[e]trɐtɐsɐ̃w̃	0
retractar	ʀɨtrɐtar	ʀetrɐtar	ʀ[ɨ]trɐtar	ʀ[e]trɐtar	0
retractável	ʀɨtrɐtavɛɫ	ʀetrɐtavɛɫ	ʀ[ɨ]trɐtavɛɫ	ʀ[e]trɐtavɛɫ	0
retractilidade	ʀɨtrɐktilidadɨ	ʀetrɐtilidadɨ	ʀ[ɨ]trɐ[k]tilidadɨ	ʀ[e]trɐ[]tilidadɨ	0
retráctil	ʀɨtraktiɫ	ʀetratiɫ	ʀ[ɨ]tra[k]tiɫ	ʀ[e]tra[]tiɫ	0
retractivo	ʀɨtraktivu	ʀetrɐtivu	ʀ[ɨ]tra[k]tivu	ʀ[e]trɐ[]tivu	0
retracto	ʀɨtraktu	ʀetratu	ʀ[ɨ]tra[k]tu	ʀ[e]tra[]tu	0
retradução	ʀɨtrɐdusɐ̃w̃	ʀetrɐdusɐ̃w̃	ʀ[ɨ]trɐdusɐ̃w̃	ʀ[e]trɐdusɐ̃w̃	0
retraduzir	ʀɨtrɐduzir	ʀetrɐduzir	ʀ[ɨ]trɐduzir	ʀ[e]trɐduzir	0
retraidamente	ʀɨtrɐidɐmẽtɨ	ʀetrɐidɐmẽntɨ	ʀ[ɨ]trɐidɐmẽtɨ[]	ʀ[e]trɐidɐmẽnt[ɨ]	0
retraído	ʀɨtrɐidu	ʀetrɐidu	ʀ[ɨ]trɐidu	ʀ[e]trɐidu	0
retraimento	ʀɨtrɐimẽtu	ʀetrajmẽntu	ʀ[ɨ]trɐ[i]mẽtu[]	ʀ[e]tra[j]mẽnt[u]	0
retrair	ʀɨtrɐir	ʀetrɐir	ʀ[ɨ]trɐir	ʀ[e]trɐir	0
retramar	ʀɨtrɐmar	ʀetrɐmar	ʀ[ɨ]trɐmar	ʀ[e]trɐmar	0
retrancar	ʀɨtrɐ̃kar	ʀetrɐ̃nkar	ʀ[ɨ]trɐ̃[]kar	ʀ[e]trɐ̃[n]kar	0
retrançar	ʀɨtrɐ̃sar	ʀetrɐ̃nsar	ʀ[ɨ]trɐ̃[]sar	ʀ[e]trɐ̃[n]sar	0
retranca	ʀɨtrɐ̃kɐ	ʀetrɐ̃nkɐ	ʀ[ɨ]trɐ̃[]kɐ	ʀ[e]trɐ̃[n]kɐ	0
retransir	ʀɨtrɐ̃zir	ʀetrɐ̃nzir	ʀ[ɨ]trɐ̃[]zir	ʀ[e]trɐ̃[n]zir	0
retransmissão	ʀɨtrɐ̃ʒmisɐ̃w̃	ʀetrɐ̃nʒmisɐ̃w̃	ʀ[ɨ]trɐ̃[]ʒmisɐ̃w̃	ʀ[e]trɐ̃[n]ʒmisɐ̃w̃	0
retransmissor	ʀɨtrɐ̃ʒmisor	ʀetrɐ̃nʒmisor	ʀ[ɨ]trɐ̃[]ʒmisor	ʀ[e]trɐ̃[n]ʒmisor	0
retransmitir	ʀɨtrɐ̃ʒmitir	ʀetrɐ̃nʒmitir	ʀ[ɨ]trɐ̃[]ʒmitir	ʀ[e]trɐ̃[n]ʒmitir	0
retrasado	ʀɨtrɐzadu	ʀetrɐzadu	ʀ[ɨ]trɐzadu	ʀ[e]trɐzadu	0
retratador	ʀɨtrɐtɐdor	ʀetrɐtɐdor	ʀ[ɨ]trɐtɐdor	ʀ[e]trɐtɐdor	0
retratado	ʀɨtrɐtadu	ʀetrɐtadu	ʀ[ɨ]trɐtadu	ʀ[e]trɐtadu	0
retratilidade	ʀɨtrɐtilidadɨ	ʀetrɐtilidadɨ	ʀ[ɨ]trɐtilidadɨ	ʀ[e]trɐtilidadɨ	0
retrátil	ʀɨtratiɫ	ʀetratiɫ	ʀ[ɨ]tratiɫ	ʀ[e]tratiɫ	0
retratista	ʀɨtrɐtiʃtɐ	ʀetrɐtiʃtɐ	ʀ[ɨ]trɐtiʃtɐ	ʀ[e]trɐtiʃtɐ	0
retrativo	ʀɨtrativu	ʀetrɐtivu	ʀ[ɨ]tr[a]tivu	ʀ[e]tr[ɐ]tivu	0
retrato-robô	ʀɨtratuʀɔbo	ʀetratuʀubo	ʀ[ɨ]tratuʀ[ɔ]bo	ʀ[e]tratuʀ[u]bo	0
retratual	ʀɨtrɐtwaɫ	ʀetrɐtuaɫ	ʀ[ɨ]trɐt[w]aɫ	ʀ[e]trɐt[u]aɫ	0
retravar	ʀɨtrɐvar	ʀetrɐvar	ʀ[ɨ]trɐvar	ʀ[e]trɐvar	0
retrazer	ʀɨtrɐzer	ʀetrɐzer	ʀ[ɨ]trɐzer	ʀ[e]trɐzer	0
retremer	ʀɨtrɨmer	ʀetrɨmer	ʀ[ɨ]trɨmer	ʀ[e]trɨmer	0
retrete	ʀɨtrɛtɨ	ʀetrɛtɨ	ʀ[ɨ]trɛtɨ	ʀ[e]trɛtɨ	0
retribuição	ʀɨtribwisɐ̃w̃	ʀetribujsɐ̃w̃	ʀ[ɨ]tribw[i]sɐ̃w̃	ʀ[e]tribu[j]sɐ̃w̃	0
retribuidor	ʀɨtribwidor	ʀetribujdor	ʀ[ɨ]tribw[i]dor	ʀ[e]tribu[j]dor	0
retribuir	ʀɨtribwir	ʀetribuir	ʀ[ɨ]trib[w]ir	ʀ[e]trib[u]ir	0
retribuível	ʀɨtribwivɛɫ	ʀetribuivɛɫ	ʀ[ɨ]trib[w]ivɛɫ	ʀ[e]trib[u]ivɛɫ	0
retributivo	ʀɨtributivu	ʀetributivu	ʀ[ɨ]tributivu	ʀ[e]tributivu	0
retrilhar	ʀɨtriʎar	ʀetriʎar	ʀ[ɨ]triʎar	ʀ[e]triʎar	0
retrincado	ʀɨtrĩkadu	ʀetrĩnkadu	ʀ[ɨ]trĩkadu[]	ʀ[e]trĩnkad[u]	0
retrincar	ʀɨtrĩkar	ʀetrĩnkar	ʀ[ɨ]trĩkar[]	ʀ[e]trĩnka[r]	0
retroar	ʀɨtrwar	ʀetruar	ʀ[ɨ]tr[w]ar	ʀ[e]tr[u]ar	0
retrocedimento	ʀɨtrusɨdimẽtu	ʀɨtrusedimẽntu	ʀɨtrus[ɨ]dimẽtu[]	ʀɨtrus[e]dimẽnt[u]	0
retrógrado	ʀɨtrɔɡrɐdu	ʀetrɔɡrɐdu	ʀ[ɨ]trɔɡrɐdu	ʀ[e]trɔɡrɐdu	0
retropedalagem	ʀɛtrɔpɨdɐlaʒɐ̃j̃	ʀɛtrɔpedɐlaʒɐjn	ʀɛtrɔp[ɨ]dɐlaʒɐ[̃]j[̃]	ʀɛtrɔp[e]dɐlaʒɐ[]j[n]	0
retropedalar	ʀɛtrɔpɨdɐlar	ʀɛtrɔpedɐlar	ʀɛtrɔp[ɨ]dɐlar	ʀɛtrɔp[e]dɐlar	0
retroperitoneal	ʀɛtrɔpɨritunjaɫ	ʀɛtrɔperituniaɫ	ʀɛtrɔp[ɨ]ritun[j]aɫ	ʀɛtrɔp[e]ritun[i]aɫ	0
retrorreflector	ʀɛtrɔʀɨflɛtor	ʀɛtrɔʀeflɛtor	ʀɛtrɔʀ[ɨ]flɛtor	ʀɛtrɔʀ[e]flɛtor	0
retrorrefletor	ʀɛtrɔʀɨflɛtor	ʀɛtrɔʀeflɨtor	ʀɛtrɔʀ[ɨ]fl[ɛ]tor	ʀɛtrɔʀ[e]fl[ɨ]tor	0
retrorreflexão	ʀɛtrɔʀɨflɛsɐ̃w̃	ʀɛtrɔʀeflɨksɐ̃w̃	ʀɛtrɔʀ[ɨ]flɛ[]sɐ̃w̃	ʀɛtrɔʀ[e]flɨ[k]sɐ̃w̃	0
retrorreflexivo	ʀɛtrɔʀɨflɛksivu	ʀɛtrɔʀeflɨksivu	ʀɛtrɔʀ[ɨ]fl[ɛ]ksivu	ʀɛtrɔʀ[e]fl[ɨ]ksivu	0
retrorso	ʀɨtrorsu	ʀetrorsu	ʀ[ɨ]trorsu	ʀ[e]trorsu	0
retroversidade	ʀɛtrɔvɨrsidadɨ	ʀɛtrɔversidadɨ	ʀɛtrɔv[ɨ]rsidadɨ	ʀɛtrɔv[e]rsidadɨ	0
retrucar	ʀɨtrukar	ʀetrukar	ʀ[ɨ]trukar	ʀ[e]trukar	0
retruque	ʀɨtrukɨ	ʀetrukɨ	ʀ[ɨ]trukɨ	ʀ[e]trukɨ	0
retumbância	ʀɨtũbɐ̃sjɐ	ʀetũmbɐ̃nsjɐ	ʀ[ɨ]tũbɐ̃sjɐ[]	ʀ[e]tũmbɐ̃nsj[ɐ]	0
retumbante	ʀɨtũbɐ̃tɨ	ʀetũmbɐ̃ntɨ	ʀ[ɨ]tũbɐ̃tɨ[]	ʀ[e]tũmbɐ̃nt[ɨ]	0
retumbar	ʀɨtũbar	ʀetũmbar	ʀ[ɨ]tũbar[]	ʀ[e]tũmba[r]	0
retumbo	ʀɨtũbu	ʀetũmbu	ʀ[ɨ]tũbu[]	ʀ[e]tũmb[u]	0
retundir	ʀɨtũdir	ʀetũndir	ʀ[ɨ]tũdir[]	ʀ[e]tũndi[r]	0
revacinação	ʀɨvɐsinɐsɐ̃w̃	ʀevɐsinɐsɐ̃w̃	ʀ[ɨ]vɐsinɐsɐ̃w̃	ʀ[e]vɐsinɐsɐ̃w̃	0
revacinar	ʀɨvɐsinar	ʀevɐsinar	ʀ[ɨ]vɐsinar	ʀ[e]vɐsinar	0
revalenta	ʀɨvɐlẽtɐ	ʀevɐlẽntɐ	ʀ[ɨ]vɐlẽtɐ[]	ʀ[e]vɐlẽnt[ɐ]	0
revalidação	ʀɨvɐlidɐsɐ̃w̃	ʀevɐlidɐsɐ̃w̃	ʀ[ɨ]vɐlidɐsɐ̃w̃	ʀ[e]vɐlidɐsɐ̃w̃	0
revalidador	ʀɨvɐlidɐdor	ʀevɐlidɐdor	ʀ[ɨ]vɐlidɐdor	ʀ[e]vɐlidɐdor	0
revalidar	ʀɨvɐlidar	ʀevɐlidar	ʀ[ɨ]vɐlidar	ʀ[e]vɐlidar	0
revalorização	ʀɨvɐlurizɐsɐ̃w̃	ʀevɐlurizɐsɐ̃w̃	ʀ[ɨ]vɐlurizɐsɐ̃w̃	ʀ[e]vɐlurizɐsɐ̃w̃	0
revanche	ʀɨvɐ̃ʃɨ	ʀevɐ̃nʃɨ	ʀ[ɨ]vɐ̃[]ʃɨ	ʀ[e]vɐ̃[n]ʃɨ	0
revanchismo	ʀɨvɐ̃ʃiʒmu	ʀevɐ̃nʃiʒmu	ʀ[ɨ]vɐ̃[]ʃiʒmu	ʀ[e]vɐ̃[n]ʃiʒmu	0
revanchista	ʀɨvɐ̃ʃiʃtɐ	ʀevɐ̃nʃiʃtɐ	ʀ[ɨ]vɐ̃[]ʃiʃtɐ	ʀ[e]vɐ̃[n]ʃiʃtɐ	0
revascularização	ʀɨvɐʃkulɐrizɐsɐ̃w̃	ʀevɐʃkulɐrizɐsɐ̃w̃	ʀ[ɨ]vɐʃkulɐrizɐsɐ̃w̃	ʀ[e]vɐʃkulɐrizɐsɐ̃w̃	0
revascularizar	ʀɨvɐʃkulɐrizar	ʀevɐʃkulɐrizar	ʀ[ɨ]vɐʃkulɐrizar	ʀ[e]vɐʃkulɐrizar	0
revedor	ʀɨvɨdor	ʀevɨdor	ʀ[ɨ]vɨdor	ʀ[e]vɨdor	0
revendão	ʀɨvẽdɐ̃w̃	ʀevẽndɐ̃w̃	ʀ[ɨ]vẽdɐ̃[w]̃[]	ʀ[e]vẽnd[ɐ]̃w[̃]	0
revenda	ʀɨvẽdɐ	ʀevẽndɐ	ʀ[ɨ]vẽdɐ[]	ʀ[e]vẽnd[ɐ]	0
revendedeira	ʀɨvẽdɨdɐjrɐ	ʀevẽndɨdɐjrɐ	ʀ[ɨ]vẽd[ɨ]dɐj[r]ɐ[]	ʀ[e]vẽ[n]dɨd[]ɐjr[ɐ]	0
revendedor	ʀɨvẽdɨdor	ʀevẽndɨdor	ʀ[ɨ]vẽd[ɨ]dor[]	ʀ[e]vẽ[n]dɨdo[r]	0
revender	ʀɨvẽder	ʀevẽnder	ʀ[ɨ]vẽder[]	ʀ[e]vẽnde[r]	0
revendição	ʀɨvẽdisɐ̃w̃	ʀevẽndisɐ̃w̃	ʀ[ɨ]vẽdisɐ̃[w]̃[]	ʀ[e]vẽndis[ɐ]̃w[̃]	0
revendilhão	ʀɨvẽdiʎɐ̃w̃	ʀevẽndiʎɐ̃w̃	ʀ[ɨ]vẽdiʎɐ̃[w]̃[]	ʀ[e]vẽndiʎ[ɐ]̃w[̃]	0
revendível	ʀɨvẽdivɛɫ	ʀevẽndivɛɫ	ʀ[ɨ]vẽdivɛɫ[]	ʀ[e]vẽndivɛ[ɫ]	0
revenerar	ʀɨvɨnɨrar	ʀevɨnɨrar	ʀ[ɨ]vɨnɨrar	ʀ[e]vɨnɨrar	0
revenir	ʀɨvɨnir	ʀevɨnir	ʀ[ɨ]vɨnir	ʀ[e]vɨnir	0
reverberação	ʀɨvɨrbɨrɐsɐ̃w̃	ʀevɨrberɐsɐ̃w̃	ʀ[ɨ]vɨrb[ɨ]rɐsɐ̃w̃	ʀ[e]vɨrb[e]rɐsɐ̃w̃	0
reverberante	ʀɨvɨrbɨrɐ̃tɨ	ʀevɨrbɨrɐ̃ntɨ	ʀ[ɨ]vɨrbɨrɐ̃[]tɨ	ʀ[e]vɨrbɨrɐ̃[n]tɨ	0
reverberar	ʀɨvɨrbɨrar	ʀevɨrbɨrar	ʀ[ɨ]vɨrbɨrar	ʀ[e]vɨrbɨrar	0
reverberatório	ʀɨvɨrbɨrɐtɔrju	ʀevɨrberɐtɔrju	ʀ[ɨ]vɨrb[ɨ]rɐtɔrju	ʀ[e]vɨrb[e]rɐtɔrju	0
revérbero	ʀɨvɛrbɨru	ʀevɛrbɨru	ʀ[ɨ]vɛrbɨru	ʀ[e]vɛrbɨru	0
reverdecer	ʀɨvɨrdɨser	ʀevɨrdɨser	ʀ[ɨ]vɨrdɨser	ʀ[e]vɨrdɨser	0
reverdejante	ʀɨvɨrdɨʒɐ̃tɨ	ʀevɨrdɨʒɐ̃ntɨ	ʀ[ɨ]vɨrdɨʒɐ̃[]tɨ	ʀ[e]vɨrdɨʒɐ̃[n]tɨ	0
reverdejar	ʀɨvɨrdɨʒar	ʀevɨrdɨʒar	ʀ[ɨ]vɨrdɨʒar	ʀ[e]vɨrdɨʒar	0
reverenciador	ʀɨvɨrẽsjɐdor	ʀevɨrẽnsiɐdor	ʀ[ɨ]vɨrẽsjɐdor[]	ʀ[e]vɨrẽnsiɐdo[r]	0
reverencial	ʀɨvɨrẽsjaɫ	ʀevɨrẽnsiaɫ	ʀ[ɨ]vɨrẽsjaɫ[]	ʀ[e]vɨrẽnsia[ɫ]	0
reverenciar	ʀɨvɨrẽsjar	ʀevɨrẽnsiar	ʀ[ɨ]vɨrẽsjar[]	ʀ[e]vɨrẽnsia[r]	0
reverência	ʀɨvɨrẽsjɐ	ʀevɨrẽnsjɐ	ʀ[ɨ]vɨrẽsjɐ[]	ʀ[e]vɨrẽnsj[ɐ]	0
reverencioso	ʀɨvɨrẽsjozu	ʀevɨrẽnsiozu	ʀ[ɨ]vɨrẽsjozu[]	ʀ[e]vɨrẽnsioz[u]	0
reverendaço	ʀɨvɨrẽdasu	ʀevɨrẽndasu	ʀ[ɨ]vɨrẽdasu[]	ʀ[e]vɨrẽndas[u]	0
reverendas	ʀɨvɨrẽdɐʃ	ʀevɨrẽndɐʃ	ʀ[ɨ]vɨrẽdɐʃ[]	ʀ[e]vɨrẽndɐ[ʃ]	0
reverendíssimo	ʀɨvɨrẽdisimu	ʀevɨrẽndisimu	ʀ[ɨ]vɨrẽdi[s]imu[]	ʀ[e]vɨrẽn[d]isim[u]	0
reverendo	ʀɨvɨrẽdu	ʀevɨrẽndu	ʀ[ɨ]vɨrẽdu[]	ʀ[e]vɨrẽnd[u]	0
reverente	ʀɨvɨrẽtɨ	ʀevɨrẽntɨ	ʀ[ɨ]vɨrẽtɨ[]	ʀ[e]vɨrẽnt[ɨ]	0
reveria	ʀɨvɨriɐ	ʀevɨriɐ	ʀ[ɨ]vɨriɐ	ʀ[e]vɨriɐ	0
reverificação	ʀɨvɨrifikɐsɐ̃w̃	ʀevɨrifikɐsɐ̃w̃	ʀ[ɨ]vɨrifikɐsɐ̃w̃	ʀ[e]vɨrifikɐsɐ̃w̃	0
reverificador	ʀɨvɨrifikɐdor	ʀevɨrifikɐdor	ʀ[ɨ]vɨrifikɐdor	ʀ[e]vɨrifikɐdor	0
reverificar	ʀɨvɨrifikar	ʀevɨrifikar	ʀ[ɨ]vɨrifikar	ʀ[e]vɨrifikar	0
reversal	ʀɨvɨrsaɫ	ʀevɨrsaɫ	ʀ[ɨ]vɨrsaɫ	ʀ[e]vɨrsaɫ	0
reversão	ʀɨvɨrsɐ̃w̃	ʀevɨrsɐ̃w̃	ʀ[ɨ]vɨrsɐ̃w̃	ʀ[e]vɨrsɐ̃w̃	0
reversar	ʀɨvɨrsar	ʀevɨrsar	ʀ[ɨ]vɨrsar	ʀ[e]vɨrsar	0
reversibilidade	ʀɨvɨrsibilidadɨ	ʀevɨrsibilidadɨ	ʀ[ɨ]vɨrsibilidadɨ	ʀ[e]vɨrsibilidadɨ	0
reversível	ʀɨvɨrsivɛɫ	ʀevɨrsivɛɫ	ʀ[ɨ]vɨrsivɛɫ	ʀ[e]vɨrsivɛɫ	0
reversivo	ʀɨvɨrsivu	ʀevɨrsivu	ʀ[ɨ]vɨrsivu	ʀ[e]vɨrsivu	0
reverso	ʀɨvɛrsu	ʀevɛrsu	ʀ[ɨ]vɛrsu	ʀ[e]vɛrsu	0
revertério	ʀɨvɨrtɛrju	ʀevɨrtɛrju	ʀ[ɨ]vɨrtɛrju	ʀ[e]vɨrtɛrju	0
reverter	ʀɨvɨrter	ʀevɨrter	ʀ[ɨ]vɨrter	ʀ[e]vɨrter	0
revertível	ʀɨvɨrtivɛɫ	ʀevɨrtivɛɫ	ʀ[ɨ]vɨrtivɛɫ	ʀ[e]vɨrtivɛɫ	0
revesilho	ʀɨvɨziʎu	ʀevɨziʎu	ʀ[ɨ]vɨziʎu	ʀ[e]vɨziʎu	0
revessar	ʀɨvɨsar	ʀevɨsar	ʀ[ɨ]vɨsar	ʀ[e]vɨsar	0
revessa	ʀɨvɛsɐ	ʀevɛsɐ	ʀ[ɨ]vɛsɐ	ʀ[e]vɛsɐ	0
revesso	ʀɨvesu	ʀevɛsu	ʀ[ɨ]v[e]su	ʀ[e]v[ɛ]su	0
revestidor	ʀɨvɨʃtidor	ʀevɨʃtidor	ʀ[ɨ]vɨʃtidor	ʀ[e]vɨʃtidor	0
revestido	ʀɨvɨʃtidu	ʀevɨʃtidu	ʀ[ɨ]vɨʃtidu	ʀ[e]vɨʃtidu	0
revestidura	ʀɨvɨʃtidurɐ	ʀevɨʃtidurɐ	ʀ[ɨ]vɨʃtidurɐ	ʀ[e]vɨʃtidurɐ	0
revestimento	ʀɨvɨʃtimẽtu	ʀevɨʃtimẽntu	ʀ[ɨ]vɨʃtimẽtu[]	ʀ[e]vɨʃtimẽnt[u]	0
revestir	ʀɨvɨʃtir	ʀevɨʃtir	ʀ[ɨ]vɨʃtir	ʀ[e]vɨʃtir	0
revezadamente	ʀɨvɨzadɐmẽtɨ	ʀevɨzɐdɐmẽntɨ	ʀ[ɨ]vɨz[a]dɐmẽtɨ[]	ʀ[e]vɨz[ɐ]dɐmẽnt[ɨ]	0
revezador	ʀɨvɨzɐdor	ʀevɨzɐdor	ʀ[ɨ]vɨzɐdor	ʀ[e]vɨzɐdor	0
revezamento	ʀɨvɨzɐmẽtu	ʀevɨzɐmẽntu	ʀ[ɨ]vɨzɐmẽtu[]	ʀ[e]vɨzɐmẽnt[u]	0
revezar	ʀɨvɨzar	ʀevɨzar	ʀ[ɨ]vɨzar	ʀ[e]vɨzar	0
revezo	ʀɨvezu	ʀevɛzu	ʀ[ɨ]v[e]zu	ʀ[e]v[ɛ]zu	0
revibração	ʀɨvibrɐsɐ̃w̃	ʀevibrɐsɐ̃w̃	ʀ[ɨ]vibrɐsɐ̃w̃	ʀ[e]vibrɐsɐ̃w̃	0
revibrar	ʀɨvibrar	ʀevibrar	ʀ[ɨ]vibrar	ʀ[e]vibrar	0
reviçar	ʀɨvisar	ʀevisar	ʀ[ɨ]visar	ʀ[e]visar	0
reviço	ʀɨvisu	ʀevisu	ʀ[ɨ]visu	ʀ[e]visu	0
revidação	ʀɨvidɐsɐ̃w̃	ʀevidɐsɐ̃w̃	ʀ[ɨ]vidɐsɐ̃w̃	ʀ[e]vidɐsɐ̃w̃	0
revidar	ʀɨvidar	ʀevidar	ʀ[ɨ]vidar	ʀ[e]vidar	0
revida	ʀɨvidɐ	ʀevidɐ	ʀ[ɨ]vidɐ	ʀ[e]vidɐ	0
revide	ʀɨvidɨ	ʀevidɨ	ʀ[ɨ]vidɨ	ʀ[e]vidɨ	0
revido	ʀɨvidu	ʀevidu	ʀ[ɨ]vidu	ʀ[e]vidu	0
revienga	ʀɨvjẽɡɐ	ʀeviẽnɡɐ	ʀ[ɨ]vjẽɡɐ[]	ʀ[e]viẽnɡ[ɐ]	0
revigoramento	ʀɨviɡurɐmẽtu	ʀeviɡurɐmẽntu	ʀ[ɨ]viɡurɐmẽtu[]	ʀ[e]viɡurɐmẽnt[u]	0
revigorante	ʀɨviɡurɐ̃tɨ	ʀeviɡurɐ̃ntɨ	ʀ[ɨ]viɡurɐ̃[]tɨ	ʀ[e]viɡurɐ̃[n]tɨ	0
revigorar	ʀɨviɡurar	ʀeviɡurar	ʀ[ɨ]viɡurar	ʀ[e]viɡurar	0
revimento	ʀɨvimẽtu	ʀevimẽntu	ʀ[ɨ]vimẽtu[]	ʀ[e]vimẽnt[u]	0
revinda	ʀɨvĩdɐ	ʀevĩndɐ	ʀ[ɨ]vĩdɐ[]	ʀ[e]vĩnd[ɐ]	0
revindicação	ʀɨvĩdikɐsɐ̃w̃	ʀevĩndikɐsɐ̃w̃	ʀ[ɨ]vĩdikɐ[s]ɐ̃[w]̃[]	ʀ[e]vĩndi[k]ɐs[ɐ]̃w[̃]	0
revindicta	ʀɨvĩdiktɐ	ʀevĩnditɐ	ʀ[ɨ]vĩdik[]tɐ	ʀ[e]vĩnd[i]tɐ	0
revindita	ʀɨvĩditɐ	ʀevĩnditɐ	ʀ[ɨ]vĩditɐ[]	ʀ[e]vĩndit[ɐ]	0
revingar	ʀɨvĩɡar	ʀevĩnɡar	ʀ[ɨ]vĩɡar[]	ʀ[e]vĩnɡa[r]	0
revirado	ʀɨviradu	ʀeviradu	ʀ[ɨ]viradu	ʀ[e]viradu	0
reviralhista	ʀɨvirɐʎiʃtɐ	ʀevirɐʎiʃtɐ	ʀ[ɨ]virɐʎiʃtɐ	ʀ[e]virɐʎiʃtɐ	0
reviralho	ʀɨviraʎu	ʀeviraʎu	ʀ[ɨ]viraʎu	ʀ[e]viraʎu	0
reviramento	ʀɨvirɐmẽtu	ʀevirɐmẽntu	ʀ[ɨ]virɐmẽtu[]	ʀ[e]virɐmẽnt[u]	0
revirão	ʀɨvirɐ̃w̃	ʀevirɐ̃w̃	ʀ[ɨ]virɐ̃w̃	ʀ[e]virɐ̃w̃	0
revirar	ʀɨvirar	ʀevirar	ʀ[ɨ]virar	ʀ[e]virar	0
reviravolta	ʀɨvirɐvɔɫtɐ	ʀevirɐvɔɫtɐ	ʀ[ɨ]virɐvɔɫtɐ	ʀ[e]virɐvɔɫtɐ	0
revirete	ʀɨviretɨ	ʀevirɛtɨ	ʀ[ɨ]vir[e]tɨ	ʀ[e]vir[ɛ]tɨ	0
revirginizar	ʀɨvirʒinizar	ʀevirʒinizar	ʀ[ɨ]virʒinizar	ʀ[e]virʒinizar	0
revisão	ʀɨvizɐ̃w̃	ʀevizɐ̃w̃	ʀ[ɨ]vizɐ̃w̃	ʀ[e]vizɐ̃w̃	0
revisar	ʀɨvizar	ʀevizar	ʀ[ɨ]vizar	ʀ[e]vizar	0
revisibilidade	ʀɨvizibilidadɨ	ʀevizibilidadɨ	ʀ[ɨ]vizibilidadɨ	ʀ[e]vizibilidadɨ	0
revisionismo	ʀɨvizjuniʒmu	ʀevizjuniʒmu	ʀ[ɨ]vizjuniʒmu	ʀ[e]vizjuniʒmu	0
revisionista	ʀɨvizjuniʃtɐ	ʀevizjuniʃtɐ	ʀ[ɨ]vizjuniʃtɐ	ʀ[e]vizjuniʃtɐ	0
revisionístico	ʀɨvizjuniʃtiku	ʀevizjuniʃtiku	ʀ[ɨ]vizjuniʃtiku	ʀ[e]vizjuniʃtiku	0
revisitação	ʀɨvizitɐsɐ̃w̃	ʀevizitɐsɐ̃w̃	ʀ[ɨ]vizitɐsɐ̃w̃	ʀ[e]vizitɐsɐ̃w̃	0
revisitar	ʀɨvizitar	ʀevizitar	ʀ[ɨ]vizitar	ʀ[e]vizitar	0
revisório	ʀɨvizɔrju	ʀevizɔrju	ʀ[ɨ]vizɔrju	ʀ[e]vizɔrju	0
revisor	ʀɨvizor	ʀevizor	ʀ[ɨ]vizor	ʀ[e]vizor	0
revistador	ʀɨviʃtɐdor	ʀeviʃtɐdor	ʀ[ɨ]viʃtɐdor	ʀ[e]viʃtɐdor	0
revistar	ʀɨviʃtar	ʀeviʃtar	ʀ[ɨ]viʃtar	ʀ[e]viʃtar	0
revista	ʀɨviʃtɐ	ʀeviʃtɐ	ʀ[ɨ]viʃtɐ	ʀ[e]viʃtɐ	0
revisteca	ʀɨviʃtɛkɐ	ʀeviʃtɛkɐ	ʀ[ɨ]viʃtɛkɐ	ʀ[e]viʃtɛkɐ	0
revisteiro	ʀɨviʃtɐjru	ʀeviʃtɐjru	ʀ[ɨ]viʃtɐjru	ʀ[e]viʃtɐjru	0
revisto	ʀɨviʃtu	ʀeviʃtu	ʀ[ɨ]viʃtu	ʀ[e]viʃtu	0
revitalização	ʀɨvitɐlizɐsɐ̃w̃	ʀevitɐlizɐsɐ̃w̃	ʀ[ɨ]vitɐlizɐsɐ̃w̃	ʀ[e]vitɐlizɐsɐ̃w̃	0
revitalizante	ʀɨvitɐlizɐ̃tɨ	ʀevitɐlizɐ̃ntɨ	ʀ[ɨ]vitɐlizɐ̃[]tɨ	ʀ[e]vitɐlizɐ̃[n]tɨ	0
revitalizar	ʀɨvitɐlizar	ʀevitɐlizar	ʀ[ɨ]vitɐlizar	ʀ[e]vitɐlizar	0
revivalismo	ʀɨvivɐliʒmu	ʀevivɐliʒmu	ʀ[ɨ]vivɐliʒmu	ʀ[e]vivɐliʒmu	0
revivalista	ʀɨvivɐliʃtɐ	ʀevivɐliʃtɐ	ʀ[ɨ]vivɐliʃtɐ	ʀ[e]vivɐliʃtɐ	0
revivência	ʀɨvivẽsjɐ	ʀevivẽnsjɐ	ʀ[ɨ]vivẽsjɐ[]	ʀ[e]vivẽnsj[ɐ]	0
revivente	ʀɨvivẽtɨ	ʀevivẽntɨ	ʀ[ɨ]vivẽtɨ[]	ʀ[e]vivẽnt[ɨ]	0
reviver	ʀɨviver	ʀeviver	ʀ[ɨ]viver	ʀ[e]viver	0
revivescência	ʀɨvivɨʃsẽsjɐ	ʀevivɨʃsẽnsjɐ	ʀ[ɨ]vivɨʃsẽsjɐ[]	ʀ[e]vivɨʃsẽnsj[ɐ]	0
revivescente	ʀɨvivɨʃsẽtɨ	ʀevivɨʃsẽntɨ	ʀ[ɨ]vivɨʃsẽtɨ[]	ʀ[e]vivɨʃsẽnt[ɨ]	0
revivescer	ʀɨvivɨʃser	ʀevivɨʃser	ʀ[ɨ]vivɨʃser	ʀ[e]vivɨʃser	0
revivescimento	ʀɨvivɨʃsimẽtu	ʀeviveʃsimẽntu	ʀ[ɨ]viv[ɨ]ʃsimẽtu[]	ʀ[e]viv[e]ʃsimẽnt[u]	0
revivescível	ʀɨvivɨʃsivɛɫ	ʀevivɨʃsivɛɫ	ʀ[ɨ]vivɨʃsivɛɫ	ʀ[e]vivɨʃsivɛɫ	0
revivificação	ʀɨvivifikɐsɐ̃w̃	ʀevivifikɐsɐ̃w̃	ʀ[ɨ]vivifikɐsɐ̃w̃	ʀ[e]vivifikɐsɐ̃w̃	0
revivificador	ʀɨvivifikɐdor	ʀevivifikɐdor	ʀ[ɨ]vivifikɐdor	ʀ[e]vivifikɐdor	0
revivificar	ʀɨvivifikar	ʀevivifikar	ʀ[ɨ]vivifikar	ʀ[e]vivifikar	0
revivo	ʀɨvivu	ʀevivu	ʀ[ɨ]vivu	ʀ[e]vivu	0
revoada	ʀɨvwadɐ	ʀevuadɐ	ʀ[ɨ]v[w]adɐ	ʀ[e]v[u]adɐ	0
revoar	ʀɨvwar	ʀevuar	ʀ[ɨ]v[w]ar	ʀ[e]v[u]ar	0
revocação	ʀɨvukɐsɐ̃w̃	ʀevukɐsɐ̃w̃	ʀ[ɨ]vukɐsɐ̃w̃	ʀ[e]vukɐsɐ̃w̃	0
revocar	ʀɨvukar	ʀevukar	ʀ[ɨ]vukar	ʀ[e]vukar	0
revocatória	ʀɨvukɐtɔrjɐ	ʀevukɐtɔrjɐ	ʀ[ɨ]vukɐtɔrjɐ	ʀ[e]vukɐtɔrjɐ	0
revocatório	ʀɨvukɐtɔrju	ʀevukɐtɔrju	ʀ[ɨ]vukɐtɔrju	ʀ[e]vukɐtɔrju	0
revogabilidade	ʀɨvuɡɐbilidadɨ	ʀevuɡɐbilidadɨ	ʀ[ɨ]vuɡɐbilidadɨ	ʀ[e]vuɡɐbilidadɨ	0
revogação	ʀɨvuɡɐsɐ̃w̃	ʀevuɡɐsɐ̃w̃	ʀ[ɨ]vuɡɐsɐ̃w̃	ʀ[e]vuɡɐsɐ̃w̃	0
revogador	ʀɨvuɡɐdor	ʀevuɡɐdor	ʀ[ɨ]vuɡɐdor	ʀ[e]vuɡɐdor	0
revogante	ʀɨvuɡɐ̃tɨ	ʀevuɡɐ̃ntɨ	ʀ[ɨ]vuɡɐ̃[]tɨ	ʀ[e]vuɡɐ̃[n]tɨ	0
revogar	ʀɨvuɡar	ʀevuɡar	ʀ[ɨ]vuɡar	ʀ[e]vuɡar	0
revogatória	ʀɨvuɡɐtɔrjɐ	ʀevuɡɐtɔrjɐ	ʀ[ɨ]vuɡɐtɔrjɐ	ʀ[e]vuɡɐtɔrjɐ	0
revogatório	ʀɨvuɡɐtɔrju	ʀevuɡɐtɔrju	ʀ[ɨ]vuɡɐtɔrju	ʀ[e]vuɡɐtɔrju	0
revogável	ʀɨvuɡavɛɫ	ʀevuɡavɛɫ	ʀ[ɨ]vuɡavɛɫ	ʀ[e]vuɡavɛɫ	0
revolitar	ʀɨvulitar	ʀevulitar	ʀ[ɨ]vulitar	ʀ[e]vulitar	0
revoltador	ʀɨvoɫtɐdor	ʀevuɫtɐdor	ʀ[ɨ]v[o]ɫtɐdor	ʀ[e]v[u]ɫtɐdor	0
revoltado	ʀɨvoɫtadu	ʀevuɫtadu	ʀ[ɨ]v[o]ɫtadu	ʀ[e]v[u]ɫtadu	0
revoltante	ʀɨvoɫtɐ̃tɨ	ʀevuɫtɐ̃ntɨ	ʀ[ɨ]v[o]ɫtɐ̃[]tɨ	ʀ[e]v[u]ɫtɐ̃[n]tɨ	0
revoltão	ʀɨvoɫtɐ̃w̃	ʀevuɫtɐ̃w̃	ʀ[ɨ]v[o]ɫtɐ̃w̃	ʀ[e]v[u]ɫtɐ̃w̃	0
revoltar	ʀɨvoɫtar	ʀevuɫtar	ʀ[ɨ]v[o]ɫtar	ʀ[e]v[u]ɫtar	0
revolta	ʀɨvɔɫtɐ	ʀevɔɫtɐ	ʀ[ɨ]vɔɫtɐ	ʀ[e]vɔɫtɐ	0
revoltear	ʀɨvoɫtjar	ʀevuɫtiar	ʀ[ɨ]v[o]ɫt[j]ar	ʀ[e]v[u]ɫt[i]ar	0
revolto	ʀɨvoɫtu	ʀevɔɫtu	ʀ[ɨ]v[o]ɫtu	ʀ[e]v[ɔ]ɫtu	0
revoltoso	ʀɨvoɫtozu	ʀevuɫtozu	ʀ[ɨ]v[o]ɫtozu	ʀ[e]v[u]ɫtozu	0
revolução	ʀɨvulusɐ̃w̃	ʀevulusɐ̃w̃	ʀ[ɨ]vulusɐ̃w̃	ʀ[e]vulusɐ̃w̃	0
revolucionamento	ʀɨvulusjunɐmẽtu	ʀevulusjunɐmẽntu	ʀ[ɨ]vulusjunɐmẽtu[]	ʀ[e]vulusjunɐmẽnt[u]	0
revolucionário	ʀɨvulusjunarju	ʀevulusjunarju	ʀ[ɨ]vulusjunarju	ʀ[e]vulusjunarju	0
revolucionar	ʀɨvulusjunar	ʀevulusjunar	ʀ[ɨ]vulusjunar	ʀ[e]vulusjunar	0
revoluteante	ʀɨvulutjɐ̃tɨ	ʀevulutiɐ̃ntɨ	ʀ[ɨ]vulut[j]ɐ̃[]tɨ	ʀ[e]vulut[i]ɐ̃[n]tɨ	0
revolutear	ʀɨvulutjar	ʀevulutiar	ʀ[ɨ]vulut[j]ar	ʀ[e]vulut[i]ar	0
revoluteio	ʀɨvulutɐju	ʀevuluteju	ʀ[ɨ]vulut[ɐ]ju	ʀ[e]vulut[e]ju	0
revolutivo	ʀɨvulutivu	ʀevulutivu	ʀ[ɨ]vulutivu	ʀ[e]vulutivu	0
revoluto	ʀɨvulutu	ʀevulutu	ʀ[ɨ]vulutu	ʀ[e]vulutu	0
revolutoso	ʀɨvulutozu	ʀevulutozu	ʀ[ɨ]vulutozu	ʀ[e]vulutozu	0
revolúvel	ʀɨvuluvɛɫ	ʀevuluvɛɫ	ʀ[ɨ]vuluvɛɫ	ʀ[e]vuluvɛɫ	0
revólver	ʀɨvɔɫvɛr	ʀevɔɫvɨr	ʀ[ɨ]vɔɫv[ɛ]r	ʀ[e]vɔɫv[ɨ]r	0
revôo	ʀɨvou	ʀevow	ʀ[ɨ]vo[u]	ʀ[e]vo[w]	0
revulsão	ʀɨvuɫsɐ̃w̃	ʀevuɫsɐ̃w̃	ʀ[ɨ]vuɫsɐ̃w̃	ʀ[e]vuɫsɐ̃w̃	0
revulsar	ʀɨvuɫsar	ʀevuɫsar	ʀ[ɨ]vuɫsar	ʀ[e]vuɫsar	0
revulsivo	ʀɨvuɫsivu	ʀevuɫsivu	ʀ[ɨ]vuɫsivu	ʀ[e]vuɫsivu	0
revulsório	ʀɨvuɫsɔrju	ʀevuɫsɔrju	ʀ[ɨ]vuɫsɔrju	ʀ[e]vuɫsɔrju	0
revulsor	ʀɨvuɫsor	ʀevuɫsor	ʀ[ɨ]vuɫsor	ʀ[e]vuɫsor	0
rezada	ʀɨzadɐ	ʀezadɐ	ʀ[ɨ]zadɐ	ʀ[e]zadɐ	0
rezadeira	ʀɨzɐdɐjrɐ	ʀezɐdɐjrɐ	ʀ[ɨ]zɐdɐjrɐ	ʀ[e]zɐdɐjrɐ	0
rezadeiro	ʀɨzɐdɐjru	ʀezɐdɐjru	ʀ[ɨ]zɐdɐjru	ʀ[e]zɐdɐjru	0
rezador	ʀɨzɐdor	ʀezɐdor	ʀ[ɨ]zɐdor	ʀ[e]zɐdor	0
rezentaleira	ʀɨzẽtɐlɐjrɐ	ʀezẽntɐlɐjrɐ	ʀ[ɨ]zẽtɐ[l]ɐj[r]ɐ[]	ʀ[e]zẽn[t]ɐl[]ɐjr[ɐ]	0
rezental	ʀɨzẽtaɫ	ʀezẽntaɫ	ʀ[ɨ]zẽtaɫ[]	ʀ[e]zẽnta[ɫ]	0
rezento	ʀɨzẽtu	ʀezẽntu	ʀ[ɨ]zẽtu[]	ʀ[e]zẽnt[u]	0
rezina	ʀɨzinɐ	ʀezinɐ	ʀ[ɨ]zinɐ	ʀ[e]zinɐ	0
rezingão	ʀɨzĩɡɐ̃w̃	ʀezĩnɡɐ̃w̃	ʀ[ɨ]zĩɡɐ̃[w]̃[]	ʀ[e]zĩnɡ[ɐ]̃w[̃]	0
rezingar	ʀɨzĩɡar	ʀezĩnɡar	ʀ[ɨ]zĩɡar[]	ʀ[e]zĩnɡa[r]	0
rezinga	ʀɨzĩɡɐ	ʀezĩnɡɐ	ʀ[ɨ]zĩɡɐ[]	ʀ[e]zĩnɡ[ɐ]	0
rezingueiro	ʀɨzĩɡɐjru	ʀezĩnɡwɐjru	ʀ[ɨ]zĩɡɐjru[]	ʀ[e]zĩnɡwɐjr[u]	0
ribeira-penense	ʀibɐjrɐpɨnẽsɨ	ʀibɐjrɐpenẽnsɨ	ʀibɐjrɐp[ɨ]nẽsɨ[]	ʀibɐjrɐp[e]nẽns[ɨ]	0
ricochetear	ʀikuʃɨtjar	ʀikuʃetiar	ʀikuʃ[ɨ]t[j]ar	ʀikuʃ[e]t[i]ar	0
robustecedor	ʀubuʃtɨsɨdor	ʀubuʃtesɨdor	ʀubuʃt[ɨ]sɨdor	ʀubuʃt[e]sɨdor	0
robustecimento	ʀubuʃtɨsimẽtu	ʀubuʃtesimẽntu	ʀubuʃt[ɨ]simẽtu[]	ʀubuʃt[e]simẽnt[u]	0
rosa-de-jericó	ʀɔzɐdɨʒɨrikɔ	ʀɔzɐdɨʒerikɔ	ʀɔzɐdɨʒ[ɨ]rikɔ	ʀɔzɐdɨʒ[e]rikɔ	0
roupa-velheiro	ʀowpɐvɨʎɐjru	ʀowpɐveʎɐjru	ʀowpɐv[ɨ]ʎɐjru	ʀowpɐv[e]ʎɐjru	0
salvaterriano	saɫvɐtɨʀjɐnu	saɫvɐteʀiɐ̃nu	saɫvɐt[ɨ]ʀ[j]ɐ[]nu	saɫvɐt[e]ʀ[i]ɐ[̃]nu	0
sarcite	sɐrsite	sɐrsitɨ	sɐrsit[e]	sɐrsit[ɨ]	0
sarraceniáceas	sɐʀɐsɨnjasjɐʃ	sɐʀɐseniasiɐʃ	sɐʀɐs[ɨ]n[j]as[j]ɐʃ	sɐʀɐs[e]n[i]as[i]ɐʃ	0
sarraceniáceo	sɐʀɐsɨnjasju	sɐʀɐseniasiw	sɐʀɐs[ɨ]n[j]asj[u]	sɐʀɐs[e]n[i]asi[w]	0
sebáceo	sɨbasju	sebasiw	s[ɨ]basj[u]	s[e]basi[w]	0
sebácico	sɨbɐsiku	sebasiku	s[ɨ]b[ɐ]siku	s[e]b[a]siku	0
sebada	sɨbadɐ	sebadɐ	s[ɨ]badɐ	s[e]badɐ	0
sebasteno	sɨbɐʃtenu	sebɐʃtenu	s[ɨ]bɐʃtenu	s[e]bɐʃtenu	0
sebastianino	sɨbɐʃtjɐninu	sebɐʃtiɐninu	s[ɨ]bɐʃt[j]ɐninu	s[e]bɐʃt[i]ɐninu	0
sebastianismo	sɨbɐʃtjɐniʒmu	sebɐʃtiɐniʒmu	s[ɨ]bɐʃt[j]ɐniʒmu	s[e]bɐʃt[i]ɐniʒmu	0
sebastianista	sɨbɐʃtjɐniʃtɐ	sebɐʃtiɐniʃtɐ	s[ɨ]bɐʃt[j]ɐniʃtɐ	s[e]bɐʃt[i]ɐniʃtɐ	0
sebastião-de-arruda	sɨbɐʃtjɐ̃w̃dɐʀudɐ	sebɐʃtiɐ̃w̃dɨɐʀudɐ	s[ɨ]bɐʃt[j]ɐ̃w̃d[]ɐʀudɐ	s[e]bɐʃt[i]ɐ̃w̃d[ɨ]ɐʀudɐ	0
sebastião	sɨbɐʃtjɐ̃w̃	sebɐʃtiɐ̃w̃	s[ɨ]bɐʃt[j]ɐ̃w̃	s[e]bɐʃt[i]ɐ̃w̃	0
sebástico	sɨbaʃtiku	sebaʃtiku	s[ɨ]baʃtiku	s[e]baʃtiku	0
sebasto	sɨbaʃtu	sebaʃtu	s[ɨ]baʃtu	s[e]baʃtu	0
sebastro	sɨbaʃtru	sebaʃtru	s[ɨ]baʃtru	s[e]baʃtru	0
sebeiro	sɨbɐjru	sebɐjru	s[ɨ]bɐjru	s[e]bɐjru	0
sebentão	sɨbẽtɐ̃w̃	sebẽntɐ̃w̃	s[ɨ]bẽtɐ̃[w]̃[]	s[e]bẽnt[ɐ]̃w[̃]	0
sebentaria	sɨbẽtɐriɐ	sebẽntɐriɐ	s[ɨ]bẽtɐr[i]ɐ[]	s[e]bẽnt[]ɐri[ɐ]	0
sebenta	sɨbẽtɐ	sebẽntɐ	s[ɨ]bẽtɐ[]	s[e]bẽnt[ɐ]	0
sebenteiro	sɨbẽtɐjru	sebẽntɐjru	s[ɨ]bẽtɐjru[]	s[e]bẽntɐjr[u]	0
sebentice	sɨbẽtisɨ	sebẽntisɨ	s[ɨ]bẽtisɨ[]	s[e]bẽntis[ɨ]	0
sebento	sɨbẽtu	sebẽntu	s[ɨ]bẽtu[]	s[e]bẽnt[u]	0
sebesta	sɨbɛʃtɐ	sebɛʃtɐ	s[ɨ]bɛʃtɐ	s[e]bɛʃtɐ	0
sebesteira	sɨbɛʃtɐjrɐ	sebɨʃtɐjrɐ	s[ɨ]b[ɛ]ʃtɐjrɐ	s[e]b[ɨ]ʃtɐjrɐ	0
sebesteiro	sɨbɛʃtɐjru	sebɨʃtɐjru	s[ɨ]b[ɛ]ʃtɐjru	s[e]b[ɨ]ʃtɐjru	0
sebina	sɨbinɐ	sebinɐ	s[ɨ]binɐ	s[e]binɐ	0
sebino	sɨbinu	sebinu	s[ɨ]binu	s[e]binu	0
sebipira	sɨbipirɐ	sebipirɐ	s[ɨ]bipirɐ	s[e]bipirɐ	0
sebista	sɨbiʃtɐ	sebiʃtɐ	s[ɨ]biʃtɐ	s[e]biʃtɐ	0
seborreia	sɨbuʀɐjɐ	sebuʀɛjɐ	s[ɨ]buʀ[ɐ]jɐ	s[e]buʀ[ɛ]jɐ	0
seborréia	sɨbuʀɐjɐ	sebuʀɛjɐ	s[ɨ]buʀ[ɐ]jɐ	s[e]buʀ[ɛ]jɐ	0
seborreico	sɨbuʀɐjku	sebuʀɐjku	s[ɨ]buʀɐjku	s[e]buʀɐjku	0
seborréico	sɨbuʀɐjku	sebuʀɛjku	s[ɨ]buʀ[ɐ]jku	s[e]buʀ[ɛ]jku	0
seboso	sɨbozu	sebozu	s[ɨ]bozu	s[e]bozu	0
sebusiano	sɨbuzjɐnu	sebuziɐ̃nu	s[ɨ]buz[j]ɐ[]nu	s[e]buz[i]ɐ[̃]nu	0
sebusianos	sɨbuzjɐnuʃ	sebuziɐ̃nuʃ	s[ɨ]buz[j]ɐ[]nuʃ	s[e]buz[i]ɐ[̃]nuʃ	0
secação	sɨkɐsɐ̃w̃	sekɐsɐ̃w̃	s[ɨ]kɐsɐ̃w̃	s[e]kɐsɐ̃w̃	0
secadal	sɨkɐdaɫ	sekɐdaɫ	s[ɨ]kɐdaɫ	s[e]kɐdaɫ	0
secadeira	sɨkɐdɐjrɐ	sekɐdɐjrɐ	s[ɨ]kɐdɐjrɐ	s[e]kɐdɐjrɐ	0
secadio	sɨkɐdiu	sekɐdiw	s[ɨ]kɐdi[u]	s[e]kɐdi[w]	0
secadoiro	sɨkɐdojru	sekɐdojru	s[ɨ]kɐdojru	s[e]kɐdojru	0
secadora	sɨkɐdorɐ	sekɐdorɐ	s[ɨ]kɐdorɐ	s[e]kɐdorɐ	0
secador	sɨkɐdor	sekɐdor	s[ɨ]kɐdor	s[e]kɐdor	0
secadouro	sɨkɐdowru	sekɐdowru	s[ɨ]kɐdowru	s[e]kɐdowru	0
secagem	sɨkaʒɐ̃j̃	sekaʒɐjn	s[ɨ]kaʒɐ[̃]j[̃]	s[e]kaʒɐ[]j[n]	0
secância	sɨkɐ̃sjɐ	sekɐ̃nsjɐ	s[ɨ]kɐ̃[]sjɐ	s[e]kɐ̃[n]sjɐ	0
secarrão	sɨkɐʀɐ̃w̃	sekɐʀɐ̃w̃	s[ɨ]kɐʀɐ̃w̃	s[e]kɐʀɐ̃w̃	0
secativo	sɨkɐtivu	sekɐtivu	s[ɨ]kɐtivu	s[e]kɐtivu	0
secatória	sɨkɐtɔrjɐ	sekɐtɔrjɐ	s[ɨ]kɐtɔrjɐ	s[e]kɐtɔrjɐ	0
secatório	sɨkɐtɔrju	sekɐtɔrju	s[ɨ]kɐtɔrju	s[e]kɐtɔrju	0
secatura	sɨkɐturɐ	sekɐturɐ	s[ɨ]kɐturɐ	s[e]kɐturɐ	0
secável	sɨkavɛɫ	sekavɛɫ	s[ɨ]kavɛɫ	s[e]kavɛɫ	0
secernente	sɨsɨrnẽtɨ	sesɨrnẽntɨ	s[ɨ]sɨrnẽtɨ[]	s[e]sɨrnẽnt[ɨ]	0
secessão	sɨsɨsɐ̃w̃	sesɨsɐ̃w̃	s[ɨ]sɨsɐ̃w̃	s[e]sɨsɐ̃w̃	0
secessionismo	sɨsɛsjuniʒmu	sesɨsjuniʒmu	s[ɨ]s[ɛ]sjuniʒmu	s[e]s[ɨ]sjuniʒmu	0
secessionista	sɨsɛsjuniʃtɐ	sesɨsjuniʃtɐ	s[ɨ]s[ɛ]sjuniʃtɐ	s[e]s[ɨ]sjuniʃtɐ	0
secessionístico	sɨsɛsjuniʃtiku	sesɨsjuniʃtiku	s[ɨ]s[ɛ]sjuniʃtiku	s[e]s[ɨ]sjuniʃtiku	0
secesso	sɨsɛsu	sesɛsu	s[ɨ]sɛsu	s[e]sɛsu	0
secularidade	sɨkulɐridadɨ	sekulɐridadɨ	s[ɨ]kulɐridadɨ	s[e]kulɐridadɨ	0
secularismo	sɨkulɐriʒmu	sekulɐriʒmu	s[ɨ]kulɐriʒmu	s[e]kulɐriʒmu	0
secularista	sɨkulɐriʃtɐ	sekulɐriʃtɐ	s[ɨ]kulɐriʃtɐ	s[e]kulɐriʃtɐ	0
secularístico	sɨkulɐriʃtiku	sekulɐriʃtiku	s[ɨ]kulɐriʃtiku	s[e]kulɐriʃtiku	0
secularização	sɨkulɐrizɐsɐ̃w̃	sekulɐrizɐsɐ̃w̃	s[ɨ]kulɐrizɐsɐ̃w̃	s[e]kulɐrizɐsɐ̃w̃	0
secularizar	sɨkulɐrizar	sekulɐrizar	s[ɨ]kulɐrizar	s[e]kulɐrizar	0
secularmente	sɨkularmẽtɨ	sekulɐrmẽntɨ	s[ɨ]kul[a]rmẽtɨ[]	s[e]kul[ɐ]rmẽnt[ɨ]	0
secular	sɨkular	sekular	s[ɨ]kular	s[e]kular	0
seculo	sɨkulu	sekulu	s[ɨ]kulu	s[e]kulu	0
secundano	sɨkũdɐnu	sekũndɐ̃nu	s[ɨ]kũd[ɐ]nu[]	s[e]kũ[]ndɐ̃n[u]	0
secundariamente	sɨkũdarjɐmẽtɨ	sekũndariɐmẽntɨ	s[ɨ]kũdarjɐmẽtɨ[]	s[e]kũndariɐmẽnt[ɨ]	0
secundariedade	sɨkũdɐrjɐdadɨ	sekũndɐriɨdadɨ	s[ɨ]kũdɐr[j]ɐda[]dɨ[]	s[e]kũnd[]ɐri[ɨ]dad[ɨ]	0
secundário	sɨkũdarju	sekũndarju	s[ɨ]kũdarju[]	s[e]kũndarj[u]	0
secundarizar	sɨkũdɐrizar	sekũndɐrizar	s[ɨ]kũdɐrizar[]	s[e]kũndɐriza[r]	0
secundar	sɨkũdar	sekũndar	s[ɨ]kũdar[]	s[e]kũnda[r]	0
secundeira	sɨkũdɐjrɐ	sekũndɐjrɐ	s[ɨ]kũdɐj[r]ɐ[]	s[e]kũnd[]ɐjr[ɐ]	0
secundina	sɨkũdinɐ	sekũndinɐ	s[ɨ]kũd[i]nɐ[]	s[e]kũ[]ndin[ɐ]	0
secundípara	sɨkũdipɐrɐ	sekũndipɐrɐ	s[ɨ]kũdipɐ[r]ɐ[]	s[e]kũndi[p]ɐr[ɐ]	0
secundíparo	sɨkũdipɐru	sekũndipɐru	s[ɨ]kũdipɐru[]	s[e]kũndipɐr[u]	0
secundogênito	sɨkũdɔʒenitu	sekũnduʒenitu	s[ɨ]kũdɔʒenitu[]	s[e]kũnduʒenit[u]	0
secundogénito	sɨkũdɔʒɛnitu	sekũnduʒɛnitu	s[ɨ]kũdɔʒɛnitu[]	s[e]kũnduʒɛnit[u]	0
secura	sɨkurɐ	sekurɐ	s[ɨ]kurɐ	s[e]kurɐ	0
secure	sɨkurɨ	sekurɨ	s[ɨ]kurɨ	s[e]kurɨ	0
securiforme	sɨkurifɔrmɨ	sekurifɔrmɨ	s[ɨ]kurifɔrmɨ	s[e]kurifɔrmɨ	0
securitário	sɨkuritarju	sekuritarju	s[ɨ]kuritarju	s[e]kuritarju	0
sedação	sɨdɐsɐ̃w̃	sedɐsɐ̃w̃	s[ɨ]dɐsɐ̃w̃	s[e]dɐsɐ̃w̃	0
sedaceiro	sɨdɐsɐjru	sedɐsɐjru	s[ɨ]dɐsɐjru	s[e]dɐsɐjru	0
sedaço	sɨdasu	sedasu	s[ɨ]dasu	s[e]dasu	0
sedalha	sɨdaʎɐ	sedaʎɐ	s[ɨ]daʎɐ	s[e]daʎɐ	0
sedalina	sɨdɐlinɐ	sedɐlinɐ	s[ɨ]dɐlinɐ	s[e]dɐlinɐ	0
sedante	sɨdɐ̃tɨ	sedɐ̃ntɨ	s[ɨ]dɐ̃[]tɨ	s[e]dɐ̃[n]tɨ	0
sedativo	sɨdɐtivu	sedɐtivu	s[ɨ]dɐtivu	s[e]dɐtivu	0
sedear	sɨdjar	sediar	s[ɨ]d[j]ar	s[e]d[i]ar	0
sedeiro	sɨdɐjru	sedɐjru	s[ɨ]dɐjru	s[e]dɐjru	0
sedela	sɨdɛlɐ	sedɛlɐ	s[ɨ]dɛlɐ	s[e]dɛlɐ	0
sedenho	sɨdɐjɲu	sedeɲu	s[ɨ]dɐ[j]ɲu	s[e]de[]ɲu	0
sedente	sɨdẽtɨ	sedẽntɨ	s[ɨ]dẽtɨ[]	s[e]dẽnt[ɨ]	0
sedento	sɨdẽtu	sedẽntu	s[ɨ]dẽtu[]	s[e]dẽnt[u]	0
sedeúdo	sɨdiudu	sediudu	s[ɨ]diudu	s[e]diudu	0
sediado	sɨdjadu	sediadu	s[ɨ]d[j]adu	s[e]d[i]adu	0
sediar	sɨdjar	sediar	s[ɨ]d[j]ar	s[e]d[i]ar	0
sedição	sɨdisɐ̃w̃	sedisɐ̃w̃	s[ɨ]disɐ̃w̃	s[e]disɐ̃w̃	0
sedicioso	sɨdisjozu	sedisiozu	s[ɨ]dis[j]ozu	s[e]dis[i]ozu	0
sediela	sɨdjɛlɐ	sediɛlɐ	s[ɨ]d[j]ɛlɐ	s[e]d[i]ɛlɐ	0
sedígero	sɨdiʒɨru	sediʒɨru	s[ɨ]diʒɨru	s[e]diʒɨru	0
sedilúvio	sɨdiluvju	sediluvju	s[ɨ]diluvju	s[e]diluvju	0
sedimentação	sɨdimẽtɐsɐ̃w̃	sedimẽntɐsɐ̃w̃	s[ɨ]dimẽtɐ[s]ɐ̃[w]̃[]	s[e]dimẽn[t]ɐs[ɐ]̃w[̃]	0
sedimentário	sɨdimẽtarju	sedimẽntarju	s[ɨ]dimẽtarju[]	s[e]dimẽntarj[u]	0
sedimentologia	sɨdimẽtuluʒiɐ	sedimẽntuluʒiɐ	s[ɨ]dimẽtu[l]uʒiɐ[]	s[e]dimẽn[t]uluʒi[ɐ]	0
sedimentológico	sɨdimẽtulɔʒiku	sedimẽntulɔʒiku	s[ɨ]dimẽtulɔʒiku[]	s[e]dimẽntulɔʒik[u]	0
sedimento	sɨdimẽtu	sedimẽntu	s[ɨ]dimẽtu[]	s[e]dimẽnt[u]	0
sedimentoso	sɨdimẽtozu	sedimẽntozu	s[ɨ]dimẽtozu[]	s[e]dimẽntoz[u]	0
sedonho	sɨdoɲu	sedõɲu	s[ɨ]do[]ɲu	s[e]do[̃]ɲu	0
sedoso	sɨdozu	sedozu	s[ɨ]dozu	s[e]dozu	0
sedução	sɨdusɐ̃w̃	sedusɐ̃w̃	s[ɨ]dusɐ̃w̃	s[e]dusɐ̃w̃	0
seduno	sɨdunu	sedunu	s[ɨ]dunu	s[e]dunu	0
sedutor	sɨdutor	sedutor	s[ɨ]dutor	s[e]dutor	0
seduzido	sɨduzidu	seduzidu	s[ɨ]duzidu	s[e]duzidu	0
seduzir	sɨduzir	seduzir	s[ɨ]duzir	s[e]duzir	0
seduzível	sɨduzivɛɫ	seduzivɛɫ	s[ɨ]duzivɛɫ	s[e]duzivɛɫ	0
sefardim	sɨfɐrdĩ	sefɐrdĩn	s[ɨ]fɐrdĩ[]	s[e]fɐrdĩ[n]	0
sefardi	sɨfɐrdi	sefɐrdi	s[ɨ]fɐrdi	s[e]fɐrdi	0
sefardita	sɨfɐrditɐ	sefɐrditɐ	s[ɨ]fɐrditɐ	s[e]fɐrditɐ	0
sefia	sɨfiɐ	sefiɐ	s[ɨ]fiɐ	s[e]fiɐ	0
segada	sɨɡadɐ	seɡadɐ	s[ɨ]ɡadɐ	s[e]ɡadɐ	0
segadeira	sɨɡɐdɐjrɐ	seɡɐdɐjrɐ	s[ɨ]ɡɐdɐjrɐ	s[e]ɡɐdɐjrɐ	0
segadoiro	sɨɡɐdojru	seɡɐdojru	s[ɨ]ɡɐdojru	s[e]ɡɐdojru	0
segador	sɨɡɐdor	seɡɐdor	s[ɨ]ɡɐdor	s[e]ɡɐdor	0
segadouro	sɨɡɐdowru	seɡɐdowru	s[ɨ]ɡɐdowru	s[e]ɡɐdowru	0
segadura	sɨɡɐdurɐ	seɡɐdurɐ	s[ɨ]ɡɐdurɐ	s[e]ɡɐdurɐ	0
segestano	sɨʒɨʃtɐnu	seʒɨʃtɐ̃nu	s[ɨ]ʒɨʃtɐ[]nu	s[e]ʒɨʃtɐ[̃]nu	0
segestense	sɨʒɨʃtẽsɨ	seʒɨʃtẽnsɨ	s[ɨ]ʒɨʃtẽsɨ[]	s[e]ʒɨʃtẽns[ɨ]	0
segetal	sɨʒɨtaɫ	seʒɨtaɫ	s[ɨ]ʒɨtaɫ	s[e]ʒɨtaɫ	0
segisamajuliense	sɨʒizɐmaʒuljẽsɨ	seʒizɐmɐʒuliẽnsɨ	s[ɨ]ʒizɐm[a]ʒuljẽsɨ[]	s[e]ʒizɐm[ɐ]ʒuliẽns[ɨ]	0
segisamonense	sɨʒizɐmunẽsɨ	seʒizɐmunẽnsɨ	s[ɨ]ʒizɐmunẽsɨ[]	s[e]ʒizɐmunẽns[ɨ]	0
segobrigense	sɨɡubriʒẽsɨ	seɡubriʒẽnsɨ	s[ɨ]ɡubriʒẽsɨ[]	s[e]ɡubriʒẽns[ɨ]	0
segontinense	sɨɡõtinẽsɨ	seɡõntinẽnsɨ	s[ɨ]ɡõt[i]nẽsɨ[]	s[e]ɡõ[]ntinẽns[ɨ]	0
segoviano	sɨɡuvjɐnu	seɡuviɐ̃nu	s[ɨ]ɡuv[j]ɐ[]nu	s[e]ɡuv[i]ɐ[̃]nu	0
segredar	sɨɡrɨdar	seɡrɨdar	s[ɨ]ɡrɨdar	s[e]ɡrɨdar	0
segredeiro	sɨɡrɨdɐjru	seɡrɨdɐjru	s[ɨ]ɡrɨdɐjru	s[e]ɡrɨdɐjru	0
segredismo	sɨɡrɨdiʒmu	seɡrɨdiʒmu	s[ɨ]ɡrɨdiʒmu	s[e]ɡrɨdiʒmu	0
segredista	sɨɡrɨdiʃtɐ	seɡrɨdiʃtɐ	s[ɨ]ɡrɨdiʃtɐ	s[e]ɡrɨdiʃtɐ	0
segredístico	sɨɡrɨdiʃtiku	seɡrɨdiʃtiku	s[ɨ]ɡrɨdiʃtiku	s[e]ɡrɨdiʃtiku	0
segredo	sɨɡredu	seɡredu	s[ɨ]ɡredu	s[e]ɡredu	0
segredoso	sɨɡrɨdozu	seɡrɨdozu	s[ɨ]ɡrɨdozu	s[e]ɡrɨdozu	0
segregação	sɨɡrɨɡɐsɐ̃w̃	seɡrɨɡɐsɐ̃w̃	s[ɨ]ɡrɨɡɐsɐ̃w̃	s[e]ɡrɨɡɐsɐ̃w̃	0
segregacionismo	sɨɡrɨɡɐsjuniʒmu	seɡrɨɡɐsjuniʒmu	s[ɨ]ɡrɨɡɐsjuniʒmu	s[e]ɡrɨɡɐsjuniʒmu	0
segregacionista	sɨɡrɨɡɐsjuniʃtɐ	seɡrɨɡɐsjuniʃtɐ	s[ɨ]ɡrɨɡɐsjuniʃtɐ	s[e]ɡrɨɡɐsjuniʃtɐ	0
segregado	sɨɡrɨɡadu	seɡrɨɡadu	s[ɨ]ɡrɨɡadu	s[e]ɡrɨɡadu	0
segregar	sɨɡrɨɡar	seɡrɨɡar	s[ɨ]ɡrɨɡar	s[e]ɡrɨɡar	0
segregatício	sɨɡrɨɡɐtisju	seɡrɨɡɐtisju	s[ɨ]ɡrɨɡɐtisju	s[e]ɡrɨɡɐtisju	0
segregativo	sɨɡrɨɡɐtivu	seɡrɨɡɐtivu	s[ɨ]ɡrɨɡɐtivu	s[e]ɡrɨɡɐtivu	0
seguidamente	sɨɡidɐmẽtɨ	seɡidɐmẽntɨ	s[ɨ]ɡidɐmẽtɨ[]	s[e]ɡidɐmẽnt[ɨ]	0
seguida	sɨɡidɐ	seɡidɐ	s[ɨ]ɡidɐ	s[e]ɡidɐ	0
seguidilha	sɨɡidiʎɐ	seɡidiʎɐ	s[ɨ]ɡidiʎɐ	s[e]ɡidiʎɐ	0
seguidilheiro	sɨɡidiʎɐjru	seɡidiʎɐjru	s[ɨ]ɡidiʎɐjru	s[e]ɡidiʎɐjru	0
seguidismo	sɨɡidiʒmu	seɡidiʒmu	s[ɨ]ɡidiʒmu	s[e]ɡidiʒmu	0
seguidista	sɨɡidiʃtɐ	seɡidiʃtɐ	s[ɨ]ɡidiʃtɐ	s[e]ɡidiʃtɐ	0
seguidor	sɨɡidor	seɡidor	s[ɨ]ɡidor	s[e]ɡidor	0
seguido	sɨɡidu	seɡidu	s[ɨ]ɡidu	s[e]ɡidu	0
seguimento	sɨɡimẽtu	seɡimẽntu	s[ɨ]ɡimẽtu[]	s[e]ɡimẽnt[u]	0
seguintemente	sɨɡĩtɨmẽtɨ	seɡĩntɨmẽntɨ	s[ɨ]ɡĩtɨmẽtɨ[]	s[e]ɡĩntɨmẽnt[ɨ]	0
seguinte	sɨɡĩtɨ	seɡĩntɨ	s[ɨ]ɡĩtɨ[]	s[e]ɡĩnt[ɨ]	0
segunda-feira	sɨɡũdɐfɐjrɐ	seɡũndɐfɐjrɐ	s[ɨ]ɡũdɐ[f]ɐj[r]ɐ[]	s[e]ɡũn[d]ɐf[]ɐjr[ɐ]	0
segundanista	sɨɡũdɐniʃtɐ	seɡũndɐniʃtɐ	s[ɨ]ɡũd[ɐ]niʃtɐ[]	s[e]ɡũ[]ndɐniʃt[ɐ]	0
segundar	sɨɡũdar	seɡũndar	s[ɨ]ɡũdar[]	s[e]ɡũnda[r]	0
segunda-volta	sɨɡũdɐvɔɫtɐ	seɡũndɐvɔɫtɐ	s[ɨ]ɡũdɐvɔɫtɐ[]	s[e]ɡũndɐvɔɫt[ɐ]	0
segundeira	sɨɡũdɐjrɐ	seɡũndɐjrɐ	s[ɨ]ɡũdɐj[r]ɐ[]	s[e]ɡũnd[]ɐjr[ɐ]	0
segundo-cabo	sɨɡũdukabu	seɡũndukabu	s[ɨ]ɡũdukabu[]	s[e]ɡũndukab[u]	0
segundogênito	sɨɡũdɔʒenitu	seɡũnduʒenitu	s[ɨ]ɡũdɔʒenitu[]	s[e]ɡũnduʒenit[u]	0
segundogénito	sɨɡũdɔʒɛnitu	seɡũnduʒɛnitu	s[ɨ]ɡũdɔʒɛnitu[]	s[e]ɡũnduʒɛnit[u]	0
segundogenitura	sɨɡũdɔʒɨniturɐ	seɡũnduʒɨniturɐ	s[ɨ]ɡũdɔʒɨniturɐ[]	s[e]ɡũnduʒɨnitur[ɐ]	0
segundo-sargento	sɨɡũdusɐrʒẽtu	seɡũndusɐrʒẽntu	s[ɨ]ɡũdusɐrʒẽtu[]	s[e]ɡũndusɐrʒẽnt[u]	0
segundo-tenente	sɨɡũdutɨnẽtɨ	seɡũndutenẽntɨ	s[ɨ]ɡũdutɨnẽtɨ[]	s[e]ɡũndutenẽnt[ɨ]	0
seguração	sɨɡurɐsɐ̃w̃	seɡurɐsɐ̃w̃	s[ɨ]ɡurɐsɐ̃w̃	s[e]ɡurɐsɐ̃w̃	0
seguradora	sɨɡurɐdorɐ	seɡurɐdorɐ	s[ɨ]ɡurɐdorɐ	s[e]ɡurɐdorɐ	0
segurador	sɨɡurɐdor	seɡurɐdor	s[ɨ]ɡurɐdor	s[e]ɡurɐdor	0
segurado	sɨɡuradu	seɡuradu	s[ɨ]ɡuradu	s[e]ɡuradu	0
seguramente	sɨɡurɐmẽtɨ	seɡurɐmẽntɨ	s[ɨ]ɡurɐmẽtɨ[]	s[e]ɡurɐmẽnt[ɨ]	0
segurança	sɨɡurɐ̃sɐ	seɡurɐ̃nsɐ	s[ɨ]ɡurɐ̃[]sɐ	s[e]ɡurɐ̃[n]sɐ	0
segurar	sɨɡurar	seɡurar	s[ɨ]ɡurar	s[e]ɡurar	0
segura	sɨɡurɐ	seɡurɐ	s[ɨ]ɡurɐ	s[e]ɡurɐ	0
segurável	sɨɡuravɛɫ	seɡuravɛɫ	s[ɨ]ɡuravɛɫ	s[e]ɡuravɛɫ	0
segure	sɨɡurɨ	seɡurɨ	s[ɨ]ɡurɨ	s[e]ɡurɨ	0
segureza	sɨɡurezɐ	seɡurezɐ	s[ɨ]ɡurezɐ	s[e]ɡurezɐ	0
seguridade	sɨɡuridadɨ	seɡuridadɨ	s[ɨ]ɡuridadɨ	s[e]ɡuridadɨ	0
seguro-desemprego	sɨɡurudɨzẽpreɡu	seɡurudɨzẽmpreɡu	s[ɨ]ɡurudɨzẽpreɡu[]	s[e]ɡurudɨzẽmpreɡ[u]	0
seguro	sɨɡuru	seɡuru	s[ɨ]ɡuru	s[e]ɡuru	0
segusiense	sɨɡuzjẽsɨ	seɡuziẽnsɨ	s[ɨ]ɡuzjẽsɨ[]	s[e]ɡuziẽns[ɨ]	0
segusino	sɨɡuzinu	seɡuzinu	s[ɨ]ɡuzinu	s[e]ɡuzinu	0
selada	sɨladɐ	seladɐ	s[ɨ]ladɐ	s[e]ladɐ	0
seladoiro	sɨlɐdojru	selɐdojru	s[ɨ]lɐdojru	s[e]lɐdojru	0
selador	sɨlɐdor	selɐdor	s[ɨ]lɐdor	s[e]lɐdor	0
seladouro	sɨlɐdowru	selɐdowru	s[ɨ]lɐdowru	s[e]lɐdowru	0
seladura	sɨlɐdurɐ	selɐdurɐ	s[ɨ]lɐdurɐ	s[e]lɐdurɐ	0
selagão	sɨlɐɡɐ̃w̃	selɐɡɐ̃w̃	s[ɨ]lɐɡɐ̃w̃	s[e]lɐɡɐ̃w̃	0
selagem	sɨlaʒɐ̃j̃	selaʒɐjn	s[ɨ]laʒɐ[̃]j[̃]	s[e]laʒɐ[]j[n]	0
selagineláceas	sɨlɐʒinɨlasjɐʃ	selɐʒinɨlasiɐʃ	s[ɨ]lɐʒinɨlas[j]ɐʃ	s[e]lɐʒinɨlas[i]ɐʃ	0
selaginela	sɨlɐʒinɛlɐ	selɐʒinɛlɐ	s[ɨ]lɐʒinɛlɐ	s[e]lɐʒinɛlɐ	0
seláquio	sɨlakju	selakiw	s[ɨ]lakj[u]	s[e]laki[w]	0
selaria	sɨlɐriɐ	selɐriɐ	s[ɨ]lɐriɐ	s[e]lɐriɐ	0
seleção	sɨlɛsɐ̃w̃	selɨsɐ̃w̃	s[ɨ]l[ɛ]sɐ̃w̃	s[e]l[ɨ]sɐ̃w̃	0
selecção	sɨlɛsɐ̃w̃	selɛsɐ̃w̃	s[ɨ]lɛsɐ̃w̃	s[e]lɛsɐ̃w̃	0
seleccionador	sɨlɛsjunɐdor	selɛsjunɐdor	s[ɨ]lɛsjunɐdor	s[e]lɛsjunɐdor	0
seleccionado	sɨlɛsjunadu	selɛsjunadu	s[ɨ]lɛsjunadu	s[e]lɛsjunadu	0
seleccionamento	sɨlɛsjunɐmẽtu	selɛsjunɐmẽntu	s[ɨ]lɛsjunɐmẽtu[]	s[e]lɛsjunɐmẽnt[u]	0
seleccionar	sɨlɛsjunar	selɛsjunar	s[ɨ]lɛsjunar	s[e]lɛsjunar	0
seleccionável	sɨlɛsjunavɛɫ	selɛsjunavɛɫ	s[ɨ]lɛsjunavɛɫ	s[e]lɛsjunavɛɫ	0
seleccionismo	sɨlɛsjuniʒmu	selɛsjuniʒmu	s[ɨ]lɛsjuniʒmu	s[e]lɛsjuniʒmu	0
selecionador	sɨlɛsjunɐdor	selɨsjunɐdor	s[ɨ]l[ɛ]sjunɐdor	s[e]l[ɨ]sjunɐdor	0
selecionado	sɨlɛsjunadu	selɨsjunadu	s[ɨ]l[ɛ]sjunadu	s[e]l[ɨ]sjunadu	0
selecionamento	sɨlɛsjunɐmẽtu	selɨsjunɐmẽntu	s[ɨ]l[ɛ]sjunɐmẽtu[]	s[e]l[ɨ]sjunɐmẽnt[u]	0
selecionar	sɨlɛsjunar	selɨsjunar	s[ɨ]l[ɛ]sjunar	s[e]l[ɨ]sjunar	0
selecionável	sɨlɛsjunavɛɫ	selɨsjunavɛɫ	s[ɨ]l[ɛ]sjunavɛɫ	s[e]l[ɨ]sjunavɛɫ	0
selecionismo	sɨlɛsjuniʒmu	selɨsjuniʒmu	s[ɨ]l[ɛ]sjuniʒmu	s[e]l[ɨ]sjuniʒmu	0
selectar	sɨlɛtar	selɛtar	s[ɨ]lɛtar	s[e]lɛtar	0
selecta	sɨlɛtɐ	selɛtɐ	s[ɨ]lɛtɐ	s[e]lɛtɐ	0
selectividade	sɨlɛtividadɨ	selɛtividadɨ	s[ɨ]lɛtividadɨ	s[e]lɛtividadɨ	0
selectivo	sɨlɛtivu	selɛtivu	s[ɨ]lɛtivu	s[e]lɛtivu	0
selector	sɨlɛtor	selɛtor	s[ɨ]lɛtor	s[e]lɛtor	0
selecto	sɨlɛtu	selɛtu	s[ɨ]lɛtu	s[e]lɛtu	0
seleiro	sɨlɐjru	selɐjru	s[ɨ]lɐjru	s[e]lɐjru	0
seleniato	sɨlɨnjatu	selɨniatu	s[ɨ]lɨn[j]atu	s[e]lɨn[i]atu	0
selenífero	sɨlɨnifɨru	selɨnifɨru	s[ɨ]lɨnifɨru	s[e]lɨnifɨru	0
selênio	sɨlenju	selenju	s[ɨ]lenju	s[e]lenju	0
selénio	sɨlɛnju	selɛnju	s[ɨ]lɛnju	s[e]lɛnju	0
selenioso	sɨlɨnjozu	selɨniozu	s[ɨ]lɨn[j]ozu	s[e]lɨn[i]ozu	0
selenita	sɨlɨnitɐ	selɨnitɐ	s[ɨ]lɨnitɐ	s[e]lɨnitɐ	0
selenite	sɨlɨnitɨ	selɨnitɨ	s[ɨ]lɨnitɨ	s[e]lɨnitɨ	0
selenito	sɨlɨnitu	selɨnitu	s[ɨ]lɨnitu	s[e]lɨnitu	0
selenitoso	sɨlɨnitozu	selɨnitozu	s[ɨ]lɨnitozu	s[e]lɨnitozu	0
selenodonte	sɨlɛnɔdõtɨ	selɨnudõntɨ	s[ɨ]l[ɛ]n[ɔ]dõtɨ[]	s[e]l[ɨ]n[u]dõnt[ɨ]	0
selenografia	sɨlɛnɔɡrɐfiɐ	selɨnuɡrɐfiɐ	s[ɨ]l[ɛ]n[ɔ]ɡrɐfiɐ	s[e]l[ɨ]n[u]ɡrɐfiɐ	0
selenográfico	sɨlɛnɔɡrafiku	selɨnuɡrafiku	s[ɨ]l[ɛ]n[ɔ]ɡrafiku	s[e]l[ɨ]n[u]ɡrafiku	0
selenógrafo	sɨlɛnɔɡrɐfu	selɨnɔɡrɐfu	s[ɨ]l[ɛ]nɔɡrɐfu	s[e]l[ɨ]nɔɡrɐfu	0
selenologia	sɨlɛnuluʒiɐ	selɨnuluʒiɐ	s[ɨ]l[ɛ]nuluʒiɐ	s[e]l[ɨ]nuluʒiɐ	0
selenológico	sɨlɛnulɔʒiku	selɨnulɔʒiku	s[ɨ]l[ɛ]nulɔʒiku	s[e]l[ɨ]nulɔʒiku	0
selenólogo	sɨlɨnɔluɡu	selɨnɔluɡu	s[ɨ]lɨnɔluɡu	s[e]lɨnɔluɡu	0
selenose	sɨlɨnɔzɨ	selɨnɔzɨ	s[ɨ]lɨnɔzɨ	s[e]lɨnɔzɨ	0
selenóstato	sɨlɨnɔʃtɐtu	selɨnɔʃtɐtu	s[ɨ]lɨnɔʃtɐtu	s[e]lɨnɔʃtɐtu	0
seletar	sɨlɛtar	selɨtar	s[ɨ]l[ɛ]tar	s[e]l[ɨ]tar	0
seleta	sɨlɛtɐ	selɛtɐ	s[ɨ]lɛtɐ	s[e]lɛtɐ	0
seletividade	sɨlɛtividadɨ	selɨtividadɨ	s[ɨ]l[ɛ]tividadɨ	s[e]l[ɨ]tividadɨ	0
seletivo	sɨlɛtivu	selɨtivu	s[ɨ]l[ɛ]tivu	s[e]l[ɨ]tivu	0
seletor	sɨlɛtor	selɨtor	s[ɨ]l[ɛ]tor	s[e]l[ɨ]tor	0
seleto	sɨlɛtu	selɛtu	s[ɨ]lɛtu	s[e]lɛtu	0
selêucida	sɨlewsidɐ	selewsidɐ	s[ɨ]lewsidɐ	s[e]lewsidɐ	0
selêucidas	sɨlewsidɐʃ	selewsidɐʃ	s[ɨ]lewsidɐʃ	s[e]lewsidɐʃ	0
selinho	sɨliɲu	seliɲu	s[ɨ]liɲu	s[e]liɲu	0
selote	sɨlɔtɨ	selɔtɨ	s[ɨ]lɔtɨ	s[e]lɔtɨ	0
semáfora	sɨmafurɐ	semafurɐ	s[ɨ]mafurɐ	s[e]mafurɐ	0
semafórico	sɨmɐfɔriku	semɐfɔriku	s[ɨ]mɐfɔriku	s[e]mɐfɔriku	0
semáforo	sɨmafuru	semafuru	s[ɨ]mafuru	s[e]mafuru	0
semana-americana	sɨmɐnamɨrikɐnɐ	semɐ̃nɐɐmerikɐ̃nɐ	s[ɨ]mɐ[]na[]m[ɨ]rikɐ[]nɐ	s[e]mɐ[̃]nɐ[ɐ]m[e]rikɐ[̃]nɐ	0
semanada	sɨmɐnadɐ	semɐnadɐ	s[ɨ]mɐnadɐ	s[e]mɐnadɐ	0
semana-inglesa	sɨmɐnɐĩɡlezɐ	semɐ̃nɐĩnɡlezɐ	s[ɨ]mɐ[]nɐĩɡlezɐ[]	s[e]mɐ[̃]nɐĩnɡlez[ɐ]	0
semanalmente	sɨmɐnaɫmẽtɨ	semɐ̃naɫmẽntɨ	s[ɨ]mɐ[]naɫmẽtɨ[]	s[e]mɐ[̃]naɫmẽnt[ɨ]	0
semanal	sɨmɐnaɫ	semɐ̃naɫ	s[ɨ]mɐ[]naɫ	s[e]mɐ[̃]naɫ	0
semanário	sɨmɐnarju	semɐnarju	s[ɨ]mɐnarju	s[e]mɐnarju	0
semana	sɨmɐnɐ	semɐ̃nɐ	s[ɨ]mɐ[]nɐ	s[e]mɐ[̃]nɐ	0
semantema	sɨmɐ̃temɐ	semɐ̃ntemɐ	s[ɨ]mɐ̃[]temɐ	s[e]mɐ̃[n]temɐ	0
semântica	sɨmɐ̃tikɐ	semɐ̃ntikɐ	s[ɨ]mɐ̃[]tikɐ	s[e]mɐ̃[n]tikɐ	0
semântico	sɨmɐ̃tiku	semɐ̃ntiku	s[ɨ]mɐ̃[]tiku	s[e]mɐ̃[n]tiku	0
semantista	sɨmɐ̃tiʃtɐ	semɐ̃ntiʃtɐ	s[ɨ]mɐ̃[]tiʃtɐ	s[e]mɐ̃[n]tiʃtɐ	0
semasiologia	sɨmɐzjuluʒiɐ	semɐziuluʒiɐ	s[ɨ]mɐz[j]uluʒiɐ	s[e]mɐz[i]uluʒiɐ	0
semasiológico	sɨmɐzjulɔʒiku	semɐziulɔʒiku	s[ɨ]mɐz[j]ulɔʒiku	s[e]mɐz[i]ulɔʒiku	0
sematologia	sɨmɐtuluʒiɐ	semɐtuluʒiɐ	s[ɨ]mɐtuluʒiɐ	s[e]mɐtuluʒiɐ	0
sematológico	sɨmɐtulɔʒiku	semɐtulɔʒiku	s[ɨ]mɐtulɔʒiku	s[e]mɐtulɔʒiku	0
semeação	sɨmjɐsɐ̃w̃	semiɐsɐ̃w̃	s[ɨ]m[j]ɐsɐ̃w̃	s[e]m[i]ɐsɐ̃w̃	0
semeada	sɨmjadɐ	semiadɐ	s[ɨ]m[j]adɐ	s[e]m[i]adɐ	0
semeadoiro	sɨmjɐdojru	semiɐdojru	s[ɨ]m[j]ɐdojru	s[e]m[i]ɐdojru	0
semeadora	sɨmjɐdorɐ	semiɐdorɐ	s[ɨ]m[j]ɐdorɐ	s[e]m[i]ɐdorɐ	0
semeador	sɨmjɐdor	semiɐdor	s[ɨ]m[j]ɐdor	s[e]m[i]ɐdor	0
semeado	sɨmjadu	semiadu	s[ɨ]m[j]adu	s[e]m[i]adu	0
semeadouro	sɨmjɐdowru	semiɐdowru	s[ɨ]m[j]ɐdowru	s[e]m[i]ɐdowru	0
semeadura	sɨmjɐdurɐ	semiɐdurɐ	s[ɨ]m[j]ɐdurɐ	s[e]m[i]ɐdurɐ	0
semear	sɨmjar	semiar	s[ɨ]m[j]ar	s[e]m[i]ar	0
semeável	sɨmjavɛɫ	semɨavɛɫ	s[ɨ]m[j]avɛɫ	s[e]m[ɨ]avɛɫ	0
semeia-o-linho	sɨmɐjɐuliɲu	semejɐuliɲu	s[ɨ]m[ɐ]jɐuliɲu	s[e]m[e]jɐuliɲu	0
semeia-o-milho	sɨmɐjɐumiʎu	semejɐumiʎu	s[ɨ]m[ɐ]jɐumiʎu	s[e]m[e]jɐumiʎu	0
semelhança	sɨmɨʎɐ̃sɐ	semɨʎɐ̃nsɐ	s[ɨ]mɨʎɐ̃[]sɐ	s[e]mɨʎɐ̃[n]sɐ	0
semelhante	sɨmɨʎɐ̃tɨ	semɨʎɐ̃ntɨ	s[ɨ]mɨʎɐ̃[]tɨ	s[e]mɨʎɐ̃[n]tɨ	0
semelhar	sɨmɨʎar	semɨʎar	s[ɨ]mɨʎar	s[e]mɨʎar	0
semelhável	sɨmɨʎaveɫ	semɨʎavɛɫ	s[ɨ]mɨʎav[e]ɫ	s[e]mɨʎav[ɛ]ɫ	0
semema	sɨmemɐ	sememɐ	s[ɨ]memɐ	s[e]memɐ	0
sementalhas	sɨmẽtaʎɐʃ	semẽntaʎɐʃ	s[ɨ]mẽtaʎɐʃ[]	s[e]mẽntaʎɐ[ʃ]	0
semental	sɨmẽtaɫ	semẽntaɫ	s[ɨ]mẽtaɫ[]	s[e]mẽnta[ɫ]	0
sementar	sɨmẽtar	semẽntar	s[ɨ]mẽtar[]	s[e]mẽnta[r]	0
sementeira	sɨmẽtɐjrɐ	semẽntɐjrɐ	s[ɨ]mẽtɐj[r]ɐ[]	s[e]mẽnt[]ɐjr[ɐ]	0
sementeiro	sɨmẽtɐjru	semẽntɐjru	s[ɨ]mẽtɐjru[]	s[e]mẽntɐjr[u]	0
semente	sɨmẽtɨ	semẽntɨ	s[ɨ]mẽtɨ[]	s[e]mẽnt[ɨ]	0
sementilhas	sɨmẽtiʎɐʃ	semẽntiʎɐʃ	s[ɨ]mẽtiʎɐʃ[]	s[e]mẽntiʎɐ[ʃ]	0
sementio	sɨmẽtiu	semẽntiw	s[ɨ]mẽtiu[]	s[e]mẽnti[w]	0
semeóforo	sɨmjɔfuru	semɨɔfuru	s[ɨ]m[j]ɔfuru	s[e]m[ɨ]ɔfuru	0
semestralidade	sɨmɨʃtrɐlidadɨ	semɨʃtrɐlidadɨ	s[ɨ]mɨʃtrɐlidadɨ	s[e]mɨʃtrɐlidadɨ	0
semestralmente	sɨmɨʃtraɫmẽtɨ	semɨʃtraɫmẽntɨ	s[ɨ]mɨʃtraɫmẽtɨ[]	s[e]mɨʃtraɫmẽnt[ɨ]	0
semestral	sɨmɨʃtraɫ	semɨʃtraɫ	s[ɨ]mɨʃtraɫ	s[e]mɨʃtraɫ	0
semestreiro	sɨmɨʃtrɐjru	semɨʃtrɐjru	s[ɨ]mɨʃtrɐjru	s[e]mɨʃtrɐjru	0
semestre	sɨmɛʃtrɨ	semɛʃtrɨ	s[ɨ]mɛʃtrɨ	s[e]mɛʃtrɨ	0
semichas	sɨmiʃɐʃ	semiʃɐʃ	s[ɨ]miʃɐʃ	s[e]miʃɐʃ	0
semideus	sɨmidewʃ	semidewʃ	s[ɨ]midewʃ	s[e]midewʃ	0
semifabuloso	semifɐbulozu	sɨmifɐbulozu	s[e]mifɐbulozu	s[ɨ]mifɐbulozu	0
semífero	sɨmifɨru	semifɨru	s[ɨ]mifɨru	s[e]mifɨru	0
semifrio	sɨmifriu	semifriw	s[ɨ]mifri[u]	s[e]mifri[w]	0
semilha	sɨmiʎɐ	semiʎɐ	s[ɨ]miʎɐ	s[e]miʎɐ	0
semimeridiano	sɨmimɨridjɐnu	sɨmimeridiɐ̃nu	sɨmim[ɨ]rid[j]ɐ[]nu	sɨmim[e]rid[i]ɐ[̃]nu	0
semimi	sɨmimi	semimi	s[ɨ]mimi	s[e]mimi	0
seminal	sɨminaɫ	seminaɫ	s[ɨ]minaɫ	s[e]minaɫ	0
semínima	sɨminimɐ	seminimɐ	s[ɨ]minimɐ	s[e]minimɐ	0
seminó	sɨminɔ	seminɔ	s[ɨ]minɔ	s[e]minɔ	0
semino	sɨminu	seminu	s[ɨ]minu	s[e]minu	0
semínula	sɨminulɐ	seminulɐ	s[ɨ]minulɐ	s[e]minulɐ	0
semínulo	sɨminulu	seminulu	s[ɨ]minulu	s[e]minulu	0
seminu	sɨminu	seminu	s[ɨ]minu	s[e]minu	0
semipermeável	sɨmipɨrmjavɛɫ	sɨmipermɨavɛɫ	sɨmip[ɨ]rm[j]avɛɫ	sɨmip[e]rm[ɨ]avɛɫ	0
semiprecioso	sɨmiprɨsjozu	sɨmipresiozu	sɨmipr[ɨ]s[j]ozu	sɨmipr[e]s[i]ozu	0
semi-reboque	sɨmiʀɨbɔkɨ	sɨmiʀebɔkɨ	sɨmiʀ[ɨ]bɔkɨ	sɨmiʀ[e]bɔkɨ	0
semirrei	sɨmiʀɐj	semiʀɐj	s[ɨ]miʀɐj	s[e]miʀɐj	0
semi-secular	sɨmisɨkular	sɨmisekular	sɨmis[ɨ]kular	sɨmis[e]kular	0
semi-segredo	sɨmisɨɡredu	sɨmiseɡredu	sɨmis[ɨ]ɡredu	sɨmis[e]ɡredu	0
semissecular	sɨmisɨkular	sɨmisekular	sɨmis[ɨ]kular	sɨmis[e]kular	0
semissom	sɨmisõ	semisõm	s[ɨ]misõ[]	s[e]misõ[m]	0
semítico	sɨmitiku	semitiku	s[ɨ]mitiku	s[e]mitiku	0
semitom	sɨmitõ	semitõm	s[ɨ]mitõ[]	s[e]mitõ[m]	0
semítono	sɨmitunu	semitunu	s[ɨ]mitunu	s[e]mitunu	0
semíviro	sɨmivuru	semiviru	s[ɨ]miv[u]ru	s[e]miv[i]ru	0
semolina	sɨmulinɐ	semulinɐ	s[ɨ]mulinɐ	s[e]mulinɐ	0
semostração	sɨmuʃtrɐsɐ̃w̃	semuʃtrɐsɐ̃w̃	s[ɨ]muʃtrɐsɐ̃w̃	s[e]muʃtrɐsɐ̃w̃	0
semostradeira	sɨmuʃtrɐdɐjrɐ	semuʃtrɐdɐjrɐ	s[ɨ]muʃtrɐdɐjrɐ	s[e]muʃtrɐdɐjrɐ	0
semostrar	sɨmuʃtrar	semuʃtrar	s[ɨ]muʃtrar	s[e]muʃtrar	0
semoto	sɨmɔtu	semɔtu	s[ɨ]mɔtu	s[e]mɔtu	0
semovente	sɨmuvẽtɨ	semuvẽntɨ	s[ɨ]muvẽtɨ[]	s[e]muvẽnt[ɨ]	0
senáculo	sɨnakulu	senakulu	s[ɨ]nakulu	s[e]nakulu	0
senadora	sɨnɐdorɐ	senɐdorɐ	s[ɨ]nɐdorɐ	s[e]nɐdorɐ	0
senadoria	sɨnɐduriɐ	senɐduriɐ	s[ɨ]nɐduriɐ	s[e]nɐduriɐ	0
senador	sɨnɐdor	senɐdor	s[ɨ]nɐdor	s[e]nɐdor	0
senado	sɨnadu	senadu	s[ɨ]nadu	s[e]nadu	0
senário	sɨnarju	senarju	s[ɨ]narju	s[e]narju	0
senatorial	sɨnɐturjaɫ	senɐturiaɫ	s[ɨ]nɐtur[j]aɫ	s[e]nɐtur[i]aɫ	0
senatoria	sɨnɐturiɐ	senɐturiɐ	s[ɨ]nɐturiɐ	s[e]nɐturiɐ	0
senatório	sɨnɐtɔrju	senɐtɔrju	s[ɨ]nɐtɔrju	s[e]nɐtɔrju	0
senatriz	sɨnɐtriʃ	senɐtriʃ	s[ɨ]nɐtriʃ	s[e]nɐtriʃ	0
senecto	sɨnɛktu	senɛtu	s[ɨ]nɛ[k]tu	s[e]nɛ[]tu	0
senectude	sɨnɛktudɨ	senɛtudɨ	s[ɨ]nɛ[k]tudɨ	s[e]nɛ[]tudɨ	0
senegalense	sɨnɨɡɐlẽsɨ	senɨɡɐlẽnsɨ	s[ɨ]nɨɡɐlẽsɨ[]	s[e]nɨɡɐlẽns[ɨ]	0
senegalesco	sɨnɨɡɐleʃku	senɨɡɐleʃku	s[ɨ]nɨɡɐleʃku	s[e]nɨɡɐleʃku	0
senegalês	sɨnɨɡɐleʃ	senɨɡɐleʃ	s[ɨ]nɨɡɐleʃ	s[e]nɨɡɐleʃ	0
senegal	sɨnɨɡaɫ	senɨɡaɫ	s[ɨ]nɨɡaɫ	s[e]nɨɡaɫ	0
senegambiano	sɨnɨɡɐ̃bjɐnu	senɨɡɐ̃mbiɐ̃nu	s[ɨ]nɨɡɐ̃[]b[j]ɐ[]nu	s[e]nɨɡɐ̃[m]b[i]ɐ[̃]nu	0
senense	sɨnẽsɨ	senẽnsɨ	s[ɨ]nẽsɨ[]	s[e]nẽns[ɨ]	0
senescalia	sɨnɨʃkɐliɐ	senɨʃkɐliɐ	s[ɨ]nɨʃkɐliɐ	s[e]nɨʃkɐliɐ	0
senescal	sɨnɨʃkaɫ	senɨʃkaɫ	s[ɨ]nɨʃkaɫ	s[e]nɨʃkaɫ	0
senescência	sɨnɨʃsẽsjɐ	senɨʃsẽnsjɐ	s[ɨ]nɨʃsẽsjɐ[]	s[e]nɨʃsẽnsj[ɐ]	0
senescente	sɨnɨʃsẽtɨ	senɨʃsẽntɨ	s[ɨ]nɨʃsẽtɨ[]	s[e]nɨʃsẽnt[ɨ]	0
senescer	sɨnɨʃser	senɨʃser	s[ɨ]nɨʃser	s[e]nɨʃser	0
senhoraça	sɨɲurasɐ	seɲurasɐ	s[ɨ]ɲurasɐ	s[e]ɲurasɐ	0
senhoraço	sɨɲurasu	seɲurasu	s[ɨ]ɲurasu	s[e]ɲurasu	0
senhorama	sɨɲurɐmɐ	seɲurɐ̃mɐ	s[ɨ]ɲurɐ[]mɐ	s[e]ɲurɐ[̃]mɐ	0
senhora	sɨɲorɐ	seɲorɐ	s[ɨ]ɲorɐ	s[e]ɲorɐ	0
senhoreador	sɨɲurjador	seɲuriɐdor	s[ɨ]ɲurj[a]dor	s[e]ɲuri[ɐ]dor	0
senhorear	sɨɲurjar	seɲuriar	s[ɨ]ɲur[j]ar	s[e]ɲur[i]ar	0
senhoreca	sɨɲurɛkɐ	seɲurɛkɐ	s[ɨ]ɲurɛkɐ	s[e]ɲurɛkɐ	0
senhoriagem	sɨɲurjaʒɐ̃j̃	seɲuriaʒɐjn	s[ɨ]ɲur[j]aʒɐ[̃]j[̃]	s[e]ɲur[i]aʒɐ[]j[n]	0
senhorial	sɨɲurjaɫ	seɲuriaɫ	s[ɨ]ɲur[j]aɫ	s[e]ɲur[i]aɫ	0
senhoria	sɨɲuriɐ	seɲuriɐ	s[ɨ]ɲuriɐ	s[e]ɲuriɐ	0
senhoril	sɨɲuriɫ	seɲuriɫ	s[ɨ]ɲuriɫ	s[e]ɲuriɫ	0
senhorinha	sɨɲuriɲɐ	seɲuriɲɐ	s[ɨ]ɲuriɲɐ	s[e]ɲuriɲɐ	0
senhorio	sɨɲuriu	seɲuriw	s[ɨ]ɲuri[u]	s[e]ɲuri[w]	0
senhorita	sɨɲuritɐ	seɲuritɐ	s[ɨ]ɲuritɐ	s[e]ɲuritɐ	0
senilidade	sɨnilidadɨ	senilidadɨ	s[ɨ]nilidadɨ	s[e]nilidadɨ	0
senilização	sɨnilizɐsɐ̃w̃	senilizɐsɐ̃w̃	s[ɨ]nilizɐsɐ̃w̃	s[e]nilizɐsɐ̃w̃	0
senilizar	sɨnilizar	senilizar	s[ɨ]nilizar	s[e]nilizar	0
senisga	sɨniʒɡɐ	seniʒɡɐ	s[ɨ]niʒɡɐ	s[e]niʒɡɐ	0
senologia	sɨnuluʒiɐ	senuluʒiɐ	s[ɨ]nuluʒiɐ	s[e]nuluʒiɐ	0
senoniano	sɨnunjɐnu	senuniɐ̃nu	s[ɨ]nun[j]ɐ[]nu	s[e]nun[i]ɐ[̃]nu	0
senoniano	sɨnunjɐnu	senuniɐ̃nu	s[ɨ]nun[j]ɐ[]nu	s[e]nun[i]ɐ[̃]nu	0
sepaloide	sɨpɐlɔjdɨ	sepɐlɔjdɨ	s[ɨ]pɐlɔjdɨ	s[e]pɐlɔjdɨ	0
sepalóide	sɨpɐlɔjdɨ	sepɐlɔjdɨ	s[ɨ]pɐlɔjdɨ	s[e]pɐlɔjdɨ	0
separabilidade	sɨpɐrɐbilidadɨ	sepɐrɐbilidadɨ	s[ɨ]pɐrɐbilidadɨ	s[e]pɐrɐbilidadɨ	0
separação	sɨpɐrɐsɐ̃w̃	sepɐrɐsɐ̃w̃	s[ɨ]pɐrɐsɐ̃w̃	s[e]pɐrɐsɐ̃w̃	0
separadamente	sɨpɐradɐmẽtɨ	sepɐrɐdɐmẽntɨ	s[ɨ]pɐr[a]dɐmẽtɨ[]	s[e]pɐr[ɐ]dɐmẽnt[ɨ]	0
separadora	sɨpɐrɐdorɐ	sepɐrɐdorɐ	s[ɨ]pɐrɐdorɐ	s[e]pɐrɐdorɐ	0
separador	sɨpɐrɐdor	sepɐrɐdor	s[ɨ]pɐrɐdor	s[e]pɐrɐdor	0
separado	sɨpɐradu	sepɐradu	s[ɨ]pɐradu	s[e]pɐradu	0
separar	sɨpɐrar	sepɐrar	s[ɨ]pɐrar	s[e]pɐrar	0
separata	sɨpɐratɐ	sepɐratɐ	s[ɨ]pɐratɐ	s[e]pɐratɐ	0
separatismo	sɨpɐrɐtiʒmu	sepɐrɐtiʒmu	s[ɨ]pɐrɐtiʒmu	s[e]pɐrɐtiʒmu	0
separatista	sɨpɐrɐtiʃtɐ	sepɐrɐtiʃtɐ	s[ɨ]pɐrɐtiʃtɐ	s[e]pɐrɐtiʃtɐ	0
separativo	sɨpɐrɐtivu	sepɐrɐtivu	s[ɨ]pɐrɐtivu	s[e]pɐrɐtivu	0
separatório	sɨpɐrɐtɔrju	sepɐrɐtɔrju	s[ɨ]pɐrɐtɔrju	s[e]pɐrɐtɔrju	0
separável	sɨpɐravɛɫ	sepɐravɛɫ	s[ɨ]pɐravɛɫ	s[e]pɐravɛɫ	0
sepícola	sɨpikulɐ	sepikulɐ	s[ɨ]pikulɐ	s[e]pikulɐ	0
sepiolita	sɨpjulitɐ	sepiulitɐ	s[ɨ]p[j]ulitɐ	s[e]p[i]ulitɐ	0
sepiolite	sɨpjulitɨ	sepiulitɨ	s[ɨ]p[j]ulitɨ	s[e]p[i]ulitɨ	0
sepulcral	sɨpuɫkraɫ	sepuɫkraɫ	s[ɨ]puɫkraɫ	s[e]puɫkraɫ	0
sepulcrário	sɨpuɫkrarju	sepuɫkrarju	s[ɨ]puɫkrarju	s[e]puɫkrarju	0
sepulcrologia	sɨpuɫkruluʒiɐ	sepuɫkruluʒiɐ	s[ɨ]puɫkruluʒiɐ	s[e]puɫkruluʒiɐ	0
sepulcro	sɨpuɫkru	sepuɫkru	s[ɨ]puɫkru	s[e]puɫkru	0
sepultador	sɨpuɫtɐdor	sepuɫtɐdor	s[ɨ]puɫtɐdor	s[e]puɫtɐdor	0
sepultado	sɨpuɫtadu	sepuɫtadu	s[ɨ]puɫtadu	s[e]puɫtadu	0
sepultamento	sɨpuɫtɐmẽtu	sepuɫtɐmẽntu	s[ɨ]puɫtɐmẽtu[]	s[e]puɫtɐmẽnt[u]	0
sepultante	sɨpuɫtɐ̃tɨ	sepuɫtɐ̃ntɨ	s[ɨ]puɫtɐ̃[]tɨ	s[e]puɫtɐ̃[n]tɨ	0
sepultar	sɨpuɫtar	sepuɫtar	s[ɨ]puɫtar	s[e]puɫtar	0
sepulto	sɨpuɫtu	sepuɫtu	s[ɨ]puɫtu	s[e]puɫtu	0
sepultura	sɨpuɫturɐ	sepuɫturɐ	s[ɨ]puɫturɐ	s[e]puɫturɐ	0
sepultureiro	sɨpuɫturɐjru	sepuɫturɐjru	s[ɨ]puɫturɐjru	s[e]puɫturɐjru	0
sequaniano	sɨkwɐnjɐnu	sekwɐniɐ̃nu	s[ɨ]kwɐn[j]ɐ[]nu	s[e]kwɐn[i]ɐ[̃]nu	0
sequeira	sɨkɐjrɐ	sekɐjrɐ	s[ɨ]kɐjrɐ	s[e]kɐjrɐ	0
sequeiro	sɨkɐjru	sekɐjru	s[ɨ]kɐjru	s[e]kɐjru	0
sequela	sɨkwɛlɐ	sekwɛlɐ	s[ɨ]kwɛlɐ	s[e]kwɛlɐ	0
seqüela	sɨkwɛlɐ	sekwɛlɐ	s[ɨ]kwɛlɐ	s[e]kwɛlɐ	0
sequeleca	sɨkɨlɛkɐ	sekwɨlɛkɐ	s[ɨ]k[]ɨlɛkɐ	s[e]k[w]ɨlɛkɐ	0
sequenciação	sɨkwẽsjɐsɐ̃w̃	sekwẽnsiɐsɐ̃w̃	s[ɨ]kwẽsj[ɐ]s[]ɐ̃[w]̃[]	s[e]kwẽn[]s[i]ɐs[ɐ]̃w[̃]	0
seqüenciação	sɨkwẽsjɐsɐ̃w̃	sekwẽnsiɐsɐ̃w̃	s[ɨ]kwẽsj[ɐ]s[]ɐ̃[w]̃[]	s[e]kwẽn[]s[i]ɐs[ɐ]̃w[̃]	0
sequencialidade	sɨkwẽsjɐlidadɨ	sekwẽnsiɐlidadɨ	s[ɨ]kwẽsjɐ[l]ida[]dɨ[]	s[e]kwẽns[]iɐl[i]dad[ɨ]	0
seqüencialidade	sɨkwẽsjɐlidadɨ	sekwẽnsiɐlidadɨ	s[ɨ]kwẽsjɐ[l]ida[]dɨ[]	s[e]kwẽns[]iɐl[i]dad[ɨ]	0
sequencialização	sɨkwẽsjɐlizɐsɐ̃w̃	sekwẽnsiɐlizɐsɐ̃w̃	s[ɨ]kwẽsjɐ[l]i[z]ɐsɐ̃w̃[]	s[e]kwẽns[]i[]ɐlizɐsɐ̃w[̃]	0
sequencializar	sɨkwẽsjɐlizar	sekwẽnsiɐlizar	s[ɨ]kwẽsjɐ[l]izar[]	s[e]kwẽns[]iɐliza[r]	0
sequencial	sɨkwẽsjaɫ	sekwẽnsiaɫ	s[ɨ]kwẽsjaɫ[]	s[e]kwẽnsia[ɫ]	0
seqüencial	sɨkwẽsjaɫ	sekwẽnsiaɫ	s[ɨ]kwẽsjaɫ[]	s[e]kwẽnsia[ɫ]	0
sequenciar	sɨkwẽsjar	sekwẽnsiar	s[ɨ]kwẽsjar[]	s[e]kwẽnsia[r]	0
seqüenciar	sɨkwẽsjar	sekwẽnsiar	s[ɨ]kwẽsjar[]	s[e]kwẽnsia[r]	0
sequência	sɨkwẽsjɐ	sekwẽnsjɐ	s[ɨ]kwẽsjɐ[]	s[e]kwẽnsj[ɐ]	0
seqüência	sɨkwẽsjɐ	sekwẽnsjɐ	s[ɨ]kwẽsjɐ[]	s[e]kwẽnsj[ɐ]	0
sequente	sɨkwẽtɨ	sekwẽntɨ	s[ɨ]kwẽtɨ[]	s[e]kwẽnt[ɨ]	0
seqüente	sɨkwẽtɨ	sekwẽntɨ	s[ɨ]kwẽtɨ[]	s[e]kwẽnt[ɨ]	0
sequestração	sɨkɨʃtrɐsɐ̃w̃	sekwɨʃtrɐsɐ̃w̃	s[ɨ]k[]ɨʃtrɐsɐ̃w̃	s[e]k[w]ɨʃtrɐsɐ̃w̃	0
seqüestração	sɨkwɨʃtrɐsɐ̃w̃	sekwɨʃtrɐsɐ̃w̃	s[ɨ]kwɨʃtrɐsɐ̃w̃	s[e]kwɨʃtrɐsɐ̃w̃	0
sequestrador	sɨkɨʃtrɐdor	sekwɨʃtrɐdor	s[ɨ]k[]ɨʃtrɐdor	s[e]k[w]ɨʃtrɐdor	0
seqüestrador	sɨkwɨʃtrɐdor	sekwɨʃtrɐdor	s[ɨ]kwɨʃtrɐdor	s[e]kwɨʃtrɐdor	0
sequestrado	sɨkwɨʃtradu	sekwɨʃtradu	s[ɨ]kwɨʃtradu	s[e]kwɨʃtradu	0
seqüestrado	sɨkwɨʃtradu	sekwɨʃtradu	s[ɨ]kwɨʃtradu	s[e]kwɨʃtradu	0
sequestrar	sɨkɨʃtrar	sekwɨʃtrar	s[ɨ]k[]ɨʃtrar	s[e]k[w]ɨʃtrar	0
seqüestrar	sɨkwɨʃtrar	sekwɨʃtrar	s[ɨ]kwɨʃtrar	s[e]kwɨʃtrar	0
sequestrável	sɨkɨʃtravɛɫ	sekwɨʃtravɛɫ	s[ɨ]k[]ɨʃtravɛɫ	s[e]k[w]ɨʃtravɛɫ	0
seqüestrável	sɨkwɨʃtravɛɫ	sekwɨʃtravɛɫ	s[ɨ]kwɨʃtravɛɫ	s[e]kwɨʃtravɛɫ	0
seqüestro	sɨkwɛʃtru	sekwɛʃtru	s[ɨ]kwɛʃtru	s[e]kwɛʃtru	0
sequestro	sɨkɛʃtru	sekwɛʃtru	s[ɨ]k[]ɛʃtru	s[e]k[w]ɛʃtru	0
sequidão	sɨkidɐ̃w̃	sekidɐ̃w̃	s[ɨ]kidɐ̃w̃	s[e]kidɐ̃w̃	0
sequilho	sɨkiʎu	sekiʎu	s[ɨ]kiʎu	s[e]kiʎu	0
sequioso	sɨkjozu	sekiozu	s[ɨ]k[j]ozu	s[e]k[i]ozu	0
sequoia	sɨkɔjɐ	sekwɔjɐ	s[ɨ]k[]ɔjɐ	s[e]k[w]ɔjɐ	0
sequóia	sɨkɔjɐ	sekwɔjɐ	s[ɨ]k[]ɔjɐ	s[e]k[w]ɔjɐ	0
serafanado	sɨrɐfɐnadu	serɐfɐnadu	s[ɨ]rɐfɐnadu	s[e]rɐfɐnadu	0
seráfico	sɨrafiku	serafiku	s[ɨ]rafiku	s[e]rafiku	0
serafim	sɨrɐfĩ	serɐfĩn	s[ɨ]rɐfĩ[]	s[e]rɐfĩ[n]	0
serafina	sɨrɐfinɐ	serɐfinɐ	s[ɨ]rɐfinɐ	s[e]rɐfinɐ	0
seramangar	sɨrɐmɐ̃ɡar	serɐmɐ̃nɡar	s[ɨ]rɐmɐ̃[]ɡar	s[e]rɐmɐ̃[n]ɡar	0
serandar	sɨrɐ̃dar	serɐ̃ndar	s[ɨ]rɐ̃[]dar	s[e]rɐ̃[n]dar	0
serandeiro	sɨrɐ̃dɐjru	serɐ̃ndɐjru	s[ɨ]rɐ̃[]dɐjru	s[e]rɐ̃[n]dɐjru	0
serapilheira	sɨrɐpiʎɐjrɐ	serɐpiʎɐjrɐ	s[ɨ]rɐpiʎɐjrɐ	s[e]rɐpiʎɐjrɐ	0
serasmão	sɨrɐʒmɐ̃w̃	serɐʒmɐ̃w̃	s[ɨ]rɐʒmɐ̃w̃	s[e]rɐʒmɐ̃w̃	0
sereia	sɨrɐjɐ	serejɐ	s[ɨ]r[ɐ]jɐ	s[e]r[e]jɐ	0
serelepe	sɨrɨlɛpɨ	serɨlɛpɨ	s[ɨ]rɨlɛpɨ	s[e]rɨlɛpɨ	0
serenada	sɨrɨnadɐ	serɨnadɐ	s[ɨ]rɨnadɐ	s[e]rɨnadɐ	0
serenado	sɨrɨnadu	serɨnadu	s[ɨ]rɨnadu	s[e]rɨnadu	0
serenagem	sɨrɨnaʒɐ̃j̃	serɨnaʒɐjn	s[ɨ]rɨnaʒɐ[̃]j[̃]	s[e]rɨnaʒɐ[]j[n]	0
serenamente	sɨrenɐmẽtɨ	serɨnɐmẽntɨ	s[ɨ]r[e]nɐmẽtɨ[]	s[e]r[ɨ]nɐmẽnt[ɨ]	0
serenar	sɨrɨnar	serɨnar	s[ɨ]rɨnar	s[e]rɨnar	0
serena	sɨrenɐ	serenɐ	s[ɨ]renɐ	s[e]renɐ	0
serenata	sɨrɨnatɐ	serɨnatɐ	s[ɨ]rɨnatɐ	s[e]rɨnatɐ	0
serenateiro	sɨrɨnɐtɐjru	serɨnɐtɐjru	s[ɨ]rɨnɐtɐjru	s[e]rɨnɐtɐjru	0
serendipidade	sɨrẽdipidadɨ	serẽndipidadɨ	s[ɨ]rẽdi[p]id[a]dɨ[]	s[e]rẽn[d]ip[i]dad[ɨ]	0
serendipista	sɨrẽdipiʃtɐ	serẽndipiʃtɐ	s[ɨ]rẽdi[p]iʃtɐ[]	s[e]rẽn[d]ipiʃt[ɐ]	0
serendipitoso	sɨrẽdipitozu	serẽndipitozu	s[ɨ]rẽdi[p]itozu[]	s[e]rẽn[d]ipitoz[u]	0
serenidade	sɨrɨnidadɨ	serɨnidadɨ	s[ɨ]rɨnidadɨ	s[e]rɨnidadɨ	0
serenim	sɨrɨnĩ	serɨnĩn	s[ɨ]rɨnĩ[]	s[e]rɨnĩ[n]	0
sereníssimo	sɨrɨnisimu	serɨnisimu	s[ɨ]rɨnisimu	s[e]rɨnisimu	0
seresma	sɨreʒmɐ	sereʒmɐ	s[ɨ]reʒmɐ	s[e]reʒmɐ	0
serezino	sɨrɨzinu	serɨzinu	s[ɨ]rɨzinu	s[e]rɨzinu	0
sergeta	sɨrʒetɐ	serʒɛtɐ	s[ɨ]rʒ[e]tɐ	s[e]rʒ[ɛ]tɐ	0
sergideira	sɨrʒidɐjrɐ	serʒidɐjrɐ	s[ɨ]rʒidɐjrɐ	s[e]rʒidɐjrɐ	0
sergipano	sɨrʒipɐnu	serʒipɐ̃nu	s[ɨ]rʒipɐ[]nu	s[e]rʒipɐ[̃]nu	0
serguia	sɨrɡiɐ	serɡiɐ	s[ɨ]rɡiɐ	s[e]rɡiɐ	0
serguilha	sɨrɡiʎɐ	serɡiʎɐ	s[ɨ]rɡiʎɐ	s[e]rɡiʎɐ	0
seriação	sɨrjɐsɐ̃w̃	seriɐsɐ̃w̃	s[ɨ]r[j]ɐsɐ̃w̃	s[e]r[i]ɐsɐ̃w̃	0
serialismo	sɨrjɐliʒmu	seriɐliʒmu	s[ɨ]r[j]ɐliʒmu	s[e]r[i]ɐliʒmu	0
serialista	sɨrjɐliʃtɐ	seriɐliʃtɐ	s[ɨ]r[j]ɐliʃtɐ	s[e]r[i]ɐliʃtɐ	0
serial	sɨrjaɫ	seriaɫ	s[ɨ]r[j]aɫ	s[e]r[i]aɫ	0
seriama	sɨrjɐmɐ	seriɐ̃mɐ	s[ɨ]r[j]ɐ[]mɐ	s[e]r[i]ɐ[̃]mɐ	0
seriário	sɨrjarju	seriarju	s[ɨ]r[j]arju	s[e]r[i]arju	0
seriar	sɨrjar	seriar	s[ɨ]r[j]ar	s[e]r[i]ar	0
sericaia	sɨrikajɐ	serikajɐ	s[ɨ]rikajɐ	s[e]rikajɐ	0
seríceo	sɨrisju	serisiw	s[ɨ]risj[u]	s[e]risi[w]	0
sericícola	sɨrisikulɐ	serisikulɐ	s[ɨ]risikulɐ	s[e]risikulɐ	0
sericicultor	sɨrisikuɫtor	serisikuɫtor	s[ɨ]risikuɫtor	s[e]risikuɫtor	0
sericicultura	sɨrisikuɫturɐ	serisikuɫturɐ	s[ɨ]risikuɫturɐ	s[e]risikuɫturɐ	0
sericífero	sɨrisifɨru	serisifɨru	s[ɨ]risifɨru	s[e]risifɨru	0
sericígeno	sɨrisiʒɨnu	serisiʒɨnu	s[ɨ]risiʒɨnu	s[e]risiʒɨnu	0
sericímetro	sɨrisimɨtru	serisimɨtru	s[ɨ]risimɨtru	s[e]risimɨtru	0
sericina	sɨrisinɐ	serisinɐ	s[ɨ]risinɐ	s[e]risinɐ	0
sericita	sɨrisitɐ	serisitɐ	s[ɨ]risitɐ	s[e]risitɐ	0
sericite	sɨrisitɨ	serisitɨ	s[ɨ]risitɨ	s[e]risitɨ	0
sericógeno	sɨrikɔʒɨnu	serikɔʒɨnu	s[ɨ]rikɔʒɨnu	s[e]rikɔʒɨnu	0
sericultor	sɨrikuɫtor	serikuɫtor	s[ɨ]rikuɫtor	s[e]rikuɫtor	0
sericultura	sɨrikuɫturɐ	serikuɫturɐ	s[ɨ]rikuɫturɐ	s[e]rikuɫturɐ	0
seriedade	sɨrjɛdadɨ	seriɨdadɨ	s[ɨ]rj[ɛ]dadɨ	s[e]ri[ɨ]dadɨ	0
seriema	sɨrjemɐ	seriemɐ	s[ɨ]r[j]emɐ	s[e]r[i]emɐ	0
serifado	sɨrifadu	serifadu	s[ɨ]rifadu	s[e]rifadu	0
serifa	sɨrifɐ	serifɐ	s[ɨ]rifɐ	s[e]rifɐ	0
serigaitar	sɨriɡajtar	seriɡajtar	s[ɨ]riɡajtar	s[e]riɡajtar	0
serigaita	sɨriɡajtɐ	seriɡajtɐ	s[ɨ]riɡajtɐ	s[e]riɡajtɐ	0
serigaria	sɨriɡɐriɐ	seriɡɐriɐ	s[ɨ]riɡɐriɐ	s[e]riɡɐriɐ	0
serigrafar	sɨriɡrɐfar	seriɡrɐfar	s[ɨ]riɡrɐfar	s[e]riɡrɐfar	0
serigrafia	sɨriɡrɐfiɐ	seriɡrɐfiɐ	s[ɨ]riɡrɐfiɐ	s[e]riɡrɐfiɐ	0
serigráfico	sɨriɡrafiku	seriɡrafiku	s[ɨ]riɡrafiku	s[e]riɡrafiku	0
serígrafo	sɨriɡrɐfu	seriɡrɐfu	s[ɨ]riɡrɐfu	s[e]riɡrɐfu	0
serigueiro	sɨriɡɐjru	seriɡɐjru	s[ɨ]riɡɐjru	s[e]riɡɐjru	0
seriguilha	sɨriɡiʎɐ	seriɡiʎɐ	s[ɨ]riɡiʎɐ	s[e]riɡiʎɐ	0
serijo	sɨriʒu	seriʒu	s[ɨ]riʒu	s[e]riʒu	0
serina	sɨrinɐ	serinɐ	s[ɨ]rinɐ	s[e]rinɐ	0
serineta	sɨrinetɐ	serinetɐ	s[ɨ]rinetɐ	s[e]rinetɐ	0
serinfolha	sɨrĩfoʎɐ	serĩnfoʎɐ	s[ɨ]rĩfoʎɐ[]	s[e]rĩnfoʎ[ɐ]	0
seringação	sɨrĩɡɐsɐ̃w̃	serĩnɡɐsɐ̃w̃	s[ɨ]rĩɡɐ[s]ɐ̃[w]̃[]	s[e]rĩn[ɡ]ɐs[ɐ]̃w[̃]	0
seringada	sɨrĩɡadɐ	serĩnɡadɐ	s[ɨ]rĩɡadɐ[]	s[e]rĩnɡad[ɐ]	0
seringadela	sɨrĩɡɐdɛlɐ	serĩnɡɐdɛlɐ	s[ɨ]rĩɡɐdɛlɐ[]	s[e]rĩnɡɐdɛl[ɐ]	0
seringador	sɨrĩɡɐdor	serĩnɡɐdor	s[ɨ]rĩɡɐdor[]	s[e]rĩnɡɐdo[r]	0
seringalista	sɨrĩɡɐliʃtɐ	serĩnɡɐliʃtɐ	s[ɨ]rĩɡɐliʃtɐ[]	s[e]rĩnɡɐliʃt[ɐ]	0
seringal	sɨrĩɡaɫ	serĩnɡaɫ	s[ɨ]rĩɡaɫ[]	s[e]rĩnɡa[ɫ]	0
seringão	sɨrĩɡɐ̃w̃	serĩnɡɐ̃w̃	s[ɨ]rĩɡɐ̃[w]̃[]	s[e]rĩnɡ[ɐ]̃w[̃]	0
seringar	sɨrĩɡar	serĩnɡar	s[ɨ]rĩɡar[]	s[e]rĩnɡa[r]	0
seringa	sɨrĩɡɐ	serĩnɡɐ	s[ɨ]rĩɡɐ[]	s[e]rĩnɡ[ɐ]	0
seringatório	sɨrĩɡɐtɔrju	serĩnɡɐtɔrju	s[ɨ]rĩɡɐtɔrju[]	s[e]rĩnɡɐtɔrj[u]	0
seringueira	sɨrĩɡɐjrɐ	serĩnɡwɐjrɐ	s[ɨ]rĩɡɐj[r]ɐ[]	s[e]rĩnɡ[w]ɐjr[ɐ]	0
seringueiro	sɨrĩɡɐjru	serĩnɡwɐjru	s[ɨ]rĩɡɐjru[]	s[e]rĩnɡwɐjr[u]	0
serino	sɨrinu	serinu	s[ɨ]rinu	s[e]rinu	0
sermoa	sɨrmoɐ	sermoɐ	s[ɨ]rmoɐ	s[e]rmoɐ	0
sermonário	sɨrmunarju	sermunarju	s[ɨ]rmunarju	s[e]rmunarju	0
sermonar	sɨrmunar	sermunar	s[ɨ]rmunar	s[e]rmunar	0
sermonear	sɨrmunjar	sermuniar	s[ɨ]rmun[j]ar	s[e]rmun[i]ar	0
sernancelhense	sɨrnɐ̃sɨʎẽsɨ	sernɐ̃nsɨʎẽnsɨ	s[ɨ]rnɐ̃[]sɨʎẽsɨ[]	s[e]rnɐ̃[n]sɨʎẽns[ɨ]	0
seroada	sɨrwadɐ	seruadɐ	s[ɨ]r[w]adɐ	s[e]r[u]adɐ	0
seroar	sɨrwar	seruar	s[ɨ]r[w]ar	s[e]r[u]ar	0
serôdio	sɨrodju	serodju	s[ɨ]rodju	s[e]rodju	0
seroeiro	sɨrwɐjru	seruɐjru	s[ɨ]r[w]ɐjru	s[e]r[u]ɐjru	0
serologia	sɨruluʒiɐ	seruluʒiɐ	s[ɨ]ruluʒiɐ	s[e]ruluʒiɐ	0
serológico	sɨrulɔʒiku	serulɔʒiku	s[ɨ]rulɔʒiku	s[e]rulɔʒiku	0
serologista	sɨruluʒiʃtɐ	seruluʒiʃtɐ	s[ɨ]ruluʒiʃtɐ	s[e]ruluʒiʃtɐ	0
seropositividade	sɨrɔpuzitividadɨ	serupuzitividadɨ	s[ɨ]r[ɔ]puzitividadɨ	s[e]r[u]puzitividadɨ	0
serosa	sɨrɔzɐ	serɔzɐ	s[ɨ]rɔzɐ	s[e]rɔzɐ	0
serosidade	sɨruzidadɨ	seruzidadɨ	s[ɨ]ruzidadɨ	s[e]ruzidadɨ	0
serosite	sɨruzitɨ	seruzitɨ	s[ɨ]ruzitɨ	s[e]ruzitɨ	0
seroso	sɨrozu	serozu	s[ɨ]rozu	s[e]rozu	0
serotonina	sɨrɔtuninɐ	serutuninɐ	s[ɨ]r[ɔ]tuninɐ	s[e]r[u]tuninɐ	0
serpeante	sɨrpjɐ̃tɨ	serpiɐ̃ntɨ	s[ɨ]rp[j]ɐ̃[]tɨ	s[e]rp[i]ɐ̃[n]tɨ	0
serpear	sɨrpjar	serpiar	s[ɨ]rp[j]ar	s[e]rp[i]ar	0
serpejante	sɨrpɨʒɐ̃tɨ	serpɨʒɐ̃ntɨ	s[ɨ]rpɨʒɐ̃[]tɨ	s[e]rpɨʒɐ̃[n]tɨ	0
serpejar	sɨrpɨʒar	serpɨʒar	s[ɨ]rpɨʒar	s[e]rpɨʒar	0
serpense	sɨrpẽsɨ	serpẽnsɨ	s[ɨ]rpẽsɨ[]	s[e]rpẽns[ɨ]	0
serpentão	sɨrpẽtɐ̃w̃	serpẽntɐ̃w̃	s[ɨ]rpẽtɐ̃[w]̃[]	s[e]rpẽnt[ɐ]̃w[̃]	0
serpentária	sɨrpẽtarjɐ	serpẽntarjɐ	s[ɨ]rpẽtarjɐ[]	s[e]rpẽntarj[ɐ]	0
serpentário	sɨrpẽtarju	serpẽntarju	s[ɨ]rpẽtarju[]	s[e]rpẽntarj[u]	0
serpentar	sɨrpẽtar	serpẽntar	s[ɨ]rpẽtar[]	s[e]rpẽnta[r]	0
serpenteado	sɨrpẽtjadu	serpẽntiadu	s[ɨ]rpẽtjadu[]	s[e]rpẽntiad[u]	0
serpenteante	sɨrpẽtjɐ̃tɨ	serpẽntiɐ̃ntɨ	s[ɨ]rpẽtjɐ̃tɨ[]	s[e]rpẽntiɐ̃nt[ɨ]	0
serpentear	sɨrpẽtjar	serpẽntiar	s[ɨ]rpẽtjar[]	s[e]rpẽntia[r]	0
serpente	sɨrpẽtɨ	serpẽntɨ	s[ɨ]rpẽtɨ[]	s[e]rpẽnt[ɨ]	0
serpenticida	sɨrpẽtisidɐ	serpẽntisidɐ	s[ɨ]rpẽti[s]idɐ[]	s[e]rpẽn[t]isid[ɐ]	0
serpentífero	sɨrpẽtifɨru	serpẽntifɨru	s[ɨ]rpẽtifɨru[]	s[e]rpẽntifɨr[u]	0
serpentiforme	sɨrpẽtifɔrmɨ	serpẽntifɔrmɨ	s[ɨ]rpẽtifɔrmɨ[]	s[e]rpẽntifɔrm[ɨ]	0
serpentígeno	sɨrpẽtiʒɨnu	serpẽntiʒɨnu	s[ɨ]rpẽtiʒɨnu[]	s[e]rpẽntiʒɨn[u]	0
serpentina	sɨrpẽtinɐ	serpẽntinɐ	s[ɨ]rpẽt[i]nɐ[]	s[e]rpẽ[]ntin[ɐ]	0
serpentinito	sɨrpẽtinitu	serpẽntinitu	s[ɨ]rpẽt[i]n[]itu[]	s[e]rpẽ[]n[t]init[u]	0
serpentino	sɨrpẽtinu	serpẽntinu	s[ɨ]rpẽt[i]nu[]	s[e]rpẽ[]ntin[u]	0
serpentinoso	sɨrpẽtinozu	serpẽntinozu	s[ɨ]rpẽt[i]nozu[]	s[e]rpẽ[]ntinoz[u]	0
serpete	sɨrpetɨ	serpɛtɨ	s[ɨ]rp[e]tɨ	s[e]rp[ɛ]tɨ	0
serpiginoso	sɨrpiʒinozu	serpiʒinozu	s[ɨ]rpiʒinozu	s[e]rpiʒinozu	0
serpilho	sɨrpiʎu	serpiʎu	s[ɨ]rpiʎu	s[e]rpiʎu	0
serrabulho	sɨʀɐbuʎu	seʀɐbuʎu	s[ɨ]ʀɐbuʎu	s[e]ʀɐbuʎu	0
serração	sɨʀɐsɐ̃w̃	seʀɐsɐ̃w̃	s[ɨ]ʀɐsɐ̃w̃	s[e]ʀɐsɐ̃w̃	0
serradiço	sɨʀɐdisu	seʀɐdisu	s[ɨ]ʀɐdisu	s[e]ʀɐdisu	0
serrador	sɨʀɐdor	seʀɐdor	s[ɨ]ʀɐdor	s[e]ʀɐdor	0
serradura	sɨʀɐdurɐ	seʀɐdurɐ	s[ɨ]ʀɐdurɐ	s[e]ʀɐdurɐ	0
serragem	sɨʀaʒɐ̃j̃	seʀaʒɐjn	s[ɨ]ʀaʒɐ[̃]j[̃]	s[e]ʀaʒɐ[]j[n]	0
serralharia	sɨʀɐʎɐriɐ	seʀɐʎɐriɐ	s[ɨ]ʀɐʎɐriɐ	s[e]ʀɐʎɐriɐ	0
serralhar	sɨʀɐʎar	seʀɐʎar	s[ɨ]ʀɐʎar	s[e]ʀɐʎar	0
serralheiro	sɨʀɐʎɐjru	seʀɐʎɐjru	s[ɨ]ʀɐʎɐjru	s[e]ʀɐʎɐjru	0
serralheria	sɨʀɐʎɨriɐ	seʀɐʎɨriɐ	s[ɨ]ʀɐʎɨriɐ	s[e]ʀɐʎɨriɐ	0
serralho	sɨʀaʎu	seʀaʎu	s[ɨ]ʀaʎu	s[e]ʀaʎu	0
serramento	sɨʀɐmẽtu	seʀɐmẽntu	s[ɨ]ʀɐmẽtu[]	s[e]ʀɐmẽnt[u]	0
serrana	sɨʀɐnɐ	seʀɐ̃nɐ	s[ɨ]ʀɐ[]nɐ	s[e]ʀɐ[̃]nɐ	0
serrania	sɨʀɐniɐ	seʀɐniɐ	s[ɨ]ʀɐniɐ	s[e]ʀɐniɐ	0
serranice	sɨʀɐnisɨ	seʀɐnisɨ	s[ɨ]ʀɐnisɨ	s[e]ʀɐnisɨ	0
serrânidas	sɨʀɐnidɐʃ	seʀɐ̃nidɐʃ	s[ɨ]ʀɐ[]nidɐʃ	s[e]ʀɐ[̃]nidɐʃ	0
serranídeos	sɨʀɐnidjuʃ	seʀɐnidiwʃ	s[ɨ]ʀɐnidj[u]ʃ	s[e]ʀɐnidi[w]ʃ	0
serranilha	sɨʀɐniʎɐ	seʀɐniʎɐ	s[ɨ]ʀɐniʎɐ	s[e]ʀɐniʎɐ	0
serrano	sɨʀɐnu	seʀɐ̃nu	s[ɨ]ʀɐ[]nu	s[e]ʀɐ[̃]nu	0
serraria	sɨʀɐriɐ	seʀɐriɐ	s[ɨ]ʀɐriɐ	s[e]ʀɐriɐ	0
serrátil	sɨʀatiɫ	seʀatiɫ	s[ɨ]ʀatiɫ	s[e]ʀatiɫ	0
serrazinar	sɨʀɐzinar	seʀɐzinar	s[ɨ]ʀɐzinar	s[e]ʀɐzinar	0
serrazina	sɨʀɐzinɐ	seʀɐzinɐ	s[ɨ]ʀɐzinɐ	s[e]ʀɐzinɐ	0
serreado	sɨʀjadu	seʀiadu	s[ɨ]ʀ[j]adu	s[e]ʀ[i]adu	0
serrear	sɨʀjar	seʀiar	s[ɨ]ʀ[j]ar	s[e]ʀ[i]ar	0
serrenho	sɨʀɐjɲu	seʀeɲu	s[ɨ]ʀɐ[j]ɲu	s[e]ʀe[]ɲu	0
serreta	sɨʀetɐ	seʀɛtɐ	s[ɨ]ʀ[e]tɐ	s[e]ʀ[ɛ]tɐ	0
serricórneo	sɨʀikɔrnju	seʀikɔrniw	s[ɨ]ʀikɔrnj[u]	s[e]ʀikɔrni[w]	0
serridentado	sɨʀidẽtadu	seʀidentadu	s[ɨ]ʀidẽ[]tadu	s[e]ʀide[n]tadu	0
serridênteo	sɨʀidẽtju	seʀidẽntiw	s[ɨ]ʀidẽtju[]	s[e]ʀidẽnti[w]	0
serrilhador	sɨʀiʎɐdor	seʀiʎɐdor	s[ɨ]ʀiʎɐdor	s[e]ʀiʎɐdor	0
serrilhado	sɨʀiʎadu	seʀiʎadu	s[ɨ]ʀiʎadu	s[e]ʀiʎadu	0
serrilhar	sɨʀiʎar	seʀiʎar	s[ɨ]ʀiʎar	s[e]ʀiʎar	0
serrilha	sɨʀiʎɐ	seʀiʎɐ	s[ɨ]ʀiʎɐ	s[e]ʀiʎɐ	0
serrilho	sɨʀiʎu	seʀiʎu	s[ɨ]ʀiʎu	s[e]ʀiʎu	0
serrino	sɨʀinu	seʀinu	s[ɨ]ʀinu	s[e]ʀinu	0
serrípede	sɨʀipɨdɨ	seʀipɨdɨ	s[ɨ]ʀipɨdɨ	s[e]ʀipɨdɨ	0
serrirrostro	sɨʀiʀoʃtru	seʀiʀɔʃtru	s[ɨ]ʀiʀ[o]ʃtru	s[e]ʀiʀ[ɔ]ʃtru	0
serrobeco	sɨʀubɛku	seʀubɛku	s[ɨ]ʀubɛku	s[e]ʀubɛku	0
serrotagem	sɨʀutaʒɐ̃j̃	seʀutaʒɐjn	s[ɨ]ʀutaʒɐ[̃]j[̃]	s[e]ʀutaʒɐ[]j[n]	0
serrotar	sɨʀutar	seʀutar	s[ɨ]ʀutar	s[e]ʀutar	0
serrote	sɨʀɔtɨ	seʀɔtɨ	s[ɨ]ʀɔtɨ	s[e]ʀɔtɨ	0
sertaginense	sɨrtɐʒinẽsɨ	sertɐʒinẽnsɨ	s[ɨ]rtɐʒinẽsɨ[]	s[e]rtɐʒinẽns[ɨ]	0
sertainho	sɨrtɐiɲu	sertɐiɲu	s[ɨ]rtɐiɲu	s[e]rtɐiɲu	0
sertanejo	sɨrtɐnɐjʒu	sertɐneʒu	s[ɨ]rtɐnɐ[j]ʒu	s[e]rtɐne[]ʒu	0
sertanense	sɨrtɐnẽsɨ	sertɐnẽnsɨ	s[ɨ]rtɐnẽsɨ[]	s[e]rtɐnẽns[ɨ]	0
sertanista	sɨrtɐniʃtɐ	sertɐniʃtɐ	s[ɨ]rtɐniʃtɐ	s[e]rtɐniʃtɐ	0
sertela	sɨrtɛlɐ	sertɛlɐ	s[ɨ]rtɛlɐ	s[e]rtɛlɐ	0
sertelha	sɨrtɐjʎɐ	serteʎɐ	s[ɨ]rtɐ[j]ʎɐ	s[e]rte[]ʎɐ	0
serubuna	sɨrubunɐ	serubunɐ	s[ɨ]rubunɐ	s[e]rubunɐ	0
serutinga	sɨrutĩɡɐ	serutĩnɡɐ	s[ɨ]rutĩɡɐ[]	s[e]rutĩnɡ[ɐ]	0
servência	sɨrvẽsjɐ	servẽnsjɐ	s[ɨ]rvẽsjɐ[]	s[e]rvẽnsj[ɐ]	0
servente	sɨrvẽtɨ	servẽntɨ	s[ɨ]rvẽtɨ[]	s[e]rvẽnt[ɨ]	0
serventia	sɨrvẽtiɐ	servẽntiɐ	s[ɨ]rvẽtiɐ[]	s[e]rvẽnti[ɐ]	0
serventuário	sɨrvẽtwarju	servẽntwarju	s[ɨ]rvẽtwarju[]	s[e]rvẽntwarj[u]	0
serviçalismo	sɨrvisɐliʒmu	servisɐliʒmu	s[ɨ]rvisɐliʒmu	s[e]rvisɐliʒmu	0
serviçal	sɨrvisaɫ	servisaɫ	s[ɨ]rvisaɫ	s[e]rvisaɫ	0
servição	sɨrvisɐ̃w̃	servisɐ̃w̃	s[ɨ]rvisɐ̃w̃	s[e]rvisɐ̃w̃	0
serviço	sɨrvisu	servisu	s[ɨ]rvisu	s[e]rvisu	0
servidão	sɨrvidɐ̃w̃	servidɐ̃w̃	s[ɨ]rvidɐ̃w̃	s[e]rvidɐ̃w̃	0
servidiço	sɨrvidisu	servidisu	s[ɨ]rvidisu	s[e]rvidisu	0
servidor	sɨrvidor	servidor	s[ɨ]rvidor	s[e]rvidor	0
servido	sɨrvidu	servidu	s[ɨ]rvidu	s[e]rvidu	0
serviente	sɨrvjẽtɨ	serviẽntɨ	s[ɨ]rvjẽtɨ[]	s[e]rviẽnt[ɨ]	0
servilheiro	sɨrviʎɐjru	serviʎɐjru	s[ɨ]rviʎɐjru	s[e]rviʎɐjru	0
servilheta	sɨrviʎetɐ	serviʎɛtɐ	s[ɨ]rviʎ[e]tɐ	s[e]rviʎ[ɛ]tɐ	0
servilismo	sɨrviliʒmu	serviliʒmu	s[ɨ]rviliʒmu	s[e]rviliʒmu	0
servilizar	sɨrvilizar	servilizar	s[ɨ]rvilizar	s[e]rvilizar	0
servilmente	sɨrviɫmẽtɨ	serviɫmẽntɨ	s[ɨ]rviɫmẽtɨ[]	s[e]rviɫmẽnt[ɨ]	0
serviola	sɨrvjɔlɐ	serviɔlɐ	s[ɨ]rv[j]ɔlɐ	s[e]rv[i]ɔlɐ	0
servita	sɨrvitɐ	servitɐ	s[ɨ]rvitɐ	s[e]rvitɐ	0
servível	sɨrvivɛɫ	servivɛɫ	s[ɨ]rvivɛɫ	s[e]rvivɛɫ	0
serzeta	sɨrzetɐ	serzɛtɐ	s[ɨ]rz[e]tɐ	s[e]rz[ɛ]tɐ	0
serzete	sɨrzetɨ	serzɛtɨ	s[ɨ]rz[e]tɨ	s[e]rz[ɛ]tɨ	0
serzino	sɨrzinu	serzinu	s[ɨ]rzinu	s[e]rzinu	0
sesamoide	sɨzɐmɔjdɨ	sezɐmɔjdɨ	s[ɨ]zɐmɔjdɨ	s[e]zɐmɔjdɨ	0
sesamóide	sɨzɐmɔjdɨ	sezɐmɔjdɨ	s[ɨ]zɐmɔjdɨ	s[e]zɐmɔjdɨ	0
sesamoidite	sɨzɐmɔjditɨ	sezɐmojditɨ	s[ɨ]zɐm[ɔ]jditɨ	s[e]zɐm[o]jditɨ	0
sesimbrão	sɨzĩbrɐ̃w̃	sezĩmbrɐ̃w̃	s[ɨ]zĩbrɐ̃[w]̃[]	s[e]zĩmbr[ɐ]̃w[̃]	0
sesimbrense	sɨzĩbrẽsɨ	sezĩmbrẽnsɨ	s[ɨ]zĩbrẽsɨ[]	s[e]zĩmbrẽns[ɨ]	0
sesmaria	sɨʒmɐriɐ	seʒmɐriɐ	s[ɨ]ʒmɐriɐ	s[e]ʒmɐriɐ	0
sesmeiro	sɨʒmɐjru	seʒmɐjru	s[ɨ]ʒmɐjru	s[e]ʒmɐjru	0
sessação	sɨsɐsɐ̃w̃	sesɐsɐ̃w̃	s[ɨ]sɐsɐ̃w̃	s[e]sɐsɐ̃w̃	0
sessamento	sɨsɐmẽtu	sesɐmẽntu	s[ɨ]sɐmẽtu[]	s[e]sɐmẽnt[u]	0
sessentão	sɨsẽtɐ̃w̃	sesẽntɐ̃w̃	s[ɨ]sẽtɐ̃[w]̃[]	s[e]sẽnt[ɐ]̃w[̃]	0
sesteada	sɨʃtjadɐ	seʃtiadɐ	s[ɨ]ʃt[j]adɐ	s[e]ʃt[i]adɐ	0
sestear	sɨʃtjar	seʃtiar	s[ɨ]ʃt[j]ar	s[e]ʃt[i]ar	0
sesteimar	sɨʃtɐjmar	seʃtɐjmar	s[ɨ]ʃtɐjmar	s[e]ʃtɐjmar	0
sesteiro	sɨʃtɐjru	seʃtɐjru	s[ɨ]ʃtɐjru	s[e]ʃtɐjru	0
sestércio	sɨʃtɛrsju	seʃtɛrsju	s[ɨ]ʃtɛrsju	s[e]ʃtɛrsju	0
sestroso	sɨʃtrozu	seʃtrozu	s[ɨ]ʃtrozu	s[e]ʃtrozu	0
sesudo	sɨzudu	sezudu	s[ɨ]zudu	s[e]zudu	0
sesuviáceas	sɨzuvjasjɐʃ	sezuviasiɐʃ	s[ɨ]zuv[j]as[j]ɐʃ	s[e]zuv[i]as[i]ɐʃ	0
setáceo	sɨtasju	setasiw	s[ɨ]tasj[u]	s[e]tasi[w]	0
setear	sɨtjar	setiar	s[ɨ]t[j]ar	s[e]t[i]ar	0
seteira	sɨtɐjrɐ	setɐjrɐ	s[ɨ]tɐjrɐ	s[e]tɐjrɐ	0
seteiro	sɨtɐjru	setɐjru	s[ɨ]tɐjru	s[e]tɐjru	0
setembrino	sɨtẽbrinu	setẽmbrinu	s[ɨ]tẽbrinu[]	s[e]tẽmbrin[u]	0
setembrismo	sɨtẽbriʒmu	setẽmbriʒmu	s[ɨ]tẽbriʒmu[]	s[e]tẽmbriʒm[u]	0
setembrista	sɨtẽbriʃtɐ	setẽmbriʃtɐ	s[ɨ]tẽbriʃtɐ[]	s[e]tẽmbriʃt[ɐ]	0
setembro	sɨtẽbru	setẽmbru	s[ɨ]tẽbru[]	s[e]tẽmbr[u]	0
setembro	sɨtẽbru	setẽmbru	s[ɨ]tẽbru[]	s[e]tẽmbr[u]	0
sete-mesinho	sɛtɨmɨziɲu	sɛtɨmeziɲu	sɛtɨm[ɨ]ziɲu	sɛtɨm[e]ziɲu	0
setenado	sɨtɨnadu	setɨnadu	s[ɨ]tɨnadu	s[e]tɨnadu	0
setentrião	sɨtẽtrjɐ̃w̃	setẽntriɐ̃w̃	s[ɨ]tẽtrjɐ̃[w]̃[]	s[e]tẽntri[ɐ]̃w[̃]	0
setentrional	sɨtẽtrjunaɫ	setẽntrjunaɫ	s[ɨ]tẽtrjunaɫ[]	s[e]tẽntrjuna[ɫ]	0
setial	sɨtjaɫ	setiaɫ	s[ɨ]t[j]aɫ	s[e]t[i]aɫ	0
setia	sɨtiɐ	setiɐ	s[ɨ]tiɐ	s[e]tiɐ	0
setífero	sɨtifɨru	setifɨru	s[ɨ]tifɨru	s[e]tifɨru	0
setifloro	sɨtiflɔru	setiflɔru	s[ɨ]tiflɔru	s[e]tiflɔru	0
setiforme	sɨtifɔrmɨ	setifɔrmɨ	s[ɨ]tifɔrmɨ	s[e]tifɔrmɨ	0
setígero	sɨtiʒɨru	setiʒɨru	s[ɨ]tiʒɨru	s[e]tiʒɨru	0
setoso	sɨtozu	setozu	s[ɨ]tozu	s[e]tozu	0
setubalense	sɨtubɐlẽsɨ	setubɐlẽnsɨ	s[ɨ]tubɐlẽsɨ[]	s[e]tubɐlẽns[ɨ]	0
setúbal	sɨtubaɫ	setubaɫ	s[ɨ]tubaɫ	s[e]tubaɫ	0
setuloso	sɨtulozu	setulozu	s[ɨ]tulozu	s[e]tulozu	0
sevadeira	sɨvɐdɐjrɐ	sevɐdɐjrɐ	s[ɨ]vɐdɐjrɐ	s[e]vɐdɐjrɐ	0
sevandijaria	sɨvɐ̃diʒɐriɐ	sevɐ̃ndiʒɐriɐ	s[ɨ]vɐ̃[]diʒɐriɐ	s[e]vɐ̃[n]diʒɐriɐ	0
sevandijar	sɨvɐ̃diʒar	sevɐ̃ndiʒar	s[ɨ]vɐ̃[]diʒar	s[e]vɐ̃[n]diʒar	0
sevandija	sɨvɐ̃diʒɐ	sevɐ̃ndiʒɐ	s[ɨ]vɐ̃[]diʒɐ	s[e]vɐ̃[n]diʒɐ	0
severense	sɨvɨrẽsɨ	sevɨrẽnsɨ	s[ɨ]vɨrẽsɨ[]	s[e]vɨrẽns[ɨ]	0
severidade	sɨvɨridadɨ	sevɨridadɨ	s[ɨ]vɨridadɨ	s[e]vɨridadɨ	0
severino	sɨvɨrinu	sevɨrinu	s[ɨ]vɨrinu	s[e]vɨrinu	0
severite	sɨvɨritɨ	sevɨritɨ	s[ɨ]vɨritɨ	s[e]vɨritɨ	0
severizar	sɨvɨrizar	sevɨrizar	s[ɨ]vɨrizar	s[e]vɨrizar	0
severo	sɨvɛru	sevɛru	s[ɨ]vɛru	s[e]vɛru	0
seviciar	sɨvisjar	sevisiar	s[ɨ]vis[j]ar	s[e]vis[i]ar	0
sevícia	sɨvisjɐ	sevisjɐ	s[ɨ]visjɐ	s[e]visjɐ	0
sevilhana	sɨviʎɐnɐ	seviʎɐ̃nɐ	s[ɨ]viʎɐ[]nɐ	s[e]viʎɐ[̃]nɐ	0
sevilhano	sɨviʎɐnu	seviʎɐ̃nu	s[ɨ]viʎɐ[]nu	s[e]viʎɐ[̃]nu	0
sezoar	sɨzwar	sezuar	s[ɨ]z[w]ar	s[e]z[u]ar	0
sezonado	sɨzunadu	sezunadu	s[ɨ]zunadu	s[e]zunadu	0
sezonal	sɨzunaɫ	sezunaɫ	s[ɨ]zunaɫ	s[e]zunaɫ	0
sezonático	sɨzunatiku	sezunatiku	s[ɨ]zunatiku	s[e]zunatiku	0
sezônico	sɨzoniku	sezoniku	s[ɨ]zoniku	s[e]zoniku	0
sezónico	sɨzɔniku	sezɔniku	s[ɨ]zɔniku	s[e]zɔniku	0
sezonígeno	sɨzuniʒɨnu	sezuniʒɨnu	s[ɨ]zuniʒɨnu	s[e]zuniʒɨnu	0
sezonismo	sɨzuniʒmu	sezuniʒmu	s[ɨ]zuniʒmu	s[e]zuniʒmu	0
sezonologia	sɨzunuluʒiɐ	sezunuluʒiɐ	s[ɨ]zunuluʒiɐ	s[e]zunuluʒiɐ	0
sezonologista	sɨzunuluʒiʃtɐ	sezunuluʒiʃtɐ	s[ɨ]zunuluʒiʃtɐ	s[e]zunuluʒiʃtɐ	0
soberbamente	suberbɐmẽtɨ	subɨrbɐmẽntɨ	sub[e]rbɐmẽtɨ[]	sub[ɨ]rbɐmẽnt[ɨ]	0
soerguer	swerɡer	suɨrɡer	sw[e]rɡer	su[ɨ]rɡer	0
soerguimento	swerɡimẽtu	suɨrɡimẽntu	sw[e]rɡimẽtu[]	su[ɨ]rɡimẽnt[u]	0
souvenir	suvɨnir	suvenir	suv[ɨ]nir	suv[e]nir	0
subcategoria	subkɐtɨɡuriɐ	subkɐteɡuriɐ	subkɐt[ɨ]ɡuriɐ	subkɐt[e]ɡuriɐ	0
subdelegação	subdɨlɨɡɐsɐ̃w̃	subdɨleɡɐsɐ̃w̃	subdɨl[ɨ]ɡɐsɐ̃w̃	subdɨl[e]ɡɐsɐ̃w̃	0
subdelegacia	subdɨlɨɡɐsiɐ	subdɨleɡɐsiɐ	subdɨl[ɨ]ɡɐsiɐ	subdɨl[e]ɡɐsiɐ	0
subepidérmico	subepidɛrmiku	subɨpidɛrmiku	sub[e]pidɛrmiku	sub[ɨ]pidɛrmiku	0
subequatorialidade	subekwɐturjɐlidadɨ	subɨkwɐturiɐlidadɨ	sub[e]kwɐtur[j]ɐlidadɨ	sub[ɨ]kwɐtur[i]ɐlidadɨ	0
subequatorial	subekwɐturjaɫ	subɨkwɐturiaɫ	sub[e]kwɐtur[j]aɫ	sub[ɨ]kwɐtur[i]aɫ	0
subliteratura	sublitɨrɐturɐ	subliterɐturɐ	sublit[ɨ]rɐturɐ	sublit[e]rɐturɐ	0
sub-região	subʀɨʒjɐ̃w̃	subʀeʒiɐ̃w̃	subʀ[ɨ]ʒ[j]ɐ̃w̃	subʀ[e]ʒ[i]ɐ̃w̃	0
substabelecer	subʃtɐbɨlɨser	subʃtɐbelɨser	subʃtɐb[ɨ]lɨser	subʃtɐb[e]lɨser	0
substabelecimento	subʃtɐbɨlɨsimẽtu	subʃtɐbelɨsimẽntu	subʃtɐb[ɨ]lɨsimẽtu[]	subʃtɐb[e]lɨsimẽnt[u]	0
sul-americano	sulɐmɨrikɐnu	sulɐmerikɐ̃nu	sulɐm[ɨ]rikɐ[]nu	sulɐm[e]rikɐ[̃]nu	0
sulfarsenieto	suɫfɐrsɨnjetu	suɫfɐrseniɛtu	suɫfɐrs[ɨ]nj[e]tu	suɫfɐrs[e]ni[ɛ]tu	0
super-herói	supɛrerɔj	supɛrɨrɔj	supɛr[e]rɔj	supɛr[ɨ]rɔj	0
superpetroleiro	supɛrpɨtrulɐjru	supɛrpetrulɐjru	supɛrp[ɨ]trulɐjru	supɛrp[e]trulɐjru	0
super-requintado	supɛrʀɨkĩtadu	supɛrʀekintadu	supɛrʀ[ɨ]kĩ[]tadu	supɛrʀ[e]ki[n]tadu	0
super-resistente	supɛrʀɨziʃtẽtɨ	supɛrʀeziʃtẽntɨ	supɛrʀ[ɨ]ziʃtẽtɨ[]	supɛrʀ[e]ziʃtẽnt[ɨ]	0
superveniente	supɛrvɨnjẽtɨ	supɛrveniẽntɨ	supɛrv[ɨ]njẽtɨ[]	supɛrv[e]niẽnt[ɨ]	0
supra-renalite	suprɐʀɨnɐlitɨ	suprɐʀenɐlitɨ	suprɐʀ[ɨ]nɐlitɨ	suprɐʀ[e]nɐlitɨ	0
suprarrenalite	suprɐʀɨnɐlitɨ	suprɐʀenɐlitɨ	suprɐʀ[ɨ]nɐlitɨ	suprɐʀ[e]nɐlitɨ	0
surdivai-ferreiro	surdivajfɨʀɐjru	surdivajfeʀɐjru	surdivajf[ɨ]ʀɐjru	surdivajf[e]ʀɐjru	0
surdo-cegueira	surdusɨɡɐjrɐ	surduseɡɐjrɐ	surdus[ɨ]ɡɐjrɐ	surdus[e]ɡɐjrɐ	0
tabeliar	tɐbeljar	tɐbɨliar	tɐb[e]l[j]ar	tɐb[ɨ]l[i]ar	0
tanetiano	tɐnɨtjɐnu	tɐnetiɐ̃nu	tɐn[ɨ]t[j]ɐ[]nu	tɐn[e]t[i]ɐ[̃]nu	0
taramelear	tɐrɐmɨljar	tɐrɐmeliar	tɐrɐm[ɨ]l[j]ar	tɐrɐm[e]l[i]ar	0
tartamelear	tɐrtɐmɨljar	tɐrtɐmeliar	tɐrtɐm[ɨ]l[j]ar	tɐrtɐm[e]l[i]ar	0
tatessar	tɐtesar	tɐtɨsar	tɐt[e]sar	tɐt[ɨ]sar	0
tebaico	tɨbajku	tebajku	t[ɨ]bajku	t[e]bajku	0
tebaida	tɨbajdɐ	tebajdɐ	t[ɨ]bajdɐ	t[e]bajdɐ	0
tebaísmo	tɨbɐiʒmu	tebɐiʒmu	t[ɨ]bɐiʒmu	t[e]bɐiʒmu	0
tebano	tɨbɐnu	tebɐ̃nu	t[ɨ]bɐ[]nu	t[e]bɐ[̃]nu	0
tecedeira	tɨsɨdɐjrɐ	tesɨdɐjrɐ	t[ɨ]sɨdɐjrɐ	t[e]sɨdɐjrɐ	0
tecedor	tɨsɨdor	tesɨdor	t[ɨ]sɨdor	t[e]sɨdor	0
tecedura	tɨsɨdurɐ	tesɨdurɐ	t[ɨ]sɨdurɐ	t[e]sɨdurɐ	0
tecelagem	tɨsɨlaʒɐ̃j̃	tesɨlaʒɐjn	t[ɨ]sɨlaʒɐ[̃]j[̃]	t[e]sɨlaʒɐ[]j[n]	0
tecelão	tɨsɨlɐ̃w̃	tesɨlɐ̃w̃	t[ɨ]sɨlɐ̃w̃	t[e]sɨlɐ̃w̃	0
tecido	tɨsidu	tesidu	t[ɨ]sidu	t[e]sidu	0
tecidual	tɨsidwaɫ	tesiduaɫ	t[ɨ]sid[w]aɫ	t[e]sid[u]aɫ	0
tecidular	tɨsidular	tesidular	t[ɨ]sidular	t[e]sidular	0
tecível	tɨsivɛɫ	tesivɛɫ	t[ɨ]sivɛɫ	t[e]sivɛɫ	0
tecumã	tɨkumɐ̃	tekumɐ̃	t[ɨ]kumɐ̃	t[e]kumɐ̃	0
tedesco	tɨdeʃku	tedeʃku	t[ɨ]deʃku	t[e]deʃku	0
tedífero	tɨdifɨru	tedifɨru	t[ɨ]difɨru	t[e]difɨru	0
tedioso	tɨdjozu	tediozu	t[ɨ]d[j]ozu	t[e]d[i]ozu	0
tefromancia	tɨfrumɐ̃siɐ	tefrumɐ̃nsiɐ	t[ɨ]frumɐ̃[]siɐ	t[e]frumɐ̃[n]siɐ	0
tegeeu	tɨʒjew	teʒiew	t[ɨ]ʒ[j]ew	t[e]ʒ[i]ew	0
tegianense	tɨʒjɐnẽsɨ	teʒiɐnẽnsɨ	t[ɨ]ʒ[j]ɐnẽsɨ[]	t[e]ʒ[i]ɐnẽns[ɨ]	0
tegular	tɨɡular	teɡular	t[ɨ]ɡular	t[e]ɡular	0
tegumentário	tɨɡumẽtarju	teɡumẽntarju	t[ɨ]ɡumẽtarju[]	t[e]ɡumẽntarj[u]	0
tegumentar	tɨɡumẽtar	teɡumẽntar	t[ɨ]ɡumẽtar[]	t[e]ɡumẽnta[r]	0
tegumento	tɨɡumẽtu	teɡumẽntu	t[ɨ]ɡumẽtu[]	t[e]ɡumẽnt[u]	0
tejadilho	tɨʒɐdiʎu	teʒɐdiʎu	t[ɨ]ʒɐdiʎu	t[e]ʒɐdiʎu	0
tejídeos	tɨʒidjuʃ	teʒidiwʃ	t[ɨ]ʒidj[u]ʃ	t[e]ʒidi[w]ʃ	0
tejídeo	tɨʒidju	teʒidiw	t[ɨ]ʒidj[u]	t[e]ʒidi[w]	0
tejoila	tɨʒojlɐ	teʒojlɐ	t[ɨ]ʒojlɐ	t[e]ʒojlɐ	0
tejoula	tɨʒowlɐ	teʒowlɐ	t[ɨ]ʒowlɐ	t[e]ʒowlɐ	0
tejuaçu	tɨʒwasu	teʒuɐsu	t[ɨ]ʒw[a]su	t[e]ʒu[ɐ]su	0
tejuco	tɨʒuku	teʒuku	t[ɨ]ʒuku	t[e]ʒuku	0
telagarça	tɨlɐɡarsɐ	telɐɡarsɐ	t[ɨ]lɐɡarsɐ	t[e]lɐɡarsɐ	0
telálgico	tɨlaɫʒiku	telaɫʒiku	t[ɨ]laɫʒiku	t[e]laɫʒiku	0
telangiectasia	tɨlɐ̃ʒjɛktɐziɐ	telɐ̃nʒiɨtɐziɐ	t[ɨ]lɐ̃[]ʒjɛ[k]tɐziɐ	t[e]lɐ̃[n]ʒiɨ[]tɐziɐ	0
telangiectásico	tɨlɐ̃ʒjɛktaziku	telɐ̃nʒiɨtaziku	t[ɨ]lɐ̃[]ʒjɛ[k]taziku	t[e]lɐ̃[n]ʒiɨ[]taziku	0
telangioma	tɨlɐ̃ʒjomɐ	telɐ̃nʒiomɐ	t[ɨ]lɐ̃[]ʒ[j]omɐ	t[e]lɐ̃[n]ʒ[i]omɐ	0
telautógrafo	tɨlawtɔɡrɐfu	telawtɔɡrɐfu	t[ɨ]lawtɔɡrɐfu	t[e]lawtɔɡrɐfu	0
teleférico	tɨlɨfɛriku	telɨfɛriku	t[ɨ]lɨfɛriku	t[e]lɨfɛriku	0
teléfio	tɨlɛfju	telɛfju	t[ɨ]lɛfju	t[e]lɛfju	0
telefonada	tɨlɨfunɐdɛlɐ	telɨfunadɐ	t[ɨ]lɨfun[ɐ]dɛl[ɐ]	t[e]lɨfun[a]dɐ[]	0
telefonadela	tɨlɨfunɐdɛlɐ	telɨfunɐdɛlɐ	t[ɨ]lɨfunɐdɛlɐ	t[e]lɨfunɐdɛlɐ	0
telefonar	tɨlɨfunar	telɨfunar	t[ɨ]lɨfunar	t[e]lɨfunar	0
telefonema	tɨlɨfunemɐ	telɨfunemɐ	t[ɨ]lɨfunemɐ	t[e]lɨfunemɐ	0
telefone	tɨlɨfɔnɨ	telɨfonɨ	t[ɨ]lɨf[ɔ]nɨ	t[e]lɨf[o]nɨ	0
telefonia	tɨlɨfuniɐ	telɨfuniɐ	t[ɨ]lɨfuniɐ	t[e]lɨfuniɐ	0
telefonicamente	tɨlɨfɔnikɐmẽtɨ	telɨfɔnikɐmẽntɨ	t[ɨ]lɨfɔnikɐmẽtɨ[]	t[e]lɨfɔnikɐmẽnt[ɨ]	0
telefônico	tɨlɨfoniku	telɨfoniku	t[ɨ]lɨfoniku	t[e]lɨfoniku	0
telefónico	tɨlɨfɔniku	telɨfɔniku	t[ɨ]lɨfɔniku	t[e]lɨfɔniku	0
telefonista	tɨlɨfuniʃtɐ	telɨfuniʃtɐ	t[ɨ]lɨfuniʃtɐ	t[e]lɨfuniʃtɐ	0
telega	tɨlɛɡɐ	telɛɡɐ	t[ɨ]lɛɡɐ	t[e]lɛɡɐ	0
telegônico	tɨlɨɡoniku	telɨɡoniku	t[ɨ]lɨɡoniku	t[e]lɨɡoniku	0
telegónico	tɨlɨɡɔniku	telɨɡɔniku	t[ɨ]lɨɡɔniku	t[e]lɨɡɔniku	0
telegrafar	tɨlɨɡrɐfar	telɨɡrɐfar	t[ɨ]lɨɡrɐfar	t[e]lɨɡrɐfar	0
telegrafia	tɨlɨɡrɐfiɐ	telɨɡrɐfiɐ	t[ɨ]lɨɡrɐfiɐ	t[e]lɨɡrɐfiɐ	0
telegraficamente	tɨlɨɡrafikɐmẽtɨ	telɨɡrafikɐmẽntɨ	t[ɨ]lɨɡrafikɐmẽtɨ[]	t[e]lɨɡrafikɐmẽnt[ɨ]	0
telegráfico	tɨlɨɡrafiku	telɨɡrafiku	t[ɨ]lɨɡrafiku	t[e]lɨɡrafiku	0
telegrafista	tɨlɨɡrɐfiʃtɐ	telɨɡrɐfiʃtɐ	t[ɨ]lɨɡrɐfiʃtɐ	t[e]lɨɡrɐfiʃtɐ	0
telégrafo-postal	tɨlɛɡrɐfupuʃtaɫ	telɛɡrɐfupuʃtaɫ	t[ɨ]lɛɡrɐfupuʃtaɫ	t[e]lɛɡrɐfupuʃtaɫ	0
telégrafo	tɨlɛɡrɐfu	telɛɡrɐfu	t[ɨ]lɛɡrɐfu	t[e]lɛɡrɐfu	0
telegrama	tɨlɨɡrɐmɐ	telɨɡrɐ̃mɐ	t[ɨ]lɨɡrɐ[]mɐ	t[e]lɨɡrɐ[̃]mɐ	0
teleósteo	tɨljɔʃtju	telɨɔʃtiw	t[ɨ]l[j]ɔʃtj[u]	t[e]l[ɨ]ɔʃti[w]	0
teleóstomo	tɨljɔʃtumu	telɨɔʃtumu	t[ɨ]l[j]ɔʃtumu	t[e]l[ɨ]ɔʃtumu	0
telepata	tɨlɨpatɐ	telɨpatɐ	t[ɨ]lɨpatɐ	t[e]lɨpatɐ	0
telepatia	tɨlɨpɐtiɐ	telɨpɐtiɐ	t[ɨ]lɨpɐtiɐ	t[e]lɨpɐtiɐ	0
telepático	tɨlɨpatiku	telɨpatiku	t[ɨ]lɨpatiku	t[e]lɨpatiku	0
telescopia	tɨlɨʃkupiɐ	telɨʃkupiɐ	t[ɨ]lɨʃkupiɐ	t[e]lɨʃkupiɐ	0
telescópico	tɨlɨʃkɔpiku	telɨʃkɔpiku	t[ɨ]lɨʃkɔpiku	t[e]lɨʃkɔpiku	0
telescópio	tɨlɨʃkɔpju	telɨʃkɔpju	t[ɨ]lɨʃkɔpju	t[e]lɨʃkɔpju	0
telésia	tɨlɛzjɐ	telɛzjɐ	t[ɨ]lɛzjɐ	t[e]lɛzjɐ	0
teletipo	tɨlɛtipu	telɨtipu	t[ɨ]l[ɛ]tipu	t[e]l[ɨ]tipu	0
televisado	tɨlɨvizadu	telɨvizadu	t[ɨ]lɨvizadu	t[e]lɨvizadu	0
televisamento	tɨlɨvizɐmẽtu	telɨvizɐmẽntu	t[ɨ]lɨvizɐmẽtu[]	t[e]lɨvizɐmẽnt[u]	0
televisão	tɨlɨvizɐ̃w̃	telɨvizɐ̃w̃	t[ɨ]lɨvizɐ̃w̃	t[e]lɨvizɐ̃w̃	0
televisar	tɨlɨvizar	telɨvizar	t[ɨ]lɨvizar	t[e]lɨvizar	0
televisionado	tɨlɨvizjunadu	telɨvizjunadu	t[ɨ]lɨvizjunadu	t[e]lɨvizjunadu	0
televisionamento	tɨlɨvizjunɐmẽtu	telɨvizjunɐmẽntu	t[ɨ]lɨvizjunɐmẽtu[]	t[e]lɨvizjunɐmẽnt[u]	0
televisionar	tɨlɨvizjunar	telɨvizjunar	t[ɨ]lɨvizjunar	t[e]lɨvizjunar	0
televisível	tɨlɨvizivɛɫ	telɨvizivɛɫ	t[ɨ]lɨvizivɛɫ	t[e]lɨvizivɛɫ	0
televisivo	tɨlɨvizivu	telɨvizivu	t[ɨ]lɨvizivu	t[e]lɨvizivu	0
televisor	tɨlɨvizor	telɨvizor	t[ɨ]lɨvizor	t[e]lɨvizor	0
telhador	tɨʎɐdor	teʎɐdor	t[ɨ]ʎɐdor	t[e]ʎɐdor	0
telhado	tɨʎadu	teʎadu	t[ɨ]ʎadu	t[e]ʎadu	0
telhadura	tɨʎɐdurɐ	teʎɐdurɐ	t[ɨ]ʎɐdurɐ	t[e]ʎɐdurɐ	0
telheira	tɨʎɐjrɐ	teʎɐjrɐ	t[ɨ]ʎɐjrɐ	t[e]ʎɐjrɐ	0
telheiro	tɨʎɐjru	teʎɐjru	t[ɨ]ʎɐjru	t[e]ʎɐjru	0
telhice	tɨʎisɨ	teʎisɨ	t[ɨ]ʎisɨ	t[e]ʎisɨ	0
telhinhas	tɨʎiɲɐʃ	teʎiɲɐʃ	t[ɨ]ʎiɲɐʃ	t[e]ʎiɲɐʃ	0
telhudo	tɨʎudu	teʎudu	t[ɨ]ʎudu	t[e]ʎudu	0
teligonáceas	tɨliɡunasjɐʃ	teliɡunasiɐʃ	t[ɨ]liɡunas[j]ɐʃ	t[e]liɡunas[i]ɐʃ	0
teligonácea	tɨliɡunasjɐ	teliɡunasiɐ	t[ɨ]liɡunas[j]ɐ	t[e]liɡunas[i]ɐ	0
telilha	tɨliʎɐ	teliʎɐ	t[ɨ]liʎɐ	t[e]liʎɐ	0
telínidas	tɨlinidɐʃ	telinidɐʃ	t[ɨ]linidɐʃ	t[e]linidɐʃ	0
telinídeos	tɨlinidjuʃ	telinidiwʃ	t[ɨ]linidj[u]ʃ	t[e]linidi[w]ʃ	0
telinídeo	tɨlinidju	telinidiw	t[ɨ]linidj[u]	t[e]linidi[w]	0
telintar	tɨlĩtar	telĩntar	t[ɨ]lĩtar[]	t[e]lĩnta[r]	0
telite	tɨlitɨ	telitɨ	t[ɨ]litɨ	t[e]litɨ	0
telófase	tɨlɔfɐzɨ	telɔfɐzɨ	t[ɨ]lɔfɐzɨ	t[e]lɔfɐzɨ	0
telômero	tɨlomɨru	telomɨru	t[ɨ]lomɨru	t[e]lomɨru	0
telómero	tɨlɔmɨru	telɔmɨru	t[ɨ]lɔmɨru	t[e]lɔmɨru	0
telonense	tɨlunẽsɨ	telunẽnsɨ	t[ɨ]lunẽsɨ[]	t[e]lunẽns[ɨ]	0
telônio	tɨlonju	telonju	t[ɨ]lonju	t[e]lonju	0
telónio	tɨlɔnju	telɔnju	t[ɨ]lɔnju	t[e]lɔnju	0
telopsia	tɨlɔpsiɐ	telupsiɐ	t[ɨ]l[ɔ]psiɐ	t[e]l[u]psiɐ	0
telóptico	tɨlɔptiku	telɔptiku	t[ɨ]lɔptiku	t[e]lɔptiku	0
telótico	tɨlɔtiku	telɔtiku	t[ɨ]lɔtiku	t[e]lɔtiku	0
telotismo	tɨlutiʒmu	telutiʒmu	t[ɨ]lutiʒmu	t[e]lutiʒmu	0
telugo	tɨluɡu	teluɡu	t[ɨ]luɡu	t[e]luɡu	0
telurato	tɨluratu	teluratu	t[ɨ]luratu	t[e]luratu	0
telureto	tɨluretu	telurɛtu	t[ɨ]lur[e]tu	t[e]lur[ɛ]tu	0
teluriano	tɨlurjɐnu	teluriɐ̃nu	t[ɨ]lur[j]ɐ[]nu	t[e]lur[i]ɐ[̃]nu	0
telúrico	tɨluriku	teluriku	t[ɨ]luriku	t[e]luriku	0
telurífero	tɨlurifɨru	telurifɨru	t[ɨ]lurifɨru	t[e]lurifɨru	0
telúrio	tɨlurju	telurju	t[ɨ]lurju	t[e]lurju	0
telurismo	tɨluriʒmu	teluriʒmu	t[ɨ]luriʒmu	t[e]luriʒmu	0
temário	tɨmarju	temarju	t[ɨ]marju	t[e]marju	0
temática	tɨmatikɐ	tematikɐ	t[ɨ]matikɐ	t[e]matikɐ	0
temático	tɨmatiku	tematiku	t[ɨ]matiku	t[e]matiku	0
tematologia	tɨmɐtuluʒiɐ	temɐtuluʒiɐ	t[ɨ]mɐtuluʒiɐ	t[e]mɐtuluʒiɐ	0
tematológico	tɨmɐtulɔʒiku	temɐtulɔʒiku	t[ɨ]mɐtulɔʒiku	t[e]mɐtulɔʒiku	0
temedoiro	tɨmɨdojru	temɨdojru	t[ɨ]mɨdojru	t[e]mɨdojru	0
temedouro	tɨmɨdowru	temɨdowru	t[ɨ]mɨdowru	t[e]mɨdowru	0
temerário	tɨmɨrarju	temɨrarju	t[ɨ]mɨrarju	t[e]mɨrarju	0
temerar	tɨmɨrar	temɨrar	t[ɨ]mɨrar	t[e]mɨrar	0
temerato	tɨmɨratu	temɨratu	t[ɨ]mɨratu	t[e]mɨratu	0
temeridade	tɨmɨridadɨ	temɨridadɨ	t[ɨ]mɨridadɨ	t[e]mɨridadɨ	0
temeroso	tɨmɨrozu	temɨrozu	t[ɨ]mɨrozu	t[e]mɨrozu	0
temibilidade	tɨmibilidadɨ	temibilidadɨ	t[ɨ]mibilidadɨ	t[e]mibilidadɨ	0
temido	tɨmidu	temidu	t[ɨ]midu	t[e]midu	0
temível	tɨmivɛɫ	temivɛɫ	t[ɨ]mivɛɫ	t[e]mivɛɫ	0
temoeiro	tɨmwɐjru	temuɐjru	t[ɨ]m[w]ɐjru	t[e]m[u]ɐjru	0
temonar	tɨmunar	temunar	t[ɨ]munar	t[e]munar	0
temoneira	tɨmunɐjrɐ	temunɐjrɐ	t[ɨ]munɐjrɐ	t[e]munɐjrɐ	0
temoneiro	tɨmunɐjru	temunɐjru	t[ɨ]munɐjru	t[e]munɐjru	0
temoroso	tɨmurozu	temurozu	t[ɨ]murozu	t[e]murozu	0
temudo	tɨmudu	temudu	t[ɨ]mudu	t[e]mudu	0
temulência	tɨmulẽsjɐ	temulẽnsjɐ	t[ɨ]mulẽsjɐ[]	t[e]mulẽnsj[ɐ]	0
temulento	tɨmulẽtu	temulẽntu	t[ɨ]mulẽtu[]	t[e]mulẽnt[u]	0
tenacidade	tɨnɐsidadɨ	tenɐsidadɨ	t[ɨ]nɐsidadɨ	t[e]nɐsidadɨ	0
tenálgico	tɨnaɫʒiku	tenaɫʒiku	t[ɨ]naɫʒiku	t[e]naɫʒiku	0
tenalha	tɨnaʎɐ	tenaʎɐ	t[ɨ]naʎɐ	t[e]naʎɐ	0
tenantite	tɨnɐ̃titɨ	tenɐ̃ntitɨ	t[ɨ]nɐ̃[]titɨ	t[e]nɐ̃[n]titɨ	0
tenebrário	tɨnɨbrarju	tenɨbrarju	t[ɨ]nɨbrarju	t[e]nɨbrarju	0
tenebrião	tɨnɨbrjɐ̃w̃	tenɨbriɐ̃w̃	t[ɨ]nɨbr[j]ɐ̃w̃	t[e]nɨbr[i]ɐ̃w̃	0
tenebricosidade	tɨnɨbrikuzidadɨ	tenɨbrikuzidadɨ	t[ɨ]nɨbrikuzidadɨ	t[e]nɨbrikuzidadɨ	0
tenebricoso	tɨnɨbrikozu	tenɨbrikozu	t[ɨ]nɨbrikozu	t[e]nɨbrikozu	0
tenebriônidas	tɨnɨbrjonidɐʃ	tenɨbrionidɐʃ	t[ɨ]nɨbr[j]onidɐʃ	t[e]nɨbr[i]onidɐʃ	0
tenebriónidas	tɨnɨbrjɔnidɐʃ	tenɨbriɔnidɐʃ	t[ɨ]nɨbr[j]ɔnidɐʃ	t[e]nɨbr[i]ɔnidɐʃ	0
tenebrionídeos	tɨnɨbrjunidjuʃ	tenɨbrjunidiwʃ	t[ɨ]nɨbrjunidj[u]ʃ	t[e]nɨbrjunidi[w]ʃ	0
tenebrionídeo	tɨnɨbrjunidju	tenɨbrjunidiw	t[ɨ]nɨbrjunidj[u]	t[e]nɨbrjunidi[w]	0
tenebrismo	tɨnɨbriʒmu	tenɨbriʒmu	t[ɨ]nɨbriʒmu	t[e]nɨbriʒmu	0
tenebrista	tɨnɨbriʃtɐ	tenɨbriʃtɐ	t[ɨ]nɨbriʃtɐ	t[e]nɨbriʃtɐ	0
tenebrizador	tɨnɨbrizɐdor	tenɨbrizɐdor	t[ɨ]nɨbrizɐdor	t[e]nɨbrizɐdor	0
tenebrizar	tɨnɨbrizar	tenɨbrizar	t[ɨ]nɨbrizar	t[e]nɨbrizar	0
tenebrosidade	tɨnɨbruzidadɨ	tenɨbruzidadɨ	t[ɨ]nɨbruzidadɨ	t[e]nɨbruzidadɨ	0
tenebroso	tɨnɨbrozu	tenɨbrozu	t[ɨ]nɨbrozu	t[e]nɨbrozu	0
tenedura	tɨnɨdurɐ	tenɨdurɐ	t[ɨ]nɨdurɐ	t[e]nɨdurɐ	0
tenência	tɨnẽsjɐ	tenẽnsjɐ	t[ɨ]nẽsjɐ[]	t[e]nẽnsj[ɐ]	0
tenente-coronel	tɨnẽtɨkurunɛɫ	tenẽntɨkurunɛɫ	t[ɨ]nẽtɨku[r]unɛɫ[]	t[e]nẽntɨ[k]urunɛ[ɫ]	0
tenente	tɨnẽtɨ	tenẽntɨ	t[ɨ]nẽtɨ[]	t[e]nẽnt[ɨ]	0
tenesmódico	tɨnɨʒmɔdiku	tenɨʒmɔdiku	t[ɨ]nɨʒmɔdiku	t[e]nɨʒmɔdiku	0
tenesmo	tɨneʒmu	teneʒmu	t[ɨ]neʒmu	t[e]neʒmu	0
teníase	tɨniɐzɨ	teniɐzɨ	t[ɨ]niɐzɨ	t[e]niɐzɨ	0
tenífugo	tɨnifuɡu	tenifuɡu	t[ɨ]nifuɡu	t[e]nifuɡu	0
teníidas	tɨniidɐʃ	teniidɐʃ	t[ɨ]niidɐʃ	t[e]niidɐʃ	0
teniídeos	tɨniidjuʃ	tenjidiwʃ	t[ɨ]n[i]idj[u]ʃ	t[e]n[j]idi[w]ʃ	0
teniídeo	tɨniidju	tenjidiw	t[ɨ]n[i]idj[u]	t[e]n[j]idi[w]	0
tenioide	tɨnjɔjdɨ	teniɔjdɨ	t[ɨ]n[j]ɔjdɨ	t[e]n[i]ɔjdɨ	0
tenióide	tɨnjɔjdɨ	teniɔjdɨ	t[ɨ]n[j]ɔjdɨ	t[e]n[i]ɔjdɨ	0
teniope	tɨnjɔpɨ	teniopɨ	t[ɨ]nj[ɔ]pɨ	t[e]ni[o]pɨ	0
tenióptero	tɨnjɔptɨru	teniɔptɨru	t[ɨ]n[j]ɔptɨru	t[e]n[i]ɔptɨru	0
teniossomo	tɨnjɔsomu	teniusomu	t[ɨ]nj[ɔ]somu	t[e]ni[u]somu	0
tenioto	tɨnjotu	teniɔtu	t[ɨ]nj[o]tu	t[e]ni[ɔ]tu	0
tenista	tɨniʃtɐ	teniʃtɐ	t[ɨ]niʃtɐ	t[e]niʃtɐ	0
tennantita	tɨnɐ̃titɐ	tenɐ̃ntitɐ	t[ɨ]nɐ̃[]titɐ	t[e]nɐ̃[n]titɐ	0
tennantite	tɨnɐ̃titɨ	tenɐ̃ntitɨ	t[ɨ]nɐ̃[]titɨ	t[e]nɐ̃[n]titɨ	0
tenoísmo	tɨnwiʒmu	tenuiʒmu	t[ɨ]n[w]iʒmu	t[e]n[u]iʒmu	0
tenontalgia	tɨnõtaɫʒiɐ	tenõntaɫʒiɐ	t[ɨ]nõtaɫʒiɐ[]	t[e]nõntaɫʒi[ɐ]	0
tenorino	tɨnurinu	tenurinu	t[ɨ]nurinu	t[e]nurinu	0
tenorite	tɨnuritɨ	tenuritɨ	t[ɨ]nuritɨ	t[e]nuritɨ	0
tenótomo	tɨnɔtumu	tenɔtumu	t[ɨ]nɔtumu	t[e]nɔtumu	0
tenuicórneo	tɨnwikɔrnju	tenujkɔrniw	t[ɨ]nw[i]kɔrnj[u]	t[e]nu[j]kɔrni[w]	0
tenuicorne	tɨnwikɔrnɨ	tenujkɔrnɨ	t[ɨ]nw[i]kɔrnɨ	t[e]nu[j]kɔrnɨ	0
tenuidade	tɨnwidadɨ	tenujdadɨ	t[ɨ]nw[i]dadɨ	t[e]nu[j]dadɨ	0
tenuifloro	tɨnwiflɔru	tenuiflɔru	t[ɨ]n[w]iflɔru	t[e]n[u]iflɔru	0
tenuifoliado	tɨnwifuljadu	tenujfuliadu	t[ɨ]nw[i]ful[j]adu	t[e]nu[j]ful[i]adu	0
tenuípede	tɨnwipɨdɨ	tenuipɨdɨ	t[ɨ]n[w]ipɨdɨ	t[e]n[u]ipɨdɨ	0
tenuipene	tɨnwipɛnɨ	tenujpenɨ	t[ɨ]nw[i]p[ɛ]nɨ	t[e]nu[j]p[e]nɨ	0
tenuirrostro	tɨnwiʀoʃtru	tenuiʀɔʃtru	t[ɨ]n[w]iʀ[o]ʃtru	t[e]n[u]iʀ[ɔ]ʃtru	0
tepaloide	tɨpɐlɔjdɨ	tepɐlɔjdɨ	t[ɨ]pɐlɔjdɨ	t[e]pɐlɔjdɨ	0
tepalóide	tɨpɐlɔjdɨ	tepɐlɔjdɨ	t[ɨ]pɐlɔjdɨ	t[e]pɐlɔjdɨ	0
tepe	tɛpe	tɛpɨ	tɛp[e]	tɛp[ɨ]	0
tepidário	tɨpidarju	tepidarju	t[ɨ]pidarju	t[e]pidarju	0
tepidez	tɨpideʃ	tepideʃ	t[ɨ]pideʃ	t[e]pideʃ	0
tequetar	tɨkɨtar	tekɨtar	t[ɨ]kɨtar	t[e]kɨtar	0
tequila	tɨkilɐ	tekilɐ	t[ɨ]kilɐ	t[e]kilɐ	0
tequilha	tɨkiʎɐ	tekiʎɐ	t[ɨ]kiʎɐ	t[e]kiʎɐ	0
terapeuta	tɨrɐpewtɐ	terɐpewtɐ	t[ɨ]rɐpewtɐ	t[e]rɐpewtɐ	0
terapêutica	tɨrɐpewtikɐ	terɐpewtikɐ	t[ɨ]rɐpewtikɐ	t[e]rɐpewtikɐ	0
terapêutico	tɨrɐpewtiku	terɐpewtiku	t[ɨ]rɐpewtiku	t[e]rɐpewtiku	0
terapia	tɨrɐpiɐ	terɐpiɐ	t[ɨ]rɐpiɐ	t[e]rɐpiɐ	0
terapônidas	tɨrɐponidɐʃ	terɐponidɐʃ	t[ɨ]rɐponidɐʃ	t[e]rɐponidɐʃ	0
terapónidas	tɨrɐpɔnidɐʃ	terɐpɔnidɐʃ	t[ɨ]rɐpɔnidɐʃ	t[e]rɐpɔnidɐʃ	0
teraponídeos	tɨrɐpunidjuʃ	terɐpunidiwʃ	t[ɨ]rɐpunidj[u]ʃ	t[e]rɐpunidi[w]ʃ	0
teraponídeo	tɨrɐpunidju	terɐpunidiw	t[ɨ]rɐpunidj[u]	t[e]rɐpunidi[w]	0
terarca	tɨrarkɐ	terarkɐ	t[ɨ]rarkɐ	t[e]rarkɐ	0
teratogênese	tɨrɐtɔʒenɨzɨ	terɐtuʒenɨzɨ	t[ɨ]rɐt[ɔ]ʒenɨzɨ	t[e]rɐt[u]ʒenɨzɨ	0
teratogénese	tɨrɐtɔʒɛnɨzɨ	terɐtuʒɛnɨzɨ	t[ɨ]rɐt[ɔ]ʒɛnɨzɨ	t[e]rɐt[u]ʒɛnɨzɨ	0
teratogenesia	tɨrɐtɔʒɨnɨziɐ	terɐtuʒɨnɨziɐ	t[ɨ]rɐt[ɔ]ʒɨnɨziɐ	t[e]rɐt[u]ʒɨnɨziɐ	0
teratogenia	tɨrɐtɔʒɨniɐ	terɐtuʒɨniɐ	t[ɨ]rɐt[ɔ]ʒɨniɐ	t[e]rɐt[u]ʒɨniɐ	0
teratogênico	tɨrɐtɔʒeniku	terɐtuʒeniku	t[ɨ]rɐt[ɔ]ʒeniku	t[e]rɐt[u]ʒeniku	0
teratogénico	tɨrɐtɔʒɛniku	terɐtuʒɛniku	t[ɨ]rɐt[ɔ]ʒɛniku	t[e]rɐt[u]ʒɛniku	0
teratógeno	tɨrɐtɔʒɨnu	terɐtɔʒɨnu	t[ɨ]rɐtɔʒɨnu	t[e]rɐtɔʒɨnu	0
teratologia	tɨrɐtuluʒiɐ	terɐtuluʒiɐ	t[ɨ]rɐtuluʒiɐ	t[e]rɐtuluʒiɐ	0
teratológico	tɨrɐtulɔʒiku	terɐtulɔʒiku	t[ɨ]rɐtulɔʒiku	t[e]rɐtulɔʒiku	0
teratologista	tɨrɐtuluʒiʃtɐ	terɐtuluʒiʃtɐ	t[ɨ]rɐtuluʒiʃtɐ	t[e]rɐtuluʒiʃtɐ	0
teratologístico	tɨrɐtuluʒiʃtiku	terɐtuluʒiʃtiku	t[ɨ]rɐtuluʒiʃtiku	t[e]rɐtuluʒiʃtiku	0
teratólogo	tɨrɐtɔluɡu	terɐtɔluɡu	t[ɨ]rɐtɔluɡu	t[e]rɐtɔluɡu	0
teratopagia	tɨrɐtɔpɐʒiɐ	terɐtupɐʒiɐ	t[ɨ]rɐt[ɔ]pɐʒiɐ	t[e]rɐt[u]pɐʒiɐ	0
teratópago	tɨrɐtɔpɐɡu	terɐtɔpɐɡu	t[ɨ]rɐtɔpɐɡu	t[e]rɐtɔpɐɡu	0
teratotomia	tɨrɐtɔtumiɐ	terɐtutumiɐ	t[ɨ]rɐt[ɔ]tumiɐ	t[e]rɐt[u]tumiɐ	0
terçador	tɨrsɐdor	tersɐdor	t[ɨ]rsɐdor	t[e]rsɐdor	0
terçado	tɨrsadu	tersadu	t[ɨ]rsadu	t[e]rsadu	0
terçaria	tɨrsɐriɐ	tersɐriɐ	t[ɨ]rsɐriɐ	t[e]rsɐriɐ	0
terceiranista	tɨrsɐjrɐniʃtɐ	tersɐjrɐniʃtɐ	t[ɨ]rsɐjrɐniʃtɐ	t[e]rsɐjrɐniʃtɐ	0
terceirar	tɨrsɐjrar	tersɐjrar	t[ɨ]rsɐjrar	t[e]rsɐjrar	0
terceira	tɨrsɐjrɐ	tersɐjrɐ	t[ɨ]rsɐjrɐ	t[e]rsɐjrɐ	0
terceirense	tɨrsɐjrẽsɨ	tersɐjrẽnsɨ	t[ɨ]rsɐjrẽsɨ[]	t[e]rsɐjrẽns[ɨ]	0
terceirização	tɨrsɐjrizɐsɐ̃w̃	tersɐjrizɐsɐ̃w̃	t[ɨ]rsɐjrizɐsɐ̃w̃	t[e]rsɐjrizɐsɐ̃w̃	0
terceirizar	tɨrsɐjrizar	tersɐjrizar	t[ɨ]rsɐjrizar	t[e]rsɐjrizar	0
terceiro-mundismo	tɨrsɐjrumũdiʒmu	tersɐjrumũndiʒmu	t[ɨ]rsɐjrumũdiʒmu[]	t[e]rsɐjrumũndiʒm[u]	0
terceiro-mundista	tɨrsɐjrumũdiʃtɐ	tersɐjrumũndiʃtɐ	t[ɨ]rsɐjrumũdiʃtɐ[]	t[e]rsɐjrumũndiʃt[ɐ]	0
terceiro-mundístico	tɨrsɐjrumũdiʃtiku	tersɐjrumũndiʃtiku	t[ɨ]rsɐjrumũdiʃ[t]iku[]	t[e]rsɐjrumũnd[]iʃtik[u]	0
tercelete	tɨrsɨletɨ	tersɨlɛtɨ	t[ɨ]rsɨl[e]tɨ	t[e]rsɨl[ɛ]tɨ	0
tercenário	tɨrsɨnarju	tersɨnarju	t[ɨ]rsɨnarju	t[e]rsɨnarju	0
terceto	tɨrsetu	tersetu	t[ɨ]rsetu	t[e]rsetu	0
terciado	tɨrsjadu	tersiadu	t[ɨ]rs[j]adu	t[e]rs[i]adu	0
terciarão	tɨrsjɐrɐ̃w̃	tersiɐrɐ̃w̃	t[ɨ]rs[j]ɐrɐ̃w̃	t[e]rs[i]ɐrɐ̃w̃	0
terciário	tɨrsjarju	tersiarju	t[ɨ]rs[j]arju	t[e]rs[i]arju	0
terciarização	tɨrsjɐrizɐsɐ̃w̃	tersiɐrizɐsɐ̃w̃	t[ɨ]rs[j]ɐrizɐsɐ̃w̃	t[e]rs[i]ɐrizɐsɐ̃w̃	0
tercilho	tɨrsiʎu	tersiʎu	t[ɨ]rsiʎu	t[e]rsiʎu	0
tercina	tɨrsinɐ	tersinɐ	t[ɨ]rsinɐ	t[e]rsinɐ	0
tercionário	tɨrsjunarju	tersjunarju	t[ɨ]rsjunarju	t[e]rsjunarju	0
terciquaternário	tɨrsikwɐtɨrnarju	tersikwɐtɨrnarju	t[ɨ]rsikwɐtɨrnarju	t[e]rsikwɐtɨrnarju	0
terçolho	tɨrsoʎu	tersoʎu	t[ɨ]rsoʎu	t[e]rsoʎu	0
terebentina	tɨrɨbẽtinɐ	terɨbẽntinɐ	t[ɨ]rɨbẽt[i]nɐ[]	t[e]rɨbẽ[]ntin[ɐ]	0
terebintáceas	tɨrɨbĩtasjɐʃ	terɨbĩntasiɐʃ	t[ɨ]rɨbĩtasjɐʃ[]	t[e]rɨbĩntasiɐ[ʃ]	0
terebintinar	tɨrɨbĩtinar	terɨbĩntinar	t[ɨ]rɨbĩt[i]nar[]	t[e]rɨbĩ[]ntina[r]	0
terebintina	tɨrɨbĩtinɐ	terɨbĩntinɐ	t[ɨ]rɨbĩt[i]nɐ[]	t[e]rɨbĩ[]ntin[ɐ]	0
terebinto	tɨrɨbĩtu	terɨbĩntu	t[ɨ]rɨbĩtu[]	t[e]rɨbĩnt[u]	0
terebração	tɨrɨbrɐsɐ̃w̃	terɨbrɐsɐ̃w̃	t[ɨ]rɨbrɐsɐ̃w̃	t[e]rɨbrɐsɐ̃w̃	0
terebrante	tɨrɨbrɐ̃tɨ	terɨbrɐ̃ntɨ	t[ɨ]rɨbrɐ̃[]tɨ	t[e]rɨbrɐ̃[n]tɨ	0
terebrar	tɨrɨbrar	terɨbrar	t[ɨ]rɨbrar	t[e]rɨbrar	0
terebrátula	tɨrɨbratulɐ	terɨbratulɐ	t[ɨ]rɨbratulɐ	t[e]rɨbratulɐ	0
teredem	tɨrɛdɐ̃j̃	terɛdɐjn	t[ɨ]rɛdɐ[̃]j[̃]	t[e]rɛdɐ[]j[n]	0
teredínidas	tɨrɨdinidɐʃ	terɨdinidɐʃ	t[ɨ]rɨdinidɐʃ	t[e]rɨdinidɐʃ	0
teredinídeos	tɨrɨdinidjuʃ	terɨdinidiwʃ	t[ɨ]rɨdinidj[u]ʃ	t[e]rɨdinidi[w]ʃ	0
teredinídeo	tɨrɨdinidju	terɨdinidiw	t[ɨ]rɨdinidj[u]	t[e]rɨdinidi[w]	0
teredo	tɨredu	teredu	t[ɨ]redu	t[e]redu	0
teresopolitano	tɨrɨzupulitɐnu	terɨzupulitɐ̃nu	t[ɨ]rɨzupulitɐ[]nu	t[e]rɨzupulitɐ[̃]nu	0
tereso	tɨrezu	terezu	t[ɨ]rezu	t[e]rezu	0
tereticaude	tɨrɨtikawdɨ	terɨtikawdɨ	t[ɨ]rɨtikawdɨ	t[e]rɨtikawdɨ	0
tereticaule	tɨrɨtikawlɨ	terɨtikawlɨ	t[ɨ]rɨtikawlɨ	t[e]rɨtikawlɨ	0
tereticolo	tɨrɨtikɔlu	terɨtikɔlu	t[ɨ]rɨtikɔlu	t[e]rɨtikɔlu	0
teretiforme	tɨrɨtifɔrmɨ	terɨtifɔrmɨ	t[ɨ]rɨtifɔrmɨ	t[e]rɨtifɔrmɨ	0
teretirrostro	tɨrɨtiʀoʃtru	terɨtiʀɔʃtru	t[ɨ]rɨtiʀ[o]ʃtru	t[e]rɨtiʀ[ɔ]ʃtru	0
tergeminado	tɨrʒɨminadu	terʒɨminadu	t[ɨ]rʒɨminadu	t[e]rʒɨminadu	0
tergêmino	tɨrʒeminu	terʒeminu	t[ɨ]rʒeminu	t[e]rʒeminu	0
tergémino	tɨrʒɛminu	terʒɛminu	t[ɨ]rʒɛminu	t[e]rʒɛminu	0
tergestino	tɨrʒɨʃtinu	terʒɨʃtinu	t[ɨ]rʒɨʃtinu	t[e]rʒɨʃtinu	0
tergite	tɨrʒitɨ	terʒitɨ	t[ɨ]rʒitɨ	t[e]rʒitɨ	0
tergito	tɨrʒitu	terʒitu	t[ɨ]rʒitu	t[e]rʒitu	0
tergiversação	tɨrʒivɨrsɐsɐ̃w̃	terʒiversɐsɐ̃w̃	t[ɨ]rʒiv[ɨ]rsɐsɐ̃w̃	t[e]rʒiv[e]rsɐsɐ̃w̃	0
tergiversador	tɨrʒivɨrsɐdor	terʒiversɐdor	t[ɨ]rʒiv[ɨ]rsɐdor	t[e]rʒiv[e]rsɐdor	0
tergiversante	tɨrʒivɨrsɐ̃tɨ	terʒivɨrsɐ̃ntɨ	t[ɨ]rʒivɨrsɐ̃[]tɨ	t[e]rʒivɨrsɐ̃[n]tɨ	0
tergiversar	tɨrʒivɨrsar	terʒivɨrsar	t[ɨ]rʒivɨrsar	t[e]rʒivɨrsar	0
tergiversatório	tɨrʒivɨrsɐtɔrju	terʒiversɐtɔrju	t[ɨ]rʒiv[ɨ]rsɐtɔrju	t[e]rʒiv[e]rsɐtɔrju	0
tergiversável	tɨrʒivɨrsavɛɫ	terʒivɨrsavɛɫ	t[ɨ]rʒivɨrsavɛɫ	t[e]rʒivɨrsavɛɫ	0
teriacal	tɨrjɐkaɫ	teriɐkaɫ	t[ɨ]r[j]ɐkaɫ	t[e]r[i]ɐkaɫ	0
teríaca	tɨriɐkɐ	teriɐkɐ	t[ɨ]riɐkɐ	t[e]riɐkɐ	0
teriacologia	tɨrjɐkuluʒiɐ	teriɐkuluʒiɐ	t[ɨ]r[j]ɐkuluʒiɐ	t[e]r[i]ɐkuluʒiɐ	0
teriaga	tɨrjaɡɐ	teriaɡɐ	t[ɨ]r[j]aɡɐ	t[e]r[i]aɡɐ	0
terineu	tɨrinew	terinew	t[ɨ]rinew	t[e]rinew	0
terlintar	tɨrlĩtar	terlĩntar	t[ɨ]rlĩtar[]	t[e]rlĩnta[r]	0
terlinta	tɨrlĩtɐ	terlĩntɐ	t[ɨ]rlĩtɐ[]	t[e]rlĩnt[ɐ]	0
terlintim	tɨrlĩtĩ	terlĩntĩn	t[ɨ]rlĩtĩ[]	t[e]rlĩntĩ[n]	0
termalidade	tɨrmɐlidadɨ	termɐlidadɨ	t[ɨ]rmɐlidadɨ	t[e]rmɐlidadɨ	0
termalismo	tɨrmɐliʒmu	termɐliʒmu	t[ɨ]rmɐliʒmu	t[e]rmɐliʒmu	0
termalização	tɨrmɐlizɐsɐ̃w̃	termɐlizɐsɐ̃w̃	t[ɨ]rmɐlizɐsɐ̃w̃	t[e]rmɐlizɐsɐ̃w̃	0
termântico	tɨrmɐ̃tiku	termɐ̃ntiku	t[ɨ]rmɐ̃[]tiku	t[e]rmɐ̃[n]tiku	0
termense	tɨrmẽsɨ	termẽnsɨ	t[ɨ]rmẽsɨ[]	t[e]rmẽns[ɨ]	0
termestino	tɨrmɨʃtinu	termɨʃtinu	t[ɨ]rmɨʃtinu	t[e]rmɨʃtinu	0
termião	tɨrmjɐ̃w̃	termiɐ̃w̃	t[ɨ]rm[j]ɐ̃w̃	t[e]rm[i]ɐ̃w̃	0
termia	tɨrmiɐ	termiɐ	t[ɨ]rmiɐ	t[e]rmiɐ	0
termiatria	tɨrmjɐtriɐ	termiɐtriɐ	t[ɨ]rm[j]ɐtriɐ	t[e]rm[i]ɐtriɐ	0
termidor	tɨrmidor	termidor	t[ɨ]rmidor	t[e]rmidor	0
termidor	tɨrmidor	termidor	t[ɨ]rmidor	t[e]rmidor	0
termístor	tɨrmiʃtɔr	termiʃtur	t[ɨ]rmiʃt[ɔ]r	t[e]rmiʃt[u]r	0
termiteira	tɨrmitɐjrɐ	termitɐjrɐ	t[ɨ]rmitɐjrɐ	t[e]rmitɐjrɐ	0
termiteiro	tɨrmitɐjru	termitɐjru	t[ɨ]rmitɐjru	t[e]rmitɐjru	0
termite	tɨrmitɨ	termitɨ	t[ɨ]rmitɨ	t[e]rmitɨ	0
termítico	tɨrmitiku	termitiku	t[ɨ]rmitiku	t[e]rmitiku	0
termitófilo	tɨrmitɔfilu	termitɔfilu	t[ɨ]rmitɔfilu	t[e]rmitɔfilu	0
termófilo	tɨrmɔfilu	termɔfilu	t[ɨ]rmɔfilu	t[e]rmɔfilu	0
termófobo	tɨrmɔfubu	termɔfubu	t[ɨ]rmɔfubu	t[e]rmɔfubu	0
termóforo	tɨrmɔfuru	termɔfuru	t[ɨ]rmɔfuru	t[e]rmɔfuru	0
termografia	tɨrmuɡrɐfiɐ	termuɡrɐfiɐ	t[ɨ]rmuɡrɐfiɐ	t[e]rmuɡrɐfiɐ	0
termográfico	tɨrmuɡrafiku	termuɡrafiku	t[ɨ]rmuɡrafiku	t[e]rmuɡrafiku	0
termógrafo	tɨrmɔɡrɐfu	termɔɡrɐfu	t[ɨ]rmɔɡrɐfu	t[e]rmɔɡrɐfu	0
termólise	tɨrmɔlizɨ	termɔlizɨ	t[ɨ]rmɔlizɨ	t[e]rmɔlizɨ	0
termologia	tɨrmuluʒiɐ	termuluʒiɐ	t[ɨ]rmuluʒiɐ	t[e]rmuluʒiɐ	0
termológico	tɨrmulɔʒiku	termulɔʒiku	t[ɨ]rmulɔʒiku	t[e]rmulɔʒiku	0
termômetro	tɨrmomɨtru	termomɨtru	t[ɨ]rmomɨtru	t[e]rmomɨtru	0
termómetro	tɨrmɔmɨtru	termɔmɨtru	t[ɨ]rmɔmɨtru	t[e]rmɔmɨtru	0
termostato	tɨrmɔʃtatu	termuʃtatu	t[ɨ]rm[ɔ]ʃtatu	t[e]rm[u]ʃtatu	0
termóstato	tɨrmɔʃtɐtu	termɔʃtɐtu	t[ɨ]rmɔʃtɐtu	t[e]rmɔʃtɐtu	0
ternado	tɨrnadu	ternadu	t[ɨ]rnadu	t[e]rnadu	0
terneira	tɨrnɐjrɐ	ternɐjrɐ	t[ɨ]rnɐjrɐ	t[e]rnɐjrɐ	0
terneiro	tɨrnɐjru	ternɐjru	t[ɨ]rnɐjru	t[e]rnɐjru	0
ternura	tɨrnurɐ	ternurɐ	t[ɨ]rnurɐ	t[e]rnurɐ	0
ternurento	tɨrnurẽtu	ternurẽntu	t[ɨ]rnurẽtu[]	t[e]rnurẽnt[u]	0
terópodes	tɨrɔpudɨʃ	terɔpudɨʃ	t[ɨ]rɔpudɨʃ	t[e]rɔpudɨʃ	0
terpênico	tɨrpeniku	terpeniku	t[ɨ]rpeniku	t[e]rpeniku	0
terpénico	tɨrpɛniku	terpɛniku	t[ɨ]rpɛniku	t[e]rpɛniku	0
terpeno	tɨrpenu	terpenu	t[ɨ]rpenu	t[e]rpenu	0
terpina	tɨrpinɐ	terpinɐ	t[ɨ]rpinɐ	t[e]rpinɐ	0
terraço	tɨʀasu	teʀasu	t[ɨ]ʀasu	t[e]ʀasu	0
terrádego	tɨʀadɨɡu	teʀadɨɡu	t[ɨ]ʀadɨɡu	t[e]ʀadɨɡu	0
terradegueiro	tɨʀɐdɨɡɐjru	teʀɐdɨɡɐjru	t[ɨ]ʀɐdɨɡɐjru	t[e]ʀɐdɨɡɐjru	0
terra-de-sevilha	tɛʀɐdɨsɨviʎɐ	tɛʀɐdɨseviʎɐ	tɛʀɐdɨs[ɨ]viʎɐ	tɛʀɐdɨs[e]viʎɐ	0
terrádigo	tɨʀadiɡu	teʀadiɡu	t[ɨ]ʀadiɡu	t[e]ʀadiɡu	0
terrado	tɨʀadu	teʀadu	t[ɨ]ʀadu	t[e]ʀadu	0
terramotada	tɨʀɐmutadɐ	teʀɐmutadɐ	t[ɨ]ʀɐmutadɐ	t[e]ʀɐmutadɐ	0
terramoto	tɨʀɐmɔtu	teʀɐmɔtu	t[ɨ]ʀɐmɔtu	t[e]ʀɐmɔtu	0
terranquim	tɨʀɐ̃kĩ	teʀɐ̃nkĩn	t[ɨ]ʀɐ̃[]kĩ[]	t[e]ʀɐ̃[n]kĩ[n]	0
terrantês	tɨʀɐ̃teʃ	teʀɐ̃nteʃ	t[ɨ]ʀɐ̃[]teʃ	t[e]ʀɐ̃[n]teʃ	0
terráqueo	tɨʀakju	teʀakɨu	t[ɨ]ʀak[j]u	t[e]ʀak[ɨ]u	0
terrário	tɨʀarju	teʀarju	t[ɨ]ʀarju	t[e]ʀarju	0
terreal	tɨʀjaɫ	teʀiaɫ	t[ɨ]ʀ[j]aɫ	t[e]ʀ[i]aɫ	0
terrear	tɨʀjar	teʀiar	t[ɨ]ʀ[j]ar	t[e]ʀ[i]ar	0
terreiro	tɨʀɐjru	teʀɐjru	t[ɨ]ʀɐjru	t[e]ʀɐjru	0
terrejar	tɨʀɨʒar	teʀɨʒar	t[ɨ]ʀɨʒar	t[e]ʀɨʒar	0
terrejola	tɨʀɨʒɔlɐ	teʀɨʒɔlɐ	t[ɨ]ʀɨʒɔlɐ	t[e]ʀɨʒɔlɐ	0
terremoto	tɨʀɨmɔtu	teʀɨmɔtu	t[ɨ]ʀɨmɔtu	t[e]ʀɨmɔtu	0
terrenal	tɨʀɨnaɫ	teʀɨnaɫ	t[ɨ]ʀɨnaɫ	t[e]ʀɨnaɫ	0
terrenha	tɨʀɐjɲɐ	teʀeɲɐ	t[ɨ]ʀɐ[j]ɲɐ	t[e]ʀe[]ɲɐ	0
terrenho	tɨʀɐjɲu	teʀeɲu	t[ɨ]ʀɐ[j]ɲu	t[e]ʀe[]ɲu	0
terreno	tɨʀenu	teʀenu	t[ɨ]ʀenu	t[e]ʀenu	0
terrento	tɨʀẽtu	teʀẽntu	t[ɨ]ʀẽtu[]	t[e]ʀẽnt[u]	0
terrestre	tɨʀɛʃtrɨ	teʀɛʃtrɨ	t[ɨ]ʀɛʃtrɨ	t[e]ʀɛʃtrɨ	0
terribilidade	tɨʀibilidadɨ	teʀibilidadɨ	t[ɨ]ʀibilidadɨ	t[e]ʀibilidadɨ	0
terribilíssimo	tɨʀibilisimu	teʀibilisimu	t[ɨ]ʀibilisimu	t[e]ʀibilisimu	0
terríbil	tɨʀibiɫ	teʀibiɫ	t[ɨ]ʀibiɫ	t[e]ʀibiɫ	0
terriça	tɨʀisɐ	teʀisɐ	t[ɨ]ʀisɐ	t[e]ʀisɐ	0
terrícola	tɨʀikulɐ	teʀikulɐ	t[ɨ]ʀikulɐ	t[e]ʀikulɐ	0
terriço	tɨʀisu	teʀisu	t[ɨ]ʀisu	t[e]ʀisu	0
terrícula	tɨʀikulɐ	teʀikulɐ	t[ɨ]ʀikulɐ	t[e]ʀikulɐ	0
terrificador	tɨʀifikɐdor	teʀifikɐdor	t[ɨ]ʀifikɐdor	t[e]ʀifikɐdor	0
terrificante	tɨʀifikɐ̃tɨ	teʀifikɐ̃ntɨ	t[ɨ]ʀifikɐ̃[]tɨ	t[e]ʀifikɐ̃[n]tɨ	0
terrificar	tɨʀifikar	teʀifikar	t[ɨ]ʀifikar	t[e]ʀifikar	0
terrífico	tɨʀifiku	teʀifiku	t[ɨ]ʀifiku	t[e]ʀifiku	0
terrígeno	tɨʀiʒɨnu	teʀiʒɨnu	t[ɨ]ʀiʒɨnu	t[e]ʀiʒɨnu	0
terrina	tɨʀinɐ	teʀinɐ	t[ɨ]ʀinɐ	t[e]ʀinɐ	0
terrincar	tɨʀĩkar	teʀĩnkar	t[ɨ]ʀĩkar[]	t[e]ʀĩnka[r]	0
terriola	tɨʀjɔlɐ	teʀiɔlɐ	t[ɨ]ʀ[j]ɔlɐ	t[e]ʀ[i]ɔlɐ	0
terríssono	tɨʀisunu	teʀisunu	t[ɨ]ʀisunu	t[e]ʀisunu	0
territorialidade	tɨʀiturjɐlidadɨ	teʀituriɐlidadɨ	t[ɨ]ʀitur[j]ɐlidadɨ	t[e]ʀitur[i]ɐlidadɨ	0
territorial	tɨʀiturjaɫ	teʀituriaɫ	t[ɨ]ʀitur[j]aɫ	t[e]ʀitur[i]aɫ	0
território	tɨʀitɔrju	teʀitɔrju	t[ɨ]ʀitɔrju	t[e]ʀitɔrju	0
terrível	tɨʀivɛɫ	teʀivɛɫ	t[ɨ]ʀivɛɫ	t[e]ʀivɛɫ	0
terrívomo	tɨʀivumu	teʀivumu	t[ɨ]ʀivumu	t[e]ʀivumu	0
terroada	tɨʀwadɐ	teʀuadɐ	t[ɨ]ʀ[w]adɐ	t[e]ʀ[u]adɐ	0
terroeiro	tɨʀwɐjru	teʀuɐjru	t[ɨ]ʀ[w]ɐjru	t[e]ʀ[u]ɐjru	0
terrola	tɨʀɔlɐ	teʀɔlɐ	t[ɨ]ʀɔlɐ	t[e]ʀɔlɐ	0
terrorar	tɨʀurar	teʀurar	t[ɨ]ʀurar	t[e]ʀurar	0
terrorífico	tɨʀurifiku	teʀurifiku	t[ɨ]ʀurifiku	t[e]ʀurifiku	0
terrorismo	tɨʀuriʒmu	teʀuriʒmu	t[ɨ]ʀuriʒmu	t[e]ʀuriʒmu	0
terrorista	tɨʀuriʃtɐ	teʀuriʃtɐ	t[ɨ]ʀuriʃtɐ	t[e]ʀuriʃtɐ	0
terrorizar	tɨʀurizar	teʀurizar	t[ɨ]ʀurizar	t[e]ʀurizar	0
terrorizável	tɨʀurizavɛɫ	teʀurizavɛɫ	t[ɨ]ʀurizavɛɫ	t[e]ʀurizavɛɫ	0
terroso	tɨʀozu	teʀozu	t[ɨ]ʀozu	t[e]ʀozu	0
terrulento	tɨʀulẽtu	teʀulẽntu	t[ɨ]ʀulẽtu[]	t[e]ʀulẽnt[u]	0
terrunho	tɨʀuɲu	teʀũɲu	t[ɨ]ʀu[]ɲu	t[e]ʀu[̃]ɲu	0
tertuliante	tɨrtuljɐ̃tɨ	tertuliɐ̃ntɨ	t[ɨ]rtul[j]ɐ̃[]tɨ	t[e]rtul[i]ɐ̃[n]tɨ	0
tertúlia	tɨrtuljɐ	tertuljɐ	t[ɨ]rtuljɐ	t[e]rtuljɐ	0
terylene	tɨrilɛnɨ	terilenɨ	t[ɨ]ril[ɛ]nɨ	t[e]ril[e]nɨ	0
tesadeira	tɨzɐdɐjrɐ	tezɐdɐjrɐ	t[ɨ]zɐdɐjrɐ	t[e]zɐdɐjrɐ	0
tesaurismose	tɨzawriʒmozɨ	tezawriʒmɔzɨ	t[ɨ]zawriʒm[o]zɨ	t[e]zawriʒm[ɔ]zɨ	0
tesauro	tɨzawru	tezawru	t[ɨ]zawru	t[e]zawru	0
tesbita	tɨʒbitɐ	teʒbitɐ	t[ɨ]ʒbitɐ	t[e]ʒbitɐ	0
tesconjuro	tɨʃkõʒuru	teʃkõnʒuru	t[ɨ]ʃkõʒu[r]u[]	t[e]ʃkõn[ʒ]ur[u]	0
tesmofórias	tɨʒmufɔrjɐʃ	teʒmufɔrɪɐʃ	t[ɨ]ʒmufɔr[j]ɐʃ	t[e]ʒmufɔr[ɪ]ɐʃ	0
tesmóteta	tɨʒmɔtɨtɐ	teʒmɔtɨtɐ	t[ɨ]ʒmɔtɨtɐ	t[e]ʒmɔtɨtɐ	0
tesoirada	tɨzojradɐ	tezojradɐ	t[ɨ]zojradɐ	t[e]zojradɐ	0
tesoirar	tɨzojrar	tezojrar	t[ɨ]zojrar	t[e]zojrar	0
tesoira	tɨzojrɐ	tezojrɐ	t[ɨ]zojrɐ	t[e]zojrɐ	0
tesoirinha	tɨzojriɲɐ	tezojriɲɐ	t[ɨ]zojriɲɐ	t[e]zojriɲɐ	0
tesoiro	tɨzojru	tezojru	t[ɨ]zojru	t[e]zojru	0
tesourada	tɨzowradɐ	tezowradɐ	t[ɨ]zowradɐ	t[e]zowradɐ	0
tesouraria	tɨzowrɐriɐ	tezowrɐriɐ	t[ɨ]zowrɐriɐ	t[e]zowrɐriɐ	0
tesourar	tɨzowrar	tezowrar	t[ɨ]zowrar	t[e]zowrar	0
tesoura	tɨzowrɐ	tezowrɐ	t[ɨ]zowrɐ	t[e]zowrɐ	0
tesoureiro	tɨzowrɐjru	tezowrɐjru	t[ɨ]zowrɐjru	t[e]zowrɐjru	0
tesourinha	tɨzowriɲɐ	tezowriɲɐ	t[ɨ]zowriɲɐ	t[e]zowriɲɐ	0
tesouro	tɨzowru	tezowru	t[ɨ]zowru	t[e]zowru	0
tessálico	tɨsaliku	tesaliku	t[ɨ]saliku	t[e]saliku	0
tessálio	tɨsalju	tesalju	t[ɨ]salju	t[e]salju	0
tessalonicense	tɨsɐlunisẽsɨ	tesɐlunisẽnsɨ	t[ɨ]sɐlunisẽsɨ[]	t[e]sɐlunisẽns[ɨ]	0
tesselário	tɨsɨlarju	tesɨlarju	t[ɨ]sɨlarju	t[e]sɨlarju	0
tessela	tɨsɛlɐ	tesɛlɐ	t[ɨ]sɛlɐ	t[e]sɛlɐ	0
tesserário	tɨsɨrarju	tesɨrarju	t[ɨ]sɨrarju	t[e]sɨrarju	0
tessitura	tɨsiturɐ	tesiturɐ	t[ɨ]siturɐ	t[e]siturɐ	0
testaça	tɨʃtasɐ	teʃtasɐ	t[ɨ]ʃtasɐ	t[e]ʃtasɐ	0
testaceiforme	tɨʃtɐsɐjfɔrmɨ	teʃtɐsɐjfɔrmɨ	t[ɨ]ʃtɐsɐjfɔrmɨ	t[e]ʃtɐsɐjfɔrmɨ	0
testacela	tɨʃtɐsɛlɐ	teʃtɐsɛlɐ	t[ɨ]ʃtɐsɛlɐ	t[e]ʃtɐsɛlɐ	0
testaceografia	tɨʃtɐsjuɡrɐfiɐ	teʃtɐsiuɡrɐfiɐ	t[ɨ]ʃtɐs[j]uɡrɐfiɐ	t[e]ʃtɐs[i]uɡrɐfiɐ	0
testaceologia	tɨʃtɐsjuluʒiɐ	teʃtɐsiuluʒiɐ	t[ɨ]ʃtɐs[j]uluʒiɐ	t[e]ʃtɐs[i]uluʒiɐ	0
testáceo	tɨʃtasju	teʃtasiw	t[ɨ]ʃtasj[u]	t[e]ʃtasi[w]	0
testaçudo	tɨʃtɐsudu	teʃtɐsudu	t[ɨ]ʃtɐsudu	t[e]ʃtɐsudu	0
testada	tɨʃtadɐ	teʃtadɐ	t[ɨ]ʃtadɐ	t[e]ʃtadɐ	0
testador	tɨʃtɐdor	teʃtɐdor	t[ɨ]ʃtɐdor	t[e]ʃtɐdor	0
testagem	tɨʃtaʒɐ̃j̃	teʃtaʒɐjn	t[ɨ]ʃtaʒɐ[̃]j[̃]	t[e]ʃtaʒɐ[]j[n]	0
testamental	tɨʃtɐmẽtaɫ	teʃtɐmẽntaɫ	t[ɨ]ʃtɐmẽtaɫ[]	t[e]ʃtɐmẽnta[ɫ]	0
testamentaria	tɨʃtɐmẽtɐriɐ	teʃtɐmẽntɐriɐ	t[ɨ]ʃtɐmẽtɐr[i]ɐ[]	t[e]ʃtɐmẽnt[]ɐri[ɐ]	0
testamentário	tɨʃtɐmẽtarju	teʃtɐmẽntarju	t[ɨ]ʃtɐmẽtarju[]	t[e]ʃtɐmẽntarj[u]	0
testamenteiro	tɨʃtɐmẽtɐjru	teʃtɐmẽntɐjru	t[ɨ]ʃtɐmẽtɐjru[]	t[e]ʃtɐmẽntɐjr[u]	0
testamento	tɨʃtɐmẽtu	teʃtɐmẽntu	t[ɨ]ʃtɐmẽtu[]	t[e]ʃtɐmẽnt[u]	0
testante	tɨʃtɐ̃tɨ	teʃtɐ̃ntɨ	t[ɨ]ʃtɐ̃[]tɨ	t[e]ʃtɐ̃[n]tɨ	0
testável	tɨʃtavɛɫ	teʃtavɛɫ	t[ɨ]ʃtavɛɫ	t[e]ʃtavɛɫ	0
testeira	tɨʃtɐjrɐ	teʃtɐjrɐ	t[ɨ]ʃtɐjrɐ	t[e]ʃtɐjrɐ	0
testeiro	tɨʃtɐjru	teʃtɐjru	t[ɨ]ʃtɐjru	t[e]ʃtɐjru	0
testemunhador	tɨʃtɨmuɲɐdor	teʃtɨmũɲɐdor	t[ɨ]ʃtɨmu[]ɲɐdor	t[e]ʃtɨmu[̃]ɲɐdor	0
testemunhalmente	tɨʃtɨmuɲaɫmẽtɨ	teʃtɨmũɲaɫmẽntɨ	t[ɨ]ʃtɨmu[]ɲaɫmẽtɨ[]	t[e]ʃtɨmu[̃]ɲaɫmẽnt[ɨ]	0
testemunhal	tɨʃtɨmuɲaɫ	teʃtɨmũɲaɫ	t[ɨ]ʃtɨmu[]ɲaɫ	t[e]ʃtɨmu[̃]ɲaɫ	0
testemunhar	tɨʃtɨmuɲar	teʃtɨmũɲar	t[ɨ]ʃtɨmu[]ɲar	t[e]ʃtɨmu[̃]ɲar	0
testemunha	tɨʃtɨmuɲɐ	teʃtɨmũɲɐ	t[ɨ]ʃtɨmu[]ɲɐ	t[e]ʃtɨmu[̃]ɲɐ	0
testemunhável	tɨʃtɨmuɲavɛɫ	teʃtɨmũɲavɛɫ	t[ɨ]ʃtɨmu[]ɲavɛɫ	t[e]ʃtɨmu[̃]ɲavɛɫ	0
testemunho	tɨʃtɨmuɲu	teʃtɨmũɲu	t[ɨ]ʃtɨmu[]ɲu	t[e]ʃtɨmu[̃]ɲu	0
testicondo	tɨʃtikõdu	teʃtikõndu	t[ɨ]ʃtikõdu[]	t[e]ʃtikõnd[u]	0
testico	tɨʃtiku	teʃtiku	t[ɨ]ʃtiku	t[e]ʃtiku	0
testicular	tɨʃtikular	teʃtikular	t[ɨ]ʃtikular	t[e]ʃtikular	0
testículo-de-cão	tɨʃtikuludɨkɐ̃w̃	teʃtikuludɨkɐ̃w̃	t[ɨ]ʃtikuludɨkɐ̃w̃	t[e]ʃtikuludɨkɐ̃w̃	0
testiculoso	tɨʃtikulozu	teʃtikulozu	t[ɨ]ʃtikulozu	t[e]ʃtikulozu	0
testículo	tɨʃtikulu	teʃtikulu	t[ɨ]ʃtikulu	t[e]ʃtikulu	0
testificação	tɨʃtifikɐsɐ̃w̃	teʃtifikɐsɐ̃w̃	t[ɨ]ʃtifikɐsɐ̃w̃	t[e]ʃtifikɐsɐ̃w̃	0
testificador	tɨʃtifikɐdor	teʃtifikɐdor	t[ɨ]ʃtifikɐdor	t[e]ʃtifikɐdor	0
testificante	tɨʃtifikɐ̃tɨ	teʃtifikɐ̃ntɨ	t[ɨ]ʃtifikɐ̃[]tɨ	t[e]ʃtifikɐ̃[n]tɨ	0
testificar	tɨʃtifikar	teʃtifikar	t[ɨ]ʃtifikar	t[e]ʃtifikar	0
testilhante	tɨʃtiʎɐ̃tɨ	teʃtiʎɐ̃ntɨ	t[ɨ]ʃtiʎɐ̃[]tɨ	t[e]ʃtiʎɐ̃[n]tɨ	0
testilhar	tɨʃtiʎar	teʃtiʎar	t[ɨ]ʃtiʎar	t[e]ʃtiʎar	0
testilha	tɨʃtiʎɐ	teʃtiʎɐ	t[ɨ]ʃtiʎɐ	t[e]ʃtiʎɐ	0
testilho	tɨʃtiʎu	teʃtiʎu	t[ɨ]ʃtiʎu	t[e]ʃtiʎu	0
testudaço	tɨʃtudasu	teʃtudasu	t[ɨ]ʃtudasu	t[e]ʃtudasu	0
testudinídeos	tɨʃtudinidjuʃ	teʃtudinidiwʃ	t[ɨ]ʃtudinidj[u]ʃ	t[e]ʃtudinidi[w]ʃ	0
testudinídeo	tɨʃtudinidju	teʃtudinidiw	t[ɨ]ʃtudinidj[u]	t[e]ʃtudinidi[w]	0
testudo	tɨʃtudu	teʃtudu	t[ɨ]ʃtudu	t[e]ʃtudu	0
tesura	tɨzurɐ	tezurɐ	t[ɨ]zurɐ	t[e]zurɐ	0
tetania	tɨtɐniɐ	tetɐniɐ	t[ɨ]tɐniɐ	t[e]tɐniɐ	0
tetânico	tɨtɐniku	tetɐ̃niku	t[ɨ]tɐ[]niku	t[e]tɐ[̃]niku	0
tetaniforme	tɨtɐnifɔrmɨ	tetɐnifɔrmɨ	t[ɨ]tɐnifɔrmɨ	t[e]tɐnifɔrmɨ	0
tetanismo	tɨtɐniʒmu	tetɐniʒmu	t[ɨ]tɐniʒmu	t[e]tɐniʒmu	0
tetanização	tɨtɐnizɐsɐ̃w̃	tetɐnizɐsɐ̃w̃	t[ɨ]tɐnizɐsɐ̃w̃	t[e]tɐnizɐsɐ̃w̃	0
tetanizar	tɨtɐnizar	tetɐnizar	t[ɨ]tɐnizar	t[e]tɐnizar	0
teteia	tɨtɐjɐ	tetɛjɐ	t[ɨ]t[ɐ]jɐ	t[e]t[ɛ]jɐ	0
tetéia	tɨtɐjɐ	tetɛjɐ	t[ɨ]t[ɐ]jɐ	t[e]t[ɛ]jɐ	0
teteira	tɨtɐjrɐ	tetɐjrɐ	t[ɨ]tɐjrɐ	t[e]tɐjrɐ	0
tetense	tɨtẽsɨ	tetẽnsɨ	t[ɨ]tẽsɨ[]	t[e]tẽns[ɨ]	0
tetérrimo	tɨtɛʀimu	tetɛʀimu	t[ɨ]tɛʀimu	t[e]tɛʀimu	0
tetina	tɨtinɐ	tetinɐ	t[ɨ]tinɐ	t[e]tinɐ	0
tetrágino	tɨtraʒinu	tetraʒinu	t[ɨ]traʒinu	t[e]traʒinu	0
tetrâmero	tɨtrɐmɨru	tetrɐ̃mɨru	t[ɨ]trɐ[]mɨru	t[e]trɐ[̃]mɨru	0
tetrápode	tɨtrapudɨ	tetrapudɨ	t[ɨ]trapudɨ	t[e]trapudɨ	0
tetráptero	tɨtraptɨru	tetraptɨru	t[ɨ]traptɨru	t[e]traptɨru	0
tetrarca	tɨtrarkɐ	tetrarkɐ	t[ɨ]trarkɐ	t[e]trarkɐ	0
tetrásporo	tɨtraʃpuru	tetraʃpuru	t[ɨ]traʃpuru	t[e]traʃpuru	0
tetrástico	tɨtrɐʃtiku	tetraʃtiku	t[ɨ]tr[ɐ]ʃtiku	t[e]tr[a]ʃtiku	0
tetudo	tɨtudu	tetudu	t[ɨ]tudu	t[e]tudu	0
texugo	tɨʃuɡu	teʃuɡu	t[ɨ]ʃuɡu	t[e]ʃuɡu	0
trebano	trɨbɐnu	trebɐ̃nu	tr[ɨ]bɐ[]nu	tr[e]bɐ[̃]nu	0
trebelhar	trɨbɨʎar	trebɨʎar	tr[ɨ]bɨʎar	tr[e]bɨʎar	0
trebelho	trɨbɐjʎu	trebeʎu	tr[ɨ]bɐ[j]ʎu	tr[e]be[]ʎu	0
trebiano	trɨbjɐnu	trebiɐ̃nu	tr[ɨ]b[j]ɐ[]nu	tr[e]b[i]ɐ[̃]nu	0
trebiate	trɨbjatɨ	trebiatɨ	tr[ɨ]b[j]atɨ	tr[e]b[i]atɨ	0
trebola	trɨbɔlɐ	trebɔlɐ	tr[ɨ]bɔlɐ	tr[e]bɔlɐ	0
trebolha	trɨboʎɐ	treboʎɐ	tr[ɨ]boʎɐ	tr[e]boʎɐ	0
trecentista	trɨsẽtiʃtɐ	tresẽntiʃtɐ	tr[ɨ]sẽti[ʃ]tɐ[]	tr[e]sẽn[]tiʃt[ɐ]	0
treçolho	trɨsoʎu	tresoʎu	tr[ɨ]soʎu	tr[e]soʎu	0
tredecênio	trɨdɨsenju	tredɨsenju	tr[ɨ]dɨsenju	tr[e]dɨsenju	0
tredecénio	trɨdɨsɛnju	tredɨsɛnju	tr[ɨ]dɨsɛnju	tr[e]dɨsɛnju	0
tredice	trɨdisɨ	tredisɨ	tr[ɨ]disɨ	tr[e]disɨ	0
trefegar	trɨfɨɡar	trefɨɡar	tr[ɨ]fɨɡar	tr[e]fɨɡar	0
trefilado	trɨfiladu	trefiladu	tr[ɨ]filadu	tr[e]filadu	0
trefilagem	trɨfilaʒɐ̃j̃	trefilaʒɐjn	tr[ɨ]filaʒɐ[̃]j[̃]	tr[e]filaʒɐ[]j[n]	0
trefilaria	trɨfilɐriɐ	trefilɐriɐ	tr[ɨ]filɐriɐ	tr[e]filɐriɐ	0
trefilar	trɨfilar	trefilar	tr[ɨ]filar	tr[e]filar	0
trejeitador	trɨʒɐjtɐdor	treʒɐjtɐdor	tr[ɨ]ʒɐjtɐdor	tr[e]ʒɐjtɐdor	0
trejeitar	trɨʒɐjtar	treʒɐjtar	tr[ɨ]ʒɐjtar	tr[e]ʒɐjtar	0
trejeitear	trɨʒɐjtjar	treʒɐjtiar	tr[ɨ]ʒɐjt[j]ar	tr[e]ʒɐjt[i]ar	0
trejeitoso	trɨʒɐjtozu	treʒɐjtozu	tr[ɨ]ʒɐjtozu	tr[e]ʒɐjtozu	0
trejeito	trɨʒɐjtu	treʒɐjtu	tr[ɨ]ʒɐjtu	tr[e]ʒɐjtu	0
trejugado	trɨʒuɡadu	treʒuɡadu	tr[ɨ]ʒuɡadu	tr[e]ʒuɡadu	0
trejurar	trɨʒurar	treʒurar	tr[ɨ]ʒurar	tr[e]ʒurar	0
treladar	trɨlɐdar	trelɐdar	tr[ɨ]lɐdar	tr[e]lɐdar	0
treleado	trɨljadu	treliadu	tr[ɨ]l[j]adu	tr[e]l[i]adu	0
trelear	trɨljar	treliar	tr[ɨ]l[j]ar	tr[e]l[i]ar	0
treliça	trɨlisɐ	trelisɐ	tr[ɨ]lisɐ	tr[e]lisɐ	0
tremadociano	trɨmɐdusjɐnu	tremɐdusiɐ̃nu	tr[ɨ]mɐdus[j]ɐ[]nu	tr[e]mɐdus[i]ɐ[̃]nu	0
trematódeo	trɨmɐtɔdju	tremɐtɔdiw	tr[ɨ]mɐtɔdj[u]	tr[e]mɐtɔdi[w]	0
trematode	trɨmɐtɔdɨ	tremɐtodɨ	tr[ɨ]mɐt[ɔ]dɨ	tr[e]mɐt[o]dɨ	0
tremebundo	trɨmɨbũdu	tremɨbũndu	tr[ɨ]mɨbũdu[]	tr[e]mɨbũnd[u]	0
tremecém	trɨmɨsɐ̃j̃	tremɨsɐjn	tr[ɨ]mɨsɐ[̃]j[̃]	tr[e]mɨsɐ[]j[n]	0
tremedal	trɨmɨdaɫ	tremɨdaɫ	tr[ɨ]mɨdaɫ	tr[e]mɨdaɫ	0
tremedeira	trɨmɨdɐjrɐ	tremɨdɐjrɐ	tr[ɨ]mɨdɐjrɐ	tr[e]mɨdɐjrɐ	0
tremedoiro	trɨmɨdojru	tremɨdojru	tr[ɨ]mɨdojru	tr[e]mɨdojru	0
tremedor	trɨmɨdor	tremɨdor	tr[ɨ]mɨdor	tr[e]mɨdor	0
tremedouro	trɨmɨdowru	tremɨdowru	tr[ɨ]mɨdowru	tr[e]mɨdowru	0
tremedura	trɨmɨdurɐ	tremɨdurɐ	tr[ɨ]mɨdurɐ	tr[e]mɨdurɐ	0
tremelear	trɨmɨljar	tremɨliar	tr[ɨ]mɨl[j]ar	tr[e]mɨl[i]ar	0
tremelejar	trɨmɨlɨʒar	tremɨlɨʒar	tr[ɨ]mɨlɨʒar	tr[e]mɨlɨʒar	0
tremelejo	trɨmɨlɐjʒu	tremɨleʒu	tr[ɨ]mɨlɐ[j]ʒu	tr[e]mɨle[]ʒu	0
tremelga	trɨmɛɫɡɐ	tremeɫɡɐ	tr[ɨ]m[ɛ]ɫɡɐ	tr[e]m[e]ɫɡɐ	0
tremelicar	trɨmɨlikar	tremɨlikar	tr[ɨ]mɨlikar	tr[e]mɨlikar	0
tremelica	trɨmɨlikɐ	tremɨlikɐ	tr[ɨ]mɨlikɐ	tr[e]mɨlikɐ	0
tremeliquento	trɨmɨlikẽtu	tremɨlikẽntu	tr[ɨ]mɨlikẽtu[]	tr[e]mɨlikẽnt[u]	0
tremeliques	trɨmɨlikɨʃ	tremɨlikɨʃ	tr[ɨ]mɨlikɨʃ	tr[e]mɨlikɨʃ	0
tremelique	trɨmɨlikɨ	tremɨlikɨ	tr[ɨ]mɨlikɨ	tr[e]mɨlikɨ	0
tremeluzente	trɨmɨluzẽtɨ	tremɨluzẽntɨ	tr[ɨ]mɨluzẽtɨ[]	tr[e]mɨluzẽnt[ɨ]	0
tremeluzir	trɨmɨluzir	tremɨluzir	tr[ɨ]mɨluzir	tr[e]mɨluzir	0
tremendamente	trɨmẽdɐmẽtɨ	tremẽndɐmẽntɨ	tr[ɨ]mẽdɐmẽtɨ[]	tr[e]mẽndɐmẽnt[ɨ]	0
tremenda	trɨmẽdɐ	tremẽndɐ	tr[ɨ]mẽdɐ[]	tr[e]mẽnd[ɐ]	0
tremendo	trɨmẽdu	tremẽndu	tr[ɨ]mẽdu[]	tr[e]mẽnd[u]	0
tremenho	trɨmɐjɲu	tremeɲu	tr[ɨ]mɐ[j]ɲu	tr[e]me[]ɲu	0
tremente	trɨmẽtɨ	tremẽntɨ	tr[ɨ]mẽtɨ[]	tr[e]mẽnt[ɨ]	0
tremesinho	trɨmɨziɲu	tremɨziɲu	tr[ɨ]mɨziɲu	tr[e]mɨziɲu	0
tremido	trɨmidu	tremidu	tr[ɨ]midu	tr[e]midu	0
tremifusa	trɨmifuzɐ	tremifuzɐ	tr[ɨ]mifuzɐ	tr[e]mifuzɐ	0
tremilongo	trɨmilõɡu	tremilõnɡu	tr[ɨ]milõɡu[]	tr[e]milõnɡ[u]	0
tremoçada	trɨmusadɐ	tremusadɐ	tr[ɨ]musadɐ	tr[e]musadɐ	0
tremoçagem	trɨmusaʒɐ̃j̃	tremusaʒɐjn	tr[ɨ]musaʒɐ[̃]j[̃]	tr[e]musaʒɐ[]j[n]	0
tremoçal	trɨmusaɫ	tremusaɫ	tr[ɨ]musaɫ	tr[e]musaɫ	0
tremoção	trɨmusɐ̃w̃	tremusɐ̃w̃	tr[ɨ]musɐ̃w̃	tr[e]musɐ̃w̃	0
tremoçar	trɨmusar	tremusar	tr[ɨ]musar	tr[e]musar	0
tremoceira	trɨmusɐjrɐ	tremusɐjrɐ	tr[ɨ]musɐjrɐ	tr[e]musɐjrɐ	0
tremoceiro	trɨmusɐjru	tremusɐjru	tr[ɨ]musɐjru	tr[e]musɐjru	0
tremoço	trɨmosu	tremosu	tr[ɨ]mosu	tr[e]mosu	0
tremolita	trɨmulitɐ	tremulitɐ	tr[ɨ]mulitɐ	tr[e]mulitɐ	0
tremolite	trɨmulitɨ	tremulitɨ	tr[ɨ]mulitɨ	tr[e]mulitɨ	0
tremonhado	trɨmuɲadu	tremõɲadu	tr[ɨ]mu[]ɲadu	tr[e]mo[̃]ɲadu	0
tremonhal	trɨmuɲaɫ	tremõɲaɫ	tr[ɨ]mu[]ɲaɫ	tr[e]mo[̃]ɲaɫ	0
tremonha	trɨmoɲɐ	tremõɲɐ	tr[ɨ]mo[]ɲɐ	tr[e]mo[̃]ɲɐ	0
tremontelo	trɨmõtelu	tremõntɛlu	tr[ɨ]mõtelu[]	tr[e]mõntɛl[u]	0
tremulação	trɨmulɐsɐ̃w̃	tremulɐsɐ̃w̃	tr[ɨ]mulɐsɐ̃w̃	tr[e]mulɐsɐ̃w̃	0
tremulante	trɨmulɐ̃tɨ	tremulɐ̃ntɨ	tr[ɨ]mulɐ̃[]tɨ	tr[e]mulɐ̃[n]tɨ	0
tremular	trɨmular	tremular	tr[ɨ]mular	tr[e]mular	0
tremulinar	trɨmulinar	tremulinar	tr[ɨ]mulinar	tr[e]mulinar	0
tremulina	trɨmulinɐ	tremulinɐ	tr[ɨ]mulinɐ	tr[e]mulinɐ	0
tremuloso	trɨmulozu	tremulozu	tr[ɨ]mulozu	tr[e]mulozu	0
tremura	trɨmurɐ	tremurɐ	tr[ɨ]murɐ	tr[e]murɐ	0
trepada	trɨpadɐ	trepadɐ	tr[ɨ]padɐ	tr[e]padɐ	0
trepadeira-azul	trɨpɐdɐjrazuɫ	trepɐdɐjrɐɐzuɫ	tr[ɨ]pɐdɐjra[]zuɫ	tr[e]pɐdɐjrɐ[ɐ]zuɫ	0
trepadeira-dos-muros	trɨpɐdɐjrɐduʒmuruʃ	trepɐdɐjrɐduʒmuruʃ	tr[ɨ]pɐdɐjrɐduʒmuruʃ	tr[e]pɐdɐjrɐduʒmuruʃ	0
trepadeira	trɨpɐdɐjrɐ	trepɐdɐjrɐ	tr[ɨ]pɐdɐjrɐ	tr[e]pɐdɐjrɐ	0
trepadoiro	trɨpɐdojru	trepɐdojru	tr[ɨ]pɐdojru	tr[e]pɐdojru	0
trepadora	trɨpɐdorɐ	trepɐdorɐ	tr[ɨ]pɐdorɐ	tr[e]pɐdorɐ	0
trepador	trɨpɐdor	trepɐdor	tr[ɨ]pɐdor	tr[e]pɐdor	0
trepadouro	trɨpɐdowru	trepɐdowru	tr[ɨ]pɐdowru	tr[e]pɐdowru	0
trepanação	trɨpɐnɐsɐ̃w̃	trepɐnɐsɐ̃w̃	tr[ɨ]pɐnɐsɐ̃w̃	tr[e]pɐnɐsɐ̃w̃	0
trepanar	trɨpɐnar	trepɐnar	tr[ɨ]pɐnar	tr[e]pɐnar	0
trepante	trɨpɐ̃tɨ	trepɐ̃ntɨ	tr[ɨ]pɐ̃[]tɨ	tr[e]pɐ̃[n]tɨ	0
trepeira	trɨpɐjrɐ	trepɐjrɐ	tr[ɨ]pɐjrɐ	tr[e]pɐjrɐ	0
trepicar	trɨpikar	trepikar	tr[ɨ]pikar	tr[e]pikar	0
trepidação	trɨpidɐsɐ̃w̃	trepidɐsɐ̃w̃	tr[ɨ]pidɐsɐ̃w̃	tr[e]pidɐsɐ̃w̃	0
trepidante	trɨpidɐ̃tɨ	trepidɐ̃ntɨ	tr[ɨ]pidɐ̃[]tɨ	tr[e]pidɐ̃[n]tɨ	0
trepidar	trɨpidar	trepidar	tr[ɨ]pidar	tr[e]pidar	0
trepida	trɨpidɐ	trepidɐ	tr[ɨ]pidɐ	tr[e]pidɐ	0
trepidez	trɨpideʃ	trepideʃ	tr[ɨ]pideʃ	tr[e]pideʃ	0
treplicar	trɨplikar	treplikar	tr[ɨ]plikar	tr[e]plikar	0
treponema	trɨpunemɐ	trepunemɐ	tr[ɨ]punemɐ	tr[e]punemɐ	0
tresandar	trɨzɐ̃dar	trezɐ̃ndar	tr[ɨ]zɐ̃[]dar	tr[e]zɐ̃[n]dar	0
tresantontem	trɨzɐ̃tõtɐ̃j̃	trezɐ̃ntõntɐjn	tr[ɨ]zɐ̃[]tõtɐ̃[]j[̃]	tr[e]zɐ̃[n]tõnt[ɐ]j[n]	0
trescalância	trɨʃkɐlɐ̃sjɐ	treʃkɐlɐ̃nsjɐ	tr[ɨ]ʃkɐlɐ̃[]sjɐ	tr[e]ʃkɐlɐ̃[n]sjɐ	0
trescalante	trɨʃkɐlɐ̃tɨ	treʃkɐlɐ̃ntɨ	tr[ɨ]ʃkɐlɐ̃[]tɨ	tr[e]ʃkɐlɐ̃[n]tɨ	0
trescalar	trɨʃkɐlar	treʃkɐlar	tr[ɨ]ʃkɐlar	tr[e]ʃkɐlar	0
tresdobrado	trɨʒdubradu	treʒdubradu	tr[ɨ]ʒdubradu	tr[e]ʒdubradu	0
tresdobradura	trɨʒdubrɐdurɐ	treʒdubrɐdurɐ	tr[ɨ]ʒdubrɐdurɐ	tr[e]ʒdubrɐdurɐ	0
tresdobrar	trɨʒdubrar	treʒdubrar	tr[ɨ]ʒdubrar	tr[e]ʒdubrar	0
tresdobre	trɨʒdɔbrɨ	treʒdɔbrɨ	tr[ɨ]ʒdɔbrɨ	tr[e]ʒdɔbrɨ	0
tresfiar	trɨʃfjar	treʃfiar	tr[ɨ]ʃf[j]ar	tr[e]ʃf[i]ar	0
tresfogueiro	trɨʃfuɡɐjru	treʃfuɡɐjru	tr[ɨ]ʃfuɡɐjru	tr[e]ʃfuɡɐjru	0
tresfolegar	trɨʃfulɨɡar	treʃfulɨɡar	tr[ɨ]ʃfulɨɡar	tr[e]ʃfulɨɡar	0
tresfôlego	trɨʃfolɨɡu	treʃfolɨɡu	tr[ɨ]ʃfolɨɡu	tr[e]ʃfolɨɡu	0
tresfolgar	trɨʃfoɫɡar	treʃfuɫɡar	tr[ɨ]ʃf[o]ɫɡar	tr[e]ʃf[u]ɫɡar	0
tresfolgo	trɨʃfoɫɡu	treʃfoɫɡu	tr[ɨ]ʃfoɫɡu	tr[e]ʃfoɫɡu	0
tresfoliar	trɨʃfuljar	treʃfuliar	tr[ɨ]ʃful[j]ar	tr[e]ʃful[i]ar	0
tresgastador	trɨʒɡɐstɐdor	treʒɡɐʃtɐdor	tr[ɨ]ʒɡɐ[s]tɐdor	tr[e]ʒɡɐ[ʃ]tɐdor	0
tresgastar	trɨʒɡɐʃtar	treʒɡɐʃtar	tr[ɨ]ʒɡɐʃtar	tr[e]ʒɡɐʃtar	0
tresloucado	trɨʒlowkadu	treʒlowkadu	tr[ɨ]ʒlowkadu	tr[e]ʒlowkadu	0
tresloucar	trɨʒlowkar	treʒlowkar	tr[ɨ]ʒlowkar	tr[e]ʒlowkar	0
tresmalhar	trɨʒmɐʎar	treʒmɐʎar	tr[ɨ]ʒmɐʎar	tr[e]ʒmɐʎar	0
tresmontar	trɨʒmõtar	treʒmõntar	tr[ɨ]ʒmõtar[]	tr[e]ʒmõnta[r]	0
tresnoitar	trɨʒnojtar	treʒnojtar	tr[ɨ]ʒnojtar	tr[e]ʒnojtar	0
tresnoutar	trɨʒnowtar	treʒnowtar	tr[ɨ]ʒnowtar	tr[e]ʒnowtar	0
trespano	trɨʃpɐnu	treʃpɐ̃nu	tr[ɨ]ʃpɐ[]nu	tr[e]ʃpɐ[̃]nu	0
trespassação	trɨʃpɐsɐsɐ̃w̃	treʃpɐsɐsɐ̃w̃	tr[ɨ]ʃpɐsɐsɐ̃w̃	tr[e]ʃpɐsɐsɐ̃w̃	0
trespassar	trɨʃpɐsar	treʃpɐsar	tr[ɨ]ʃpɐsar	tr[e]ʃpɐsar	0
trespasse	trɨʃpasɨ	treʃpasɨ	tr[ɨ]ʃpasɨ	tr[e]ʃpasɨ	0
trespasso	trɨʃpasu	treʃpasu	tr[ɨ]ʃpasu	tr[e]ʃpasu	0
tresquiáltera	trɨʃkjaɫtɨrɐ	treʃkiaɫtɨrɐ	tr[ɨ]ʃk[j]aɫtɨrɐ	tr[e]ʃk[i]aɫtɨrɐ	0
tresquiornitídeos	trɨʃkjurnitidjuʃ	treʃkiurnitidiwʃ	tr[ɨ]ʃk[j]urnitidj[u]ʃ	tr[e]ʃk[i]urnitidi[w]ʃ	0
tresquiornitídeo	trɨʃkjurnitidju	treʃkiurnitidiw	tr[ɨ]ʃk[j]urnitidj[u]	tr[e]ʃk[i]urnitidi[w]	0
tressuado	trɨswadu	tresuadu	tr[ɨ]s[w]adu	tr[e]s[u]adu	0
tressuante	trɨswɐ̃tɨ	tresuɐ̃ntɨ	tr[ɨ]s[w]ɐ̃[]tɨ	tr[e]s[u]ɐ̃[n]tɨ	0
tressuar	trɨswar	tresuar	tr[ɨ]s[w]ar	tr[e]s[u]ar	0
tresvairo	trɨʒvajru	treʒvajru	tr[ɨ]ʒvajru	tr[e]ʒvajru	0
tresvariar	trɨʒvɐrjar	treʒvɐriar	tr[ɨ]ʒvɐr[j]ar	tr[e]ʒvɐr[i]ar	0
tresvario	trɨʒvɐriu	treʒvɐriw	tr[ɨ]ʒvɐri[u]	tr[e]ʒvɐri[w]	0
tresvoltear	trɨʒvɔɫtjar	treʒvuɫtiar	tr[ɨ]ʒv[ɔ]ɫt[j]ar	tr[e]ʒv[u]ɫt[i]ar	0
treteiro	trɨtɐjru	tretɐjru	tr[ɨ]tɐjru	tr[e]tɐjru	0
trevagem	trɨvaʒɐ̃j̃	trevaʒɐjn	tr[ɨ]vaʒɐ[̃]j[̃]	tr[e]vaʒɐ[]j[n]	0
trevilho	trɨviʎu	treviʎu	tr[ɨ]viʎu	tr[e]viʎu	0
trevo-betuminoso	trevubɨtuminozu	trevubetuminozu	trevub[ɨ]tuminozu	trevub[e]tuminozu	0
trevo-cervino	trevusɨrvinu	trevuservinu	trevus[ɨ]rvinu	trevus[e]rvinu	0
trevoso	trɨvozu	trevozu	tr[ɨ]vozu	tr[e]vozu	0
trezena	trɨzenɐ	trezenɐ	tr[ɨ]zenɐ	tr[e]zenɐ	0
trímetro	trimetru	trimɨtru	trim[e]tru	trim[ɨ]tru	0
turiferação	turifɨrɐsɐ̃w̃	turiferɐsɐ̃w̃	turif[ɨ]rɐsɐ̃w̃	turif[e]rɐsɐ̃w̃	0
uelelé	uelelɛ	uɨlɨlɛ	u[e]l[e]lɛ	u[ɨ]l[ɨ]lɛ	0
ueti	weti	uɨti	w[e]ti	u[ɨ]ti	0
ultrametamórfico	uɫtrɐmɨtɐmɔrfiku	uɫtrɐmetɐmɔrfiku	uɫtrɐm[ɨ]tɐmɔrfiku	uɫtrɐm[e]tɐmɔrfiku	0
ultrametamorfismo	uɫtrɐmɨtɐmurfiʒmu	uɫtrɐmetɐmurfiʒmu	uɫtrɐm[ɨ]tɐmurfiʒmu	uɫtrɐm[e]tɐmurfiʒmu	0
ultra-revolucionário	uɫtrɐʀɨvulusjunarju	uɫtrɐʀevulusjunarju	uɫtrɐʀ[ɨ]vulusjunarju	uɫtrɐʀ[e]vulusjunarju	0
ultrarrevolucionário	uɫtrɐʀɨvulusjunarju	uɫtrɐʀevulusjunarju	uɫtrɐʀ[ɨ]vulusjunarju	uɫtrɐʀ[e]vulusjunarju	0
unicameralismo	unikɐmɨrɐliʒmu	unikɐmerɐliʒmu	unikɐm[ɨ]rɐliʒmu	unikɐm[e]rɐliʒmu	0
unicelular	unisɨlular	uniselular	unis[ɨ]lular	unis[e]lular	0
unimetalismo	unimɨtɐliʒmu	unimetɐliʒmu	unim[ɨ]tɐliʒmu	unim[e]tɐliʒmu	0
unipessoal	unipɨswaɫ	unipesuaɫ	unip[ɨ]s[w]aɫ	unip[e]s[u]aɫ	0
unirrefringente	uniʀɨfrĩʒẽtɨ	uniʀefrĩnʒẽntɨ	uniʀ[ɨ]frĩʒẽtɨ[]	uniʀ[e]frĩnʒẽnt[ɨ]	0
unisseriado	unisɨrjadu	uniseriadu	unis[ɨ]r[j]adu	unis[e]r[i]adu	0
universalidade	univɨrsɐlidadɨ	universɐlidadɨ	univ[ɨ]rsɐlidadɨ	univ[e]rsɐlidadɨ	0
universalismo	univɨrsɐliʒmu	universɐliʒmu	univ[ɨ]rsɐliʒmu	univ[e]rsɐliʒmu	0
universalista	univɨrsɐliʃtɐ	universɐliʃtɐ	univ[ɨ]rsɐliʃtɐ	univ[e]rsɐliʃtɐ	0
universalização	univɨrsɐlizɐsɐ̃w̃	universɐlizɐsɐ̃w̃	univ[ɨ]rsɐlizɐsɐ̃w̃	univ[e]rsɐlizɐsɐ̃w̃	0
universalizar	univɨrsɐlizar	universɐlizar	univ[ɨ]rsɐlizar	univ[e]rsɐlizar	0
universalizável	univɨrsɐlizavɛɫ	universɐlizavɛɫ	univ[ɨ]rsɐlizavɛɫ	univ[e]rsɐlizavɛɫ	0
universalmente	univɨrsaɫmẽtɨ	universaɫmẽntɨ	univ[ɨ]rsaɫmẽtɨ[]	univ[e]rsaɫmẽnt[ɨ]	0
universidade	univɨrsidadɨ	universidadɨ	univ[ɨ]rsidadɨ	univ[e]rsidadɨ	0
universitário	univɨrsitarju	universitarju	univ[ɨ]rsitarju	univ[e]rsitarju	0
ureterectomia	urɨtɨrɛktumiɐ	urɨterɛtumiɐ	urɨt[ɨ]rɛ[k]tumiɐ	urɨt[e]rɛ[]tumiɐ	0
vascolejador	vɐʃkulɨʒɐdor	vɐʃkuleʒɐdor	vɐʃkul[ɨ]ʒɐdor	vɐʃkul[e]ʒɐdor	0
vascolejamento	vɐʃkulɨʒɐmẽtu	vɐʃkuleʒɐmẽntu	vɐʃkul[ɨ]ʒɐmẽtu[]	vɐʃkul[e]ʒɐmẽnt[u]	0
vedação	vɨdɐsɐ̃w̃	vedɐsɐ̃w̃	v[ɨ]dɐsɐ̃w̃	v[e]dɐsɐ̃w̃	0
vedador	vɨdɐdor	vedɐdor	v[ɨ]dɐdor	v[e]dɐdor	0
vedado	vɨdadu	vedadu	v[ɨ]dadu	v[e]dadu	0
vedalhas	vɨdaʎɐʃ	vedaʎɐʃ	v[ɨ]daʎɐʃ	v[e]daʎɐʃ	0
vedália	vɨdaljɐ	vedaljɐ	v[ɨ]daljɐ	v[e]daljɐ	0
vedável	vɨdavɛɫ	vedavɛɫ	v[ɨ]davɛɫ	v[e]davɛɫ	0
vedeta	vɨdetɐ	vedɛtɐ	v[ɨ]d[e]tɐ	v[e]d[ɛ]tɐ	0
vedetismo	vɨdɨtiʒmu	vedɨtiʒmu	v[ɨ]dɨtiʒmu	v[e]dɨtiʒmu	0
veemência	vjemẽsjɐ	viɨmẽnsjɐ	vj[e]mẽsjɐ[]	vi[ɨ]mẽnsj[ɐ]	0
veementizar	vjemẽtizar	viɨmẽntizar	vj[e]mẽtizar[]	vi[ɨ]mẽntiza[r]	0
vegan	veɡɐn	vɨɡɐ̃m	v[e]ɡɐn[]	v[ɨ]ɡɐ̃[m]	0
vegetabilidade	vɨʒɨtɐbilidadɨ	veʒɨtɐbilidadɨ	v[ɨ]ʒɨtɐbilidadɨ	v[e]ʒɨtɐbilidadɨ	0
vegetação	vɨʒɨtɐsɐ̃w̃	veʒɨtɐsɐ̃w̃	v[ɨ]ʒɨtɐsɐ̃w̃	v[e]ʒɨtɐsɐ̃w̃	0
vegetacional	vɨʒɨtɐsjunaɫ	veʒɨtɐsjunaɫ	v[ɨ]ʒɨtɐsjunaɫ	v[e]ʒɨtɐsjunaɫ	0
vegetálculo	vɨʒɨtaɫkulu	veʒɨtaɫkulu	v[ɨ]ʒɨtaɫkulu	v[e]ʒɨtaɫkulu	0
vegetaliano	vɨʒɨtɐljɐnu	veʒɨtɐliɐ̃nu	v[ɨ]ʒɨtɐl[j]ɐ[]nu	v[e]ʒɨtɐl[i]ɐ[̃]nu	0
vegetalidade	vɨʒɨtɐlidadɨ	veʒɨtɐlidadɨ	v[ɨ]ʒɨtɐlidadɨ	v[e]ʒɨtɐlidadɨ	0
vegetalina	vɨʒɨtɐlinɐ	veʒɨtɐlinɐ	v[ɨ]ʒɨtɐlinɐ	v[e]ʒɨtɐlinɐ	0
vegetalino	vɨʒɨtɐlinu	veʒɨtɐlinu	v[ɨ]ʒɨtɐlinu	v[e]ʒɨtɐlinu	0
vegetalismo	vɨʒɨtɐliʒmu	veʒɨtɐliʒmu	v[ɨ]ʒɨtɐliʒmu	v[e]ʒɨtɐliʒmu	0
vegetalista	vɨʒɨtɐliʃtɐ	veʒɨtɐliʃtɐ	v[ɨ]ʒɨtɐliʃtɐ	v[e]ʒɨtɐliʃtɐ	0
vegetalizar	vɨʒɨtɐlizar	veʒɨtɐlizar	v[ɨ]ʒɨtɐlizar	v[e]ʒɨtɐlizar	0
vegetal	vɨʒɨtaɫ	veʒɨtaɫ	v[ɨ]ʒɨtaɫ	v[e]ʒɨtaɫ	0
vegetante	vɨʒɨtɐ̃tɨ	veʒɨtɐ̃ntɨ	v[ɨ]ʒɨtɐ̃[]tɨ	v[e]ʒɨtɐ̃[n]tɨ	0
vegetarianismo	vɨʒɨtɐrjɐniʒmu	veʒɨtɐriɐniʒmu	v[ɨ]ʒɨtɐr[j]ɐniʒmu	v[e]ʒɨtɐr[i]ɐniʒmu	0
vegetariano	vɨʒɨtɐrjɐnu	veʒɨtɐriɐ̃nu	v[ɨ]ʒɨtɐr[j]ɐ[]nu	v[e]ʒɨtɐr[i]ɐ[̃]nu	0
vegetarismo	vɨʒɨtɐriʒmu	veʒɨtɐriʒmu	v[ɨ]ʒɨtɐriʒmu	v[e]ʒɨtɐriʒmu	0
vegetarista	vɨʒɨtɐriʃtɐ	veʒɨtɐriʃtɐ	v[ɨ]ʒɨtɐriʃtɐ	v[e]ʒɨtɐriʃtɐ	0
vegetar	vɨʒɨtar	veʒɨtar	v[ɨ]ʒɨtar	v[e]ʒɨtar	0
vegetativo	vɨʒɨtɐtivu	veʒɨtɐtivu	v[ɨ]ʒɨtɐtivu	v[e]ʒɨtɐtivu	0
vegetável	vɨʒɨtavɛɫ	veʒɨtavɛɫ	v[ɨ]ʒɨtavɛɫ	v[e]ʒɨtavɛɫ	0
vejete	vɨʒɛtɨ	veʒɛtɨ	v[ɨ]ʒɛtɨ	v[e]ʒɛtɨ	0
velação	vɨlɐsɐ̃w̃	velɐsɐ̃w̃	v[ɨ]lɐsɐ̃w̃	v[e]lɐsɐ̃w̃	0
velacho	vɨlaʃu	velaʃu	v[ɨ]laʃu	v[e]laʃu	0
veladamente	vɨladɐmẽtɨ	velɐdɐmẽntɨ	v[ɨ]l[a]dɐmẽtɨ[]	v[e]l[ɐ]dɐmẽnt[ɨ]	0
velada	vɨladɐ	veladɐ	v[ɨ]ladɐ	v[e]ladɐ	0
velador	vɨlɐdor	velɐdor	v[ɨ]lɐdor	v[e]lɐdor	0
velame-do-mato	vɨlɐmdumatu	velɐ̃mɨdumatu	v[ɨ]lɐ[]m[]dumatu	v[e]lɐ[̃]m[ɨ]dumatu	0
velamento	vɨlɐmẽtu	velɐmẽntu	v[ɨ]lɐmẽtu[]	v[e]lɐmẽnt[u]	0
velâmen	vɨlɐmɛn	velɐ̃mɐjn	v[ɨ]lɐ[]mɛ[]n	v[e]lɐ[̃]mɐ[j]n	0
velame	vɨlɐmɨ	velɐ̃mɨ	v[ɨ]lɐ[]mɨ	v[e]lɐ[̃]mɨ	0
velança	vɨlɐ̃sɐ	velɐ̃nsɐ	v[ɨ]lɐ̃[]sɐ	v[e]lɐ̃[n]sɐ	0
velário	vɨlarju	velarju	v[ɨ]larju	v[e]larju	0
velarização	vɨlɐrizɐsɐ̃w̃	velɐrizɐsɐ̃w̃	v[ɨ]lɐrizɐsɐ̃w̃	v[e]lɐrizɐsɐ̃w̃	0
velarizado	vɨlɐrizadu	velɐrizadu	v[ɨ]lɐrizadu	v[e]lɐrizadu	0
velarizar	vɨlɐrizar	velɐrizar	v[ɨ]lɐrizar	v[e]lɐrizar	0
velatura	vɨlɐturɐ	velɐturɐ	v[ɨ]lɐturɐ	v[e]lɐturɐ	0
velear	vɨljar	veliar	v[ɨ]l[j]ar	v[e]l[i]ar	0
veleidade	vɨlɐjdadɨ	velɐjdadɨ	v[ɨ]lɐjdadɨ	v[e]lɐjdadɨ	0
veleidoso	vɨlɐjdozu	velɐjdozu	v[ɨ]lɐjdozu	v[e]lɐjdozu	0
veleira	vɨlɐjrɐ	velɐjrɐ	v[ɨ]lɐjrɐ	v[e]lɐjrɐ	0
veleiro-das-índias	vɨlɐjrudɐzĩdjɐʃ	velɐjrudɐzĩndɪɐʃ	v[ɨ]lɐjrudɐzĩdjɐʃ[]	v[e]lɐjrudɐzĩndɪɐ[ʃ]	0
veleiro	vɨlɐjru	velɐjru	v[ɨ]lɐjru	v[e]lɐjru	0
velejador	vɨlɨʒɐdor	velɨʒɐdor	v[ɨ]lɨʒɐdor	v[e]lɨʒɐdor	0
velejar	vɨlɨʒar	velɨʒar	v[ɨ]lɨʒar	v[e]lɨʒar	0
velenho	vɨlɐjɲu	veleɲu	v[ɨ]lɐ[j]ɲu	v[e]le[]ɲu	0
velense	vɨlẽsɨ	velẽnsɨ	v[ɨ]lẽsɨ[]	v[e]lẽns[ɨ]	0
veleta	vɨletɐ	velɛtɐ	v[ɨ]l[e]tɐ	v[e]l[ɛ]tɐ	0
veletina	vɨlɨtinɐ	velɨtinɐ	v[ɨ]lɨtinɐ	v[e]lɨtinɐ	0
velhacada	vɨʎɐkadɐ	veʎɐkadɐ	v[ɨ]ʎɐkadɐ	v[e]ʎɐkadɐ	0
velhacagem	vɨʎɐkaʒɐ̃j̃	veʎɐkaʒɐjn	v[ɨ]ʎɐkaʒɐ[̃]j[̃]	v[e]ʎɐkaʒɐ[]j[n]	0
velhacão	vɨʎɐkɐ̃w̃	veʎɐkɐ̃w̃	v[ɨ]ʎɐkɐ̃w̃	v[e]ʎɐkɐ̃w̃	0
velhacaria	vɨʎɐkɐriɐ	veʎɐkɐriɐ	v[ɨ]ʎɐkɐriɐ	v[e]ʎɐkɐriɐ	0
velhacaz	vɨʎɐkaʃ	veʎɐkaʃ	v[ɨ]ʎɐkaʃ	v[e]ʎɐkaʃ	0
velhacório	vɨʎɐkɔrju	veʎɐkɔrju	v[ɨ]ʎɐkɔrju	v[e]ʎɐkɔrju	0
velhaco	vɨʎaku	veʎaku	v[ɨ]ʎaku	v[e]ʎaku	0
velhaquear	vɨʎɐkjar	veʎɐkɨar	v[ɨ]ʎɐk[j]ar	v[e]ʎɐk[ɨ]ar	0
velhaquesco	vɨʎɐkeʃku	veʎɐkeʃku	v[ɨ]ʎɐkeʃku	v[e]ʎɐkeʃku	0
velhaquete	vɨʎɐketɨ	veʎɐkɛtɨ	v[ɨ]ʎɐk[e]tɨ	v[e]ʎɐk[ɛ]tɨ	0
velhori	vɨʎuri	veʎuri	v[ɨ]ʎuri	v[e]ʎuri	0
velicação	vɨlikɐsɐ̃w̃	velikɐsɐ̃w̃	v[ɨ]likɐsɐ̃w̃	v[e]likɐsɐ̃w̃	0
velicar	vɨlikar	velikar	v[ɨ]likar	v[e]likar	0
velicativo	vɨlikɐtivu	velikɐtivu	v[ɨ]likɐtivu	v[e]likɐtivu	0
velífero	vɨlifɨru	velifɨru	v[ɨ]lifɨru	v[e]lifɨru	0
veliforme	vɨlifɔrmɨ	velifɔrmɨ	v[ɨ]lifɔrmɨ	v[e]lifɔrmɨ	0
velígero	vɨliʒɨru	veliʒɨru	v[ɨ]liʒɨru	v[e]liʒɨru	0
velilho	vɨliʎu	veliʎu	v[ɨ]liʎu	v[e]liʎu	0
velino	vɨlinu	velinu	v[ɨ]linu	v[e]linu	0
velívago	vɨlivɐɡu	velivɐɡu	v[ɨ]livɐɡu	v[e]livɐɡu	0
velívolo	vɨlivulu	velivulu	v[ɨ]livulu	v[e]livulu	0
velocídromo	vɨlusidrumu	velusidrumu	v[ɨ]lusidrumu	v[e]lusidrumu	0
velocímetro	vɨlusimɨtru	velusimɨtru	v[ɨ]lusimɨtru	v[e]lusimɨtru	0
velocípede	vɨlusipɨdɨ	velusipɨdɨ	v[ɨ]lusipɨdɨ	v[e]lusipɨdɨ	0
velocíssimo	vɨlusisimu	velusisimu	v[ɨ]lusisimu	v[e]lusisimu	0
velódromo	vɨlɔdrumu	velɔdrumu	v[ɨ]lɔdrumu	v[e]lɔdrumu	0
velório	vɨlɔrju	velɔrju	v[ɨ]lɔrju	v[e]lɔrju	0
veloso	vɨlozu	velozu	v[ɨ]lozu	v[e]lozu	0
velozmente	vɨlɔʒmẽtɨ	velɔʒmẽntɨ	v[ɨ]lɔʒmẽtɨ[]	v[e]lɔʒmẽnt[ɨ]	0
veludilho	vɨludiʎu	veludiʎu	v[ɨ]ludiʎu	v[e]ludiʎu	0
veludíneo	vɨludinju	veludiniw	v[ɨ]ludinj[u]	v[e]ludini[w]	0
veludinho	vɨludiɲu	veludiɲu	v[ɨ]ludiɲu	v[e]ludiɲu	0
veludoso	vɨludozu	veludozu	v[ɨ]ludozu	v[e]ludozu	0
veludo	vɨludu	veludu	v[ɨ]ludu	v[e]ludu	0
velutina	vɨlutinɐ	velutinɐ	v[ɨ]lutinɐ	v[e]lutinɐ	0
venábulo	vɨnabulu	venabulu	v[ɨ]nabulu	v[e]nabulu	0
venação	vɨnɐsɐ̃w̃	venɐsɐ̃w̃	v[ɨ]nɐsɐ̃w̃	v[e]nɐsɐ̃w̃	0
venado	vɨnadu	venadu	v[ɨ]nadu	v[e]nadu	0
venalidade	vɨnɐlidadɨ	venɐlidadɨ	v[ɨ]nɐlidadɨ	v[e]nɐlidadɨ	0
venalizar	vɨnɐlizar	venɐlizar	v[ɨ]nɐlizar	v[e]nɐlizar	0
venatório	vɨnɐtɔrju	venɐtɔrju	v[ɨ]nɐtɔrju	v[e]nɐtɔrju	0
veneficiar	vɨnɨfisjar	venɨfisiar	v[ɨ]nɨfis[j]ar	v[e]nɨfis[i]ar	0
venefício	vɨnɨfisju	venɨfisju	v[ɨ]nɨfisju	v[e]nɨfisju	0
venéfico	vɨnɛfiku	venɛfiku	v[ɨ]nɛfiku	v[e]nɛfiku	0
venena	vɨnenɐ	venenɐ	v[ɨ]nenɐ	v[e]nenɐ	0
venenífero	vɨnɨnifɨru	venɨnifɨru	v[ɨ]nɨnifɨru	v[e]nɨnifɨru	0
veneníparo	vɨnɨnipɐru	venɨnipɐru	v[ɨ]nɨnipɐru	v[e]nɨnipɐru	0
venenosidade	vɨnɨnuzidadɨ	venɨnuzidadɨ	v[ɨ]nɨnuzidadɨ	v[e]nɨnuzidadɨ	0
venenoso	vɨnɨnozu	venɨnozu	v[ɨ]nɨnozu	v[e]nɨnozu	0
veneno	vɨnenu	venenu	v[ɨ]nenu	v[e]nenu	0
venerabilidade	vɨnɨrɐbilidadɨ	venɨrɐbilidadɨ	v[ɨ]nɨrɐbilidadɨ	v[e]nɨrɐbilidadɨ	0
venerabundo	vɨnɨrɐbũdu	venɨrɐbũndu	v[ɨ]nɨrɐbũdu[]	v[e]nɨrɐbũnd[u]	0
veneração	vɨnɨrɐsɐ̃w̃	venɨrɐsɐ̃w̃	v[ɨ]nɨrɐsɐ̃w̃	v[e]nɨrɐsɐ̃w̃	0
venerador	vɨnɨrɐdor	venɨrɐdor	v[ɨ]nɨrɐdor	v[e]nɨrɐdor	0
venerado	vɨnɨradu	venɨradu	v[ɨ]nɨradu	v[e]nɨradu	0
venerais	vɨnɨrajʃ	venɨrajʃ	v[ɨ]nɨrajʃ	v[e]nɨrajʃ	0
veneralato	vɨnɨrɐlatu	venɨrɐlatu	v[ɨ]nɨrɐlatu	v[e]nɨrɐlatu	0
venerando	vɨnɨrɐ̃du	venɨrɐ̃ndu	v[ɨ]nɨrɐ̃[]du	v[e]nɨrɐ̃[n]du	0
venerar	vɨnɨrar	venɨrar	v[ɨ]nɨrar	v[e]nɨrar	0
venerável	vɨnɨravɛɫ	venɨravɛɫ	v[ɨ]nɨravɛɫ	v[e]nɨravɛɫ	0
venera	vɨnɛrɐ	venɛrɐ	v[ɨ]nɛrɐ	v[e]nɛrɐ	0
venereologia	vɨnɛrjuluʒiɐ	venɨriuluʒiɐ	v[ɨ]n[ɛ]r[j]uluʒiɐ	v[e]n[ɨ]r[i]uluʒiɐ	0
venereológico	vɨnɛrjulɔʒiku	venɨriulɔʒiku	v[ɨ]n[ɛ]r[j]ulɔʒiku	v[e]n[ɨ]r[i]ulɔʒiku	0
venereologista	vɨnɛrjuluʒiʃtɐ	venɨriuluʒiʃtɐ	v[ɨ]n[ɛ]r[j]uluʒiʃtɐ	v[e]n[ɨ]r[i]uluʒiʃtɐ	0
venéreo	vɨnɛrju	venɛriw	v[ɨ]nɛrj[u]	v[e]nɛri[w]	0
venéridas	vɨnɛridɐʃ	venɛridɐʃ	v[ɨ]nɛridɐʃ	v[e]nɛridɐʃ	0
venérida	vɨnɛridɐ	venɛridɐ	v[ɨ]nɛridɐ	v[e]nɛridɐ	0
venerídeos	vɨnɨridjuʃ	venɨridiwʃ	v[ɨ]nɨridj[u]ʃ	v[e]nɨridi[w]ʃ	0
venerídeo	vɨnɨridju	venɨridiw	v[ɨ]nɨridj[u]	v[e]nɨridi[w]	0
veneta	vɨnetɐ	venetɐ	v[ɨ]netɐ	v[e]netɐ	0
veneziana	vɨnɨzjɐnɐ	venɨziɐ̃nɐ	v[ɨ]nɨz[j]ɐ[]nɐ	v[e]nɨz[i]ɐ[̃]nɐ	0
veneziano	vɨnɨzjɐnu	venɨziɐ̃nu	v[ɨ]nɨz[j]ɐ[]nu	v[e]nɨz[i]ɐ[̃]nu	0
venezuelano	vɨnɨzwɛlɐnu	venɨzuɨlɐ̃nu	v[ɨ]nɨzw[ɛ]lɐ[]nu	v[e]nɨzu[ɨ]lɐ[̃]nu	0
veniagar	vɨnjɐɡar	veniɐɡar	v[ɨ]n[j]ɐɡar	v[e]n[i]ɐɡar	0
veniaga	vɨnjaɡɐ	veniaɡɐ	v[ɨ]n[j]aɡɐ	v[e]n[i]aɡɐ	0
venialidade	vɨnjɐlidadɨ	veniɐlidadɨ	v[ɨ]n[j]ɐlidadɨ	v[e]n[i]ɐlidadɨ	0
venializar	vɨnjɐlizar	veniɐlizar	v[ɨ]n[j]ɐlizar	v[e]n[i]ɐlizar	0
venial	vɨnjaɫ	veniaɫ	v[ɨ]n[j]aɫ	v[e]n[i]aɫ	0
venida	vɨnidɐ	venidɐ	v[ɨ]nidɐ	v[e]nidɐ	0
venífluo	vɨniflwu	venifluw	v[ɨ]nifl[]w[u]	v[e]nifl[u]w[]	0
venipunctura	vɨnipũkturɐ	venipũnkturɐ	v[ɨ]nipũkturɐ[]	v[e]nipũnktur[ɐ]	0
venipuntura	vɨnipũturɐ	venipũnturɐ	v[ɨ]nipũturɐ[]	v[e]nipũntur[ɐ]	0
venissecção	vɨnisɛksɐ̃w̃	venisɛsɐ̃w̃	v[ɨ]nisɛ[k]sɐ̃w̃	v[e]nisɛ[]sɐ̃w̃	0
venopunctura	vɨnɔpũkturɐ	venupũnkturɐ	v[ɨ]n[ɔ]pũkturɐ[]	v[e]n[u]pũnktur[ɐ]	0
venopuntura	vɨnɔpũturɐ	venupũnturɐ	v[ɨ]n[ɔ]pũturɐ[]	v[e]n[u]pũntur[ɐ]	0
venosidade	vɨnuzidadɨ	venuzidadɨ	v[ɨ]nuzidadɨ	v[e]nuzidadɨ	0
venoso	vɨnozu	venozu	v[ɨ]nozu	v[e]nozu	0
venulado	vɨnuladu	venuladu	v[ɨ]nuladu	v[e]nuladu	0
venusiano	vɨnuzjɐnu	venuziɐ̃nu	v[ɨ]nuz[j]ɐ[]nu	v[e]nuz[i]ɐ[̃]nu	0
venusino	vɨnuzinu	venuzinu	v[ɨ]nuzinu	v[e]nuzinu	0
venúsio	vɨnuzju	venuzju	v[ɨ]nuzju	v[e]nuzju	0
venustidade	vɨnuʃtidadɨ	venuʃtidadɨ	v[ɨ]nuʃtidadɨ	v[e]nuʃtidadɨ	0
venusto	vɨnuʃtu	venuʃtu	v[ɨ]nuʃtu	v[e]nuʃtu	0
veracidade	vɨrɐsidadɨ	verɐsidadɨ	v[ɨ]rɐsidadɨ	v[e]rɐsidadɨ	0
veracíssimo	vɨrɐsisimu	verɐsisimu	v[ɨ]rɐsisimu	v[e]rɐsisimu	0
veraneante	vɨrɐnjɐ̃tɨ	verɐniɐ̃ntɨ	v[ɨ]rɐn[j]ɐ̃[]tɨ	v[e]rɐn[i]ɐ̃[n]tɨ	0
veranear	vɨrɐnjar	verɐniar	v[ɨ]rɐn[j]ar	v[e]rɐn[i]ar	0
veranego	vɨrɐnɛɡu	verɐnɛɡu	v[ɨ]rɐnɛɡu	v[e]rɐnɛɡu	0
veraneio	vɨrɐnɐju	verɐneju	v[ɨ]rɐn[ɐ]ju	v[e]rɐn[e]ju	0
veranico	vɨrɐniku	verɐniku	v[ɨ]rɐniku	v[e]rɐniku	0
veraniço	vɨrɐnisu	verɐnisu	v[ɨ]rɐnisu	v[e]rɐnisu	0
veranil	vɨrɐniɫ	verɐ̃niɫ	v[ɨ]rɐ[]niɫ	v[e]rɐ[̃]niɫ	0
veranista	vɨrɐniʃtɐ	verɐniʃtɐ	v[ɨ]rɐniʃtɐ	v[e]rɐniʃtɐ	0
veranito	vɨrɐnitu	verɐnitu	v[ɨ]rɐnitu	v[e]rɐnitu	0
verascópio	vɨrɐʃkɔpju	verɐʃkɔpju	v[ɨ]rɐʃkɔpju	v[e]rɐʃkɔpju	0
veratráceas	vɨrɐtrasjɐʃ	verɐtrasiɐʃ	v[ɨ]rɐtras[j]ɐʃ	v[e]rɐtras[i]ɐʃ	0
verátrico	vɨratriku	veratriku	v[ɨ]ratriku	v[e]ratriku	0
veratrina	vɨrɐtrinɐ	verɐtrinɐ	v[ɨ]rɐtrinɐ	v[e]rɐtrinɐ	0
veratro	vɨratru	veratru	v[ɨ]ratru	v[e]ratru	0
verbalismo	vɨrbɐliʒmu	verbɐliʒmu	v[ɨ]rbɐliʒmu	v[e]rbɐliʒmu	0
verbalista	vɨrbɐliʃtɐ	verbɐliʃtɐ	v[ɨ]rbɐliʃtɐ	v[e]rbɐliʃtɐ	0
verbalização	vɨrbɐlizɐsɐ̃w̃	verbɐlizɐsɐ̃w̃	v[ɨ]rbɐlizɐsɐ̃w̃	v[e]rbɐlizɐsɐ̃w̃	0
verbalizado	vɨrbɐlizadu	verbɐlizadu	v[ɨ]rbɐlizadu	v[e]rbɐlizadu	0
verbalizar	vɨrbɐlizar	verbɐlizar	v[ɨ]rbɐlizar	v[e]rbɐlizar	0
verbalmente	vɨrbaɫmẽtɨ	verbaɫmẽntɨ	v[ɨ]rbaɫmẽtɨ[]	v[e]rbaɫmẽnt[ɨ]	0
verbasco	vɨrbaʃku	verbaʃku	v[ɨ]rbaʃku	v[e]rbaʃku	0
verbenáceas	vɨrbɨnasjɐʃ	verbɨnasiɐʃ	v[ɨ]rbɨnas[j]ɐʃ	v[e]rbɨnas[i]ɐʃ	0
verbenácea	vɨrbɨnasjɐ	verbɨnasiɐ	v[ɨ]rbɨnas[j]ɐ	v[e]rbɨnas[i]ɐ	0
verbenáceo	vɨrbɨnasju	verbɨnasiw	v[ɨ]rbɨnasj[u]	v[e]rbɨnasi[w]	0
verbena	vɨrbenɐ	verbenɐ	v[ɨ]rbenɐ	v[e]rbenɐ	0
verberação	vɨrbɨrɐsɐ̃w̃	verbɨrɐsɐ̃w̃	v[ɨ]rbɨrɐsɐ̃w̃	v[e]rbɨrɐsɐ̃w̃	0
verberador	vɨrbɨrɐdor	verbɨrɐdor	v[ɨ]rbɨrɐdor	v[e]rbɨrɐdor	0
verberante	vɨrbɨrɐ̃tɨ	verbɨrɐ̃ntɨ	v[ɨ]rbɨrɐ̃[]tɨ	v[e]rbɨrɐ̃[n]tɨ	0
verberão	vɨrbɨrɐ̃w̃	verbɨrɐ̃w̃	v[ɨ]rbɨrɐ̃w̃	v[e]rbɨrɐ̃w̃	0
verberar	vɨrbɨrar	verbɨrar	v[ɨ]rbɨrar	v[e]rbɨrar	0
verberativo	vɨrbɨrɐtivu	verbɨrɐtivu	v[ɨ]rbɨrɐtivu	v[e]rbɨrɐtivu	0
verbeteiro	vɨrbɨtɐjru	verbɨtɐjru	v[ɨ]rbɨtɐjru	v[e]rbɨtɐjru	0
verbete	vɨrbetɨ	verbetɨ	v[ɨ]rbetɨ	v[e]rbetɨ	0
verbiagem	vɨrbjaʒɐ̃j̃	verbiaʒɐjn	v[ɨ]rb[j]aʒɐ[̃]j[̃]	v[e]rb[i]aʒɐ[]j[n]	0
verbômano	vɨrbomɐnu	verbomɐnu	v[ɨ]rbomɐnu	v[e]rbomɐnu	0
verbómano	vɨrbɔmɐnu	verbɔmɐnu	v[ɨ]rbɔmɐnu	v[e]rbɔmɐnu	0
verborreia	vɨrbuʀɐjɐ	verbuʀɛjɐ	v[ɨ]rbuʀ[ɐ]jɐ	v[e]rbuʀ[ɛ]jɐ	0
verborréia	vɨrbuʀɐjɐ	verbuʀɛjɐ	v[ɨ]rbuʀ[ɐ]jɐ	v[e]rbuʀ[ɛ]jɐ	0
verborreico	vɨrbuʀɐjku	verbuʀɐjku	v[ɨ]rbuʀɐjku	v[e]rbuʀɐjku	0
verborréico	vɨrbuʀɐjku	verbuʀɛjku	v[ɨ]rbuʀ[ɐ]jku	v[e]rbuʀ[ɛ]jku	0
verbosidade	vɨrbuzidadɨ	verbuzidadɨ	v[ɨ]rbuzidadɨ	v[e]rbuzidadɨ	0
verboso	vɨrbozu	verbozu	v[ɨ]rbozu	v[e]rbozu	0
verçudo	vɨrsudu	versudu	v[ɨ]rsudu	v[e]rsudu	0
verdacho	vɨrdaʃu	verdaʃu	v[ɨ]rdaʃu	v[e]rdaʃu	0
verdadeiramente	vɨrdɐdɐjrɐmẽtɨ	verdɐdɐjrɐmẽntɨ	v[ɨ]rdɐdɐjrɐmẽtɨ[]	v[e]rdɐdɐjrɐmẽnt[ɨ]	0
verdadeiro	vɨrdɐdɐjru	verdɐdɐjru	v[ɨ]rdɐdɐjru	v[e]rdɐdɐjru	0
verdade	vɨrdadɨ	verdadɨ	v[ɨ]rdadɨ	v[e]rdadɨ	0
verdascada	vɨrdɐʃkadɐ	verdɐʃkadɐ	v[ɨ]rdɐʃkadɐ	v[e]rdɐʃkadɐ	0
verdascar	vɨrdɐʃkar	verdɐʃkar	v[ɨ]rdɐʃkar	v[e]rdɐʃkar	0
verdasca	vɨrdaʃkɐ	verdaʃkɐ	v[ɨ]rdaʃkɐ	v[e]rdaʃkɐ	0
verdasco	vɨrdaʃku	verdaʃku	v[ɨ]rdaʃku	v[e]rdaʃku	0
verdasto	vɨrdaʃtu	verdaʃtu	v[ɨ]rdaʃtu	v[e]rdaʃtu	0
verdeal	vɨrdjaɫ	verdiaɫ	v[ɨ]rd[j]aɫ	v[e]rd[i]aɫ	0
verdear	vɨrdjar	verdiar	v[ɨ]rd[j]ar	v[e]rd[i]ar	0
verde-bexiga	verdɨbɨʃiɡɐ	verdɨbeʃiɡɐ	verdɨb[ɨ]ʃiɡɐ	verdɨb[e]ʃiɡɐ	0
verdecer	vɨrdɨser	verdɨser	v[ɨ]rdɨser	v[e]rdɨser	0
verdegar	vɨrdɨɡar	verdɨɡar	v[ɨ]rdɨɡar	v[e]rdɨɡar	0
verdegulho	vɨrdɨɡuʎu	verdɨɡuʎu	v[ɨ]rdɨɡuʎu	v[e]rdɨɡuʎu	0
verdeia	vɨrdɐjɐ	verdejɐ	v[ɨ]rd[ɐ]jɐ	v[e]rd[e]jɐ	0
verdejância	vɨrdɨʒɐ̃sjɐ	verdɨʒɐ̃nsjɐ	v[ɨ]rdɨʒɐ̃[]sjɐ	v[e]rdɨʒɐ̃[n]sjɐ	0
verdejante	vɨrdɨʒɐ̃tɨ	verdɨʒɐ̃ntɨ	v[ɨ]rdɨʒɐ̃[]tɨ	v[e]rdɨʒɐ̃[n]tɨ	0
verdejar	vɨrdɨʒar	verdɨʒar	v[ɨ]rdɨʒar	v[e]rdɨʒar	0
verdelhão	vɨrdɨʎɐ̃w̃	verdɨʎɐ̃w̃	v[ɨ]rdɨʎɐ̃w̃	v[e]rdɨʎɐ̃w̃	0
verdelha	vɨrdɐjʎɐ	verdeʎɐ	v[ɨ]rdɐ[j]ʎɐ	v[e]rde[]ʎɐ	0
verdelho	vɨrdɐjʎu	verdeʎu	v[ɨ]rdɐ[j]ʎu	v[e]rde[]ʎu	0
verderol	vɨrdɨrɔɫ	verdɨrɔɫ	v[ɨ]rdɨrɔɫ	v[e]rdɨrɔɫ	0
verdete	vɨrdetɨ	verdɛtɨ	v[ɨ]rd[e]tɨ	v[e]rd[ɛ]tɨ	0
verdezelha	vɨrdɨzɐjʎɐ	verdɨzeʎɐ	v[ɨ]rdɨzɐ[j]ʎɐ	v[e]rdɨze[]ʎɐ	0
verdilhão	vɨrdiʎɐ̃w̃	verdiʎɐ̃w̃	v[ɨ]rdiʎɐ̃w̃	v[e]rdiʎɐ̃w̃	0
verdilhote	vɨrdiʎɔtɨ	verdiʎɔtɨ	v[ɨ]rdiʎɔtɨ	v[e]rdiʎɔtɨ	0
verdinegro	vɨrdineɡru	verdineɡru	v[ɨ]rdineɡru	v[e]rdineɡru	0
verdinzela	vɨrdĩzɛlɐ	verdĩnzɛlɐ	v[ɨ]rdĩzɛlɐ[]	v[e]rdĩnzɛl[ɐ]	0
verdizela	vɨrdizɛlɐ	verdizɛlɐ	v[ɨ]rdizɛlɐ	v[e]rdizɛlɐ	0
verdizelo	vɨrdizɛlu	verdizɛlu	v[ɨ]rdizɛlu	v[e]rdizɛlu	0
verdizel	vɨrdizɛɫ	verdizɛɫ	v[ɨ]rdizɛɫ	v[e]rdizɛɫ	0
verdoega	vɨrdwɛɡɐ	verduɛɡɐ	v[ɨ]rd[w]ɛɡɐ	v[e]rd[u]ɛɡɐ	0
verdoengo	vɨrdwẽɡu	verduẽnɡu	v[ɨ]rdwẽɡu[]	v[e]rduẽnɡ[u]	0
verdolengo	vɨrdulẽɡu	verdulẽnɡu	v[ɨ]rdulẽɡu[]	v[e]rdulẽnɡ[u]	0
verdoso	vɨrdozu	verdozu	v[ɨ]rdozu	v[e]rdozu	0
verdote	vɨrdɔtɨ	verdɔtɨ	v[ɨ]rdɔtɨ	v[e]rdɔtɨ	0
verdugão	vɨrduɡɐ̃w̃	verduɡɐ̃w̃	v[ɨ]rduɡɐ̃w̃	v[e]rduɡɐ̃w̃	0
verdugo	vɨrduɡu	verduɡu	v[ɨ]rduɡu	v[e]rduɡu	0
verduguilho	vɨrduɡiʎu	verduɡiʎu	v[ɨ]rduɡiʎu	v[e]rduɡiʎu	0
verdume	vɨrdumɨ	verdumɨ	v[ɨ]rdumɨ	v[e]rdumɨ	0
verdunização	vɨrdunizɐsɐ̃w̃	verdunizɐsɐ̃w̃	v[ɨ]rdunizɐsɐ̃w̃	v[e]rdunizɐsɐ̃w̃	0
verdunizar	vɨrdunizar	verdunizar	v[ɨ]rdunizar	v[e]rdunizar	0
verdura	vɨrdurɐ	verdurɐ	v[ɨ]rdurɐ	v[e]rdurɐ	0
verdureiro	vɨrdurɐjru	verdurɐjru	v[ɨ]rdurɐjru	v[e]rdurɐjru	0
verecúndia	vɨrɨkũdjɐ	verɨkũndjɐ	v[ɨ]rɨkũdjɐ[]	v[e]rɨkũndj[ɐ]	0
verecundo	vɨrɨkũdu	verɨkũndu	v[ɨ]rɨkũdu[]	v[e]rɨkũnd[u]	0
vereda	vɨredɐ	veredɐ	v[ɨ]redɐ	v[e]redɐ	0
veredicto	vɨrɨdiktu	verɨditu	v[ɨ]rɨdi[k]tu	v[e]rɨdi[]tu	0
veredito	vɨrɨditu	verɨditu	v[ɨ]rɨditu	v[e]rɨditu	0
vergadiço	vɨrɡɐdisu	verɡɐdisu	v[ɨ]rɡɐdisu	v[e]rɡɐdisu	0
vergado	vɨrɡadu	verɡadu	v[ɨ]rɡadu	v[e]rɡadu	0
vergadura	vɨrɡɐdurɐ	verɡɐdurɐ	v[ɨ]rɡɐdurɐ	v[e]rɡɐdurɐ	0
vergalhada	vɨrɡɐʎadɐ	verɡɐʎadɐ	v[ɨ]rɡɐʎadɐ	v[e]rɡɐʎadɐ	0
vergalhamento	vɨrɡɐʎɐmẽtu	verɡɐʎɐmẽntu	v[ɨ]rɡɐʎɐmẽtu[]	v[e]rɡɐʎɐmẽnt[u]	0
vergalhão	vɨrɡɐʎɐ̃w̃	verɡɐʎɐ̃w̃	v[ɨ]rɡɐʎɐ̃w̃	v[e]rɡɐʎɐ̃w̃	0
vergalhar	vɨrɡɐʎar	verɡɐʎar	v[ɨ]rɡɐʎar	v[e]rɡɐʎar	0
vergalho	vɨrɡaʎu	verɡaʎu	v[ɨ]rɡaʎu	v[e]rɡaʎu	0
vergame	vɨrɡɐmɨ	verɡɐ̃mɨ	v[ɨ]rɡɐ[]mɨ	v[e]rɡɐ[̃]mɨ	0
vergancha	vɨrɡɐ̃ʃɐ	verɡɐ̃nʃɐ	v[ɨ]rɡɐ̃[]ʃɐ	v[e]rɡɐ̃[n]ʃɐ	0
vergastada	vɨrɡɐʃtadɐ	verɡɐʃtadɐ	v[ɨ]rɡɐʃtadɐ	v[e]rɡɐʃtadɐ	0
vergastão	vɨrɡɐʃtɐ̃w̃	verɡɐʃtɐ̃w̃	v[ɨ]rɡɐʃtɐ̃w̃	v[e]rɡɐʃtɐ̃w̃	0
vergastar	vɨrɡɐʃtar	verɡɐʃtar	v[ɨ]rɡɐʃtar	v[e]rɡɐʃtar	0
vergasta	vɨrɡaʃtɐ	verɡaʃtɐ	v[ɨ]rɡaʃtɐ	v[e]rɡaʃtɐ	0
vergasteiro	vɨrɡɐʃtɐjru	verɡɐʃtɐjru	v[ɨ]rɡɐʃtɐjru	v[e]rɡɐʃtɐjru	0
vergáurea	vɨrɡawrjɐ	verɡawriɐ	v[ɨ]rɡawr[j]ɐ	v[e]rɡawr[i]ɐ	0
vergável	vɨrɡavɛɫ	verɡavɛɫ	v[ɨ]rɡavɛɫ	v[e]rɡavɛɫ	0
vergência	vɨrʒẽsjɐ	verʒẽnsjɐ	v[ɨ]rʒẽsjɐ[]	v[e]rʒẽnsj[ɐ]	0
vergoada	vɨrɡwadɐ	verɡuadɐ	v[ɨ]rɡ[w]adɐ	v[e]rɡ[u]adɐ	0
vergonhaça	vɨrɡuɲasɐ	verɡõɲasɐ	v[ɨ]rɡu[]ɲasɐ	v[e]rɡo[̃]ɲasɐ	0
vergonhaço	vɨrɡuɲasu	verɡõɲasu	v[ɨ]rɡu[]ɲasu	v[e]rɡo[̃]ɲasu	0
vergonha	vɨrɡoɲɐ	verɡõɲɐ	v[ɨ]rɡo[]ɲɐ	v[e]rɡo[̃]ɲɐ	0
vergonhosamente	vɨrɡuɲɔzɐmẽtɨ	verɡõɲɔzɐmẽntɨ	v[ɨ]rɡu[]ɲɔzɐmẽtɨ[]	v[e]rɡo[̃]ɲɔzɐmẽnt[ɨ]	0
vergonhosa	vɨrɡuɲɔzɐ	verɡõɲɔzɐ	v[ɨ]rɡu[]ɲɔzɐ	v[e]rɡo[̃]ɲɔzɐ	0
vergonhoso	vɨrɡuɲozu	verɡõɲozu	v[ɨ]rɡu[]ɲozu	v[e]rɡo[̃]ɲozu	0
vergonteado	vɨrɡõtjadu	verɡõntiadu	v[ɨ]rɡõtjadu[]	v[e]rɡõntiad[u]	0
vergontear	vɨrɡõtjar	verɡõntiar	v[ɨ]rɡõtjar[]	v[e]rɡõntia[r]	0
vergôntea	vɨrɡõtjɐ	verɡõntiɐ	v[ɨ]rɡõtjɐ[]	v[e]rɡõnti[ɐ]	0
vergueta	vɨrɡetɐ	verɡetɐ	v[ɨ]rɡetɐ	v[e]rɡetɐ	0
verguinha	vɨrɡiɲɐ	verɡiɲɐ	v[ɨ]rɡiɲɐ	v[e]rɡiɲɐ	0
verguio	vɨrɡiu	verɡiw	v[ɨ]rɡi[u]	v[e]rɡi[w]	0
veridicidade	vɨridisidadɨ	veridisidadɨ	v[ɨ]ridisidadɨ	v[e]ridisidadɨ	0
verídico	vɨridiku	veridiku	v[ɨ]ridiku	v[e]ridiku	0
verificação	vɨrifikɐsɐ̃w̃	verifikɐsɐ̃w̃	v[ɨ]rifikɐsɐ̃w̃	v[e]rifikɐsɐ̃w̃	0
verificador	vɨrifikɐdor	verifikɐdor	v[ɨ]rifikɐdor	v[e]rifikɐdor	0
verificado	vɨrifikadu	verifikadu	v[ɨ]rifikadu	v[e]rifikadu	0
verificar	vɨrifikar	verifikar	v[ɨ]rifikar	v[e]rifikar	0
verificativo	vɨrifikɐtivu	verifikɐtivu	v[ɨ]rifikɐtivu	v[e]rifikɐtivu	0
verificável	vɨrifikavɛɫ	verifikavɛɫ	v[ɨ]rifikavɛɫ	v[e]rifikavɛɫ	0
verisimilhança	vɨrizimiʎɐ̃sɐ	verizimiʎɐ̃nsɐ	v[ɨ]rizimiʎɐ̃[]sɐ	v[e]rizimiʎɐ̃[n]sɐ	0
verisímil	vɨrizimiɫ	verizimiɫ	v[ɨ]rizimiɫ	v[e]rizimiɫ	0
verismo	vɨriʒmu	veriʒmu	v[ɨ]riʒmu	v[e]riʒmu	0
verissimilhança	vɨrisimiʎɐ̃sɐ	verisimiʎɐ̃nsɐ	v[ɨ]risimiʎɐ̃[]sɐ	v[e]risimiʎɐ̃[n]sɐ	0
verissímil	vɨrisimiɫ	verisimiɫ	v[ɨ]risimiɫ	v[e]risimiɫ	0
verista	vɨriʃtɐ	veriʃtɐ	v[ɨ]riʃtɐ	v[e]riʃtɐ	0
vermelhaço	vɨrmɨʎasu	vermɨʎasu	v[ɨ]rmɨʎasu	v[e]rmɨʎasu	0
vermelhão	vɨrmɨʎɐ̃w̃	vermɨʎɐ̃w̃	v[ɨ]rmɨʎɐ̃w̃	v[e]rmɨʎɐ̃w̃	0
vermelhar	vɨrmɨʎar	vermɨʎar	v[ɨ]rmɨʎar	v[e]rmɨʎar	0
vermelhear	vɨrmɨʎjar	vermɨʎiar	v[ɨ]rmɨʎ[j]ar	v[e]rmɨʎ[i]ar	0
vermelhecer	vɨrmɨʎɨser	vermɨʎɨser	v[ɨ]rmɨʎɨser	v[e]rmɨʎɨser	0
vermelhejar	vɨrmɨʎɨʒar	vermɨʎɨʒar	v[ɨ]rmɨʎɨʒar	v[e]rmɨʎɨʒar	0
vermelhidão	vɨrmɨʎidɐ̃w̃	vermɨʎidɐ̃w̃	v[ɨ]rmɨʎidɐ̃w̃	v[e]rmɨʎidɐ̃w̃	0
vermelhinha	vɨrmɨʎiɲɐ	vermɨʎiɲɐ	v[ɨ]rmɨʎiɲɐ	v[e]rmɨʎiɲɐ	0
vermelhinho	vɨrmɨʎiɲu	vermɨʎiɲu	v[ɨ]rmɨʎiɲu	v[e]rmɨʎiɲu	0
vermelho-amarelado	vɨrmɐjʎɐmɐrɨladu	vermeʎuɐmɐrɨladu	v[ɨ]rmɐ[j]ʎ[]ɐmɐrɨladu	v[e]rme[]ʎ[u]ɐmɐrɨladu	0
vermelho-púrpura	vɨrmɐjʎupurpurɐ	vermeʎupurpurɐ	v[ɨ]rmɐ[j]ʎupurpurɐ	v[e]rme[]ʎupurpurɐ	0
vermelhoso	vɨrmɨʎozu	vermɨʎozu	v[ɨ]rmɨʎozu	v[e]rmɨʎozu	0
vermelho-vivo	vɨrmɐjʎuvivu	vermeʎuvivu	v[ɨ]rmɐ[j]ʎuvivu	v[e]rme[]ʎuvivu	0
vermelho	vɨrmɐjʎu	vermeʎu	v[ɨ]rmɐ[j]ʎu	v[e]rme[]ʎu	0
vermelhuço	vɨrmɨʎusu	vermɨʎusu	v[ɨ]rmɨʎusu	v[e]rmɨʎusu	0
vermelhusco	vɨrmɨʎuʃku	vermɨʎuʃku	v[ɨ]rmɨʎuʃku	v[e]rmɨʎuʃku	0
vermiculação	vɨrmikulɐsɐ̃w̃	vermikulɐsɐ̃w̃	v[ɨ]rmikulɐsɐ̃w̃	v[e]rmikulɐsɐ̃w̃	0
vermiculado	vɨrmikuladu	vermikuladu	v[ɨ]rmikuladu	v[e]rmikuladu	0
vermiculária	vɨrmikularjɐ	vermikularjɐ	v[ɨ]rmikularjɐ	v[e]rmikularjɐ	0
vermiculita	vɨrmikulitɐ	vermikulitɐ	v[ɨ]rmikulitɐ	v[e]rmikulitɐ	0
vermiculite	vɨrmikulitɨ	vermikulitɨ	v[ɨ]rmikulitɨ	v[e]rmikulitɨ	0
vermiculoso	vɨrmikulozu	vermikulozu	v[ɨ]rmikulozu	v[e]rmikulozu	0
vermículo	vɨrmikulu	vermikulu	v[ɨ]rmikulu	v[e]rmikulu	0
vermiculura	vɨrmikulurɐ	vermikulurɐ	v[ɨ]rmikulurɐ	v[e]rmikulurɐ	0
vermídeo	vɨrmidju	vermidiw	v[ɨ]rmidj[u]	v[e]rmidi[w]	0
vermífugo	vɨrmifuɡu	vermifuɡu	v[ɨ]rmifuɡu	v[e]rmifuɡu	0
verminação	vɨrminɐsɐ̃w̃	verminɐsɐ̃w̃	v[ɨ]rminɐsɐ̃w̃	v[e]rminɐsɐ̃w̃	0
verminado	vɨrminadu	verminadu	v[ɨ]rminadu	v[e]rminadu	0
verminal	vɨrminaɫ	verminaɫ	v[ɨ]rminaɫ	v[e]rminaɫ	0
verminar	vɨrminar	verminar	v[ɨ]rminar	v[e]rminar	0
vermineira	vɨrminɐjrɐ	verminɐjrɐ	v[ɨ]rminɐjrɐ	v[e]rminɐjrɐ	0
verminose	vɨrminɔzɨ	verminɔzɨ	v[ɨ]rminɔzɨ	v[e]rminɔzɨ	0
verminoso	vɨrminozu	verminozu	v[ɨ]rminozu	v[e]rminozu	0
vermívoro	vɨrmivuru	vermivuru	v[ɨ]rmivuru	v[e]rmivuru	0
vernação	vɨrnɐsɐ̃w̃	vernɐsɐ̃w̃	v[ɨ]rnɐsɐ̃w̃	v[e]rnɐsɐ̃w̃	0
vernaculidade	vɨrnɐkulidadɨ	vernɐkulidadɨ	v[ɨ]rnɐkulidadɨ	v[e]rnɐkulidadɨ	0
vernaculismo	vɨrnɐkuliʒmu	vernɐkuliʒmu	v[ɨ]rnɐkuliʒmu	v[e]rnɐkuliʒmu	0
vernaculista	vɨrnɐkuliʃtɐ	vernɐkuliʃtɐ	v[ɨ]rnɐkuliʃtɐ	v[e]rnɐkuliʃtɐ	0
vernaculização	vɨrnɐkulizɐsɐ̃w̃	vernɐkulizɐsɐ̃w̃	v[ɨ]rnɐkulizɐsɐ̃w̃	v[e]rnɐkulizɐsɐ̃w̃	0
vernaculizar	vɨrnɐkulizar	vernɐkulizar	v[ɨ]rnɐkulizar	v[e]rnɐkulizar	0
vernáculo	vɨrnakulu	vernakulu	v[ɨ]rnakulu	v[e]rnakulu	0
vernante	vɨrnɐ̃tɨ	vernɐ̃ntɨ	v[ɨ]rnɐ̃[]tɨ	v[e]rnɐ̃[n]tɨ	0
vernicífero	vɨrnisifɨru	vernisifɨru	v[ɨ]rnisifɨru	v[e]rnisifɨru	0
vernícomo	vɨrnikumu	vernikumu	v[ɨ]rnikumu	v[e]rnikumu	0
vernicoso	vɨrnikozu	vernikozu	v[ɨ]rnikozu	v[e]rnikozu	0
veronal	vɨrunaɫ	verunaɫ	v[ɨ]runaɫ	v[e]runaɫ	0
veronense	vɨrunẽsɨ	verunẽnsɨ	v[ɨ]runẽsɨ[]	v[e]runẽns[ɨ]	0
veronês	vɨruneʃ	veruneʃ	v[ɨ]runeʃ	v[e]runeʃ	0
verônica-das-boticas	vɨronikɐdɐʒbutikɐʃ	veronikɐdɐʒbutikɐʃ	v[ɨ]ronikɐdɐʒbutikɐʃ	v[e]ronikɐdɐʒbutikɐʃ	0
verónica-das-boticas	vɨrɔnikɐdɐʒbutikɐʃ	verɔnikɐdɐʒbutikɐʃ	v[ɨ]rɔnikɐdɐʒbutikɐʃ	v[e]rɔnikɐdɐʒbutikɐʃ	0
verônica	vɨronikɐ	veronikɐ	v[ɨ]ronikɐ	v[e]ronikɐ	0
verónica	vɨrɔnikɐ	verɔnikɐ	v[ɨ]rɔnikɐ	v[e]rɔnikɐ	0
verosimilhança	vɨruzimiʎɐ̃sɐ	veruzimiʎɐ̃nsɐ	v[ɨ]ruzimiʎɐ̃[]sɐ	v[e]ruzimiʎɐ̃[n]sɐ	0
verosimilhante	vɨruzimiʎɐ̃tɨ	veruzimiʎɐ̃ntɨ	v[ɨ]ruzimiʎɐ̃[]tɨ	v[e]ruzimiʎɐ̃[n]tɨ	0
verosimilitude	vɨruzimilitudɨ	veruzimilitudɨ	v[ɨ]ruzimilitudɨ	v[e]ruzimilitudɨ	0
verosímil	vɨruzimiɫ	veruzimiɫ	v[ɨ]ruzimiɫ	v[e]ruzimiɫ	0
verossimilhança	vɨrusimiʎɐ̃sɐ	verusimiʎɐ̃nsɐ	v[ɨ]rusimiʎɐ̃[]sɐ	v[e]rusimiʎɐ̃[n]sɐ	0
verossimilhante	vɨrusimiʎɐ̃tɨ	verusimiʎɐ̃ntɨ	v[ɨ]rusimiʎɐ̃[]tɨ	v[e]rusimiʎɐ̃[n]tɨ	0
verossimilitude	vɨrusimilitudɨ	verusimilitudɨ	v[ɨ]rusimilitudɨ	v[e]rusimilitudɨ	0
verossímil	vɨrusimiɫ	verusimiɫ	v[ɨ]rusimiɫ	v[e]rusimiɫ	0
verrasco	vɨʀaʃku	veʀaʃku	v[ɨ]ʀaʃku	v[e]ʀaʃku	0
verriculado	vɨʀikuladu	veʀikuladu	v[ɨ]ʀikuladu	v[e]ʀikuladu	0
verrículo	vɨʀikulu	veʀikulu	v[ɨ]ʀikulu	v[e]ʀikulu	0
verrinário	vɨʀinarju	veʀinarju	v[ɨ]ʀinarju	v[e]ʀinarju	0
verrinar	vɨʀinar	veʀinar	v[ɨ]ʀinar	v[e]ʀinar	0
verrina	vɨʀinɐ	veʀinɐ	v[ɨ]ʀinɐ	v[e]ʀinɐ	0
verrineiro	vɨʀinɐjru	veʀinɐjru	v[ɨ]ʀinɐjru	v[e]ʀinɐjru	0
verrinista	vɨʀiniʃtɐ	veʀiniʃtɐ	v[ɨ]ʀiniʃtɐ	v[e]ʀiniʃtɐ	0
verrinoso	vɨʀinozu	veʀinozu	v[ɨ]ʀinozu	v[e]ʀinozu	0
verrucal	vɨʀukaɫ	veʀukaɫ	v[ɨ]ʀukaɫ	v[e]ʀukaɫ	0
verrucária	vɨʀukarjɐ	veʀukarjɐ	v[ɨ]ʀukarjɐ	v[e]ʀukarjɐ	0
verrucífero	vɨʀusifɨru	veʀusifɨru	v[ɨ]ʀusifɨru	v[e]ʀusifɨru	0
verruciforme	vɨʀusifɔrmɨ	veʀusifɔrmɨ	v[ɨ]ʀusifɔrmɨ	v[e]ʀusifɔrmɨ	0
verrucoso	vɨʀukozu	veʀukozu	v[ɨ]ʀukozu	v[e]ʀukozu	0
verruga	vɨʀuɡɐ	veʀuɡɐ	v[ɨ]ʀuɡɐ	v[e]ʀuɡɐ	0
verrugoso	vɨʀuɡozu	veʀuɡozu	v[ɨ]ʀuɡozu	v[e]ʀuɡozu	0
verruguento	vɨʀuɡẽtu	veʀuɡẽntu	v[ɨ]ʀuɡẽtu[]	v[e]ʀuɡẽnt[u]	0
verrumão	vɨʀumɐ̃w̃	veʀumɐ̃w̃	v[ɨ]ʀumɐ̃w̃	v[e]ʀumɐ̃w̃	0
verrumar	vɨʀumar	veʀumar	v[ɨ]ʀumar	v[e]ʀumar	0
verruma	vɨʀumɐ	veʀumɐ	v[ɨ]ʀumɐ	v[e]ʀumɐ	0
versado	vɨrsadu	versadu	v[ɨ]rsadu	v[e]rsadu	0
versalete	vɨrsɐletɨ	versɐletɨ	v[ɨ]rsɐletɨ	v[e]rsɐletɨ	0
versalhada	vɨrsɐʎadɐ	versɐʎadɐ	v[ɨ]rsɐʎadɐ	v[e]rsɐʎadɐ	0
versalhês	vɨrsɐʎeʃ	versɐʎeʃ	v[ɨ]rsɐʎeʃ	v[e]rsɐʎeʃ	0
versaria	vɨrsɐriɐ	versɐriɐ	v[ɨ]rsɐriɐ	v[e]rsɐriɐ	0
versatilidade	vɨrsɐtilidadɨ	versɐtilidadɨ	v[ɨ]rsɐtilidadɨ	v[e]rsɐtilidadɨ	0
versátil	vɨrsatiɫ	versatiɫ	v[ɨ]rsatiɫ	v[e]rsatiɫ	0
versejador	vɨrsɨʒɐdor	versɨʒɐdor	v[ɨ]rsɨʒɐdor	v[e]rsɨʒɐdor	0
versejadura	vɨrsɨʒɐdurɐ	versɨʒɐdurɐ	v[ɨ]rsɨʒɐdurɐ	v[e]rsɨʒɐdurɐ	0
versejar	vɨrsɨʒar	versɨʒar	v[ɨ]rsɨʒar	v[e]rsɨʒar	0
verseto	vɨrsetu	versetu	v[ɨ]rsetu	v[e]rsetu	0
versicolor	vɨrsikulor	versikulor	v[ɨ]rsikulor	v[e]rsikulor	0
versicorado	vɨrsikɔradu	versikuradu	v[ɨ]rsik[ɔ]radu	v[e]rsik[u]radu	0
versículo	vɨrsikulu	versikulu	v[ɨ]rsikulu	v[e]rsikulu	0
versífero	vɨrsifɨru	versifɨru	v[ɨ]rsifɨru	v[e]rsifɨru	0
versificação	vɨrsifikɐsɐ̃w̃	versifikɐsɐ̃w̃	v[ɨ]rsifikɐsɐ̃w̃	v[e]rsifikɐsɐ̃w̃	0
versificador	vɨrsifikɐdor	versifikɐdor	v[ɨ]rsifikɐdor	v[e]rsifikɐdor	0
versificar	vɨrsifikar	versifikar	v[ɨ]rsifikar	v[e]rsifikar	0
versífico	vɨrsifiku	versifiku	v[ɨ]rsifiku	v[e]rsifiku	0
versilibrismo	vɨrsilibriʒmu	versilibriʒmu	v[ɨ]rsilibriʒmu	v[e]rsilibriʒmu	0
versilibrista	vɨrsilibriʃtɐ	versilibriʃtɐ	v[ɨ]rsilibriʃtɐ	v[e]rsilibriʃtɐ	0
versista	vɨrsiʃtɐ	versiʃtɐ	v[ɨ]rsiʃtɐ	v[e]rsiʃtɐ	0
vertebrado	vɨrtɨbradu	vertɨbradu	v[ɨ]rtɨbradu	v[e]rtɨbradu	0
vertebralidade	vɨrtɨbrɐlidadɨ	vertɨbrɐlidadɨ	v[ɨ]rtɨbrɐlidadɨ	v[e]rtɨbrɐlidadɨ	0
vertebral	vɨrtɨbraɫ	vertɨbraɫ	v[ɨ]rtɨbraɫ	v[e]rtɨbraɫ	0
vertebrar	vɨrtɨbrar	vertɨbrar	v[ɨ]rtɨbrar	v[e]rtɨbrar	0
vertebroso	vɨrtɨbrozu	vertɨbrozu	v[ɨ]rtɨbrozu	v[e]rtɨbrozu	0
vertedoiro	vɨrtɨdojru	vertɨdojru	v[ɨ]rtɨdojru	v[e]rtɨdojru	0
vertedor	vɨrtɨdor	vertɨdor	v[ɨ]rtɨdor	v[e]rtɨdor	0
vertedouro	vɨrtɨdowru	vertɨdowru	v[ɨ]rtɨdowru	v[e]rtɨdowru	0
vertedura	vɨrtɨdurɐ	vertɨdurɐ	v[ɨ]rtɨdurɐ	v[e]rtɨdurɐ	0
vertente	vɨrtẽtɨ	vertẽntɨ	v[ɨ]rtẽtɨ[]	v[e]rtẽnt[ɨ]	0
verticalidade	vɨrtikɐlidadɨ	vertikɐlidadɨ	v[ɨ]rtikɐlidadɨ	v[e]rtikɐlidadɨ	0
verticalização	vɨrtikɐlizɐsɐ̃w̃	vertikɐlizɐsɐ̃w̃	v[ɨ]rtikɐlizɐsɐ̃w̃	v[e]rtikɐlizɐsɐ̃w̃	0
verticalizar	vɨrtikɐlizar	vertikɐlizar	v[ɨ]rtikɐlizar	v[e]rtikɐlizar	0
verticalmente	vɨrtikaɫmẽtɨ	vertikaɫmẽntɨ	v[ɨ]rtikaɫmẽtɨ[]	v[e]rtikaɫmẽnt[ɨ]	0
vertical	vɨrtikaɫ	vertikaɫ	v[ɨ]rtikaɫ	v[e]rtikaɫ	0
verticidade	vɨrtisidadɨ	vertisidadɨ	v[ɨ]rtisidadɨ	v[e]rtisidadɨ	0
verticilado	vɨrtisiladu	vertisiladu	v[ɨ]rtisiladu	v[e]rtisiladu	0
verticilastro	vɨrtisilaʃtru	vertisilaʃtru	v[ɨ]rtisilaʃtru	v[e]rtisilaʃtru	0
verticilifloro	vɨrtisiliflɔru	vertisiliflɔru	v[ɨ]rtisiliflɔru	v[e]rtisiliflɔru	0
verticilo	vɨrtisilu	vertisilu	v[ɨ]rtisilu	v[e]rtisilu	0
vertigem	vɨrtiʒɐ̃j̃	vertiʒɐjn	v[ɨ]rtiʒɐ[̃]j[̃]	v[e]rtiʒɐ[]j[n]	0
vertiginosamente	vɨrtiʒinɔzɐmẽtɨ	vertiʒinɔzɐmẽntɨ	v[ɨ]rtiʒinɔzɐmẽtɨ[]	v[e]rtiʒinɔzɐmẽnt[ɨ]	0
vertiginoso	vɨrtiʒinozu	vertiʒinozu	v[ɨ]rtiʒinozu	v[e]rtiʒinozu	0
vesânia	vɨzɐnjɐ	vezɐ̃njɐ	v[ɨ]zɐ[]njɐ	v[e]zɐ[̃]njɐ	0
vesânico	vɨzɐniku	vezɐ̃niku	v[ɨ]zɐ[]niku	v[e]zɐ[̃]niku	0
vesano	vɨzɐnu	vezɐ̃nu	v[ɨ]zɐ[]nu	v[e]zɐ[̃]nu	0
vesguear	vɨʒɡjar	veʒɡɨar	v[ɨ]ʒɡ[j]ar	v[e]ʒɡ[ɨ]ar	0
vesgueiro	vɨʒɡɐjru	veʒɡɐjru	v[ɨ]ʒɡɐjru	v[e]ʒɡɐjru	0
vesicação	vɨzikɐsɐ̃w̃	vezikɐsɐ̃w̃	v[ɨ]zikɐsɐ̃w̃	v[e]zikɐsɐ̃w̃	0
vesical	vɨzikaɫ	vezikaɫ	v[ɨ]zikaɫ	v[e]zikaɫ	0
vesicante	vɨzikɐ̃tɨ	vezikɐ̃ntɨ	v[ɨ]zikɐ̃[]tɨ	v[e]zikɐ̃[n]tɨ	0
vesicar	vɨzikar	vezikar	v[ɨ]zikar	v[e]zikar	0
vesicatório	vɨzikɐtɔrju	vezikɐtɔrju	v[ɨ]zikɐtɔrju	v[e]zikɐtɔrju	0
vesicorrectal	vɨzikɔʀɛtaɫ	vezikuʀɛtaɫ	v[ɨ]zik[ɔ]ʀɛtaɫ	v[e]zik[u]ʀɛtaɫ	0
vesicorretal	vɨzikɔʀɛtaɫ	vezikuʀɨtaɫ	v[ɨ]zik[ɔ]ʀ[ɛ]taɫ	v[e]zik[u]ʀ[ɨ]taɫ	0
vesicotomia	vɨzikɔtumiɐ	vezikutumiɐ	v[ɨ]zik[ɔ]tumiɐ	v[e]zik[u]tumiɐ	0
vesico-uterino	vɨzikɔutɨrinu	vezikuutɨrinu	v[ɨ]zik[ɔ]utɨrinu	v[e]zik[u]utɨrinu	0
vesicouterino	vɨzikɔutɨrinu	vezikowtɨrinu	v[ɨ]zikɔ[u]tɨrinu	v[e]ziko[w]tɨrinu	0
vesicovaginal	vɨzikɔvɐʒinaɫ	vezikuvɐʒinaɫ	v[ɨ]zik[ɔ]vɐʒinaɫ	v[e]zik[u]vɐʒinaɫ	0
vesiculação	vɨzikulɐsɐ̃w̃	vezikulɐsɐ̃w̃	v[ɨ]zikulɐsɐ̃w̃	v[e]zikulɐsɐ̃w̃	0
vesícula	vɨzikulɐ	vezikulɐ	v[ɨ]zikulɐ	v[e]zikulɐ	0
vesiculectomia	vɨzikulɛktumiɐ	vezikulɛtumiɐ	v[ɨ]zikulɛ[k]tumiɐ	v[e]zikulɛ[]tumiɐ	0
vesiculífero	vɨzikulifɨru	vezikulifɨru	v[ɨ]zikulifɨru	v[e]zikulifɨru	0
vesiculiforme	vɨzikulifɔrmɨ	vezikulifɔrmɨ	v[ɨ]zikulifɔrmɨ	v[e]zikulifɔrmɨ	0
vesiculite	vɨzikulitɨ	vezikulitɨ	v[ɨ]zikulitɨ	v[e]zikulitɨ	0
vesiculoso	vɨzikulozu	vezikulozu	v[ɨ]zikulozu	v[e]zikulozu	0
vesiculotomia	vɨzikulɔtumiɐ	vezikulutumiɐ	v[ɨ]zikul[ɔ]tumiɐ	v[e]zikul[u]tumiɐ	0
vesonciense	vɨzõsjẽsɨ	vezõnsiẽnsɨ	v[ɨ]zõsj[ẽ]sɨ[]	v[e]zõn[]siẽns[ɨ]	0
vespeiro	vɨʃpɐjru	veʃpɐjru	v[ɨ]ʃpɐjru	v[e]ʃpɐjru	0
vesperal	vɨʃpɨraɫ	veʃpɨraɫ	v[ɨ]ʃpɨraɫ	v[e]ʃpɨraɫ	0
vespérias	vɨʃpɛrjɐʃ	veʃpɛrɪɐʃ	v[ɨ]ʃpɛr[j]ɐʃ	v[e]ʃpɛr[ɪ]ɐʃ	0
vespertino	vɨʃpɨrtinu	veʃpɨrtinu	v[ɨ]ʃpɨrtinu	v[e]ʃpɨrtinu	0
vespídeos	vɨʃpidjuʃ	veʃpidiwʃ	v[ɨ]ʃpidj[u]ʃ	v[e]ʃpidi[w]ʃ	0
vespídeo	vɨʃpidju	veʃpidiw	v[ɨ]ʃpidj[u]	v[e]ʃpidi[w]	0
vespilão	vɨʃpilɐ̃w̃	veʃpilɐ̃w̃	v[ɨ]ʃpilɐ̃w̃	v[e]ʃpilɐ̃w̃	0
vespilheira	vɨʃpiʎɐjrɐ	veʃpiʎɐjrɐ	v[ɨ]ʃpiʎɐjrɐ	v[e]ʃpiʎɐjrɐ	0
vessada	vɨsadɐ	vesadɐ	v[ɨ]sadɐ	v[e]sadɐ	0
vessadela	vɨsɐdɛlɐ	vesɐdɛlɐ	v[ɨ]sɐdɛlɐ	v[e]sɐdɛlɐ	0
vessadoiro	vɨsɐdojru	vesɐdojru	v[ɨ]sɐdojru	v[e]sɐdojru	0
vessadouro	vɨsɐdowru	vesɐdowru	v[ɨ]sɐdowru	v[e]sɐdowru	0
vestálias	vɨʃtaljɐʃ	veʃtalɪɐʃ	v[ɨ]ʃtal[j]ɐʃ	v[e]ʃtal[ɪ]ɐʃ	0
vestalidade	vɨʃtɐlidadɨ	veʃtɐlidadɨ	v[ɨ]ʃtɐlidadɨ	v[e]ʃtɐlidadɨ	0
vestalino	vɨʃtɐlinu	veʃtɐlinu	v[ɨ]ʃtɐlinu	v[e]ʃtɐlinu	0
vestiaria	vɨʃtjɐriɐ	veʃtiɐriɐ	v[ɨ]ʃt[j]ɐriɐ	v[e]ʃt[i]ɐriɐ	0
vestiário	vɨʃtjarju	veʃtiarju	v[ɨ]ʃt[j]arju	v[e]ʃt[i]arju	0
vestibular	vɨʃtibular	veʃtibular	v[ɨ]ʃtibular	v[e]ʃtibular	0
vestíbulo	vɨʃtibulu	veʃtibulu	v[ɨ]ʃtibulu	v[e]ʃtibulu	0
vestideira	vɨʃtidɐjrɐ	veʃtidɐjrɐ	v[ɨ]ʃtidɐjrɐ	v[e]ʃtidɐjrɐ	0
vestido	vɨʃtidu	veʃtidu	v[ɨ]ʃtidu	v[e]ʃtidu	0
vestidura	vɨʃtidurɐ	veʃtidurɐ	v[ɨ]ʃtidurɐ	v[e]ʃtidurɐ	0
vestigial	vɨʃtiʒjaɫ	veʃtiʒiaɫ	v[ɨ]ʃtiʒ[j]aɫ	v[e]ʃtiʒ[i]aɫ	0
vestígio	vɨʃtiʒju	veʃtiʒju	v[ɨ]ʃtiʒju	v[e]ʃtiʒju	0
vestimenta	vɨʃtimẽtɐ	veʃtimẽntɐ	v[ɨ]ʃtimẽtɐ[]	v[e]ʃtimẽnt[ɐ]	0
vestimenteiro	vɨʃtimẽtɐjru	veʃtimẽntɐjru	v[ɨ]ʃtimẽtɐjru[]	v[e]ʃtimẽntɐjr[u]	0
vestinos	vɨʃtinuʃ	veʃtinuʃ	v[ɨ]ʃtinuʃ	v[e]ʃtinuʃ	0
vestino	vɨʃtinu	veʃtinu	v[ɨ]ʃtinu	v[e]ʃtinu	0
vestuário	vɨʃtwarju	veʃtwarju	v[ɨ]ʃtwarju	v[e]ʃtwarju	0
vesúnico	vɨzuniku	vezuniku	v[ɨ]zuniku	v[e]zuniku	0
vesuvianita	vɨzuvjɐnitɐ	vezuviɐnitɐ	v[ɨ]zuv[j]ɐnitɐ	v[e]zuv[i]ɐnitɐ	0
vesuvianite	vɨzuvjɐnitɨ	vezuviɐnitɨ	v[ɨ]zuv[j]ɐnitɨ	v[e]zuv[i]ɐnitɨ	0
vesuviano	vɨzuvjɐnu	vezuviɐ̃nu	v[ɨ]zuv[j]ɐ[]nu	v[e]zuv[i]ɐ[̃]nu	0
veteramento	vɨtɨrɐmẽtu	vetɨrɐmẽntu	v[ɨ]tɨrɐmẽtu[]	v[e]tɨrɐmẽnt[u]	0
veteranice	vɨtɨrɐnisɨ	vetɨrɐnisɨ	v[ɨ]tɨrɐnisɨ	v[e]tɨrɐnisɨ	0
veterano	vɨtɨrɐnu	vetɨrɐ̃nu	v[ɨ]tɨrɐ[]nu	v[e]tɨrɐ[̃]nu	0
veterinária	vɨtɨrinarjɐ	vetɨrinarjɐ	v[ɨ]tɨrinarjɐ	v[e]tɨrinarjɐ	0
veterinário	vɨtɨrinarju	vetɨrinarju	v[ɨ]tɨrinarju	v[e]tɨrinarju	0
vetérrimo	vɨtɛʀimu	vetɛʀimu	v[ɨ]tɛʀimu	v[e]tɛʀimu	0
vetustade	vɨtuʃtadɨ	vetuʃtadɨ	v[ɨ]tuʃtadɨ	v[e]tuʃtadɨ	0
vetustez	vɨtuʃteʃ	vetuʃteʃ	v[ɨ]tuʃteʃ	v[e]tuʃteʃ	0
vetusto	vɨtuʃtu	vetuʃtu	v[ɨ]tuʃtu	v[e]tuʃtu	0
vezada	vɨzadɐ	vezadɐ	v[ɨ]zadɐ	v[e]zadɐ	0
vezeira	vɨzɐjrɐ	vezɐjrɐ	v[ɨ]zɐjrɐ	v[e]zɐjrɐ	0
vezeireiro	vɨzɐjrɐjru	vezɐjrɐjru	v[ɨ]zɐjrɐjru	v[e]zɐjrɐjru	0
vice-gerência	visɨʒɨrẽsjɐ	visɨʒerẽnsjɐ	visɨʒ[ɨ]rẽsjɐ[]	visɨʒ[e]rẽnsj[ɐ]	0
vice-gerente	visɨʒɨrẽtɨ	visɨʒerẽntɨ	visɨʒ[ɨ]rẽtɨ[]	visɨʒ[e]rẽnt[ɨ]	0
vice-legação	visɨlɨɡɐsɐ̃w̃	visɨleɡɐsɐ̃w̃	visɨl[ɨ]ɡɐsɐ̃w̃	visɨl[e]ɡɐsɐ̃w̃	0
vice-legado	visɨlɨɡadu	visɨleɡadu	visɨl[ɨ]ɡadu	visɨl[e]ɡadu	0
vice-presidencial	visɨprɨzidẽsjaɫ	visɨprezidensiaɫ	visɨpr[ɨ]zidẽ[]s[j]aɫ	visɨpr[e]zide[n]s[i]aɫ	0
vice-presidência	visɨprɨzidẽsjɐ	visɨprezidẽnsjɐ	visɨpr[ɨ]zidẽsjɐ[]	visɨpr[e]zidẽnsj[ɐ]	0
vice-presidente	visɨprɨzidẽtɨ	visɨprezidẽntɨ	visɨpr[ɨ]zidẽtɨ[]	visɨpr[e]zidẽnt[ɨ]	0
vienense	vjenẽsɨ	viɨnẽnsɨ	vj[e]nẽsɨ[]	vi[ɨ]nẽns[ɨ]	0
vila-regense	vilɐʀɨʒẽsɨ	vilɐʀeʒẽnsɨ	vilɐʀ[ɨ]ʒẽsɨ[]	vilɐʀ[e]ʒẽns[ɨ]	0
vila-verdense	vilɐvɨrdẽsɨ	vilɐverdẽnsɨ	vilɐv[ɨ]rdẽsɨ[]	vilɐv[e]rdẽns[ɨ]	0
viteloduto	vitelɔdutu	vitɨludutu	vit[e]l[ɔ]dutu	vit[ɨ]l[u]dutu	0
vitelogêneo	vitelɔʒenju	vitɨluʒeniw	vit[e]l[ɔ]ʒenj[u]	vit[ɨ]l[u]ʒeni[w]	0
vitelogéneo	vitelɔʒɛnju	vitɨluʒɛniw	vit[e]l[ɔ]ʒɛnj[u]	vit[ɨ]l[u]ʒɛni[w]	0
vitelogênese	vitelɔʒenɨzɨ	vitɨluʒenɨzɨ	vit[e]l[ɔ]ʒenɨzɨ	vit[ɨ]l[u]ʒenɨzɨ	0
vitelogénese	vitelɔʒɛnɨzɨ	vitɨluʒɛnɨzɨ	vit[e]l[ɔ]ʒɛnɨzɨ	vit[ɨ]l[u]ʒɛnɨzɨ	0
vituperação	vitupɨrɐsɐ̃w̃	vituperɐsɐ̃w̃	vitup[ɨ]rɐsɐ̃w̃	vitup[e]rɐsɐ̃w̃	0
vituperador	vitupɨrɐdor	vituperɐdor	vitup[ɨ]rɐdor	vitup[e]rɐdor	0
vituperativo	vitupɨrɐtivu	vituperɐtivu	vitup[ɨ]rɐtivu	vitup[e]rɐtivu	0
vituperioso	vitupɨrjozu	vituperiozu	vitup[ɨ]r[j]ozu	vitup[e]r[i]ozu	0
vociferação	vusifɨrɐsɐ̃w̃	vusiferɐsɐ̃w̃	vusif[ɨ]rɐsɐ̃w̃	vusif[e]rɐsɐ̃w̃	0
vociferador	vusifɨrɐdor	vusiferɐdor	vusif[ɨ]rɐdor	vusif[e]rɐdor	0
wagneriano	vaɡnɨrjɐnu	vaɡneriɐ̃nu	vaɡn[ɨ]r[j]ɐ[]nu	vaɡn[e]r[i]ɐ[̃]nu	0
wagnerismo	vaɡnɨriʒmu	vaɡneriʒmu	vaɡn[ɨ]riʒmu	vaɡn[e]riʒmu	0
watt-segundo	wɔtsɨɡũdu	wɔtseɡũndu	wɔts[ɨ]ɡũdu[]	wɔts[e]ɡũnd[u]	0
weberiano	vɛbɨrjɐnu	vɛberiɐ̃nu	vɛb[ɨ]r[j]ɐ[]nu	vɛb[e]r[i]ɐ[̃]nu	0
xelindró	ʃɨlĩdrɔ	ʃelĩndrɔ	ʃ[ɨ]lĩdrɔ[]	ʃ[e]lĩndr[ɔ]	0
xenartro	ʃɨnartru	ʃenartru	ʃ[ɨ]nartru	ʃ[e]nartru	0
xenato	ʃɨnatu	ʃenatu	ʃ[ɨ]natu	ʃ[e]natu	0
xenelasia	ʃɨnɨlɐziɐ	ʃenɨlɐziɐ	ʃ[ɨ]nɨlɐziɐ	ʃ[e]nɨlɐziɐ	0
xenismo	ʃɨniʒmu	ʃeniʒmu	ʃ[ɨ]niʒmu	ʃ[e]niʒmu	0
xenobiose	ʃɨnɔbjɔzɨ	ʃenubiɔzɨ	ʃ[ɨ]n[ɔ]b[j]ɔzɨ	ʃ[e]n[u]b[i]ɔzɨ	0
xenodonte	ʃɨnɔdõtɨ	ʃenudõntɨ	ʃ[ɨ]n[ɔ]dõtɨ[]	ʃ[e]n[u]dõnt[ɨ]	0
xenofilia	ʃɨnɔfiliɐ	ʃenufiliɐ	ʃ[ɨ]n[ɔ]filiɐ	ʃ[e]n[u]filiɐ	0
xenófilo	ʃɨnɔfilu	ʃenɔfilu	ʃ[ɨ]nɔfilu	ʃ[e]nɔfilu	0
xenofobia	ʃɨnɔfubiɐ	ʃenufubiɐ	ʃ[ɨ]n[ɔ]fubiɐ	ʃ[e]n[u]fubiɐ	0
xenofobismo	ʃɨnɔfubiʒmu	ʃenufubiʒmu	ʃ[ɨ]n[ɔ]fubiʒmu	ʃ[e]n[u]fubiʒmu	0
xenófobo	ʃɨnɔfubu	ʃenɔfubu	ʃ[ɨ]nɔfubu	ʃ[e]nɔfubu	0
xenólito	ʃɨnɔlitu	ʃenɔlitu	ʃ[ɨ]nɔlitu	ʃ[e]nɔlitu	0
xenologia	ʃɨnuluʒiɐ	ʃenuluʒiɐ	ʃ[ɨ]nuluʒiɐ	ʃ[e]nuluʒiɐ	0
xenomania	ʃɨnɔmɐniɐ	ʃenumɐniɐ	ʃ[ɨ]n[ɔ]mɐniɐ	ʃ[e]n[u]mɐniɐ	0
xenomórfico	ʃɨnɔmɔrfiku	ʃenumɔrfiku	ʃ[ɨ]n[ɔ]mɔrfiku	ʃ[e]n[u]mɔrfiku	0
xenótimo	ʃɨnɔtimu	ʃenɔtimu	ʃ[ɨ]nɔtimu	ʃ[e]nɔtimu	0
xerafim	ʃɨrɐfĩ	ʃerɐfĩn	ʃ[ɨ]rɐfĩ[]	ʃ[e]rɐfĩ[n]	0
xerasia	ʃɨrɐziɐ	ʃerɐziɐ	ʃ[ɨ]rɐziɐ	ʃ[e]rɐziɐ	0
xereta	ʃɨretɐ	ʃeretɐ	ʃ[ɨ]retɐ	ʃ[e]retɐ	0
xeretar	ʃɨrɨtar	ʃerɨtar	ʃ[ɨ]rɨtar	ʃ[e]rɨtar	0
xerifado	ʃɨrifadu	ʃerifadu	ʃ[ɨ]rifadu	ʃ[e]rifadu	0
xerifino	ʃɨrifinu	ʃerifinu	ʃ[ɨ]rifinu	ʃ[e]rifinu	0
xerimbabo	ʃɨrĩbabu	ʃerĩmbabu	ʃ[ɨ]rĩb[a]bu[]	ʃ[e]rĩ[m]bab[u]	0
xeringosa	ʃɨrĩɡɔzɐ	ʃerĩnɡɔzɐ	ʃ[ɨ]rĩɡɔzɐ[]	ʃ[e]rĩnɡɔz[ɐ]	0
xeringueira	ʃɨrĩɡɐjrɐ	ʃerĩnɡwɐjrɐ	ʃ[ɨ]rĩɡɐj[r]ɐ[]	ʃ[e]rĩnɡ[w]ɐjr[ɐ]	0
xerocar	ʃɨrukar	ʃerukar	ʃ[ɨ]rukar	ʃ[e]rukar	0
xeroma	ʃɨromɐ	ʃeromɐ	ʃ[ɨ]romɐ	ʃ[e]romɐ	0
xerose	ʃɨrɔzɨ	ʃerɔzɨ	ʃ[ɨ]rɔzɨ	ʃ[e]rɔzɨ	0
xerume	ʃɨrumɨ	ʃerumɨ	ʃ[ɨ]rumɨ	ʃ[e]rumɨ	0
xetetê	ʃetete	ʃetɨte	ʃet[e]te	ʃet[ɨ]te	0
xisserradurana	ʃiseʀɐdurɐnɐ	ʃisɨʀɐdurɐ̃nɐ	ʃis[e]ʀɐdurɐ[]nɐ	ʃis[ɨ]ʀɐdurɐ[̃]nɐ	0
zebiche	zɨbiʃɨ	zebiʃɨ	z[ɨ]biʃɨ	z[e]biʃɨ	0
zebrado	zɨbradu	zebradu	z[ɨ]bradu	z[e]bradu	0
zebrainho	zɨbrɐiɲu	zebrɐiɲu	z[ɨ]brɐiɲu	z[e]brɐiɲu	0
zebrário	zɨbrarju	zebrarju	z[ɨ]brarju	z[e]brarju	0
zebrino	zɨbrinu	zebrinu	z[ɨ]brinu	z[e]brinu	0
zebroide	zɨbrɔjdɨ	zebrɔjdɨ	z[ɨ]brɔjdɨ	z[e]brɔjdɨ	0
zebróide	zɨbrɔjdɨ	zebrɔjdɨ	z[ɨ]brɔjdɨ	z[e]brɔjdɨ	0
zebruno	zɨbrunu	zebrunu	z[ɨ]brunu	z[e]brunu	0
zedoária	zɨdwarjɐ	zeduarjɐ	z[ɨ]d[w]arjɐ	z[e]d[u]arjɐ	0
zefire	zɨfirɨ	zefirɨ	z[ɨ]firɨ	z[e]firɨ	0
zefirino	zɨfirinu	zefirinu	z[ɨ]firinu	z[e]firinu	0
zelação	zɨlɐsɐ̃w̃	zelɐsɐ̃w̃	z[ɨ]lɐsɐ̃w̃	z[e]lɐsɐ̃w̃	0
zeladoria	zɨlɐduriɐ	zelɐduriɐ	z[ɨ]lɐduriɐ	z[e]lɐduriɐ	0
zelador	zɨlɐdor	zelɐdor	z[ɨ]lɐdor	z[e]lɐdor	0
zelandês	zɨlɐ̃deʃ	zelɐ̃ndeʃ	z[ɨ]lɐ̃[]deʃ	z[e]lɐ̃[n]deʃ	0
zelante	zɨlɐ̃tɨ	zelɐ̃ntɨ	z[ɨ]lɐ̃[]tɨ	z[e]lɐ̃[n]tɨ	0
zelosia	zɨluziɐ	zeluziɐ	z[ɨ]luziɐ	z[e]luziɐ	0
zeloso	zɨlozu	zelozu	z[ɨ]lozu	z[e]lozu	0
zelote	zɨlɔtɨ	zelɔtɨ	z[ɨ]lɔtɨ	z[e]lɔtɨ	0
zenetas	zɨnetɐʃ	zenetɐʃ	z[ɨ]netɐʃ	z[e]netɐʃ	0
zeneta	zɨnetɐ	zenetɐ	z[ɨ]netɐ	z[e]netɐ	0
zenital	zɨnitaɫ	zenitaɫ	z[ɨ]nitaɫ	z[e]nitaɫ	0
zenônico	zɨnoniku	zenoniku	z[ɨ]noniku	z[e]noniku	0
zenónico	zɨnɔniku	zenɔniku	z[ɨ]nɔniku	z[e]nɔniku	0
zenonismo	zɨnuniʒmu	zenuniʒmu	z[ɨ]nuniʒmu	z[e]nuniʒmu	0
zenonista	zɨnuniʃtɐ	zenuniʃtɐ	z[ɨ]nuniʃtɐ	z[e]nuniʃtɐ	0
zepelim	zɨpɨlĩ	zepɨlĩn	z[ɨ]pɨlĩ[]	z[e]pɨlĩ[n]	0
zé-pereira	zɛpɨrɐjrɐ	zɛperɐjrɐ	zɛp[ɨ]rɐjrɐ	zɛp[e]rɐjrɐ	0
zerbada	zɨrbadɐ	zerbadɐ	z[ɨ]rbadɐ	z[e]rbadɐ	0
zeribanda	zɨribɐ̃dɐ	zeribɐ̃ndɐ	z[ɨ]ribɐ̃[]dɐ	z[e]ribɐ̃[n]dɐ	0
zerichia	zɨriʃiɐ	zeriʃiɐ	z[ɨ]riʃiɐ	z[e]riʃiɐ	0
zerumba	zɨrũbɐ	zerũmbɐ	z[ɨ]rũbɐ[]	z[e]rũmb[ɐ]	0
zerumbete	zɨrũbetɨ	zerũmbɛtɨ	z[ɨ]rũbetɨ[]	z[e]rũmbɛt[ɨ]	0
zetacismo	zɨtɐsiʒmu	zetɐsiʒmu	z[ɨ]tɐsiʒmu	z[e]tɐsiʒmu	0
zetética	zɨtɛtikɐ	zetɛtikɐ	z[ɨ]tɛtikɐ	z[e]tɛtikɐ	0
zetético	zɨtɛtiku	zetɛtiku	z[ɨ]tɛtiku	z[e]tɛtiku	0
zuelar	zwelar	zuɨlar	zw[e]lar	zu[ɨ]lar	0
