abdominalgia	ɐbdɔminaɫʒiɐ	ɐbduminaɫʒiɐ	ɐbd[ɔ]minaɫʒiɐ	ɐbd[u]minaɫʒiɐ	0
abdominocentese	ɐbdɔminɔsẽtɛzɨ	ɐbduminusẽntɛzɨ	ɐbd[ɔ]min[ɔ]sẽtɛzɨ[]	ɐbd[u]min[u]sẽntɛz[ɨ]	0
abdominocístico	ɐbdɔminɔsiʃtiku	ɐbduminusiʃtiku	ɐbd[ɔ]min[ɔ]siʃtiku	ɐbd[u]min[u]siʃtiku	0
abdominogenital	ɐbdɔminɔʒɨnitaɫ	ɐbduminuʒenitaɫ	ɐbd[ɔ]min[ɔ]ʒ[ɨ]nitaɫ	ɐbd[u]min[u]ʒ[e]nitaɫ	0
abdominoplastia	ɐbdɔminɔplɐʃtiɐ	ɐbduminuplɐʃtiɐ	ɐbd[ɔ]min[ɔ]plɐʃtiɐ	ɐbd[u]min[u]plɐʃtiɐ	0
abdominoscopia	ɐbduminɔʃkupiɐ	ɐbduminuʃkupiɐ	ɐbdumin[ɔ]ʃkupiɐ	ɐbdumin[u]ʃkupiɐ	0
abdominoscópico	ɐbduminɔʃkɔpiku	ɐbduminuʃkɔpiku	ɐbdumin[ɔ]ʃkɔpiku	ɐbdumin[u]ʃkɔpiku	0
abdominoscrotal	ɐbdɔminɔʃkrutaɫ	ɐbduminuʃkrutaɫ	ɐbd[ɔ]min[ɔ]ʃkrutaɫ	ɐbd[u]min[u]ʃkrutaɫ	0
abdominotorácico	ɐbduminɔtɔrasiku	ɐbduminuturasiku	ɐbdumin[ɔ]t[ɔ]rasiku	ɐbdumin[u]t[u]rasiku	0
abdominovaginal	ɐbdɔminɔvɐʒinaɫ	ɐbduminuvɐʒinaɫ	ɐbd[ɔ]min[ɔ]vɐʒinaɫ	ɐbd[u]min[u]vɐʒinaɫ	0
abdominovesical	ɐbdɔminɔvɨzikaɫ	ɐbduminuvezikaɫ	ɐbd[ɔ]min[ɔ]v[ɨ]zikaɫ	ɐbd[u]min[u]v[e]zikaɫ	0
abiofisiologia	ɐbjɔfizjuluʒiɐ	ɐbiufiziuluʒiɐ	ɐbj[ɔ]fiz[j]uluʒiɐ	ɐbi[u]fiz[i]uluʒiɐ	0
abiogênese	ɐbjɔʒenɨzɨ	ɐbiuʒenɨzɨ	ɐbj[ɔ]ʒenɨzɨ	ɐbi[u]ʒenɨzɨ	0
abiogénese	ɐbjɔʒɛnɨzɨ	ɐbiuʒɛnɨzɨ	ɐbj[ɔ]ʒɛnɨzɨ	ɐbi[u]ʒɛnɨzɨ	0
abiogenista	ɐbjɔʒɨniʃtɐ	ɐbiuʒɨniʃtɐ	ɐbj[ɔ]ʒɨniʃtɐ	ɐbi[u]ʒɨniʃtɐ	0
abiotrofia	ɐbiɔtrufiɐ	ɐbiutrufiɐ	ɐbi[ɔ]trufiɐ	ɐbi[u]trufiɐ	0
ablutofobia	ɐblutɔfubiɐ	ɐblutufubiɐ	ɐblut[ɔ]fubiɐ	ɐblut[u]fubiɐ	0
aboclusão	ɐbɔkluzɐ̃w̃	ɐbukluzɐ̃w̃	ɐb[ɔ]kluzɐ̃w̃	ɐb[u]kluzɐ̃w̃	0
aboral	ɐbɔraɫ	ɐburaɫ	ɐb[ɔ]raɫ	ɐb[u]raɫ	0
abraquiocefalia	ɐbrɐkjɔsɨfɐliɐ	ɐbrɐkiusefɐliɐ	ɐbrɐkj[ɔ]s[ɨ]fɐliɐ	ɐbrɐki[u]s[e]fɐliɐ	0
absorção	ɐbsɔrsɐ̃w̃	ɐbsursɐ̃w̃	ɐbs[ɔ]rsɐ̃w̃	ɐbs[u]rsɐ̃w̃	0
absorciometria	ɐbsɔrsjɔmɨtria	ɐbsursiumɨtriɐ	ɐbs[ɔ]rsj[ɔ]mɨtri[a]	ɐbs[u]rsi[u]mɨtri[ɐ]	0
absorciométrico	ɐbsɔrsjɔmɛtriku	ɐbsursiumɛtriku	ɐbs[ɔ]rsj[ɔ]mɛtriku	ɐbs[u]rsi[u]mɛtriku	0
absorciômetro	ɐbsɔrsjomɨtru	ɐbsursjomɨtru	ɐbs[ɔ]rsjomɨtru	ɐbs[u]rsjomɨtru	0
absorciómetro	ɐbsɔrsjɔmɨtru	ɐbsursiɔmɨtru	ɐbs[ɔ]rs[j]ɔmɨtru	ɐbs[u]rs[i]ɔmɨtru	0
acardiotrofia	ɐkɐrdjɔtrufiɐ	ɐkɐrdjutrufiɐ	ɐkɐrdj[ɔ]trufiɐ	ɐkɐrdj[u]trufiɐ	0
acarochado	ɐkɐrɔʃadu	ɐkɐruʃadu	ɐkɐr[ɔ]ʃadu	ɐkɐr[u]ʃadu	0
acarofobia	ɐkɐrɔfubiɐ	ɐkɐrufubiɐ	ɐkɐr[ɔ]fubiɐ	ɐkɐr[u]fubiɐ	0
acaustobiólito	ɐkawʃtɔbjɔlitu	ɐkawʃtubiɔlitu	ɐkawʃt[ɔ]b[j]ɔlitu	ɐkawʃt[u]b[i]ɔlitu	0
acefalobraquia	ɐsɨfɐlɔbrɐkiɐ	ɐsɨfɐlubrɐkiɐ	ɐsɨfɐl[ɔ]brɐkiɐ	ɐsɨfɐl[u]brɐkiɐ	0
acefalocardia	ɐsɨfɐlɔkɐrdiɐ	ɐsɨfɐlukɐrdiɐ	ɐsɨfɐl[ɔ]kɐrdiɐ	ɐsɨfɐl[u]kɐrdiɐ	0
acefalocistia	ɐsɨfɐlɔsiʃtiɐ	ɐsɨfɐlusiʃtiɐ	ɐsɨfɐl[ɔ]siʃtiɐ	ɐsɨfɐl[u]siʃtiɐ	0
acefalogastria	ɐsɨfɐlɔɡaʃtriɐ	ɐsɨfɐluɡɐʃtriɐ	ɐsɨfɐl[ɔ]ɡ[a]ʃtriɐ	ɐsɨfɐl[u]ɡ[ɐ]ʃtriɐ	0
acefalopodia	ɐsɨfɐlɔpudiɐ	ɐsɨfɐlupudiɐ	ɐsɨfɐl[ɔ]pudiɐ	ɐsɨfɐl[u]pudiɐ	0
acefaloquiria	ɐsɨfɐlɔkiriɐ	ɐsɨfɐlukiriɐ	ɐsɨfɐl[ɔ]kiriɐ	ɐsɨfɐl[u]kiriɐ	0
acetonúrico	ɐsɨtɔnuriku	ɐsɨtunuriku	ɐsɨt[ɔ]nuriku	ɐsɨt[u]nuriku	0
acetoxídase	ɐsɨtɔksidɐzɨ	ɐsɨtuksidɐzɨ	ɐsɨt[ɔ]ksidɐzɨ	ɐsɨt[u]ksidɐzɨ	0
acloroblepsia	ɐklɔrɔblɛpsiɐ	ɐklurublɨpsiɐ	ɐkl[ɔ]r[ɔ]bl[ɛ]psiɐ	ɐkl[u]r[u]bl[ɨ]psiɐ	0
aclorobléptico	ɐklɔrɔblɛptiku	ɐklurublɛptiku	ɐkl[ɔ]r[ɔ]blɛptiku	ɐkl[u]r[u]blɛptiku	0
acocado	ɐkɔkadu	ɐkukadu	ɐk[ɔ]kadu	ɐk[u]kadu	0
acordeão	ɐkɔrdjɐ̃w̃	ɐkurdiɐ̃w̃	ɐk[ɔ]rd[j]ɐ̃w̃	ɐk[u]rd[i]ɐ̃w̃	0
acordeom	ɐkɔrdjõ	ɐkurdiõm	ɐk[ɔ]rdjõ[]	ɐk[u]rdiõ[m]	0
acordeonista	ɐkɔrdjuniʃtɐ	ɐkurdiuniʃtɐ	ɐk[ɔ]rd[j]uniʃtɐ	ɐk[u]rd[i]uniʃtɐ	0
acridofagia	ɐkridɔfɐʒiɐ	ɐkridufɐʒiɐ	ɐkrid[ɔ]fɐʒiɐ	ɐkrid[u]fɐʒiɐ	0
acrocêntrico	ɐkrɔsẽtriku	ɐkrusẽntriku	ɐkr[ɔ]sẽtriku[]	ɐkr[u]sẽntrik[u]	0
acrochado	ɐkrɔʃadu	ɐkruʃadu	ɐkr[ɔ]ʃadu	ɐkr[u]ʃadu	0
acrodermatite	ɐkrɔdɛrmɐtitɨ	ɐkrudɨrmɐtitɨ	ɐkr[ɔ]d[ɛ]rmɐtitɨ	ɐkr[u]d[ɨ]rmɐtitɨ	0
acrofobia	ɐkrɔfubiɐ	ɐkrufubiɐ	ɐkr[ɔ]fubiɐ	ɐkr[u]fubiɐ	0
acrofóbico	ɐkrɔfɔbiku	ɐkrufɔbiku	ɐkr[ɔ]fɔbiku	ɐkr[u]fɔbiku	0
acroíte	ɐkrɔitɨ	ɐkruitɨ	ɐkr[ɔ]itɨ	ɐkr[u]itɨ	0
acroleína	ɐkrɔlɐinɐ	ɐkrulɨinɐ	ɐkr[ɔ]l[ɐ]inɐ	ɐkr[u]l[ɨ]inɐ	0
acromania	ɐkrɔmɐniɐ	ɐkrumɐniɐ	ɐkr[ɔ]mɐniɐ	ɐkr[u]mɐniɐ	0
acromatina	ɐkrɔmɐtinɐ	ɐkrumɐtinɐ	ɐkr[ɔ]mɐtinɐ	ɐkr[u]mɐtinɐ	0
acromatopsia	ɐkrɔmɐtɔpsiɐ	ɐkrumɐtupsiɐ	ɐkr[ɔ]mɐt[ɔ]psiɐ	ɐkr[u]mɐt[u]psiɐ	0
acromatópsico	ɐkrɔmɐtɔpsiku	ɐkrumɐtɔpsiku	ɐkr[ɔ]mɐtɔpsiku	ɐkr[u]mɐtɔpsiku	0
acromegalia	ɐkrɔmɛɡɐliɐ	ɐkrumeɡɐliɐ	ɐkr[ɔ]m[ɛ]ɡɐliɐ	ɐkr[u]m[e]ɡɐliɐ	0
acromegalista	ɐkrɔmɛɡɐliʃtɐ	ɐkrumeɡɐliʃtɐ	ɐkr[ɔ]m[ɛ]ɡɐliʃtɐ	ɐkr[u]m[e]ɡɐliʃtɐ	0
acromegalístico	ɐkrɔmɛɡɐliʃtiku	ɐkrumeɡɐliʃtiku	ɐkr[ɔ]m[ɛ]ɡɐliʃtiku	ɐkr[u]m[e]ɡɐliʃtiku	0
acronímia	ɐkrɔnimjɐ	ɐkrunimjɐ	ɐkr[ɔ]nimjɐ	ɐkr[u]nimjɐ	0
acropétalo	ɐkrɔpɛtɐlu	ɐkrupɛtɐlu	ɐkr[ɔ]pɛtɐlu	ɐkr[u]pɛtɐlu	0
acrosofia	ɐkrɔzufiɐ	ɐkruzufiɐ	ɐkr[ɔ]zufiɐ	ɐkr[u]zufiɐ	0
acrossoma	ɐkrɔsomɐ	ɐkrusomɐ	ɐkr[ɔ]somɐ	ɐkr[u]somɐ	0
adeno-hipófise	ɐdenɔipɔfizɨ	ɐdenuipɔfizɨ	ɐden[ɔ]ipɔfizɨ	ɐden[u]ipɔfizɨ	0
adeno-hipofisiário	ɐdenɔipɔfizjarju	ɐdenuipɔfiziarju	ɐden[ɔ]ipɔfiz[j]arju	ɐden[u]ipɔfiz[i]arju	0
adenomectomia	ɐdɨnɔmɛktumiɐ	ɐdɨnumɛtumiɐ	ɐdɨn[ɔ]mɛ[k]tumiɐ	ɐdɨn[u]mɛ[]tumiɐ	0
adenopatia	ɐdɨnɔpɐtiɐ	ɐdɨnupɐtiɐ	ɐdɨn[ɔ]pɐtiɐ	ɐdɨn[u]pɐtiɐ	0
adenopático	ɐdɨnɔpatiku	ɐdɨnupatiku	ɐdɨn[ɔ]patiku	ɐdɨn[u]patiku	0
adipocera	ɐdipɔsɛra	ɐdipuserɐ	ɐdip[ɔ]s[ɛ]r[a]	ɐdip[u]s[e]r[ɐ]	0
adipoceriforme	ɐdipɔsɨrifɔrmɨ	ɐdipusɨrifɔrmɨ	ɐdip[ɔ]sɨrifɔrmɨ	ɐdip[u]sɨrifɔrmɨ	0
adoção	ɐdɔsɐ̃w̃	ɐdusɐ̃w̃	ɐd[ɔ]sɐ̃w̃	ɐd[u]sɐ̃w̃	0
adocionismo	ɐdɔsjuniʒmu	ɐdusjuniʒmu	ɐd[ɔ]sjuniʒmu	ɐd[u]sjuniʒmu	0
adopção	ɐdɔpsɐ̃w̃	ɐdupsɐ̃w̃	ɐd[ɔ]psɐ̃w̃	ɐd[u]psɐ̃w̃	0
adopcionismo	ɐdɔpsjuniʒmu	ɐdupsjuniʒmu	ɐd[ɔ]psjuniʒmu	ɐd[u]psjuniʒmu	0
adoptado	ɐdɔptadu	ɐduptadu	ɐd[ɔ]ptadu	ɐd[u]ptadu	0
adoptante	ɐdɔptɐ̃tɨ	ɐduptɐ̃ntɨ	ɐd[ɔ]ptɐ̃[]tɨ	ɐd[u]ptɐ̃[n]tɨ	0
adoptar	ɐdɔptar	ɐduptar	ɐd[ɔ]ptar	ɐd[u]ptar	0
adoptável	ɐdɔptavɛɫ	ɐduptavɛɫ	ɐd[ɔ]ptavɛɫ	ɐd[u]ptavɛɫ	0
adoptivo	ɐdɔptivu	ɐduptivu	ɐd[ɔ]ptivu	ɐd[u]ptivu	0
adotado	ɐdɔtadu	ɐdutadu	ɐd[ɔ]tadu	ɐd[u]tadu	0
adotante	ɐdɔtɐ̃tɨ	ɐdutɐ̃ntɨ	ɐd[ɔ]tɐ̃[]tɨ	ɐd[u]tɐ̃[n]tɨ	0
adotar	ɐdɔtar	ɐdutar	ɐd[ɔ]tar	ɐd[u]tar	0
adotável	ɐdɔtavɛɫ	ɐdutavɛɫ	ɐd[ɔ]tavɛɫ	ɐd[u]tavɛɫ	0
adotivo	ɐdɔtivu	ɐdutivu	ɐd[ɔ]tivu	ɐd[u]tivu	0
adsorção	ɐdsɔrsɐ̃w̃	ɐdsursɐ̃w̃	ɐds[ɔ]rsɐ̃w̃	ɐds[u]rsɐ̃w̃	0
adsorvente	ɐdsɔrvẽtɨ	ɐdsurvẽntɨ	ɐds[ɔ]rvẽtɨ[]	ɐds[u]rvẽnt[ɨ]	0
adsorver	ɐdsɔrver	ɐdsurver	ɐds[ɔ]rver	ɐds[u]rver	0
aerogeologia	ɐɛʀɔʒjuluʒiɐ	ɐɨruʒiuluʒiɐ	ɐɛʀ[ɔ]ʒ[j]uluʒiɐ	ɐɨr[u]ʒ[i]uluʒiɐ	0
aerogeológico	ɐɛʀɔʒjulɔʒiku	ɐɨruʒiulɔʒiku	ɐɛʀ[ɔ]ʒ[j]ulɔʒiku	ɐɨr[u]ʒ[i]ulɔʒiku	0
aerognosia	ɐɛʀɔɡnuziɐ	ɐɨruɡnuziɐ	ɐɛʀ[ɔ]ɡnuziɐ	ɐɨr[u]ɡnuziɐ	0
aerognóstico	ɐɛʀɔɡnɔʃtiku	ɐɨruɡnɔʃtiku	ɐɛʀ[ɔ]ɡnɔʃtiku	ɐɨr[u]ɡnɔʃtiku	0
afomear	ɐfɔmjar	ɐfumiar	ɐf[ɔ]m[j]ar	ɐf[u]m[i]ar	0
afro	afrɔ	afru	afr[ɔ]	afr[u]	0
afro-americano	afrɔɐmɨrikɐnu	afruɐmerikɐ̃nu	afr[ɔ]ɐm[ɨ]rikɐ[]nu	afr[u]ɐm[e]rikɐ[̃]nu	0
afro-árabe	afrɔarɐbɨ	afruarɐbɨ	afr[ɔ]arɐbɨ	afr[u]arɐbɨ	0
afro-asiático	afrɔɐzjatiku	afruɐziatiku	afr[ɔ]ɐz[j]atiku	afr[u]ɐz[i]atiku	0
afro-brasileiro	afrɔbrɐzilɐjru	afrubrɐzilɐjru	afr[ɔ]brɐzilɐjru	afr[u]brɐzilɐjru	0
afro-cubano	afrɔkubɐnu	afrukubɐ̃nu	afr[ɔ]kubɐ[]nu	afr[u]kubɐ[̃]nu	0
afrodisia	ɐfrɔdiziɐ	ɐfrudiziɐ	ɐfr[ɔ]diziɐ	ɐfr[u]diziɐ	0
afrodisíaco	ɐfrɔdiziɐku	ɐfrudiziɐku	ɐfr[ɔ]diziɐku	ɐfr[u]diziɐku	0
afrodita	ɐfrɔditɐ	ɐfruditɐ	ɐfr[ɔ]ditɐ	ɐfr[u]ditɐ	0
afroditopolita	ɐfrɔditɔpulitɐ	ɐfruditupulitɐ	ɐfr[ɔ]dit[ɔ]pulitɐ	ɐfr[u]dit[u]pulitɐ	0
aglicosúria	ɐɡlikɔzurjɐ	ɐɡlikuzurjɐ	ɐɡlik[ɔ]zurjɐ	ɐɡlik[u]zurjɐ	0
aglicosúrico	ɐɡlikɔzuriku	ɐɡlikuzuriku	ɐɡlik[ɔ]zuriku	ɐɡlik[u]zuriku	0
aglossia	ɐɡlɔsiɐ	ɐɡlusiɐ	ɐɡl[ɔ]siɐ	ɐɡl[u]siɐ	0
aglutinogênio	ɐɡlutinɔʒenju	ɐɡlutinuʒenju	ɐɡlutin[ɔ]ʒenju	ɐɡlutin[u]ʒenju	0
aglutinogénio	ɐɡlutinɔʒɛnju	ɐɡlutinuʒɛnju	ɐɡlutin[ɔ]ʒɛnju	ɐɡlutin[u]ʒɛnju	0
agnosticismo	ɐɡnɔʃtisiʒmu	ɐɡnuʃtisiʒmu	ɐɡn[ɔ]ʃtisiʒmu	ɐɡn[u]ʃtisiʒmu	0
agnosticista	ɐɡnɔʃtisiʃtɐ	ɐɡnuʃtisiʃtɐ	ɐɡn[ɔ]ʃtisiʃtɐ	ɐɡn[u]ʃtisiʃtɐ	0
agnostozoico	ɐɡnɔʃtɔzɔjku	ɐɡnuʃtuzɔjku	ɐɡn[ɔ]ʃt[ɔ]zɔjku	ɐɡn[u]ʃt[u]zɔjku	0
agnostozóico	ɐɡnɔʃtɔzɔjku	ɐɡnuʃtuzɔjku	ɐɡn[ɔ]ʃt[ɔ]zɔjku	ɐɡn[u]ʃt[u]zɔjku	0
agorinha	ɐɡɔriɲɐ	ɐɡuriɲɐ	ɐɡ[ɔ]riɲɐ	ɐɡ[u]riɲɐ	0
agranulocitose	ɐɡrɐnulɔsitɔzɨ	ɐɡrɐnulusitɔzɨ	ɐɡrɐnul[ɔ]sitɔzɨ	ɐɡrɐnul[u]sitɔzɨ	0
agranulocitótico	ɐɡrɐnulɔsitɔtiku	ɐɡrɐnulusitɔtiku	ɐɡrɐnul[ɔ]sitɔtiku	ɐɡrɐnul[u]sitɔtiku	0
agro-alimentar	aɡrɔɐlimẽtar	aɡruɐlimẽntar	aɡr[ɔ]ɐlimẽtar[]	aɡr[u]ɐlimẽnta[r]	0
agro-doce	aɡrɔdosɨ	aɡrudosɨ	aɡr[ɔ]dosɨ	aɡr[u]dosɨ	0
agro-geologia	aɡrɔʒjuluʒiɐ	aɡruʒiuluʒiɐ	aɡr[ɔ]ʒ[j]uluʒiɐ	aɡr[u]ʒ[i]uluʒiɐ	0
agro-geológico	aɡrɔʒjulɔʒiku	aɡruʒiulɔʒiku	aɡr[ɔ]ʒ[j]ulɔʒiku	aɡr[u]ʒ[i]ulɔʒiku	0
agrografia	ɐɡrɔɡrɐfiɐ	ɐɡruɡrɐfiɐ	ɐɡr[ɔ]ɡrɐfiɐ	ɐɡr[u]ɡrɐfiɐ	0
agro-meteorologia	aɡrɔmɨtjuruluʒiɐ	aɡrumetiuruluʒiɐ	aɡr[ɔ]m[ɨ]t[j]uruluʒiɐ	aɡr[u]m[e]t[i]uruluʒiɐ	0
agro-meteorológico	aɡrɔmɨtjurulɔʒiku	aɡrumetiurulɔʒiku	aɡr[ɔ]m[ɨ]t[j]urulɔʒiku	aɡr[u]m[e]t[i]urulɔʒiku	0
agro-pastoril	aɡrɔpɐʃturiɫ	aɡrupɐʃturiɫ	aɡr[ɔ]pɐʃturiɫ	aɡr[u]pɐʃturiɫ	0
agro-pecuária	aɡrɔpɨkwarjɐ	aɡrupekwarjɐ	aɡr[ɔ]p[ɨ]kwarjɐ	aɡr[u]p[e]kwarjɐ	0
agro-pecuário	aɡrɔpɨkwarju	aɡrupekwarju	aɡr[ɔ]p[ɨ]kwarju	aɡr[u]p[e]kwarju	0
agro-química	aɡrɔkimikɐ	aɡrukimikɐ	aɡr[ɔ]kimikɐ	aɡr[u]kimikɐ	0
agro-químico	aɡrɔkimiku	aɡrukimiku	aɡr[ɔ]kimiku	aɡr[u]kimiku	0
agro-turismo	aɡrɔturiʒmu	aɡruturiʒmu	aɡr[ɔ]turiʒmu	aɡr[u]turiʒmu	0
ailurofilia	ajlurɔfiliɐ	ajlurufiliɐ	ajlur[ɔ]filiɐ	ajlur[u]filiɐ	0
ailurofobia	ajlurɔfubiɐ	ajlurufubiɐ	ajlur[ɔ]fubiɐ	ajlur[u]fubiɐ	0
alcalino-terroso	aɫkɐlinɔtɨʀozu	aɫkɐlinuteʀozu	aɫkɐlin[ɔ]t[ɨ]ʀozu	aɫkɐlin[u]t[e]ʀozu	0
alcalinoterroso	aɫkɐlinɔtɨʀozu	aɫkɐlinutɨʀozu	aɫkɐlin[ɔ]tɨʀozu	aɫkɐlin[u]tɨʀozu	0
alcoomel	aɫkwɔmeɫ	aɫkuumɛɫ	aɫkw[ɔ]m[e]ɫ	aɫku[u]m[ɛ]ɫ	0
alcooteste	aɫkwɔtɛʃtɨ	aɫkuutɛʃtɨ	aɫkw[ɔ]tɛʃtɨ	aɫku[u]tɛʃtɨ	0
aldosterona	aɫdɔʃtɨronɐ	aɫduʃtɨronɐ	aɫd[ɔ]ʃtɨronɐ	aɫd[u]ʃtɨronɐ	0
aleuromancia	ɐlewrɔmɐ̃siɐ	ɐlewrumɐ̃nsiɐ	ɐlewr[ɔ]mɐ̃[]siɐ	ɐlewr[u]mɐ̃[n]siɐ	0
aleuromante	ɐlewrɔmɐ̃tɨ	ɐlewrumɐ̃ntɨ	ɐlewr[ɔ]mɐ̃[]tɨ	ɐlewr[u]mɐ̃[n]tɨ	0
algofilia	aɫɡɔfiliɐ	aɫɡufiliɐ	aɫɡ[ɔ]filiɐ	aɫɡ[u]filiɐ	0
algofobia	aɫɡɔfubiɐ	aɫɡufubiɐ	aɫɡ[ɔ]fubiɐ	aɫɡ[u]fubiɐ	0
algolagnia	aɫɡɔlɐɡniɐ	aɫɡulɐɡniɐ	aɫɡ[ɔ]lɐɡniɐ	aɫɡ[u]lɐɡniɐ	0
algolania	aɫɡɔlɐniɐ	aɫɡulɐniɐ	aɫɡ[ɔ]lɐniɐ	aɫɡ[u]lɐniɐ	0
algomania	aɫɡɔmɐniɐ	aɫɡumɐniɐ	aɫɡ[ɔ]mɐniɐ	aɫɡ[u]mɐniɐ	0
algomelia	aɫɡɔmɨliɐ	aɫɡumɨliɐ	aɫɡ[ɔ]mɨliɐ	aɫɡ[u]mɨliɐ	0
algospasmo	aɫɡɔʃpaʒmu	aɫɡuʃpaʒmu	aɫɡ[ɔ]ʃpaʒmu	aɫɡ[u]ʃpaʒmu	0
algoterapia	aɫɡɔtɨrɐpiɐ	aɫɡuterɐpiɐ	aɫɡ[ɔ]t[ɨ]rɐpiɐ	aɫɡ[u]t[e]rɐpiɐ	0
alho-porô	aʎupɔro	aʎupuro	aʎup[ɔ]ro	aʎup[u]ro	0
alho-poró	aʎupɔrɔ	aʎupurɔ	aʎup[ɔ]rɔ	aʎup[u]rɔ	0
alocarpia	ɐlɔkɐrpiɐ	ɐlukɐrpiɐ	ɐl[ɔ]kɐrpiɐ	ɐl[u]kɐrpiɐ	0
alocêntrico	ɐlɔsẽtriku	ɐlusẽntriku	ɐl[ɔ]sẽtriku[]	ɐl[u]sẽntrik[u]	0
alocentrismo	ɐlɔsẽtriʒmu	ɐlusẽntriʒmu	ɐl[ɔ]sẽtriʒmu[]	ɐl[u]sẽntriʒm[u]	0
alocentrístico	ɐlɔsẽtriʃtiku	ɐlusẽntriʃtiku	ɐl[ɔ]sẽtriʃ[t]iku[]	ɐl[u]sẽntr[]iʃtik[u]	0
alocinesia	ɐlɔsinɨziɐ	ɐlusinɨziɐ	ɐl[ɔ]sinɨziɐ	ɐl[u]sinɨziɐ	0
alocroado	ɐlɔkrwadu	ɐlukruadu	ɐl[ɔ]kr[w]adu	ɐl[u]kr[u]adu	0
alocroísmo	ɐlɔkrwiʒmu	ɐlukruiʒmu	ɐl[ɔ]kr[w]iʒmu	ɐl[u]kr[u]iʒmu	0
alocromatia	ɐlɔkrɔmɐtiɐ	ɐlukrumɐtiɐ	ɐl[ɔ]kr[ɔ]mɐtiɐ	ɐl[u]kr[u]mɐtiɐ	0
alocromático	ɐlɔkrɔmatiku	ɐlukrumatiku	ɐl[ɔ]kr[ɔ]matiku	ɐl[u]kr[u]matiku	0
alodinia	ɐlɔdiniɐ	ɐludiniɐ	ɐl[ɔ]diniɐ	ɐl[u]diniɐ	0
alofana	ɐlɔfɐnɐ	ɐlufɐ̃nɐ	ɐl[ɔ]fɐ[]nɐ	ɐl[u]fɐ[̃]nɐ	0
alofânio	ɐlɔfɐnju	ɐlufɐ̃nju	ɐl[ɔ]fɐ[]nju	ɐl[u]fɐ[̃]nju	0
alofilo	ɐlɔfilu	ɐlufilu	ɐl[ɔ]filu	ɐl[u]filu	0
alofone	ɐlɔfɔnɨ	ɐlufonɨ	ɐl[ɔ]f[ɔ]nɨ	ɐl[u]f[o]nɨ	0
alofonia	ɐlɔfuniɐ	ɐlufuniɐ	ɐl[ɔ]funiɐ	ɐl[u]funiɐ	0
alofônico	ɐlɔfoniku	ɐlufoniku	ɐl[ɔ]foniku	ɐl[u]foniku	0
alofónico	ɐlɔfɔniku	ɐlufɔniku	ɐl[ɔ]fɔniku	ɐl[u]fɔniku	0
aloftalmia	ɐlɔftaɫmiɐ	ɐluftaɫmiɐ	ɐl[ɔ]ftaɫmiɐ	ɐl[u]ftaɫmiɐ	0
aloftálmico	ɐlɔftaɫmiku	ɐluftaɫmiku	ɐl[ɔ]ftaɫmiku	ɐl[u]ftaɫmiku	0
alogamia	ɐlɔɡɐmiɐ	ɐluɡɐmiɐ	ɐl[ɔ]ɡɐmiɐ	ɐl[u]ɡɐmiɐ	0
alogênico	ɐlɔʒeniku	ɐluʒeniku	ɐl[ɔ]ʒeniku	ɐl[u]ʒeniku	0
alogénico	ɐlɔʒɛniku	ɐluʒɛniku	ɐl[ɔ]ʒɛniku	ɐl[u]ʒɛniku	0
alognosia	ɐlɔɡnuziɐ	ɐluɡnuziɐ	ɐl[ɔ]ɡnuziɐ	ɐl[u]ɡnuziɐ	0
alomerismo	ɐlɔmɨriʒmu	ɐlumɨriʒmu	ɐl[ɔ]mɨriʒmu	ɐl[u]mɨriʒmu	0
alometria	ɐlɔmɨtriɐ	ɐlumɨtriɐ	ɐl[ɔ]mɨtriɐ	ɐl[u]mɨtriɐ	0
alométrico	ɐlɔmɛtriku	ɐlumɛtriku	ɐl[ɔ]mɛtriku	ɐl[u]mɛtriku	0
alomorfe	ɐlɔmɔrfɨ	ɐlumɔrfɨ	ɐl[ɔ]mɔrfɨ	ɐl[u]mɔrfɨ	0
alomorfia	ɐlɔmurfiɐ	ɐlumurfiɐ	ɐl[ɔ]murfiɐ	ɐl[u]murfiɐ	0
alomórfico	ɐlɔmɔrfiku	ɐlumɔrfiku	ɐl[ɔ]mɔrfiku	ɐl[u]mɔrfiku	0
alomorfismo	ɐlɔmurfiʒmu	ɐlumurfiʒmu	ɐl[ɔ]murfiʒmu	ɐl[u]murfiʒmu	0
alopata	ɐlɔpatɐ	ɐlupatɐ	ɐl[ɔ]patɐ	ɐl[u]patɐ	0
alopatia	ɐlɔpɐtiɐ	ɐlupɐtiɐ	ɐl[ɔ]pɐtiɐ	ɐl[u]pɐtiɐ	0
alopático	ɐlɔpatiku	ɐlupatiku	ɐl[ɔ]patiku	ɐl[u]patiku	0
alopatizar	ɐlɔpɐtizar	ɐlupɐtizar	ɐl[ɔ]pɐtizar	ɐl[u]pɐtizar	0
alopatria	ɐlɔpɐtriɐ	ɐlupɐtriɐ	ɐl[ɔ]pɐtriɐ	ɐl[u]pɐtriɐ	0
alopátrico	ɐlɔpatriku	ɐlupatriku	ɐl[ɔ]patriku	ɐl[u]patriku	0
alopecia	ɐlɔpɨsiɐ	ɐlupɨsiɐ	ɐl[ɔ]pɨsiɐ	ɐl[u]pɨsiɐ	0
alopécico	ɐlɔpɛsiku	ɐlupɛsiku	ɐl[ɔ]pɛsiku	ɐl[u]pɛsiku	0
aloplastia	ɐlɔplɐʃtiɐ	ɐluplɐʃtiɐ	ɐl[ɔ]plɐʃtiɐ	ɐl[u]plɐʃtiɐ	0
alotigênico	ɐlɔtiʒeniku	ɐlutiʒeniku	ɐl[ɔ]tiʒeniku	ɐl[u]tiʒeniku	0
alotigénico	ɐlɔtiʒɛniku	ɐlutiʒɛniku	ɐl[ɔ]tiʒɛniku	ɐl[u]tiʒɛniku	0
alotígeno	ɐlɔtiʒɨnu	ɐlutiʒɨnu	ɐl[ɔ]tiʒɨnu	ɐl[u]tiʒɨnu	0
alotransplantar	ɐlɔtrɐ̃ʃplɐ̃tar	ɐlutrɐ̃nʃplɐ̃ntar	ɐl[ɔ]trɐ̃[]ʃplɐ̃[]tar	ɐl[u]trɐ̃[n]ʃplɐ̃[n]tar	0
alotransplante	ɐlɔtrɐ̃ʃplɐ̃tɨ	ɐlutrɐ̃nʃplɐ̃ntɨ	ɐl[ɔ]trɐ̃[]ʃplɐ̃[]tɨ	ɐl[u]trɐ̃[n]ʃplɐ̃[n]tɨ	0
alotriodontia	ɐlɔtrjɔdõtiɐ	ɐlutriudõntiɐ	ɐl[ɔ]trj[ɔ]dõtiɐ[]	ɐl[u]tri[u]dõnti[ɐ]	0
alotriofagia	ɐlɔtrjɔfɐʒiɐ	ɐlutriufɐʒiɐ	ɐl[ɔ]trj[ɔ]fɐʒiɐ	ɐl[u]tri[u]fɐʒiɐ	0
alotriomórfico	ɐlɔtrjɔmɔrfiku	ɐlutriumɔrfiku	ɐl[ɔ]trj[ɔ]mɔrfiku	ɐl[u]tri[u]mɔrfiku	0
alotriomorfo	ɐlɔtrjɔmorfu	ɐlutriumorfu	ɐl[ɔ]trj[ɔ]morfu	ɐl[u]tri[u]morfu	0
alotropia	ɐlɔtrupiɐ	ɐlutrupiɐ	ɐl[ɔ]trupiɐ	ɐl[u]trupiɐ	0
alotrópico	ɐlɔtrɔpiku	ɐlutrɔpiku	ɐl[ɔ]trɔpiku	ɐl[u]trɔpiku	0
alucinogênio	ɐlusinɔʒenju	ɐlusinuʒenju	ɐlusin[ɔ]ʒenju	ɐlusin[u]ʒenju	0
alucinogénio	ɐlusinɔʒɛnju	ɐlusinuʒɛnju	ɐlusin[ɔ]ʒɛnju	ɐlusin[u]ʒɛnju	0
aluminografia	ɐluminɔɡrɐfiɐ	ɐluminuɡrɐfiɐ	ɐlumin[ɔ]ɡrɐfiɐ	ɐlumin[u]ɡrɐfiɐ	0
aluminográfico	ɐluminɔɡrafiku	ɐluminuɡrafiku	ɐlumin[ɔ]ɡrafiku	ɐlumin[u]ɡrafiku	0
aluminotermia	ɐluminɔtɨrmiɐ	ɐluminutɨrmiɐ	ɐlumin[ɔ]tɨrmiɐ	ɐlumin[u]tɨrmiɐ	0
aluminotérmico	ɐluminɔtɛrmiku	ɐluminutɛrmiku	ɐlumin[ɔ]tɛrmiku	ɐlumin[u]tɛrmiku	0
alvéola	aɫvɛulɐ	aɫvɛɔlɐ	aɫvɛ[u]lɐ	aɫvɛ[ɔ]lɐ	0
alvéolo	aɫvɛulu	aɫvɛɔlu	aɫvɛ[u]lu	aɫvɛ[ɔ]lu	0
amalocar	ɐmɐlɔkar	ɐmɐlukar	ɐmɐl[ɔ]kar	ɐmɐl[u]kar	0
amaxofobia	ɐmɐksɔfubiɐ	ɐmɐksufubiɐ	ɐmɐks[ɔ]fubiɐ	ɐmɐks[u]fubiɐ	0
amenomania	ɐmenɔmɐniɐ	ɐmenumɐniɐ	ɐmen[ɔ]mɐniɐ	ɐmen[u]mɐniɐ	0
amenomaníaco	ɐmenɔmɐniɐku	ɐmenumɐniɐku	ɐmen[ɔ]mɐniɐku	ɐmen[u]mɐniɐku	0
amidalopatia	ɐmidɐlɔpɐtiɐ	ɐmidɐlupɐtiɐ	ɐmidɐl[ɔ]pɐtiɐ	ɐmidɐl[u]pɐtiɐ	0
amidalotomia	ɐmidɐlɔtumiɐ	ɐmidɐlutumiɐ	ɐmidɐl[ɔ]tumiɐ	ɐmidɐl[u]tumiɐ	0
amidogênio	ɐmidɔʒenju	ɐmiduʒenju	ɐmid[ɔ]ʒenju	ɐmid[u]ʒenju	0
amidogénio	ɐmidɔʒɛnju	ɐmiduʒɛnju	ɐmid[ɔ]ʒɛnju	ɐmid[u]ʒɛnju	0
amidoleucito	ɐmidɔlewsitu	ɐmidulewsitu	ɐmid[ɔ]lewsitu	ɐmid[u]lewsitu	0
amigdalopatia	ɐmiɡdɐlɔpɐtiɐ	ɐmiɡdɐlupɐtiɐ	ɐmiɡdɐl[ɔ]pɐtiɐ	ɐmiɡdɐl[u]pɐtiɐ	0
amigdalotomia	ɐmiɡdɐlɔtumiɐ	ɐmiɡdɐlutumiɐ	ɐmiɡdɐl[ɔ]tumiɐ	ɐmiɡdɐl[u]tumiɐ	0
amiloleucito	ɐmilɔlewsitu	ɐmilulewsitu	ɐmil[ɔ]lewsitu	ɐmil[u]lewsitu	0
amiloplasta	ɐmilɔplaʃtɐ	ɐmiluplaʃtɐ	ɐmil[ɔ]plaʃtɐ	ɐmil[u]plaʃtɐ	0
amiloplastídio	ɐmilɔplɐʃtidju	ɐmiluplɐʃtidju	ɐmil[ɔ]plɐʃtidju	ɐmil[u]plɐʃtidju	0
amiloplasto	ɐmilɔplaʃtu	ɐmiluplaʃtu	ɐmil[ɔ]plaʃtu	ɐmil[u]plaʃtu	0
amilopsina	ɐmilɔpsinɐ	ɐmilupsinɐ	ɐmil[ɔ]psinɐ	ɐmil[u]psinɐ	0
aminoácido	ɐminɔasidu	ɐminuasidu	ɐmin[ɔ]asidu	ɐmin[u]asidu	0
amiostasia	ɐmjɔʃtɐziɐ	ɐmiuʃtɐziɐ	ɐmj[ɔ]ʃtɐziɐ	ɐmi[u]ʃtɐziɐ	0
amiotaxia	ɐmjɔtaksiɐ	ɐmiutɐksiɐ	ɐmj[ɔ]t[a]ksiɐ	ɐmi[u]t[ɐ]ksiɐ	0
amiotrofia	ɐmjɔtrufiɐ	ɐmiutrufiɐ	ɐmj[ɔ]trufiɐ	ɐmi[u]trufiɐ	0
amiotrófico	ɐmjɔtrɔfiku	ɐmiutrɔfiku	ɐmj[ɔ]trɔfiku	ɐmi[u]trɔfiku	0
amocar	ɐmɔkar	ɐmukar	ɐm[ɔ]kar	ɐm[u]kar	0
amochar	ɐmɔʃar	ɐmuʃar	ɐm[ɔ]ʃar	ɐm[u]ʃar	0
amoniotélico	ɐmunjɔtɛliku	ɐmuniutɛliku	ɐmunj[ɔ]tɛliku	ɐmuni[u]tɛliku	0
amoterapia	ɐmɔtɨrɐpiɐ	ɐmutɨrɐpiɐ	ɐm[ɔ]tɨrɐpiɐ	ɐm[u]tɨrɐpiɐ	0
anafrodisia	ɐnɐfrɔdiziɐ	ɐnɐfrudiziɐ	ɐnɐfr[ɔ]diziɐ	ɐnɐfr[u]diziɐ	0
anafrodisíaco	ɐnɐfrɔdiziɐku	ɐnɐfrudiziɐku	ɐnɐfr[ɔ]diziɐku	ɐnɐfr[u]diziɐku	0
anafrodita	ɐnɐfrɔditɐ	ɐnɐfruditɐ	ɐnɐfr[ɔ]ditɐ	ɐnɐfr[u]ditɐ	0
anafrodítico	ɐnɐfrɔditiku	ɐnɐfruditiku	ɐnɐfr[ɔ]ditiku	ɐnɐfr[u]ditiku	0
anafrodito	ɐnɐfrɔditu	ɐnɐfruditu	ɐnɐfr[ɔ]ditu	ɐnɐfr[u]ditu	0
anagliptografia	ɐnɐɡliptɔɡrɐfiɐ	ɐnɐɡliptuɡrɐfiɐ	ɐnɐɡlipt[ɔ]ɡrɐfiɐ	ɐnɐɡlipt[u]ɡrɐfiɐ	0
anagliptográfico	ɐnɐɡliptɔɡrafiku	ɐnɐɡliptuɡrafiku	ɐnɐɡlipt[ɔ]ɡrafiku	ɐnɐɡlipt[u]ɡrafiku	0
anagnosiografia	ɐnɐɡnɔzjuɡrɐfiɐ	ɐnɐɡnuziuɡrɐfiɐ	ɐnɐɡn[ɔ]z[j]uɡrɐfiɐ	ɐnɐɡn[u]z[i]uɡrɐfiɐ	0
anarco-sindicalismo	ɐnarkɔsĩdikɐliʒmu	ɐnarkusĩndikɐliʒmu	ɐnark[ɔ]sĩdikɐliʒmu[]	ɐnark[u]sĩndikɐliʒm[u]	0
anarco-sindicalista	ɐnarkɔsĩdikɐliʃtɐ	ɐnarkusĩndikɐliʃtɐ	ɐnark[ɔ]sĩdikɐliʃtɐ[]	ɐnark[u]sĩndikɐliʃt[ɐ]	0
anátomo-fisiologia	ɐnatumɔfizjuluʒiɐ	ɐnatumufiziuluʒiɐ	ɐnatum[ɔ]fiz[j]uluʒiɐ	ɐnatum[u]fiz[i]uluʒiɐ	0
anátomo-fisiológico	ɐnatumɔfizjulɔʒiku	ɐnatumufiziulɔʒiku	ɐnatum[ɔ]fiz[j]ulɔʒiku	ɐnatum[u]fiz[i]ulɔʒiku	0
anátomo-patológico	ɐnatumɔpɐtulɔʒiku	ɐnatumupɐtulɔʒiku	ɐnatum[ɔ]pɐtulɔʒiku	ɐnatum[u]pɐtulɔʒiku	0
anatoxina	ɐnɐtɔksinɐ	ɐnɐtuksinɐ	ɐnɐt[ɔ]ksinɐ	ɐnɐt[u]ksinɐ	0
anazotúria	ɐnɐzɔturjɐ	ɐnɐzuturjɐ	ɐnɐz[ɔ]turjɐ	ɐnɐz[u]turjɐ	0
aneurostenia	ɐnewrɔʃtɨniɐ	ɐnewruʃtɨniɐ	ɐnewr[ɔ]ʃtɨniɐ	ɐnewr[u]ʃtɨniɐ	0
anisocoria	ɐnizɔkuriɐ	ɐnizukuriɐ	ɐniz[ɔ]kuriɐ	ɐniz[u]kuriɐ	0
anisocromia	ɐnizɔkrumiɐ	ɐnizukrumiɐ	ɐniz[ɔ]krumiɐ	ɐniz[u]krumiɐ	0
anisodactilia	ɐnizɔdaktiliɐ	ɐnizudɐtiliɐ	ɐniz[ɔ]da[k]tiliɐ	ɐniz[u]dɐ[]tiliɐ	0
anisodáctilo	ɐnizɔdaktilu	ɐnizudatilu	ɐniz[ɔ]da[k]tilu	ɐniz[u]da[]tilu	0
anisodátilo	ɐnizɔdatilu	ɐnizudatilu	ɐniz[ɔ]datilu	ɐniz[u]datilu	0
anisodonte	ɐnizɔdõtɨ	ɐnizudõntɨ	ɐniz[ɔ]dõtɨ[]	ɐniz[u]dõnt[ɨ]	0
anisofilia	ɐnizɔfiliɐ	ɐnizufiliɐ	ɐniz[ɔ]filiɐ	ɐniz[u]filiɐ	0
anisofilo	ɐnizɔfilu	ɐnizufilu	ɐniz[ɔ]filu	ɐniz[u]filu	0
anisogamia	ɐnizɔɡɐmiɐ	ɐnizuɡɐmiɐ	ɐniz[ɔ]ɡɐmiɐ	ɐniz[u]ɡɐmiɐ	0
anisogâmico	ɐnizɔɡɐmiku	ɐnizuɡɐ̃miku	ɐniz[ɔ]ɡɐ[]miku	ɐniz[u]ɡɐ[̃]miku	0
anisomelia	ɐnizɔmɨliɐ	ɐnizumɨliɐ	ɐniz[ɔ]mɨliɐ	ɐniz[u]mɨliɐ	0
anisomélico	ɐnizɔmɛliku	ɐnizumɛliku	ɐniz[ɔ]mɛliku	ɐniz[u]mɛliku	0
anisomeria	ɐnizɔmɨriɐ	ɐnizumɨriɐ	ɐniz[ɔ]mɨriɐ	ɐniz[u]mɨriɐ	0
anisometria	ɐnizɔmɨtriɐ	ɐnizumɨtriɐ	ɐniz[ɔ]mɨtriɐ	ɐniz[u]mɨtriɐ	0
anisometrope	ɐnizɔmɨtrɔpɨ	ɐnizumɨtrɔpɨ	ɐniz[ɔ]mɨtrɔpɨ	ɐniz[u]mɨtrɔpɨ	0
anisometropia	ɐnizɔmɨtrupiɐ	ɐnizumetrupiɐ	ɐniz[ɔ]m[ɨ]trupiɐ	ɐniz[u]m[e]trupiɐ	0
anisometrópico	ɐnizɔmɨtrɔpiku	ɐnizumɨtrɔpiku	ɐniz[ɔ]mɨtrɔpiku	ɐniz[u]mɨtrɔpiku	0
anisomiopia	ɐnizɔmjupiɐ	ɐnizumiupiɐ	ɐniz[ɔ]m[j]upiɐ	ɐniz[u]m[i]upiɐ	0
anisopétalo	ɐnizɔpɛtɐlu	ɐnizupɛtɐlu	ɐniz[ɔ]pɛtɐlu	ɐniz[u]pɛtɐlu	0
anisopodia	ɐnizɔpudiɐ	ɐnizupudiɐ	ɐniz[ɔ]pudiɐ	ɐniz[u]pudiɐ	0
anisostêmone	ɐnizɔʃtemunɨ	ɐnizuʃtemunɨ	ɐniz[ɔ]ʃtemunɨ	ɐniz[u]ʃtemunɨ	0
anisostémone	ɐnizɔʃtɛmunɨ	ɐnizuʃtɛmunɨ	ɐniz[ɔ]ʃtɛmunɨ	ɐniz[u]ʃtɛmunɨ	0
anisotropia	ɐnizɔtrupiɐ	ɐnizutrupiɐ	ɐniz[ɔ]trupiɐ	ɐniz[u]trupiɐ	0
anisotrópico	ɐnizɔtrɔpiku	ɐnizutrɔpiku	ɐniz[ɔ]trɔpiku	ɐniz[u]trɔpiku	0
anisotropismo	ɐnizɔtrupiʒmu	ɐnizutrupiʒmu	ɐniz[ɔ]trupiʒmu	ɐniz[u]trupiʒmu	0
anoftalmia	ɐnɔftaɫmiɐ	ɐnuftaɫmiɐ	ɐn[ɔ]ftaɫmiɐ	ɐn[u]ftaɫmiɐ	0
anoftálmico	ɐnɔftaɫmiku	ɐnuftaɫmiku	ɐn[ɔ]ftaɫmiku	ɐn[u]ftaɫmiku	0
anomaloscópio	ɐnɔmɐlɔʃkɔpju	ɐnumɐluʃkɔpju	ɐn[ɔ]mɐl[ɔ]ʃkɔpju	ɐn[u]mɐl[u]ʃkɔpju	0
anomocefalia	ɐnɔmɔsɨfɐliɐ	ɐnumusefɐliɐ	ɐn[ɔ]m[ɔ]s[ɨ]fɐliɐ	ɐn[u]m[u]s[e]fɐliɐ	0
anomocéfalo	ɐnɔmɔsɛfɐlu	ɐnumusɛfɐlu	ɐn[ɔ]m[ɔ]sɛfɐlu	ɐn[u]m[u]sɛfɐlu	0
anonimizar	ɐnɔnimizar	ɐnunimizar	ɐn[ɔ]nimizar	ɐn[u]nimizar	0
anoniquia	ɐnɔnikiɐ	ɐnunikiɐ	ɐn[ɔ]nikiɐ	ɐn[u]nikiɐ	0
anopétalo	ɐnɔpɛtɐlu	ɐnupɛtɐlu	ɐn[ɔ]pɛtɐlu	ɐn[u]pɛtɐlu	0
anopluro	ɐnɔpluru	ɐnupluru	ɐn[ɔ]pluru	ɐn[u]pluru	0
anoraque	ɐnɔrakɨ	ɐnurakɨ	ɐn[ɔ]rakɨ	ɐn[u]rakɨ	0
anordestear	ɐnɔrdɨʃtjar	ɐnurdɨʃtiar	ɐn[ɔ]rdɨʃt[j]ar	ɐn[u]rdɨʃt[i]ar	0
anoréctico	ɐnɔrɛktiku	ɐnurɛtiku	ɐn[ɔ]rɛ[k]tiku	ɐn[u]rɛ[]tiku	0
anorético	ɐnɔrɛtiku	ɐnurɛtiku	ɐn[ɔ]rɛtiku	ɐn[u]rɛtiku	0
anorexia	ɐnɔrɛksiɐ	ɐnurɨksiɐ	ɐn[ɔ]r[ɛ]ksiɐ	ɐn[u]r[ɨ]ksiɐ	0
anoréxico	ɐnɔrɛksiku	ɐnurɛksiku	ɐn[ɔ]rɛksiku	ɐn[u]rɛksiku	0
anorexigênio	ɐnɔrɛksiʒenju	ɐnurɨksiʒenju	ɐn[ɔ]r[ɛ]ksiʒenju	ɐn[u]r[ɨ]ksiʒenju	0
anorexigénio	ɐnɔrɛksiʒɛnju	ɐnurɨksiʒɛnju	ɐn[ɔ]r[ɛ]ksiʒɛnju	ɐn[u]r[ɨ]ksiʒɛnju	0
anormal	ɐnɔrmaɫ	ɐnurmaɫ	ɐn[ɔ]rmaɫ	ɐn[u]rmaɫ	0
anormalidade	ɐnɔrmɐlidadɨ	ɐnurmɐlidadɨ	ɐn[ɔ]rmɐlidadɨ	ɐn[u]rmɐlidadɨ	0
anorteamento	ɐnɔrtjɐmẽtu	ɐnurtiɐmẽntu	ɐn[ɔ]rt[j]ɐmẽtu[]	ɐn[u]rt[i]ɐmẽnt[u]	0
anortear	ɐnɔrtjar	ɐnurtiar	ɐn[ɔ]rt[j]ar	ɐn[u]rt[i]ar	0
anortita	ɐnɔrtitɐ	ɐnurtitɐ	ɐn[ɔ]rtitɐ	ɐn[u]rtitɐ	0
anortite	ɐnɔrtitɨ	ɐnurtitɨ	ɐn[ɔ]rtitɨ	ɐn[u]rtitɨ	0
anortítico	ɐnɔrtitiku	ɐnurtitiku	ɐn[ɔ]rtitiku	ɐn[u]rtitiku	0
anortóclase	ɐnɔrtɔklɐzɨ	ɐnurtɔklɐzɨ	ɐn[ɔ]rtɔklɐzɨ	ɐn[u]rtɔklɐzɨ	0
anortoclásio	ɐnɔrtɔklazju	ɐnurtuklazju	ɐn[ɔ]rt[ɔ]klazju	ɐn[u]rt[u]klazju	0
anortografia	ɐnɔrtuɡrɐfiɐ	ɐnurtuɡrɐfiɐ	ɐn[ɔ]rtuɡrɐfiɐ	ɐn[u]rtuɡrɐfiɐ	0
anortográfico	ɐnɔrtuɡrafiku	ɐnurtuɡrafiku	ɐn[ɔ]rtuɡrafiku	ɐn[u]rtuɡrafiku	0
anosfresia	ɐnɔʃfrɨziɐ	ɐnuʃfrɨziɐ	ɐn[ɔ]ʃfrɨziɐ	ɐn[u]ʃfrɨziɐ	0
anosognosia	ɐnɔsɔɡnuziɐ	ɐnuzuɡnuziɐ	ɐnɔs[ɔ]ɡnuziɐ	ɐnuz[u]ɡnuziɐ	0
anosteose	ɐnɔʃtjɔzɨ	ɐnuʃtiɔzɨ	ɐn[ɔ]ʃt[j]ɔzɨ	ɐn[u]ʃt[i]ɔzɨ	0
anosteozoário	ɐnɔʃtjɔzwarju	ɐnuʃtiuzuarju	ɐn[ɔ]ʃtj[ɔ]z[w]arju	ɐn[u]ʃti[u]z[u]arju	0
anovear	ɐnɔvjar	ɐnuviar	ɐn[ɔ]v[j]ar	ɐn[u]v[i]ar	0
anovulação	ɐnɔvulɐsɐ̃w̃	ɐnuvulɐsɐ̃w̃	ɐn[ɔ]vulɐsɐ̃w̃	ɐn[u]vulɐsɐ̃w̃	0
anovulatório	ɐnɔvulɐtɔrju	ɐnuvulɐtɔrju	ɐn[ɔ]vulɐtɔrju	ɐn[u]vulɐtɔrju	0
anoxemia	ɐnɔksɨmiɐ	ɐnuksɨmiɐ	ɐn[ɔ]ksɨmiɐ	ɐn[u]ksɨmiɐ	0
anoxia	ɐnɔksiɐ	ɐnuksiɐ	ɐn[ɔ]ksiɐ	ɐn[u]ksiɐ	0
anoxiemia	ɐnɔksiɛmiɐ	ɐnuksiɨmiɐ	ɐn[ɔ]ksi[ɛ]miɐ	ɐn[u]ksi[ɨ]miɐ	0
anoxítona	ɐnɔksitunɐ	ɐnuksitunɐ	ɐn[ɔ]ksitunɐ	ɐn[u]ksitunɐ	0
anoxítono	ɐnɔksitunu	ɐnuksitunu	ɐn[ɔ]ksitunu	ɐn[u]ksitunu	0
aortalgia	ɐɔrtaɫʒiɐ	ɐurtaɫʒiɐ	ɐ[ɔ]rtaɫʒiɐ	ɐ[u]rtaɫʒiɐ	0
aortálgico	ɐɔrtaɫʒiku	ɐurtaɫʒiku	ɐ[ɔ]rtaɫʒiku	ɐ[u]rtaɫʒiku	0
aortectasia	ɐɔrtɛktɐziɐ	ɐurtɛtɐziɐ	ɐ[ɔ]rtɛ[k]tɐziɐ	ɐ[u]rtɛ[]tɐziɐ	0
aorteurisma	ɐɔrtewriʒmɐ	ɐurtewriʒmɐ	ɐ[ɔ]rtewriʒmɐ	ɐ[u]rtewriʒmɐ	0
aortite	ɐɔrtitɨ	ɐurtitɨ	ɐ[ɔ]rtitɨ	ɐ[u]rtitɨ	0
aortoclasia	ɐɔrtɔklɐziɐ	ɐurtuklɐziɐ	ɐ[ɔ]rt[ɔ]klɐziɐ	ɐ[u]rt[u]klɐziɐ	0
aortoclastia	ɐɔrtɔklɐʃtiɐ	ɐurtuklɐʃtiɐ	ɐ[ɔ]rt[ɔ]klɐʃtiɐ	ɐ[u]rt[u]klɐʃtiɐ	0
aortografia	ɐɔrtɔɡrɐfiɐ	ɐurtuɡrɐfiɐ	ɐ[ɔ]rt[ɔ]ɡrɐfiɐ	ɐ[u]rt[u]ɡrɐfiɐ	0
aortopatia	ɐɔrtɔpɐtiɐ	ɐurtupɐtiɐ	ɐ[ɔ]rt[ɔ]pɐtiɐ	ɐ[u]rt[u]pɐtiɐ	0
aortostenia	ɐɔrtɔʃtɨniɐ	ɐurtuʃtɨniɐ	ɐ[ɔ]rt[ɔ]ʃtɨniɐ	ɐ[u]rt[u]ʃtɨniɐ	0
aplanogâmeta	ɐplɐnɔɡɐmɨtɐ	ɐplɐnuɡɐ̃mɨtɐ	ɐplɐn[ɔ]ɡɐ[]mɨtɐ	ɐplɐn[u]ɡɐ[̃]mɨtɐ	0
apneosfixia	ɐpnɛɔʃfiksiɐ	ɐpniuʃfiksiɐ	ɐpnɛ[ɔ]ʃfiksiɐ	ɐpni[u]ʃfiksiɐ	0
apocalbase	ɐpɔkaɫbazɨ	ɐpukaɫbazɨ	ɐp[ɔ]kaɫbazɨ	ɐp[u]kaɫbazɨ	0
apocalipse	ɐpɔkalipsɨ	ɐpukɐlipsɨ	ɐp[ɔ]k[a]lipsɨ	ɐp[u]k[ɐ]lipsɨ	0
apocalíptico	ɐpɔkɐliptiku	ɐpukɐliptiku	ɐp[ɔ]kɐliptiku	ɐp[u]kɐliptiku	0
apocalítico	ɐpɔkɐlitiku	ɐpukɐlitiku	ɐp[ɔ]kɐlitiku	ɐp[u]kɐlitiku	0
apocarpado	ɐpɔkɐrpadu	ɐpukɐrpadu	ɐp[ɔ]kɐrpadu	ɐp[u]kɐrpadu	0
apocárpico	ɐpɔkarpiku	ɐpukarpiku	ɐp[ɔ]karpiku	ɐp[u]karpiku	0
apocarpo	ɐpɔkarpu	ɐpukarpu	ɐp[ɔ]karpu	ɐp[u]karpu	0
apocatástase	ɐpɔkɐtaʃtɐzɨ	ɐpukɐtaʃtɐzɨ	ɐp[ɔ]kɐtaʃtɐzɨ	ɐp[u]kɐtaʃtɐzɨ	0
apocatastático	ɐpɔkɐtaʃtatiku	ɐpukɐtɐʃtatiku	ɐp[ɔ]kɐt[a]ʃtatiku	ɐp[u]kɐt[ɐ]ʃtatiku	0
apocinácea	ɐpɔsinasjɐ	ɐpusinasiɐ	ɐp[ɔ]sinas[j]ɐ	ɐp[u]sinas[i]ɐ	0
apocináceas	ɐpɔsinasjɐʃ	ɐpusinasiɐʃ	ɐp[ɔ]sinas[j]ɐʃ	ɐp[u]sinas[i]ɐʃ	0
apocínea	ɐpɔsinjɐ	ɐpusiniɐ	ɐp[ɔ]sin[j]ɐ	ɐp[u]sin[i]ɐ	0
apocíneas	ɐpɔsinjɐʃ	ɐpusiniɐʃ	ɐp[ɔ]sin[j]ɐʃ	ɐp[u]sin[i]ɐʃ	0
apocinina	ɐpɔsininɐ	ɐpusininɐ	ɐp[ɔ]sininɐ	ɐp[u]sininɐ	0
apoclítico	ɐpɔklitiku	ɐpuklitiku	ɐp[ɔ]klitiku	ɐp[u]klitiku	0
apocopar	ɐpɔkupar	ɐpukupar	ɐp[ɔ]kupar	ɐp[u]kupar	0
apocrisia	ɐpɔkriziɐ	ɐpukriziɐ	ɐp[ɔ]kriziɐ	ɐp[u]kriziɐ	0
apocrisiário	ɐpɔkrizjarju	ɐpukriziarju	ɐp[ɔ]kriz[j]arju	ɐp[u]kriz[i]arju	0
apocromático	ɐpɔkrɔmatiku	ɐpukrumatiku	ɐp[ɔ]kr[ɔ]matiku	ɐp[u]kr[u]matiku	0
apocromatismo	ɐpɔkrɔmɐtiʒmu	ɐpukrumɐtiʒmu	ɐp[ɔ]kr[ɔ]mɐtiʒmu	ɐp[u]kr[u]mɐtiʒmu	0
apodecta	ɐpɔdɛktɐ	ɐpudɛtɐ	ɐp[ɔ]dɛ[k]tɐ	ɐp[u]dɛ[]tɐ	0
apodioxe	ɐpɔdjɔksɨ	ɐpudioksɨ	ɐp[ɔ]dj[ɔ]ksɨ	ɐp[u]di[o]ksɨ	0
apodixe	ɐpɔdiksɨ	ɐpudiksɨ	ɐp[ɔ]diksɨ	ɐp[u]diksɨ	0
apofântica	ɐpɔfɐ̃tikɐ	ɐpufɐ̃ntikɐ	ɐp[ɔ]fɐ̃[]tikɐ	ɐp[u]fɐ̃[n]tikɐ	0
apofântico	ɐpɔfɐ̃tiku	ɐpufɐ̃ntiku	ɐp[ɔ]fɐ̃[]tiku	ɐp[u]fɐ̃[n]tiku	0
apofilita	ɐpɔfilitɐ	ɐpufilitɐ	ɐp[ɔ]filitɐ	ɐp[u]filitɐ	0
apofilite	ɐpɔfilitɨ	ɐpufilitɨ	ɐp[ɔ]filitɨ	ɐp[u]filitɨ	0
apofilítico	ɐpɔfilitiku	ɐpufilitiku	ɐp[ɔ]filitiku	ɐp[u]filitiku	0
apoflegmático	ɐpɔflɨɡmatiku	ɐpuflɨɡmatiku	ɐp[ɔ]flɨɡmatiku	ɐp[u]flɨɡmatiku	0
apoflegmatismo	ɐpɔflɨɡmɐtiʒmu	ɐpufleɡmɐtiʒmu	ɐp[ɔ]fl[ɨ]ɡmɐtiʒmu	ɐp[u]fl[e]ɡmɐtiʒmu	0
apoftegma	ɐpɔfteɡmɐ	ɐpufteɡmɐ	ɐp[ɔ]fteɡmɐ	ɐp[u]fteɡmɐ	0
apoftegmático	ɐpɔftɨɡmatiku	ɐpuftɨɡmatiku	ɐp[ɔ]ftɨɡmatiku	ɐp[u]ftɨɡmatiku	0
apogamia	ɐpɔɡɐmiɐ	ɐpuɡɐmiɐ	ɐp[ɔ]ɡɐmiɐ	ɐp[u]ɡɐmiɐ	0
apogâmico	ɐpɔɡɐmiku	ɐpuɡɐ̃miku	ɐp[ɔ]ɡɐ[]miku	ɐp[u]ɡɐ[̃]miku	0
apoginia	ɐpɔʒiniɐ	ɐpuʒiniɐ	ɐp[ɔ]ʒiniɐ	ɐp[u]ʒiniɐ	0
apomecometria	ɐpɔmɨkumɨtriɐ	ɐpumekumɨtriɐ	ɐp[ɔ]m[ɨ]kumɨtriɐ	ɐp[u]m[e]kumɨtriɐ	0
apomecômetro	ɐpɔmɨkomɨtru	ɐpumɨkomɨtru	ɐp[ɔ]mɨkomɨtru	ɐp[u]mɨkomɨtru	0
apomecómetro	ɐpɔmɨkɔmɨtru	ɐpumɨkɔmɨtru	ɐp[ɔ]mɨkɔmɨtru	ɐp[u]mɨkɔmɨtru	0
apomíctico	ɐpɔmiktiku	ɐpumitiku	ɐp[ɔ]mi[k]tiku	ɐp[u]mi[]tiku	0
apomítico	ɐpɔmitiku	ɐpumitiku	ɐp[ɔ]mitiku	ɐp[u]mitiku	0
apomixia	ɐpɔmiksiɐ	ɐpumiksiɐ	ɐp[ɔ]miksiɐ	ɐp[u]miksiɐ	0
apomorfina	ɐpɔmurfinɐ	ɐpumurfinɐ	ɐp[ɔ]murfinɐ	ɐp[u]murfinɐ	0
aponeurologia	ɐpɔnewruluʒiɐ	ɐpunewruluʒiɐ	ɐp[ɔ]newruluʒiɐ	ɐp[u]newruluʒiɐ	0
aponeurológico	ɐpɔnewrulɔʒiku	ɐpunewrulɔʒiku	ɐp[ɔ]newrulɔʒiku	ɐp[u]newrulɔʒiku	0
aponeurose	ɐpɔnewrɔzɨ	ɐpunewrɔzɨ	ɐp[ɔ]newrɔzɨ	ɐp[u]newrɔzɨ	0
aponeurótico	ɐpɔnewrɔtiku	ɐpunewrɔtiku	ɐp[ɔ]newrɔtiku	ɐp[u]newrɔtiku	0
aponevrologia	ɐpɔnɨvruluʒiɐ	ɐpunevruluʒiɐ	ɐp[ɔ]n[ɨ]vruluʒiɐ	ɐp[u]n[e]vruluʒiɐ	0
aponevrológico	ɐpɔnɨvrulɔʒiku	ɐpunevrulɔʒiku	ɐp[ɔ]n[ɨ]vrulɔʒiku	ɐp[u]n[e]vrulɔʒiku	0
aponevrose	ɐpɔnɨvrɔzɨ	ɐpunɨvrɔzɨ	ɐp[ɔ]nɨvrɔzɨ	ɐp[u]nɨvrɔzɨ	0
aponevrótico	ɐpɔnɨvrɔtiku	ɐpunɨvrɔtiku	ɐp[ɔ]nɨvrɔtiku	ɐp[u]nɨvrɔtiku	0
aponitrose	ɐpɔnitrɔzɨ	ɐpunitrɔzɨ	ɐp[ɔ]nitrɔzɨ	ɐp[u]nitrɔzɨ	0
apopléctico	ɐpɔplɛktiku	ɐpuplɛtiku	ɐp[ɔ]plɛ[k]tiku	ɐp[u]plɛ[]tiku	0
apoplético	ɐpɔplɛtiku	ɐpuplɛtiku	ɐp[ɔ]plɛtiku	ɐp[u]plɛtiku	0
apoplexia	ɐpɔplɛksiɐ	ɐpuplɨksiɐ	ɐp[ɔ]pl[ɛ]ksiɐ	ɐp[u]pl[ɨ]ksiɐ	0
aposiopese	ɐpɔzjɔpɛzɨ	ɐpuziupɛzɨ	ɐp[ɔ]zj[ɔ]pɛzɨ	ɐp[u]zi[u]pɛzɨ	0
apotanásia	ɐpɔtɐnazjɐ	ɐputɐnazjɐ	ɐp[ɔ]tɐnazjɐ	ɐp[u]tɐnazjɐ	0
aprosexia	ɐprɔzɛksiɐ	ɐpruzɨksiɐ	ɐpr[ɔ]z[ɛ]ksiɐ	ɐpr[u]z[ɨ]ksiɐ	0
aproximação	ɐprɔsimɐsɐ̃w̃	ɐprusimɐsɐ̃w̃	ɐpr[ɔ]simɐsɐ̃w̃	ɐpr[u]simɐsɐ̃w̃	0
aproximadamente	ɐprɔsimadɐmẽtɨ	ɐprusimɐdɐmẽntɨ	ɐpr[ɔ]sim[a]dɐmẽtɨ[]	ɐpr[u]sim[ɐ]dɐmẽnt[ɨ]	0
aproximado	ɐprɔsimadu	ɐprusimadu	ɐpr[ɔ]simadu	ɐpr[u]simadu	0
aproximar	ɐprɔsimar	ɐprusimar	ɐpr[ɔ]simar	ɐpr[u]simar	0
aproximativo	ɐprɔsimɐtivu	ɐprusimɐtivu	ɐpr[ɔ]simɐtivu	ɐpr[u]simɐtivu	0
aproximável	ɐprɔsimavɛɫ	ɐprusimavɛɫ	ɐpr[ɔ]simavɛɫ	ɐpr[u]simavɛɫ	0
aracnodérmico	ɐrɐknɔdɛrmiku	ɐrɐknudɛrmiku	ɐrɐkn[ɔ]dɛrmiku	ɐrɐkn[u]dɛrmiku	0
aracnofilia	ɐrɐknɔfiliɐ	ɐrɐknufiliɐ	ɐrɐkn[ɔ]filiɐ	ɐrɐkn[u]filiɐ	0
aracnofobia	ɐrɐknɔfubiɐ	ɐrɐknufubiɐ	ɐrɐkn[ɔ]fubiɐ	ɐrɐkn[u]fubiɐ	0
aracnofóbico	ɐrɐknɔfɔbiku	ɐrɐknufɔbiku	ɐrɐkn[ɔ]fɔbiku	ɐrɐkn[u]fɔbiku	0
aracnopsia	ɐrɐknɔpsiɐ	ɐrɐknupsiɐ	ɐrɐkn[ɔ]psiɐ	ɐrɐkn[u]psiɐ	0
arbovirose	ɐrbɔvirɔzɨ	ɐrbuvirɔzɨ	ɐrb[ɔ]virɔzɨ	ɐrb[u]virɔzɨ	0
arbovírus	ɐrbɔviruʃ	ɐrbuviruʃ	ɐrb[ɔ]viruʃ	ɐrb[u]viruʃ	0
arcoptose	ɐrkɔptɔzɨ	ɐrkuptɔzɨ	ɐrk[ɔ]ptɔzɨ	ɐrk[u]ptɔzɨ	0
arctopiteco	ɐrktɔpitɛku	ɐrktupitɛku	ɐrkt[ɔ]pitɛku	ɐrkt[u]pitɛku	0
aréola	ɐrɛulɐ	ɐrɛɔlɐ	ɐrɛ[u]lɐ	ɐrɛ[ɔ]lɐ	0
areometria	ɐrjɔmɨtriɐ	ɐriumɨtriɐ	ɐrj[ɔ]mɨtriɐ	ɐri[u]mɨtriɐ	0
areopagita	ɐrjɔpɐʒitɐ	ɐriupɐʒitɐ	ɐrj[ɔ]pɐʒitɐ	ɐri[u]pɐʒitɐ	0
areotectônica	ɐrjɔtɛktonikɐ	ɐriutɛtonikɐ	ɐrj[ɔ]tɛ[k]tonikɐ	ɐri[u]tɛ[]tonikɐ	0
areotectónica	ɐrjɔtɛktɔnikɐ	ɐriutɛtɔnikɐ	ɐrj[ɔ]tɛ[k]tɔnikɐ	ɐri[u]tɛ[]tɔnikɐ	0
argilofagia	ɐrʒilɔfɐʒiɐ	ɐrʒilufɐʒiɐ	ɐrʒil[ɔ]fɐʒiɐ	ɐrʒil[u]fɐʒiɐ	0
argonauta	ɐrɡɔnawtɐ	ɐrɡunawtɐ	ɐrɡ[ɔ]nawtɐ	ɐrɡ[u]nawtɐ	0
argonáutico	ɐrɡɔnawtiku	ɐrɡunawtiku	ɐrɡ[ɔ]nawtiku	ɐrɡ[u]nawtiku	0
aristodemocracia	ɐriʃtɔdɨmukrɐsiɐ	ɐriʃtudɨmukrɐsiɐ	ɐriʃt[ɔ]dɨmukrɐsiɐ	ɐriʃt[u]dɨmukrɐsiɐ	0
aritmomancia	ɐritmɔmɐ̃siɐ	ɐritmumɐ̃nsiɐ	ɐritm[ɔ]mɐ̃[]siɐ	ɐritm[u]mɐ̃[n]siɐ	0
aritmomania	ɐritmɔmɐniɐ	ɐritmumɐniɐ	ɐritm[ɔ]mɐniɐ	ɐritm[u]mɐniɐ	0
aritmometria	ɐritmɔmɨtriɐ	ɐritmumɨtriɐ	ɐritm[ɔ]mɨtriɐ	ɐritm[u]mɨtriɐ	0
arnoglossa	ɐrnɔɡlɔsɐ	ɐrnuɡlɔsɐ	ɐrn[ɔ]ɡlɔsɐ	ɐrn[u]ɡlɔsɐ	0
arqueobactéria	ɐrkjɔbɐktɛrjɐ	ɐrkɨubɐtɛrjɐ	ɐrkj[ɔ]bɐ[k]tɛrjɐ	ɐrkɨ[u]bɐ[]tɛrjɐ	0
arqueoptérix	ɐrkjɔptɛriks	ɐrkɨuptɛriks	ɐrkj[ɔ]ptɛriks	ɐrkɨ[u]ptɛriks	0
arrizotônico	ɐʀizɔtoniku	ɐʀizutoniku	ɐʀiz[ɔ]toniku	ɐʀiz[u]toniku	0
arrizotónico	ɐʀizɔtɔniku	ɐʀizutɔniku	ɐʀiz[ɔ]tɔniku	ɐʀiz[u]tɔniku	0
arroxado	ɐʀuʃadu	ɐʀɔʃadu	ɐʀ[u]ʃadu	ɐʀ[ɔ]ʃadu	0
arroxar	ɐʀuʃar	ɐʀɔʃar	ɐʀ[u]ʃar	ɐʀ[ɔ]ʃar	0
arroxeado	ɐʀuʃjadu	ɐʀɔʃiadu	ɐʀ[u]ʃ[j]adu	ɐʀ[ɔ]ʃ[i]adu	0
arroxear	ɐʀuʃjar	ɐʀɔʃiar	ɐʀ[u]ʃ[j]ar	ɐʀ[ɔ]ʃ[i]ar	0
arsenicofagia	ɐrsɨnikɔfɐʒiɐ	ɐrsɨnikufɐʒiɐ	ɐrsɨnik[ɔ]fɐʒiɐ	ɐrsɨnik[u]fɐʒiɐ	0
arte-psicoterapeuta	artɨpsikɔtɨrɐpewtɐ	artɨpsikutɨrɐpewtɐ	artɨpsik[ɔ]tɨrɐpewtɐ	artɨpsik[u]tɨrɐpewtɐ	0
arte-psicoterapia	artɨpsikɔtɨrɐpiɐ	artɨpsikutɨrɐpiɐ	artɨpsik[ɔ]tɨrɐpiɐ	artɨpsik[u]tɨrɐpiɐ	0
artiodáctilo	ɐrtjɔdaktilu	ɐrtiudatilu	ɐrtj[ɔ]da[k]tilu	ɐrti[u]da[]tilu	0
artiodátilo	ɐrtjɔdatilu	ɐrtiudatilu	ɐrtj[ɔ]datilu	ɐrti[u]datilu	0
artiozoário	ɐrtjɔzwarju	ɐrtiuzuarju	ɐrtj[ɔ]z[w]arju	ɐrti[u]z[u]arju	0
artropatia	ɐrtrɔpɐtiɐ	ɐrtrupɐtiɐ	ɐrtr[ɔ]pɐtiɐ	ɐrtr[u]pɐtiɐ	0
artropático	ɐrtrɔpatiku	ɐrtrupatiku	ɐrtr[ɔ]patiku	ɐrtr[u]patiku	0
artropiose	ɐrtrɔpjɔzɨ	ɐrtrupiɔzɨ	ɐrtr[ɔ]p[j]ɔzɨ	ɐrtr[u]p[i]ɔzɨ	0
artroscopia	ɐrtrɔʃkupiɐ	ɐrtruʃkupiɐ	ɐrtr[ɔ]ʃkupiɐ	ɐrtr[u]ʃkupiɐ	0
artroscópio	ɐrtrɔʃkɔpju	ɐrtruʃkɔpju	ɐrtr[ɔ]ʃkɔpju	ɐrtr[u]ʃkɔpju	0
artrotomia	ɐrtrɔtumiɐ	ɐrtrutumiɐ	ɐrtr[ɔ]tumiɐ	ɐrtr[u]tumiɐ	0
artrotropia	ɐrtrɔtrupiɐ	ɐrtrutrupiɐ	ɐrtr[ɔ]trupiɐ	ɐrtr[u]trupiɐ	0
artrozoário	ɐrtrɔzwarju	ɐrtruzuarju	ɐrtr[ɔ]z[w]arju	ɐrtr[u]z[u]arju	0
arvéola	ɐrvɛulɐ	ɐrvɛɔlɐ	ɐrvɛ[u]lɐ	ɐrvɛ[ɔ]lɐ	0
ascomicete	ɐʃkɔmisɛtɨ	ɐʃkumisɛtɨ	ɐʃk[ɔ]misɛtɨ	ɐʃk[u]misɛtɨ	0
asperifoliáceas	ɐʃpɨrifɔljasjɐʃ	ɐʃpɨrifuliasiɐʃ	ɐʃpɨrif[ɔ]l[j]as[j]ɐʃ	ɐʃpɨrif[u]l[i]as[i]ɐʃ	0
aspidocéfalo	ɐʃpidɔsɛfɐlu	ɐʃpidusɛfɐlu	ɐʃpid[ɔ]sɛfɐlu	ɐʃpid[u]sɛfɐlu	0
aspidosperma	ɐʃpidɔʃpɛrmɐ	ɐʃpiduʃpɛrmɐ	ɐʃpid[ɔ]ʃpɛrmɐ	ɐʃpid[u]ʃpɛrmɐ	0
aspidospermina	ɐʃpidɔʃpɨrminɐ	ɐʃpiduʃpɨrminɐ	ɐʃpid[ɔ]ʃpɨrminɐ	ɐʃpid[u]ʃpɨrminɐ	0
astenofobia	ɐʃtɨnɔfubiɐ	ɐʃtɨnufubiɐ	ɐʃtɨn[ɔ]fubiɐ	ɐʃtɨn[u]fubiɐ	0
astenofonia	ɐʃtɨnɔfuniɐ	ɐʃtɨnufuniɐ	ɐʃtɨn[ɔ]funiɐ	ɐʃtɨn[u]funiɐ	0
astenosfera	ɐʃtɨnɔʃfɛrɐ	ɐʃtɨnuʃfɛrɐ	ɐʃtɨn[ɔ]ʃfɛrɐ	ɐʃtɨn[u]ʃfɛrɐ	0
astenosférico	ɐʃtɨnɔʃfɛriku	ɐʃtɨnuʃfɛriku	ɐʃtɨn[ɔ]ʃfɛriku	ɐʃtɨn[u]ʃfɛriku	0
astragalomancia	ɐʃtrɐɡɐlɔmɐ̃siɐ	ɐʃtrɐɡɐlumɐ̃nsiɐ	ɐʃtrɐɡɐl[ɔ]mɐ̃[]siɐ	ɐʃtrɐɡɐl[u]mɐ̃[n]siɐ	0
astrofobia	ɐʃtrɔfubiɐ	ɐʃtrufubiɐ	ɐʃtr[ɔ]fubiɐ	ɐʃtr[u]fubiɐ	0
astrolábio	ɐʃtrɔlabju	ɐʃtrulabju	ɐʃtr[ɔ]labju	ɐʃtr[u]labju	0
astronauta	ɐʃtrɔnawtɐ	ɐʃtrunawtɐ	ɐʃtr[ɔ]nawtɐ	ɐʃtr[u]nawtɐ	0
astronáutica	ɐʃtrɔnawtikɐ	ɐʃtrunawtikɐ	ɐʃtr[ɔ]nawtikɐ	ɐʃtr[u]nawtikɐ	0
astroscopia	ɐʃtrɔʃkupiɐ	ɐʃtruʃkupiɐ	ɐʃtr[ɔ]ʃkupiɐ	ɐʃtr[u]ʃkupiɐ	0
astroscópio	ɐʃtrɔʃkɔpju	ɐʃtruʃkɔpju	ɐʃtr[ɔ]ʃkɔpju	ɐʃtr[u]ʃkɔpju	0
astrosfera	ɐʃtrɔʃfɛrɐ	ɐʃtruʃfɛrɐ	ɐʃtr[ɔ]ʃfɛrɐ	ɐʃtr[u]ʃfɛrɐ	0
atelocardia	ɐtɨlɔkɐrdiɐ	ɐtɨlukɐrdiɐ	ɐtɨl[ɔ]kɐrdiɐ	ɐtɨl[u]kɐrdiɐ	0
atorácico	ɐtɔrasiku	ɐturasiku	ɐt[ɔ]rasiku	ɐt[u]rasiku	0
atoxicar	ɐtɔksikar	ɐtuksikar	ɐt[ɔ]ksikar	ɐt[u]ksikar	0
atropar	ɐtrɔpar	ɐtrupar	ɐtr[ɔ]par	ɐtr[u]par	0
audiocassete	awdjɔkasɛtɨ	awdiukɐsɛtɨ	awdj[ɔ]k[a]sɛtɨ	awdi[u]k[ɐ]sɛtɨ	0
audiofone	awdjɔfɔnɨ	awdiufonɨ	awdj[ɔ]f[ɔ]nɨ	awdi[u]f[o]nɨ	0
audiofrequência	awdjɔfrɨkwẽsjɐ	awdiufrɨkwẽnsjɐ	awdj[ɔ]frɨkwẽsjɐ[]	awdi[u]frɨkwẽnsj[ɐ]	0
audiograma	awdjɔɡrɐmɐ	awdiuɡrɐ̃mɐ	awdj[ɔ]ɡrɐ[]mɐ	awdi[u]ɡrɐ[̃]mɐ	0
audiolivro	awdjɔlivru	awdiulivru	awdj[ɔ]livru	awdi[u]livru	0
audiometria	awdjɔmɨtriɐ	awdiumɨtriɐ	awdj[ɔ]mɨtriɐ	awdi[u]mɨtriɐ	0
audiométrico	awdjɔmɛtriku	awdiumɛtriku	awdj[ɔ]mɛtriku	awdi[u]mɛtriku	0
audiovisual	awdjɔvizwaɫ	awdiuvizuaɫ	awdj[ɔ]viz[w]aɫ	awdi[u]viz[u]aɫ	0
auréola	awrɛulɐ	awrɛɔlɐ	awrɛ[u]lɐ	awrɛ[ɔ]lɐ	0
auriculoventricular	awrikulɔvẽtrikular	awrikuluvẽntrikular	awrikul[ɔ]vẽtrikular[]	awrikul[u]vẽntrikula[r]	0
australo-africano	awʃtralɔɐfrikɐnu	awʃtraluɐfrikɐ̃nu	awʃtral[ɔ]ɐfrikɐ[]nu	awʃtral[u]ɐfrikɐ[̃]nu	0
australopiteco	awʃtrɐlɔpitɛku	awʃtrɐlupitɛku	awʃtrɐl[ɔ]pitɛku	awʃtrɐl[u]pitɛku	0
austro-africano	awʃtrɔɐfrikɐnu	awʃtruɐfrikɐ̃nu	awʃtr[ɔ]ɐfrikɐ[]nu	awʃtr[u]ɐfrikɐ[̃]nu	0
austro-central	awʃtrɔsẽtraɫ	awʃtrusẽntraɫ	awʃtr[ɔ]sẽtraɫ[]	awʃtr[u]sẽntra[ɫ]	0
austromancia	awʃtrɔmɐ̃siɐ	awʃtrumɐ̃nsiɐ	awʃtr[ɔ]mɐ̃[]siɐ	awʃtr[u]mɐ̃[n]siɐ	0
austro-oriental	awʃtrɔɔrjẽtaɫ	awʃtruɔriẽntaɫ	awʃtr[ɔ]ɔrjẽtaɫ[]	awʃtr[u]ɔriẽnta[ɫ]	0
autobus	awtɔbuʃ	awtubuʃ	awt[ɔ]buʃ	awt[u]buʃ	0
autocross	awtɔkrɔs	awtukrɔʃ	awt[ɔ]krɔ[s]	awt[u]krɔ[ʃ]	0
autografomania	awtɔɡrɐfɔmɐniɐ	awtuɡrɐfumɐniɐ	awt[ɔ]ɡrɐf[ɔ]mɐniɐ	awt[u]ɡrɐf[u]mɐniɐ	0
auto-hemoterapia	awtɔemɔtɨrɐpiɐ	awtɔemuterɐpiɐ	awtɔem[ɔ]t[ɨ]rɐpiɐ	awtɔem[u]t[e]rɐpiɐ	0
autometralhadora	awtɔmɨtrɨʎɐdorɐ	awtumetrɐʎɐdorɐ	awt[ɔ]m[ɨ]tr[ɨ]ʎɐdorɐ	awt[u]m[e]tr[ɐ]ʎɐdorɐ	0
automotora	awtɔmutorɐ	awtumutorɐ	awt[ɔ]mutorɐ	awt[u]mutorɐ	0
automotor	awtɔmutor	awtumutor	awt[ɔ]mutor	awt[u]mutor	0
automotriz	awtɔmutriʃ	awtumutriʃ	awt[ɔ]mutriʃ	awt[u]mutriʃ	0
automutilação	awtɔmutilɐsɐ̃w̃	awtumutilɐsɐ̃w̃	awt[ɔ]mutilɐsɐ̃w̃	awt[u]mutilɐsɐ̃w̃	0
autonomeado	awtɔnumjadu	awtunumiadu	awt[ɔ]num[j]adu	awt[u]num[i]adu	0
autopsiar	awtɔpsjar	awtupsiar	awt[ɔ]ps[j]ar	awt[u]ps[i]ar	0
autotoxina	awtɔtɔksinɐ	awtɔtuksinɐ	awtɔt[ɔ]ksinɐ	awtɔt[u]ksinɐ	0
aviominiatura	ɐvjɔminjɐturɐ	ɐviuminiɐturɐ	ɐvj[ɔ]min[j]ɐturɐ	ɐvi[u]min[i]ɐturɐ	0
axinomancia	ɐksinɔmɐ̃siɐ	ɐksinumɐ̃nsiɐ	ɐksin[ɔ]mɐ̃[]siɐ	ɐksin[u]mɐ̃[n]siɐ	0
azeotrópico	ɐzɛɔtrɔpiku	ɐziutrɔpiku	ɐzɛ[ɔ]trɔpiku	ɐzi[u]trɔpiku	0
azoospermia	ɐzwɔʃpɨrmiɐ	ɐzuuʃpɨrmiɐ	ɐzw[ɔ]ʃpɨrmiɐ	ɐzu[u]ʃpɨrmiɐ	0
baciloscopia	bɐsilɔʃkupiɐ	bɐsiluʃkupiɐ	bɐsil[ɔ]ʃkupiɐ	bɐsil[u]ʃkupiɐ	0
baciloterapia	bɐsilɔtɨrɐpiɐ	bɐsilutɨrɐpiɐ	bɐsil[ɔ]tɨrɐpiɐ	bɐsil[u]tɨrɐpiɐ	0
bailomania	bajlɔmɐniɐ	bajlumɐniɐ	bajl[ɔ]mɐniɐ	bajl[u]mɐniɐ	0
bailomaníaco	bajlɔmɐniɐku	bajlumɐniɐku	bajl[ɔ]mɐniɐku	bajl[u]mɐniɐku	0
balanorragia	bɐlɐnɔʀɐʒiɐ	bɐlɐnuʀɐʒiɐ	bɐlɐn[ɔ]ʀɐʒiɐ	bɐlɐn[u]ʀɐʒiɐ	0
balenoptéridas	bɐlɨnɔptɛridɐʃ	bɐlɨnuptɛridɐʃ	bɐlɨn[ɔ]ptɛridɐʃ	bɐlɨn[u]ptɛridɐʃ	0
balenopterídeos	bɐlɨnɔptɨridjuʃ	bɐlɨnuptɨridiwʃ	bɐlɨn[ɔ]ptɨridj[u]ʃ	bɐlɨn[u]ptɨridi[w]ʃ	0
balneoterapia	baɫnjɔtɨrɐpiɐ	baɫniutɨrɐpiɐ	baɫnj[ɔ]tɨrɐpiɐ	baɫni[u]tɨrɐpiɐ	0
balneoterápico	baɫnjɔtɨrapiku	baɫniutɨrapiku	baɫnj[ɔ]tɨrapiku	baɫni[u]tɨrapiku	0
banobeiro	bɐnɔbɐjru	bɐnubɐjru	bɐn[ɔ]bɐjru	bɐn[u]bɐjru	0
baobá	bɐɔba	bɐuba	bɐ[ɔ]ba	bɐ[u]ba	0
baobabe	bɐɔbabɨ	bɐubabɨ	bɐ[ɔ]babɨ	bɐ[u]babɨ	0
baroceptor	bɐrɔsɛptor	bɐrusɨptor	bɐr[ɔ]s[ɛ]ptor	bɐr[u]s[ɨ]ptor	0
barocetor	bɐrɔsɛtor	bɐrusɨtor	bɐr[ɔ]s[ɛ]tor	bɐr[u]s[ɨ]tor	0
baroclínico	bɐrɔkliniku	bɐrukliniku	bɐr[ɔ]kliniku	bɐr[u]kliniku	0
barognose	bɐrɔɡnɔzɨ	bɐruɡnɔzɨ	bɐr[ɔ]ɡnɔzɨ	bɐr[u]ɡnɔzɨ	0
barognosia	bɐrɔɡnuziɐ	bɐruɡnuziɐ	bɐr[ɔ]ɡnuziɐ	bɐr[u]ɡnuziɐ	0
barograma	bɐrɔɡrɐmɐ	bɐruɡrɐ̃mɐ	bɐr[ɔ]ɡrɐ[]mɐ	bɐr[u]ɡrɐ[̃]mɐ	0
barometria	bɐrɔmɨtriɐ	bɐrumɨtriɐ	bɐr[ɔ]mɨtriɐ	bɐr[u]mɨtriɐ	0
barometrógrafo	bɐrɔmɨtrɔɡrɐfu	bɐrumɨtrɔɡrɐfu	bɐr[ɔ]mɨtrɔɡrɐfu	bɐr[u]mɨtrɔɡrɐfu	0
barorreceptor	bɐrɔʀɨsɛptor	bɐruʀesɨptor	bɐr[ɔ]ʀ[ɨ]s[ɛ]ptor	bɐr[u]ʀ[e]s[ɨ]ptor	0
barorrecetor	bɐrɔʀɨsɛtor	bɐruʀesɨtor	bɐr[ɔ]ʀ[ɨ]s[ɛ]tor	bɐr[u]ʀ[e]s[ɨ]tor	0
barostática	bɐrɔʃtatikɐ	bɐruʃtatikɐ	bɐr[ɔ]ʃtatikɐ	bɐr[u]ʃtatikɐ	0
barostático	bɐrɔʃtatiku	bɐruʃtatiku	bɐr[ɔ]ʃtatiku	bɐr[u]ʃtatiku	0
barotáctico	bɐrɔtaktiku	bɐrutatiku	bɐr[ɔ]ta[k]tiku	bɐr[u]ta[]tiku	0
barotático	bɐrɔtatiku	bɐrutatiku	bɐr[ɔ]tatiku	bɐr[u]tatiku	0
barotaxia	bɐrɔtaksiɐ	bɐrutɐksiɐ	bɐr[ɔ]t[a]ksiɐ	bɐr[u]t[ɐ]ksiɐ	0
barotermógrafo	bɐrɔtɨrmɔɡrɐfu	bɐrutɨrmɔɡrɐfu	bɐr[ɔ]tɨrmɔɡrɐfu	bɐr[u]tɨrmɔɡrɐfu	0
barotermômetro	bɐrɔtɨrmomɨtru	bɐrutɨrmomɨtru	bɐr[ɔ]tɨrmomɨtru	bɐr[u]tɨrmomɨtru	0
barotermómetro	bɐrɔtɨrmɔmɨtru	bɐrutɨrmɔmɨtru	bɐr[ɔ]tɨrmɔmɨtru	bɐr[u]tɨrmɔmɨtru	0
barotrauma	bɐrɔtrawmɐ	bɐrutrawmɐ	bɐr[ɔ]trawmɐ	bɐr[u]trawmɐ	0
barotraumático	bɐrɔtrawmatiku	bɐrutrawmatiku	bɐr[ɔ]trawmatiku	bɐr[u]trawmatiku	0
barotropia	bɐrɔtrupiɐ	bɐrutrupiɐ	bɐr[ɔ]trupiɐ	bɐr[u]trupiɐ	0
barotrópico	bɐrɔtrɔpiku	bɐrutrɔpiku	bɐr[ɔ]trɔpiku	bɐr[u]trɔpiku	0
barotropismo	bɐrɔtrupiʒmu	bɐrutrupiʒmu	bɐr[ɔ]trupiʒmu	bɐr[u]trupiʒmu	0
basebolista	bɐjzɨbuliʃtɐ	bɐjzɨbɔliʃtɐ	bɐjzɨb[u]liʃtɐ	bɐjzɨb[ɔ]liʃtɐ	0
basidiocárpico	bɐzidjɔkarpiku	bɐzidiukarpiku	bɐzidj[ɔ]karpiku	bɐzidi[u]karpiku	0
basidiocarpo	bɐzidjɔkarpu	bɐzidiukarpu	bɐzidj[ɔ]karpu	bɐzidi[u]karpu	0
basiofobia	bɐzjɔfubiɐ	bɐziufubiɐ	bɐzj[ɔ]fubiɐ	bɐzi[u]fubiɐ	0
basofobia	bɐzɔfubiɐ	bɐzufubiɐ	bɐz[ɔ]fubiɐ	bɐz[u]fubiɐ	0
biblioclasta	bibljɔklaʃtɐ	bibliuklaʃtɐ	biblj[ɔ]klaʃtɐ	bibli[u]klaʃtɐ	0
biblioclepta	bibljɔklɛptɐ	bibliuklɛptɐ	biblj[ɔ]klɛptɐ	bibli[u]klɛptɐ	0
bibliofilia	bibljɔfiliɐ	bibliufiliɐ	biblj[ɔ]filiɐ	bibli[u]filiɐ	0
bibliofobia	bibljɔfubiɐ	bibliufubiɐ	biblj[ɔ]fubiɐ	bibli[u]fubiɐ	0
bibliognosia	bibljɔɡnuziɐ	bibliuɡnuziɐ	biblj[ɔ]ɡnuziɐ	bibli[u]ɡnuziɐ	0
bibliognosta	bibljɔɡnɔʃtɐ	bibliuɡnɔʃtɐ	biblj[ɔ]ɡnɔʃtɐ	bibli[u]ɡnɔʃtɐ	0
bibliognóstico	bibljɔɡnɔʃtiku	bibliuɡnɔʃtiku	biblj[ɔ]ɡnɔʃtiku	bibli[u]ɡnɔʃtiku	0
bibliolatria	bibljɔlɐtriɐ	bibliulɐtriɐ	biblj[ɔ]lɐtriɐ	bibli[u]lɐtriɐ	0
bibliomancia	bibljɔmɐ̃siɐ	bibliumɐ̃nsiɐ	biblj[ɔ]mɐ̃[]siɐ	bibli[u]mɐ̃[n]siɐ	0
bibliomania	bibljɔmɐniɐ	bibliumɐniɐ	biblj[ɔ]mɐniɐ	bibli[u]mɐniɐ	0
bibliomaníaco	bibljɔmɐniɐku	bibliumɐniɐku	biblj[ɔ]mɐniɐku	bibli[u]mɐniɐku	0
biblionímia	bibljɔnimjɐ	bibljunimjɐ	biblj[ɔ]nimjɐ	biblj[u]nimjɐ	0
biblionímico	bibljɔnimiku	bibljunimiku	biblj[ɔ]nimiku	biblj[u]nimiku	0
bibliopola	bibljɔpɔlɐ	bibliupɔlɐ	biblj[ɔ]pɔlɐ	bibli[u]pɔlɐ	0
bibliotecnia	bibljɔtɛkniɐ	bibliutɛkniɐ	biblj[ɔ]tɛkniɐ	bibli[u]tɛkniɐ	0
biblioterapia	bibljɔtɨrɐpiɐ	bibliutɨrɐpiɐ	biblj[ɔ]tɨrɐpiɐ	bibli[u]tɨrɐpiɐ	0
bicromado	bikrɔmadu	bikrumadu	bikr[ɔ]madu	bikr[u]madu	0
biglobular	biɡlɔbular	biɡlubular	biɡl[ɔ]bular	biɡl[u]bular	0
bi-horário	biɔrarju	biurarju	bi[ɔ]rarju	bi[u]rarju	0
bilobulado	bilɔbuladu	bilubuladu	bil[ɔ]buladu	bil[u]buladu	0
bilocular	bilɔkular	bilukular	bil[ɔ]kular	bil[u]kular	0
binoculado	binɔkuladu	binukuladu	bin[ɔ]kuladu	bin[u]kuladu	0
binocular	binɔkular	binukular	bin[ɔ]kular	bin[u]kular	0
binoculizar	binɔkulizar	binukulizar	bin[ɔ]kulizar	bin[u]kulizar	0
bioacumulação	biɔɐkumulɐsɐ̃w̃	biuɐkumulɐsɐ̃w̃	bi[ɔ]ɐkumulɐsɐ̃w̃	bi[u]ɐkumulɐsɐ̃w̃	0
bioacumular	biɔɐkumular	biuɐkumular	bi[ɔ]ɐkumular	bi[u]ɐkumular	0
bioacústica	biɔɐkuʃtikɐ	biuɐkuʃtikɐ	bi[ɔ]ɐkuʃtikɐ	bi[u]ɐkuʃtikɐ	0
bioacústico	biɔɐkuʃtiku	biuɐkuʃtiku	bi[ɔ]ɐkuʃtiku	bi[u]ɐkuʃtiku	0
bioaeração	biɔɐɛrɐsɐ̃w̃	biuɐɨrɐsɐ̃w̃	bi[ɔ]ɐ[ɛ]rɐsɐ̃w̃	bi[u]ɐ[ɨ]rɐsɐ̃w̃	0
bioastronáutica	biɔɐʃtrunawtikɐ	biuɐʃtrunawtikɐ	bi[ɔ]ɐʃtrunawtikɐ	bi[u]ɐʃtrunawtikɐ	0
bioastronáutico	biɔɐʃtrunawtiku	biuɐʃtrunawtiku	bi[ɔ]ɐʃtrunawtiku	bi[u]ɐʃtrunawtiku	0
bioastronomia	biɔɐʃtrunumiɐ	biuɐʃtrunumiɐ	bi[ɔ]ɐʃtrunumiɐ	bi[u]ɐʃtrunumiɐ	0
biobibliografia	biɔbibljuɡrɐfiɐ	biubibliuɡrɐfiɐ	bi[ɔ]bibl[j]uɡrɐfiɐ	bi[u]bibl[i]uɡrɐfiɐ	0
biobibliográfico	biɔbibljuɡrafiku	biubibliuɡrafiku	bi[ɔ]bibl[j]uɡrafiku	bi[u]bibl[i]uɡrafiku	0
biobjectividade	biɔbʒɛtividadɨ	biubʒɛtividadɨ	bi[ɔ]bʒɛtividadɨ	bi[u]bʒɛtividadɨ	0
biobjectivo	biɔbʒɛtivu	biubʒɛtivu	bi[ɔ]bʒɛtivu	bi[u]bʒɛtivu	0
biobjetividade	biɔbʒɛtividadɨ	biubʒetividadɨ	bi[ɔ]bʒ[ɛ]tividadɨ	bi[u]bʒ[e]tividadɨ	0
biobjetivo	biɔbʒɛtivu	biubʒɨtivu	bi[ɔ]bʒ[ɛ]tivu	bi[u]bʒ[ɨ]tivu	0
biocatalisador	biɔkɐtɐlizɐdor	biukɐtɐlizɐdor	bi[ɔ]kɐtɐlizɐdor	bi[u]kɐtɐlizɐdor	0
biocenologia	biɔsɨnuluʒiɐ	biusenuluʒiɐ	bi[ɔ]s[ɨ]nuluʒiɐ	bi[u]s[e]nuluʒiɐ	0
biocenológico	biɔsɨnulɔʒiku	biusenulɔʒiku	bi[ɔ]s[ɨ]nulɔʒiku	bi[u]s[e]nulɔʒiku	0
biocenose	biɔsɨnɔzɨ	biusɨnɔzɨ	bi[ɔ]sɨnɔzɨ	bi[u]sɨnɔzɨ	0
biocenótico	biɔsɨnɔtiku	biusɨnɔtiku	bi[ɔ]sɨnɔtiku	bi[u]sɨnɔtiku	0
biocida	biɔsidɐ	biusidɐ	bi[ɔ]sidɐ	bi[u]sidɐ	0
bioclimática	biɔklimatikɐ	biuklimatikɐ	bi[ɔ]klimatikɐ	bi[u]klimatikɐ	0
bioclimático	biɔklimatiku	biuklimatiku	bi[ɔ]klimatiku	bi[u]klimatiku	0
bioclimatologia	biɔklimɐtuluʒiɐ	biuklimɐtuluʒiɐ	bi[ɔ]klimɐtuluʒiɐ	bi[u]klimɐtuluʒiɐ	0
bioclimatológico	biɔklimɐtulɔʒiku	biuklimɐtulɔʒiku	bi[ɔ]klimɐtulɔʒiku	bi[u]klimɐtulɔʒiku	0
biocoloide	biɔkulɔjdɨ	biukulɔjdɨ	bi[ɔ]kulɔjdɨ	bi[u]kulɔjdɨ	0
biocolóide	biɔkulɔjdɨ	biukulɔjdɨ	bi[ɔ]kulɔjdɨ	bi[u]kulɔjdɨ	0
biocombustível	biɔkõbuʃtivɛɫ	biukõmbuʃtivɛɫ	bi[ɔ]kõbuʃtivɛɫ[]	bi[u]kõmbuʃtivɛ[ɫ]	0
biocompatibilidade	biɔkõpɐtibilidadɨ	biukõmpɐtibilidadɨ	bi[ɔ]kõpɐti[b]i[l]id[a]dɨ[]	bi[u]kõmpɐ[t]i[b]il[i]dad[ɨ]	0
biocompatível	biɔkõpɐtivɛɫ	biukõmpɐtivɛɫ	bi[ɔ]kõpɐtivɛɫ[]	bi[u]kõmpɐtivɛ[ɫ]	0
bioconcentração	biɔkõsẽtrɐsɐ̃w̃	biukõnsẽntrɐsɐ̃w̃	bi[ɔ]kõsẽtrɐsɐ̃w̃[]	bi[u]kõnsẽntrɐsɐ̃w[̃]	0
biocrático	biɔkratiku	biukratiku	bi[ɔ]kratiku	bi[u]kratiku	0
biodegradabilidade	biɔdɨɡrɐdɐbilidadɨ	biudɨɡrɐdɐbilidadɨ	bi[ɔ]dɨɡrɐdɐbilidadɨ	bi[u]dɨɡrɐdɐbilidadɨ	0
biodegradação	biɔdɨɡrɐdɐsɐ̃w̃	biudɨɡrɐdɐsɐ̃w̃	bi[ɔ]dɨɡrɐdɐsɐ̃w̃	bi[u]dɨɡrɐdɐsɐ̃w̃	0
biodegradável	biɔdɨɡrɐdavɛɫ	biudɨɡrɐdavɛɫ	bi[ɔ]dɨɡrɐdavɛɫ	bi[u]dɨɡrɐdavɛɫ	0
biodesign	biɔdizajn	biudɨziɡn	bi[ɔ]d[i]za[j]n	bi[u]d[ɨ]zi[ɡ]n	0
biodigestor	biɔdiʒɨʃtor	biudiʒɨʃtor	bi[ɔ]diʒɨʃtor	bi[u]diʒɨʃtor	0
biodinâmica	biɔdinɐmikɐ	biudinɐ̃mikɐ	bi[ɔ]dinɐ[]mikɐ	bi[u]dinɐ[̃]mikɐ	0
biodisponibilidade	biɔdiʃpunibilidadɨ	biudiʃpunibilidadɨ	bi[ɔ]diʃpunibilidadɨ	bi[u]diʃpunibilidadɨ	0
biodiversidade	biɔdivɨrsidadɨ	biudivɨrsidadɨ	bi[ɔ]divɨrsidadɨ	bi[u]divɨrsidadɨ	0
bioequivalência	biɔekivɐlẽsjɐ	biuekivɐlẽnsjɐ	bi[ɔ]ekivɐlẽsjɐ[]	bi[u]ekivɐlẽnsj[ɐ]	0
bioequivalente	biɔekivɐlẽtɨ	biuekivɐlẽntɨ	bi[ɔ]ekivɐlẽtɨ[]	bi[u]ekivɐlẽnt[ɨ]	0
bioética	biɔɛtikɐ	biuɛtikɐ	bi[ɔ]ɛtikɐ	bi[u]ɛtikɐ	0
bioético	biɔɛtiku	biuɛtiku	bi[ɔ]ɛtiku	bi[u]ɛtiku	0
biofármaco	biɔfarmɐku	biufarmɐku	bi[ɔ]farmɐku	bi[u]farmɐku	0
biofertilizante	biɔfɨrtilizɐ̃tɨ	biufertilizɐ̃ntɨ	bi[ɔ]f[ɨ]rtilizɐ̃[]tɨ	bi[u]f[e]rtilizɐ̃[n]tɨ	0
biofilia	bjɔfiliɐ	biufiliɐ	bj[ɔ]filiɐ	bi[u]filiɐ	0
biofílico	bjɔfiliku	biufiliku	bj[ɔ]filiku	bi[u]filiku	0
biofísica	biɔfizikɐ	biufizikɐ	bi[ɔ]fizikɐ	bi[u]fizikɐ	0
bioflavonoides	biɔflɐvunɔjdɨʃ	biuflɐvunɔjdɨʃ	bi[ɔ]flɐvunɔjdɨʃ	bi[u]flɐvunɔjdɨʃ	0
bioflavonóides	biɔflɐvunɔjdɨʃ	biuflɐvunɔjdɨʃ	bi[ɔ]flɐvunɔjdɨʃ	bi[u]flɐvunɔjdɨʃ	0
biofobia	biɔfubiɐ	biufubiɐ	bi[ɔ]fubiɐ	bi[u]fubiɐ	0
biogás	biɔɡaʃ	biuɡaʃ	bi[ɔ]ɡaʃ	bi[u]ɡaʃ	0
biogênese	biɔʒenɨzɨ	biuʒenɨzɨ	bi[ɔ]ʒenɨzɨ	bi[u]ʒenɨzɨ	0
biogénese	biɔʒɛnɨzɨ	biuʒɛnɨzɨ	bi[ɔ]ʒɛnɨzɨ	bi[u]ʒɛnɨzɨ	0
biogenésico	biɔʒɨnɛziku	biuʒɨnɛziku	bi[ɔ]ʒɨnɛziku	bi[u]ʒɨnɛziku	0
biogenética	biɔʒɨnɛtikɐ	biuʒɨnɛtikɐ	bi[ɔ]ʒɨnɛtikɐ	bi[u]ʒɨnɛtikɐ	0
biogenético	biɔʒɨnɛtiku	biuʒɨnɛtiku	bi[ɔ]ʒɨnɛtiku	bi[u]ʒɨnɛtiku	0
biogenia	biɔʒɨniɐ	biuʒɨniɐ	bi[ɔ]ʒɨniɐ	bi[u]ʒɨniɐ	0
biogênico	biɔʒeniku	biuʒeniku	bi[ɔ]ʒeniku	bi[u]ʒeniku	0
biogénico	biɔʒɛniku	biuʒɛniku	bi[ɔ]ʒɛniku	bi[u]ʒɛniku	0
biogeografia	biɔʒjuɡrɐfiɐ	biuʒiuɡrɐfiɐ	bi[ɔ]ʒ[j]uɡrɐfiɐ	bi[u]ʒ[i]uɡrɐfiɐ	0
biogeográfico	biɔʒjuɡrafiku	biuʒiuɡrafiku	bi[ɔ]ʒ[j]uɡrafiku	bi[u]ʒ[i]uɡrafiku	0
biogeógrafo	biɔʒjɔɡrɐfu	biuʒɨɔɡrɐfu	bi[ɔ]ʒ[j]ɔɡrɐfu	bi[u]ʒ[ɨ]ɔɡrɐfu	0
biogeoquímica	biɔʒɛɔkimikɐ	biuʒiukimikɐ	bi[ɔ]ʒɛ[ɔ]kimikɐ	bi[u]ʒi[u]kimikɐ	0
biogeoquímico	biɔʒɛɔkimiku	biuʒiukimiku	bi[ɔ]ʒɛ[ɔ]kimiku	bi[u]ʒi[u]kimiku	0
bioluminescência	biɔluminɨʃsẽsjɐ	biuluminɨʃsẽnsjɐ	bi[ɔ]luminɨʃsẽsjɐ[]	bi[u]luminɨʃsẽnsj[ɐ]	0
bioluminescente	biɔluminɨʃsẽtɨ	biuluminɨʃsẽntɨ	bi[ɔ]luminɨʃsẽtɨ[]	bi[u]luminɨʃsẽnt[ɨ]	0
biomagnetismo	biɔmaɡnɛtiʒmu	biumɐɡnɨtiʒmu	bi[ɔ]m[a]ɡn[ɛ]tiʒmu	bi[u]m[ɐ]ɡn[ɨ]tiʒmu	0
biomagnificação	biɔmaɡnifikɐsɐ̃w̃	biumɐɡnifikɐsɐ̃w̃	bi[ɔ]m[a]ɡnifikɐsɐ̃w̃	bi[u]m[ɐ]ɡnifikɐsɐ̃w̃	0
biomagnificar	biɔmaɡnifikar	biumɐɡnifikar	bi[ɔ]m[a]ɡnifikar	bi[u]m[ɐ]ɡnifikar	0
biomagnificável	biɔmaɡnifikavɛɫ	biumɐɡnifikavɛɫ	bi[ɔ]m[a]ɡnifikavɛɫ	bi[u]m[ɐ]ɡnifikavɛɫ	0
biomarcador	biɔmɐrkɐdor	biumɐrkɐdor	bi[ɔ]mɐrkɐdor	bi[u]mɐrkɐdor	0
biomassa	biɔmasɐ	biumasɐ	bi[ɔ]masɐ	bi[u]masɐ	0
biomecânica	biɔmɨkɐnikɐ	biumɨkɐ̃nikɐ	bi[ɔ]mɨkɐ[]nikɐ	bi[u]mɨkɐ[̃]nikɐ	0
biomecânico	biɔmɨkɐniku	biumɨkɐ̃niku	bi[ɔ]mɨkɐ[]niku	bi[u]mɨkɐ[̃]niku	0
biomedicina	biɔmɨdisinɐ	biumedisinɐ	bi[ɔ]m[ɨ]disinɐ	bi[u]m[e]disinɐ	0
biomédico	biɔmɛdiku	biumɛdiku	bi[ɔ]mɛdiku	bi[u]mɛdiku	0
biometria	bjɔmɨtriɐ	biumɨtriɐ	bj[ɔ]mɨtriɐ	bi[u]mɨtriɐ	0
biomicroscopia	biɔmikrɔʃkupiɐ	biumikruʃkupiɐ	bi[ɔ]mikr[ɔ]ʃkupiɐ	bi[u]mikr[u]ʃkupiɐ	0
biomolécula	biɔmulɛkulɐ	biumulɛkulɐ	bi[ɔ]mulɛkulɐ	bi[u]mulɛkulɐ	0
biomonitor	biɔmunitor	biumunitor	bi[ɔ]munitor	bi[u]munitor	0
biomonitorização	biɔmuniturizɐsɐ̃w̃	biumuniturizɐsɐ̃w̃	bi[ɔ]muniturizɐsɐ̃w̃	bi[u]muniturizɐsɐ̃w̃	0
biomórfico	biɔmɔrfiku	biumɔrfiku	bi[ɔ]mɔrfiku	bi[u]mɔrfiku	0
biomorfismo	biɔmurfiʒmu	biumurfiʒmu	bi[ɔ]murfiʒmu	bi[u]murfiʒmu	0
biomorfose	biɔmurfɔzɨ	biumurfɔzɨ	bi[ɔ]murfɔzɨ	bi[u]murfɔzɨ	0
biomorfótico	biɔmurfɔtiku	biumurfɔtiku	bi[ɔ]murfɔtiku	bi[u]murfɔtiku	0
biopsia	bjɔpsiɐ	biupsiɐ	bj[ɔ]psiɐ	bi[u]psiɐ	0
bioquímica	bjɔkimikɐ	biukimikɐ	bj[ɔ]kimikɐ	bi[u]kimikɐ	0
bioquímico	bjɔkimiku	biukimiku	bj[ɔ]kimiku	bi[u]kimiku	0
biorritmo	bjɔʀitmu	biuʀitmu	bj[ɔ]ʀitmu	bi[u]ʀitmu	0
bioscópico	biɔʃkɔpiku	biuʃkɔpiku	bi[ɔ]ʃkɔpiku	bi[u]ʃkɔpiku	0
bioscópio	biɔʃkɔpju	biuʃkɔpju	bi[ɔ]ʃkɔpju	bi[u]ʃkɔpju	0
biosfera	bjɔʃfɛrɐ	biuʃfɛrɐ	bj[ɔ]ʃfɛrɐ	bi[u]ʃfɛrɐ	0
biosférico	biɔʃfɛriku	biuʃfɛriku	bi[ɔ]ʃfɛriku	bi[u]ʃfɛriku	0
biossatélite	biɔsɐtɛlitɨ	biusɐtɛlitɨ	bi[ɔ]sɐtɛlitɨ	bi[u]sɐtɛlitɨ	0
biossíntese	biɔsĩtɨzɨ	biusĩntɨzɨ	bi[ɔ]sĩtɨ[z]ɨ[]	bi[u]sĩn[t]ɨz[ɨ]	0
biossintetizar	biɔsĩtɨtizar	biusĩntɨtizar	bi[ɔ]sĩt[ɨ]tizar[]	bi[u]sĩ[n]tɨtiza[r]	0
biossintetizável	biɔsĩtɨtizavɛɫ	biusĩntɨtizavɛɫ	bi[ɔ]sĩt[ɨ]tizavɛɫ[]	bi[u]sĩ[n]tɨtizavɛ[ɫ]	0
biostratigrafia	biɔʃtrɐtiɡrɐfiɐ	biuʃtrɐtiɡrɐfiɐ	bi[ɔ]ʃtrɐtiɡrɐfiɐ	bi[u]ʃtrɐtiɡrɐfiɐ	0
biostratigráfico	biɔʃtrɐtiɡrafiku	biuʃtrɐtiɡrafiku	bi[ɔ]ʃtrɐtiɡrafiku	bi[u]ʃtrɐtiɡrafiku	0
biostratinomia	biɔʃtrɐtinumiɐ	biuʃtrɐtinumiɐ	bi[ɔ]ʃtrɐtinumiɐ	bi[u]ʃtrɐtinumiɐ	0
biostroma	bjɔʃtromɐ	biuʃtromɐ	bj[ɔ]ʃtromɐ	bi[u]ʃtromɐ	0
biotáctico	biɔtaktiku	biutatiku	bi[ɔ]ta[k]tiku	bi[u]ta[]tiku	0
biotático	biɔtatiku	biutatiku	bi[ɔ]tatiku	bi[u]tatiku	0
biotaxia	biɔtaksiɐ	biutɐksiɐ	bi[ɔ]t[a]ksiɐ	bi[u]t[ɐ]ksiɐ	0
biotecnologia	biɔtɛknuluʒiɐ	biutɛknuluʒiɐ	bi[ɔ]tɛknuluʒiɐ	bi[u]tɛknuluʒiɐ	0
biotecnológico	biɔtɛknulɔʒiku	biutɛknulɔʒiku	bi[ɔ]tɛknulɔʒiku	bi[u]tɛknulɔʒiku	0
bioterapia	biɔtɨrɐpiɐ	biuterɐpiɐ	bi[ɔ]t[ɨ]rɐpiɐ	bi[u]t[e]rɐpiɐ	0
bioterápico	biɔtɨrapiku	biutɨrapiku	bi[ɔ]tɨrapiku	bi[u]tɨrapiku	0
biotério	bjɔtɛrju	biutɛrju	bj[ɔ]tɛrju	bi[u]tɛrju	0
bioterrorismo	biɔtɨʀuriʒmu	biuteʀuriʒmu	bi[ɔ]t[ɨ]ʀuriʒmu	bi[u]t[e]ʀuriʒmu	0
bioterrorista	biɔtɨʀuriʃtɐ	biuteʀuriʃtɐ	bi[ɔ]t[ɨ]ʀuriʃtɐ	bi[u]t[e]ʀuriʃtɐ	0
bioteste	biɔtɛʃtɨ	biutɛʃtɨ	bi[ɔ]tɛʃtɨ	bi[u]tɛʃtɨ	0
biotipologia	biɔtipuluʒiɐ	biutipuluʒiɐ	bi[ɔ]tipuluʒiɐ	bi[u]tipuluʒiɐ	0
biotipológico	biɔtipulɔʒiku	biutipulɔʒiku	bi[ɔ]tipulɔʒiku	bi[u]tipulɔʒiku	0
biotipologista	biɔtipuluʒiʃtɐ	biutipuluʒiʃtɐ	bi[ɔ]tipuluʒiʃtɐ	bi[u]tipuluʒiʃtɐ	0
biotítico	biɔtitiku	biutitiku	bi[ɔ]titiku	bi[u]titiku	0
biovulado	biɔvuladu	biuvuladu	bi[ɔ]vuladu	bi[u]vuladu	0
biovular	biɔvular	biuvular	bi[ɔ]vular	bi[u]vular	0
biozona	biɔzonɐ	biuzonɐ	bi[ɔ]zonɐ	bi[u]zonɐ	0
bismutoterapia	biʒmutɔtɨrɐpiɐ	biʒmututɨrɐpiɐ	biʒmut[ɔ]tɨrɐpiɐ	biʒmut[u]tɨrɐpiɐ	0
blogosfera	blɔɡɔʃfɛrɐ	bluɡuʃfɛrɐ	bl[ɔ]ɡ[ɔ]ʃfɛrɐ	bl[u]ɡ[u]ʃfɛrɐ	0
blogueiro	blɔɡɐjru	bluɡɐjru	bl[ɔ]ɡɐjru	bl[u]ɡɐjru	0
bloguista	blɔɡiʃtɐ	bluɡiʃtɐ	bl[ɔ]ɡiʃtɐ	bl[u]ɡiʃtɐ	0
bloguístico	blɔɡiʃtiku	bluɡiʃtiku	bl[ɔ]ɡiʃtiku	bl[u]ɡiʃtiku	0
bloquista	blɔkiʃtɐ	blukiʃtɐ	bl[ɔ]kiʃtɐ	bl[u]kiʃtɐ	0
bobina	bɔbinɐ	bubinɐ	b[ɔ]binɐ	b[u]binɐ	0
bobinadeira	bɔbinɐdɐjrɐ	bubinɐdɐjrɐ	b[ɔ]binɐdɐjrɐ	b[u]binɐdɐjrɐ	0
bobinado	bɔbinadu	bubinadu	b[ɔ]binadu	b[u]binadu	0
bobinador	bɔbinɐdor	bubinɐdor	b[ɔ]binɐdor	b[u]binɐdor	0
bobinagem	bɔbinaʒɐ̃j	bubinaʒɐjn	b[ɔ]binaʒɐ[̃]j[]	b[u]binaʒɐ[]j[n]	0
bobinar	bɔbinar	bubinar	b[ɔ]binar	b[u]binar	0
bobine	bɔbinɨ	bubinɨ	b[ɔ]binɨ	b[u]binɨ	0
bobinete	bɔbinetɨ	bubinetɨ	b[ɔ]binetɨ	b[u]binetɨ	0
boccia	bɔsjɐ	busiɐ	b[ɔ]s[j]ɐ	b[u]s[i]ɐ	0
bocó	bɔkɔ	bukɔ	b[ɔ]kɔ	b[u]kɔ	0
bodó	bɔdɔ	budɔ	b[ɔ]dɔ	b[u]dɔ	0
bodom	bɔdõ	budõm	b[ɔ]dõ[]	b[u]dõ[m]	0
bofieiro	bɔfjɐjru	bufiɐjru	b[ɔ]f[j]ɐjru	b[u]f[i]ɐjru	0
boguinhas	bɔɡiɲɐʃ	buɡiɲɐʃ	b[ɔ]ɡiɲɐʃ	b[u]ɡiɲɐʃ	0
boliche	bɔliʃɨ	buliʃɨ	b[ɔ]liʃɨ	b[u]liʃɨ	0
bolilo	bɔlilu	bulilu	b[ɔ]lilu	b[u]lilu	0
bolinha	bɔliɲɐ	buliɲɐ	b[ɔ]liɲɐ	b[u]liɲɐ	0
bolometria	bulɔmɨtriɐ	bulumɨtriɐ	bul[ɔ]mɨtriɐ	bul[u]mɨtriɐ	0
boné	bɔnɛ	bunɛ	b[ɔ]nɛ	b[u]nɛ	0
borbense	bɔrbẽsɨ	burbẽnsɨ	b[ɔ]rbẽsɨ[]	b[u]rbẽns[ɨ]	0
bordô	bɔrdo	burdo	b[ɔ]rdo	b[u]rdo	0
borguista	bɔrɡiʃtɐ	burɡiʃtɐ	b[ɔ]rɡiʃtɐ	b[u]rɡiʃtɐ	0
bori	bɔri	buri	b[ɔ]ri	b[u]ri	0
borlista	bɔrliʃtɐ	burliʃtɐ	b[ɔ]rliʃtɐ	b[u]rliʃtɐ	0
borogodó	bɔrɔɡɔdɔ	buruɡudɔ	b[ɔ]r[ɔ]ɡ[ɔ]dɔ	b[u]r[u]ɡ[u]dɔ	0
borututu	bɔrututu	burututu	b[ɔ]rututu	b[u]rututu	0
bosniano	bɔʒnjɐnu	buʒniɐ̃nu	b[ɔ]ʒn[j]ɐ[]nu	b[u]ʒn[i]ɐ[̃]nu	0
bostoniano	buʃtunjɐnu	bɔʃtõniɐ̃nu	b[u]ʃtu[]n[j]ɐ[]nu	b[ɔ]ʃto[̃]n[i]ɐ[̃]nu	0
botaló	bɔtɐlɔ	butɐlɔ	b[ɔ]tɐlɔ	b[u]tɐlɔ	0
botox	bɔtɔks	butɔks	b[ɔ]tɔks	b[u]tɔks	0
botriocéfalo	butrjɔsɛfɐlu	butriusɛfɐlu	butrj[ɔ]sɛfɐlu	butri[u]sɛfɐlu	0
botsuanense	bɔtswɐnẽsɨ	butsuɐnẽnsɨ	b[ɔ]ts[w]ɐnẽsɨ[]	b[u]ts[u]ɐnẽns[ɨ]	0
botsuano	bɔtswɐnu	butsuɐ̃nu	b[ɔ]ts[w]ɐ[]nu	b[u]ts[u]ɐ[̃]nu	0
boxar	bɔksar	buksar	b[ɔ]ksar	b[u]ksar	0
boxer	bɔksɐr	bukser	b[ɔ]ks[ɐ]r	b[u]ks[e]r	0
boxers	bɔksɐrʃ	bukserʃ	b[ɔ]ks[ɐ]rʃ	b[u]ks[e]rʃ	0
boxista	bɔksiʃtɐ	buksiʃtɐ	b[ɔ]ksiʃtɐ	b[u]ksiʃtɐ	0
braquiossauro	brɐkjɔsawru	brɐkiusawru	brɐkj[ɔ]sawru	brɐki[u]sawru	0
braquiotomia	brɐkjɔtumiɐ	brɐkiutumiɐ	brɐkj[ɔ]tumiɐ	brɐki[u]tumiɐ	0
braquiotômico	brɐkjɔtomiku	brɐkiutomiku	brɐkj[ɔ]tomiku	brɐki[u]tomiku	0
braquiotómico	brɐkjɔtɔmiku	brɐkiutɔmiku	brɐkj[ɔ]tɔmiku	brɐki[u]tɔmiku	0
brasiliofilia	brɐziljɔfiliɐ	brɐziliufiliɐ	brɐzilj[ɔ]filiɐ	brɐzili[u]filiɐ	0
brasiliofobia	brɐziljɔfubiɐ	brɐziliufubiɐ	brɐzilj[ɔ]fubiɐ	brɐzili[u]fubiɐ	0
bricolage	brikɔlaʒɨ	brikulaʒɨ	brik[ɔ]laʒɨ	brik[u]laʒɨ	0
bricolagem	brikɔlaʒɐ̃j̃	brikulaʒɐjn	brik[ɔ]laʒɐ[̃]j[̃]	brik[u]laʒɐ[]j[n]	0
bricomania	brikɔmɐniɐ	brikumɐniɐ	brik[ɔ]mɐniɐ	brik[u]mɐniɐ	0
briozoário	briɔzwarju	briuzuarju	bri[ɔ]z[w]arju	bri[u]z[u]arju	0
briozoologia	brjɔzwuluʒiɐ	briuzuuluʒiɐ	brj[ɔ]z[w]uluʒiɐ	bri[u]z[u]uluʒiɐ	0
briozoologista	briɔzwuluʒiʃtɐ	briuzuuluʒiʃtɐ	bri[ɔ]z[w]uluʒiʃtɐ	bri[u]z[u]uluʒiʃtɐ	0
brizomancia	brizɔmɐ̃siɐ	brizumɐ̃nsiɐ	briz[ɔ]mɐ̃[]siɐ	briz[u]mɐ̃[n]siɐ	0
bromatometria	brumɐtɔmɨtriɐ	brumɐtumɨtriɐ	brumɐt[ɔ]mɨtriɐ	brumɐt[u]mɨtriɐ	0
bromatoterapia	brumɐtɔtɨrɐpiɐ	brumɐtutɨrɐpiɐ	brumɐt[ɔ]tɨrɐpiɐ	brumɐt[u]tɨrɐpiɐ	0
bromofórmio	brɔmɔfɔrmju	brumufɔrmju	br[ɔ]m[ɔ]fɔrmju	br[u]m[u]fɔrmju	0
brotinho	brɔtiɲu	brutiɲu	br[ɔ]tiɲu	br[u]tiɲu	0
bubonocele	bubɔnɔsɛlɨ	bubunusɛlɨ	bub[ɔ]n[ɔ]sɛlɨ	bub[u]n[u]sɛlɨ	0
bubonodinia	bubɔnɔdinniɐ	bubunudiniɐ	bub[ɔ]n[ɔ]din[n]iɐ	bub[u]n[u]din[]iɐ	0
bubonodínico	bubɔnɔdiniku	bubunudiniku	bub[ɔ]n[ɔ]diniku	bub[u]n[u]diniku	0
bubonoide	bubɔnɔjdɨ	bubunɔjdɨ	bub[ɔ]nɔjdɨ	bub[u]nɔjdɨ	0
bubonóide	bubɔnɔjdɨ	bubunɔjdɨ	bub[ɔ]nɔjdɨ	bub[u]nɔjdɨ	0
bucocervical	bukɔsɨrvikaɫ	bukuservikaɫ	buk[ɔ]s[ɨ]rvikaɫ	buk[u]s[e]rvikaɫ	0
bucolabial	bukɔlɐbjaɫ	bukulɐbiaɫ	buk[ɔ]lɐb[j]aɫ	buk[u]lɐb[i]aɫ	0
bucolingual	bukɔlĩɡwaɫ	bukulĩnɡwaɫ	buk[ɔ]lĩɡwaɫ[]	buk[u]lĩnɡwa[ɫ]	0
buconasal	bukɔnɐzaɫ	bukunɐzaɫ	buk[ɔ]nɐzaɫ	buk[u]nɐzaɫ	0
bunodonte	bunɔdõtɨ	bunudõntɨ	bun[ɔ]dõtɨ[]	bun[u]dõnt[ɨ]	0
bustrofédon	buʃtrɔfɛdɔn	buʃtrufɛdõm	buʃtr[ɔ]fɛdɔn[]	buʃtr[u]fɛdõ[m]	0
cabriolé	kɐbrjɔlɛ	kɐbriulɛ	kɐbrj[ɔ]lɛ	kɐbri[u]lɛ	0
cacofagia	kɐkɔfɐʒiɐ	kɐkufɐʒiɐ	kɐk[ɔ]fɐʒiɐ	kɐk[u]fɐʒiɐ	0
cacofatomania	kɐkɔfɐtɔmɐniɐ	kɐkufɐtumɐniɐ	kɐk[ɔ]fɐt[ɔ]mɐniɐ	kɐk[u]fɐt[u]mɐniɐ	0
cacofilia	kɐkɔfiliɐ	kɐkufiliɐ	kɐk[ɔ]filiɐ	kɐk[u]filiɐ	0
cacofonia	kɐkɔfuniɐ	kɐkufuniɐ	kɐk[ɔ]funiɐ	kɐk[u]funiɐ	0
cacofônico	kɐkɔfoniku	kɐkufoniku	kɐk[ɔ]foniku	kɐk[u]foniku	0
cacofónico	kɐkɔfɔniku	kɐkufɔniku	kɐk[ɔ]fɔniku	kɐk[u]fɔniku	0
cacografar	kɐkɔɡrɐfar	kɐkuɡrɐfar	kɐk[ɔ]ɡrɐfar	kɐk[u]ɡrɐfar	0
cacografia	kɐkɔɡrɐfiɐ	kɐkuɡrɐfiɐ	kɐk[ɔ]ɡrɐfiɐ	kɐk[u]ɡrɐfiɐ	0
cacolalia	kɐkɔlɐliɐ	kɐkulɐliɐ	kɐk[ɔ]lɐliɐ	kɐk[u]lɐliɐ	0
cacologia	kɐkɔluʒiɐ	kɐkuluʒiɐ	kɐk[ɔ]luʒiɐ	kɐk[u]luʒiɐ	0
cacometria	kɐkɔmɨtriɐ	kɐkumɨtriɐ	kɐk[ɔ]mɨtriɐ	kɐk[u]mɨtriɐ	0
cacopatia	kɐkɔpɐtiɐ	kɐkupɐtiɐ	kɐk[ɔ]pɐtiɐ	kɐk[u]pɐtiɐ	0
cacopático	kɐkɔpatiku	kɐkupatiku	kɐk[ɔ]patiku	kɐk[u]patiku	0
cacoquimia	kɐkɔkimiɐ	kɐkukimiɐ	kɐk[ɔ]kimiɐ	kɐk[u]kimiɐ	0
cacosmia	kɐkɔʒmiɐ	kɐkuʒmiɐ	kɐk[ɔ]ʒmiɐ	kɐk[u]ʒmiɐ	0
cacostomia	kɐkɔʃtumiɐ	kɐkuʃtumiɐ	kɐk[ɔ]ʃtumiɐ	kɐk[u]ʃtumiɐ	0
cacotecnia	kɐkɔtɛkniɐ	kɐkutɛkniɐ	kɐk[ɔ]tɛkniɐ	kɐk[u]tɛkniɐ	0
cacotécnico	kɐkɔtɛkniku	kɐkutɛkniku	kɐk[ɔ]tɛkniku	kɐk[u]tɛkniku	0
calcioterapia	kaɫsjɔtɨrɐpiɐ	kaɫsiutɨrɐpiɐ	kaɫsj[ɔ]tɨrɐpiɐ	kaɫsi[u]tɨrɐpiɐ	0
calcioterápico	kaɫsjɔtɨrapiku	kaɫsiutɨrapiku	kaɫsj[ɔ]tɨrapiku	kaɫsi[u]tɨrapiku	0
calcocita	kaɫkɔsitɐ	kaɫkusitɐ	kaɫk[ɔ]sitɐ	kaɫk[u]sitɐ	0
calcolitografia	kaɫkɔlituɡrɐfiɐ	kaɫkulituɡrɐfiɐ	kaɫk[ɔ]lituɡrɐfiɐ	kaɫk[u]lituɡrɐfiɐ	0
calcopirita	kaɫkɔpiritɐ	kaɫkupiritɐ	kaɫk[ɔ]piritɐ	kaɫk[u]piritɐ	0
calcopirite	kaɫkɔpiritɨ	kaɫkupiritɨ	kaɫk[ɔ]piritɨ	kaɫk[u]piritɨ	0
calcopirítico	kaɫkɔpiritiku	kaɫkupiritiku	kaɫk[ɔ]piritiku	kaɫk[u]piritiku	0
calcoterapia	kaɫkɔtɨrɐpiɐ	kaɫkuterɐpiɐ	kaɫk[ɔ]t[ɨ]rɐpiɐ	kaɫk[u]t[e]rɐpiɐ	0
calcotipia	kaɫkɔtipiɐ	kaɫkutipiɐ	kaɫk[ɔ]tipiɐ	kaɫk[u]tipiɐ	0
calcoxisto	kaɫkɔʃiʃtu	kaɫkuʃiʃtu	kaɫk[ɔ]ʃiʃtu	kaɫk[u]ʃiʃtu	0
caleidoscópico	kɐlɐjdɔʃkɔpiku	kɐlɐjduʃkɔpiku	kɐlɐjd[ɔ]ʃkɔpiku	kɐlɐjd[u]ʃkɔpiku	0
caleidoscópio	kɐlɐjdɔʃkɔpju	kɐlɐjduʃkɔpju	kɐlɐjd[ɔ]ʃkɔpju	kɐlɐjd[u]ʃkɔpju	0
calidoscópio	kɐlidɔʃkɔpju	kɐliduʃkɔpju	kɐlid[ɔ]ʃkɔpju	kɐlid[u]ʃkɔpju	0
calofilo	kɐlɔfilu	kɐlufilu	kɐl[ɔ]filu	kɐl[u]filu	0
calotipia	kɐlɔtipiɐ	kɐlutipiɐ	kɐl[ɔ]tipiɐ	kɐl[u]tipiɐ	0
calotípico	kɐlɔtipiku	kɐlutipiku	kɐl[ɔ]tipiku	kɐl[u]tipiku	0
calotipo	kɐlɔtipu	kɐlutipu	kɐl[ɔ]tipu	kɐl[u]tipu	0
camelopárdale	kɐmelɔpardɐlɨ	kɐmelupardɐlɨ	kɐmel[ɔ]pardɐlɨ	kɐmel[u]pardɐlɨ	0
caminotecnia	kɐminɔtɛkniɐ	kɐminutɛkniɐ	kɐmin[ɔ]tɛkniɐ	kɐmin[u]tɛkniɐ	0
caotizar	kɐɔtizar	kɐutizar	kɐ[ɔ]tizar	kɐ[u]tizar	0
capnomancia	kɐpnɔmɐ̃siɐ	kɐpnumɐ̃nsiɐ	kɐpn[ɔ]mɐ̃[]siɐ	kɐpn[u]mɐ̃[n]siɐ	0
capotona	kɐpɔtonɐ	kɐputonɐ	kɐp[ɔ]tonɐ	kɐp[u]tonɐ	0
capréolo	kɐprɛulu	kɐprɛɔlu	kɐprɛ[u]lu	kɐprɛ[ɔ]lu	0
carboxiemoglobina	kɐrbɔksiɛmɔɡlubinɐ	kɐrbuksiɨmuɡlubinɐ	kɐrb[ɔ]ksi[ɛ]m[ɔ]ɡlubinɐ	kɐrb[u]ksi[ɨ]m[u]ɡlubinɐ	0
carboxílico	kɐrbɔksiliku	kɐrbuksiliku	kɐrb[ɔ]ksiliku	kɐrb[u]ksiliku	0
carboxilo	kɐrbɔksilu	kɐrbuksilu	kɐrb[ɔ]ksilu	kɐrb[u]ksilu	0
carcinogêneo	kɐrsinɔʒenju	kɐrsinuʒeniw	kɐrsin[ɔ]ʒenj[u]	kɐrsin[u]ʒeni[w]	0
carcinogéneo	kɐrsinɔʒɛnju	kɐrsinuʒɛniw	kɐrsin[ɔ]ʒɛnj[u]	kɐrsin[u]ʒɛni[w]	0
carcinogênese	kɐrsinɔʒenɨzɨ	kɐrsinuʒenɨzɨ	kɐrsin[ɔ]ʒenɨzɨ	kɐrsin[u]ʒenɨzɨ	0
carcinogénese	kɐrsinɔʒɛnɨzɨ	kɐrsinuʒɛnɨzɨ	kɐrsin[ɔ]ʒɛnɨzɨ	kɐrsin[u]ʒɛnɨzɨ	0
cardiogênico	kɐrdjɔʒeniku	kɐrdjuʒeniku	kɐrdj[ɔ]ʒeniku	kɐrdj[u]ʒeniku	0
cardiogénico	kɐrdjɔʒɛniku	kɐrdjuʒɛniku	kɐrdj[ɔ]ʒɛniku	kɐrdj[u]ʒɛniku	0
cardiomuscular	kɐrdjɔmuʃkular	kɐrdjumuʃkular	kɐrdj[ɔ]muʃkular	kɐrdj[u]muʃkular	0
cardioscópio	kɐrdjɔʃkɔpju	kɐrdjuʃkɔpju	kɐrdj[ɔ]ʃkɔpju	kɐrdj[u]ʃkɔpju	0
cariogênico	kɐriɔʒeniku	kɐriuʒeniku	kɐri[ɔ]ʒeniku	kɐri[u]ʒeniku	0
cariogénico	kɐriɔʒɛniku	kɐriuʒɛniku	kɐri[ɔ]ʒɛniku	kɐri[u]ʒɛniku	0
carnéola	kɐrnɛulɐ	kɐrnɛɔlɐ	kɐrnɛ[u]lɐ	kɐrnɛ[ɔ]lɐ	0
carrocel	kɐʀɔsɛɫ	kɐʀusɛɫ	kɐʀ[ɔ]sɛɫ	kɐʀ[u]sɛɫ	0
carrossel	kɐʀɔsɛɫ	kɐʀusɛɫ	kɐʀ[ɔ]sɛɫ	kɐʀ[u]sɛɫ	0
cartoteca	kɐrtɔtɛkɐ	kɐrtutɛkɐ	kɐrt[ɔ]tɛkɐ	kɐrt[u]tɛkɐ	0
caseinogênio	kɐzɐjnɔʒenju	kɐzɐjnuʒenju	kɐzɐjn[ɔ]ʒenju	kɐzɐjn[u]ʒenju	0
caseinogénio	kɐzɐjnɔʒɛnju	kɐzɐjnuʒɛnju	kɐzɐjn[ɔ]ʒɛnju	kɐzɐjn[u]ʒɛnju	0
categórico-dedutivo	kɐtɨɡɔrikɔdɨdutivu	kɐtɨɡɔrikudɨdutivu	kɐtɨɡɔrik[ɔ]dɨdutivu	kɐtɨɡɔrik[u]dɨdutivu	0
catodioluminescência	kɐtɔdjɔluminɨʃsẽsjɐ	kɐtudiuluminɨʃsẽnsjɐ	kɐt[ɔ]dj[ɔ]luminɨʃsẽsjɐ[]	kɐt[u]di[u]luminɨʃsẽnsj[ɐ]	0
catoptrofobia	kɐtɔptrɔfubiɐ	kɐtuptrufubiɐ	kɐt[ɔ]ptr[ɔ]fubiɐ	kɐt[u]ptr[u]fubiɐ	0
catoptromancia	kɐtɔptrɔmɐ̃siɐ	kɐtuptrumɐ̃nsiɐ	kɐt[ɔ]ptr[ɔ]mɐ̃[]siɐ	kɐt[u]ptr[u]mɐ̃[n]siɐ	0
catoptromante	kɐtɔptrɔmɐ̃tɨ	kɐtuptrumɐ̃ntɨ	kɐt[ɔ]ptr[ɔ]mɐ̃[]tɨ	kɐt[u]ptr[u]mɐ̃[n]tɨ	0
caustobiólito	kawʃtɔbjɔlitu	kawʃtubiɔlitu	kawʃt[ɔ]b[j]ɔlitu	kawʃt[u]b[i]ɔlitu	0
cebocefalia	sebɔsɨfɐliɐ	sebusefɐliɐ	seb[ɔ]s[ɨ]fɐliɐ	seb[u]s[e]fɐliɐ	0
cebocéfalo	sebɔsɛfɐlu	sebusɛfɐlu	seb[ɔ]sɛfɐlu	seb[u]sɛfɐlu	0
cedovém	seduvɐ̃j̃	sedɔvɐjn	sed[u]vɐ[̃]j[̃]	sed[ɔ]vɐ[]j[n]	0
cenomaniano	senɔmɐnjɐnu	senumɐniɐ̃nu	sen[ɔ]mɐn[j]ɐ[]nu	sen[u]mɐn[i]ɐ[̃]nu	0
cenozoico	senɔzɔjku	senuzɔjku	sen[ɔ]zɔjku	sen[u]zɔjku	0
cenozóico	senɔzɔjku	senuzɔjku	sen[ɔ]zɔjku	sen[u]zɔjku	0
ceroplástica	serɔplaʃtikɐ	seruplaʃtikɐ	ser[ɔ]plaʃtikɐ	ser[u]plaʃtikɐ	0
ceroplástico	serɔplaʃtiku	seruplaʃtiku	ser[ɔ]plaʃtiku	ser[u]plaʃtiku	0
chichopi	ʃiʃɔpi	ʃiʃupi	ʃiʃ[ɔ]pi	ʃiʃ[u]pi	0
chicoronho	ʃikɔroɲu	ʃikurõɲu	ʃik[ɔ]ro[]ɲu	ʃik[u]ro[̃]ɲu	0
chocoterapia	ʃɔkɔtɨrɐpiɐ	ʃukuterɐpiɐ	ʃ[ɔ]k[ɔ]t[ɨ]rɐpiɐ	ʃ[u]k[u]t[e]rɐpiɐ	0
chofer-late	ʃɔfɛrlatɨ	ʃufɛrlatɨ	ʃ[ɔ]fɛrlatɨ	ʃ[u]fɛrlatɨ	0
chofista	ʃɔfiʃtɐ	ʃufiʃtɐ	ʃ[ɔ]fiʃtɐ	ʃ[u]fiʃtɐ	0
choldraboldra	ʃɔɫdrɐbɔɫdrɐ	ʃuɫdrɐboɫdrɐ	ʃ[ɔ]ɫdrɐb[ɔ]ɫdrɐ	ʃ[u]ɫdrɐb[o]ɫdrɐ	0
chonar	ʃɔnar	ʃunar	ʃ[ɔ]nar	ʃ[u]nar	0
choné	ʃɔnɛ	ʃunɛ	ʃ[ɔ]nɛ	ʃ[u]nɛ	0
choninha	ʃɔniɲɐ	ʃuniɲɐ	ʃ[ɔ]niɲɐ	ʃ[u]niɲɐ	0
choramingo	ʃɔrɐmĩɡu	ʃurɐmĩnɡu	ʃ[ɔ]rɐmĩɡu[]	ʃ[u]rɐmĩnɡ[u]	0
chovar	ʃɔvar	ʃuvar	ʃ[ɔ]var	ʃ[u]var	0
ciclocoroidite	siklɔkurɔjditɨ	siklukurojditɨ	sikl[ɔ]kur[ɔ]jditɨ	sikl[u]kur[o]jditɨ	0
ciclocrosse	siklɔkrɔsɨ	siklukrɔsɨ	sikl[ɔ]krɔsɨ	sikl[u]krɔsɨ	0
ciclofilia	siklɔfiliɐ	siklufiliɐ	sikl[ɔ]filiɐ	sikl[u]filiɐ	0
ciclofrenia	siklɔfrɨniɐ	siklufrɨniɐ	sikl[ɔ]frɨniɐ	sikl[u]frɨniɐ	0
ciclogênese	siklɔʒenɨzɨ	sikluʒenɨzɨ	sikl[ɔ]ʒenɨzɨ	sikl[u]ʒenɨzɨ	0
ciclogénese	siklɔʒɛnɨzɨ	sikluʒɛnɨzɨ	sikl[ɔ]ʒɛnɨzɨ	sikl[u]ʒɛnɨzɨ	0
ciclometria	siklɔmɨtriɐ	siklumɨtriɐ	sikl[ɔ]mɨtriɐ	sikl[u]mɨtriɐ	0
ciclométrico	siklɔmɛtriku	siklumɛtriku	sikl[ɔ]mɛtriku	sikl[u]mɛtriku	0
ciclomotorista	siklɔmuturiʃtɐ	siklumuturiʃtɐ	sikl[ɔ]muturiʃtɐ	sikl[u]muturiʃtɐ	0
ciclomotor	siklɔmutor	siklumutor	sikl[ɔ]mutor	sikl[u]mutor	0
ciclorama	siklɔrɐmɐ	siklurɐ̃mɐ	sikl[ɔ]rɐ[]mɐ	sikl[u]rɐ[̃]mɐ	0
cicloscópio	siklɔʃkɔpju	sikluʃkɔpju	sikl[ɔ]ʃkɔpju	sikl[u]ʃkɔpju	0
ciclosporina	siklɔʃpurinɐ	sikluʃpurinɐ	sikl[ɔ]ʃpurinɐ	sikl[u]ʃpurinɐ	0
ciclossilicato	siklɔsilikatu	siklusilikatu	sikl[ɔ]silikatu	sikl[u]silikatu	0
ciclotimia	siklɔtimiɐ	siklutimiɐ	sikl[ɔ]timiɐ	sikl[u]timiɐ	0
ciclotímico	siklɔtimiku	siklutimiku	sikl[ɔ]timiku	sikl[u]timiku	0
ciclotrão	siklɔtrɐ̃w̃	siklutrɐ̃w̃	sikl[ɔ]trɐ̃w̃	sikl[u]trɐ̃w̃	0
cicloturismo	siklɔturiʒmu	sikluturiʒmu	sikl[ɔ]turiʒmu	sikl[u]turiʒmu	0
cicloturista	siklɔturiʃtɐ	sikluturiʃtɐ	sikl[ɔ]turiʃtɐ	sikl[u]turiʃtɐ	0
ciclovia	siklɔviɐ	sikluviɐ	sikl[ɔ]viɐ	sikl[u]viɐ	0
cifoscoliose	sifɔʃkuljɔzɨ	sifuʃkuliɔzɨ	sif[ɔ]ʃkul[j]ɔzɨ	sif[u]ʃkul[i]ɔzɨ	0
cifozoário	sifɔzwarju	sifuzuarju	sif[ɔ]z[w]arju	sif[u]z[u]arju	0
ciliobranquiado	siljɔbrɐ̃kjadu	siliubrɐ̃nkiadu	silj[ɔ]brɐ̃[]k[j]adu	sili[u]brɐ̃[n]k[i]adu	0
cinesioterápico	sinɨzjɔtɨrapiku	sinɨziutɨrapiku	sinɨzj[ɔ]tɨrapiku	sinɨzi[u]tɨrapiku	0
cinocéfalo	sinɔsɛfɐlu	sinusɛfɐlu	sin[ɔ]sɛfɐlu	sin[u]sɛfɐlu	0
cinofagia	sinɔfɐʒiɐ	sinufɐʒiɐ	sin[ɔ]fɐʒiɐ	sin[u]fɐʒiɐ	0
cinofilia	sinɔfiliɐ	sinufiliɐ	sin[ɔ]filiɐ	sin[u]filiɐ	0
cinofobia	sinɔfubiɐ	sinufubiɐ	sin[ɔ]fubiɐ	sin[u]fubiɐ	0
cinoglossa	sinɔɡlɔsɐ	sinuɡlɔsɐ	sin[ɔ]ɡlɔsɐ	sin[u]ɡlɔsɐ	0
cinorexia	sinɔrɛksiɐ	sinurɨksiɐ	sin[ɔ]r[ɛ]ksiɐ	sin[u]r[ɨ]ksiɐ	0
cipridofobia	sipridɔfubiɐ	sipridufubiɐ	siprid[ɔ]fubiɐ	siprid[u]fubiɐ	0
cirsotomia	sirsɔtumiɐ	sirsutumiɐ	sirs[ɔ]tumiɐ	sirs[u]tumiɐ	0
cirtometria	sirtɔmɨtriɐ	sirtumɨtriɐ	sirt[ɔ]mɨtriɐ	sirt[u]mɨtriɐ	0
cisticotomia	siʃtikɔtumiɐ	siʃtikutumiɐ	siʃtik[ɔ]tumiɐ	siʃtik[u]tumiɐ	0
cistocarpo	siʃtɔkarpu	siʃtukarpu	siʃt[ɔ]karpu	siʃt[u]karpu	0
cistometria	siʃtɔmɨtriɐ	siʃtumɨtriɐ	siʃt[ɔ]mɨtriɐ	siʃt[u]mɨtriɐ	0
cistoneuralgia	siʃtɔnewraɫʒiɐ	siʃtunewraɫʒiɐ	siʃt[ɔ]newraɫʒiɐ	siʃt[u]newraɫʒiɐ	0
cistonevralgia	siʃtɔnɨvraɫʒiɐ	siʃtunɨvraɫʒiɐ	siʃt[ɔ]nɨvraɫʒiɐ	siʃt[u]nɨvraɫʒiɐ	0
cistoplegia	siʃtɔplɛʒiɐ	siʃtuplɨʒiɐ	siʃt[ɔ]pl[ɛ]ʒiɐ	siʃt[u]pl[ɨ]ʒiɐ	0
cistoscopia	siʃtɔʃkupiɐ	siʃtuʃkupiɐ	siʃt[ɔ]ʃkupiɐ	siʃt[u]ʃkupiɐ	0
cistoscópico	siʃtɔʃkɔpiku	siʃtuʃkɔpiku	siʃt[ɔ]ʃkɔpiku	siʃt[u]ʃkɔpiku	0
cistoscópio	siʃtɔʃkɔpju	siʃtuʃkɔpju	siʃt[ɔ]ʃkɔpju	siʃt[u]ʃkɔpju	0
cistotomia	siʃtɔtumiɐ	siʃtutumiɐ	siʃt[ɔ]tumiɐ	siʃt[u]tumiɐ	0
citocinese	sitɔsinɛzɨ	situsinɛzɨ	sit[ɔ]sinɛzɨ	sit[u]sinɛzɨ	0
citocrômico	sitɔkromiku	situkromiku	sit[ɔ]kromiku	sit[u]kromiku	0
citocrómico	sitɔkrɔmiku	situkrɔmiku	sit[ɔ]krɔmiku	sit[u]krɔmiku	0
citocromo	sitɔkrɔmu	situkromu	sit[ɔ]kr[ɔ]mu	sit[u]kr[o]mu	0
citodiagnóstico	sitɔdjɐɡnɔʃtiku	situdiɐɡnɔʃtiku	sit[ɔ]d[j]ɐɡnɔʃtiku	sit[u]d[i]ɐɡnɔʃtiku	0
citodiérese	sitɔdjɛrɨzɨ	situdjɛrɨzɨ	sit[ɔ]djɛrɨzɨ	sit[u]djɛrɨzɨ	0
citofaringe	sitɔfɐrĩʒɨ	situfɐrĩnʒɨ	sit[ɔ]fɐrĩʒɨ[]	sit[u]fɐrĩnʒ[ɨ]	0
citogênese	sitɔʒenɨzɨ	situʒenɨzɨ	sit[ɔ]ʒenɨzɨ	sit[u]ʒenɨzɨ	0
citogénese	sitɔʒɛnɨzɨ	situʒɛnɨzɨ	sit[ɔ]ʒɛnɨzɨ	sit[u]ʒɛnɨzɨ	0
citogenética	sitɔʒɨnɛtikɐ	situʒɨnɛtikɐ	sit[ɔ]ʒɨnɛtikɐ	sit[u]ʒɨnɛtikɐ	0
citogeneticista	sitɔʒɨnɛtisiʃtɐ	situʒenɨtisiʃtɐ	sit[ɔ]ʒ[ɨ]n[ɛ]tisiʃtɐ	sit[u]ʒ[e]n[ɨ]tisiʃtɐ	0
citogenético	sitɔʒɨnɛtiku	situʒɨnɛtiku	sit[ɔ]ʒɨnɛtiku	sit[u]ʒɨnɛtiku	0
citogenia	sitɔʒɨniɐ	situʒɨniɐ	sit[ɔ]ʒɨniɐ	sit[u]ʒɨniɐ	0
citolisina	sitɔlizinɐ	situlizinɐ	sit[ɔ]lizinɐ	sit[u]lizinɐ	0
citolítico	sitɔlitiku	situlitiku	sit[ɔ]litiku	sit[u]litiku	0
citomegalovírus	sitɔmɛɡɐlɔviruʃ	situmeɡɐluviruʃ	sit[ɔ]m[ɛ]ɡɐl[ɔ]viruʃ	sit[u]m[e]ɡɐl[u]viruʃ	0
citopatia	sitɔpɐtiɐ	situpɐtiɐ	sit[ɔ]pɐtiɐ	sit[u]pɐtiɐ	0
citoplasma	sitɔplaʒmɐ	situplaʒmɐ	sit[ɔ]plaʒmɐ	sit[u]plaʒmɐ	0
citoplasmático	sitɔplɐʒmatiku	situplɐʒmatiku	sit[ɔ]plɐʒmatiku	sit[u]plɐʒmatiku	0
citopolita	sitɔpulitɐ	situpulitɐ	sit[ɔ]pulitɐ	sit[u]pulitɐ	0
citoquímica	sitɔkimikɐ	situkimikɐ	sit[ɔ]kimikɐ	sit[u]kimikɐ	0
citoquímico	sitɔkimiku	situkimiku	sit[ɔ]kimiku	sit[u]kimiku	0
citoquinina	sitɔkininɐ	situkininɐ	sit[ɔ]kininɐ	sit[u]kininɐ	0
citosol	sitɔzɔɫ	situzɔɫ	sit[ɔ]zɔɫ	sit[u]zɔɫ	0
citotóxico	sitɔtɔksiku	situtɔksiku	sit[ɔ]tɔksiku	sit[u]tɔksiku	0
citotoxina	sitɔtɔksinɐ	situtuksinɐ	sit[ɔ]t[ɔ]ksinɐ	sit[u]t[u]ksinɐ	0
clamidomônade	klɐmidɔmonɐdɨ	klɐmidumonɐdɨ	klɐmid[ɔ]monɐdɨ	klɐmid[u]monɐdɨ	0
clamidomónade	klɐmidɔmɔnɐdɨ	klɐmidumɔnɐdɨ	klɐmid[ɔ]mɔnɐdɨ	klɐmid[u]mɔnɐdɨ	0
clamidomona	klɐmidɔmonɐ	klɐmidumonɐ	klɐmid[ɔ]monɐ	klɐmid[u]monɐ	0
clariofone	klɐrjɔfɔnɨ	klɐriufonɨ	klɐrj[ɔ]f[ɔ]nɨ	klɐri[u]f[o]nɨ	0
claustrofobia	klawʃtrɔfubiɐ	klawʃtrufubiɐ	klawʃtr[ɔ]fubiɐ	klawʃtr[u]fubiɐ	0
claustrofóbico	klawʃtrɔfɔbiku	klawʃtrufɔbiku	klawʃtr[ɔ]fɔbiku	klawʃtr[u]fɔbiku	0
claustromania	klawʃtrɔmɐniɐ	klawʃtrumɐniɐ	klawʃtr[ɔ]mɐniɐ	klawʃtr[u]mɐniɐ	0
clavicordionista	klɐvikɔrdjuniʃtɐ	klɐvikurdjuniʃtɐ	klɐvik[ɔ]rdjuniʃtɐ	klɐvik[u]rdjuniʃtɐ	0
claviorganista	klɐvjɔrɡɐniʃtɐ	klɐviurɡɐniʃtɐ	klɐvj[ɔ]rɡɐniʃtɐ	klɐvi[u]rɡɐniʃtɐ	0
cleistogamia	klɐjʃtɔɡɐmiɐ	klɐjʃtuɡɐmiɐ	klɐjʃt[ɔ]ɡɐmiɐ	klɐjʃt[u]ɡɐmiɐ	0
cleistogâmico	klɐjʃtɔɡɐmiku	klɐjʃtuɡɐ̃miku	klɐjʃt[ɔ]ɡɐ[]miku	klɐjʃt[u]ɡɐ[̃]miku	0
clidomancia	klidɔmɐ̃siɐ	klidumɐ̃nsiɐ	klid[ɔ]mɐ̃[]siɐ	klid[u]mɐ̃[n]siɐ	0
clidoscopia	klidɔʃkupiɐ	kliduʃkupiɐ	klid[ɔ]ʃkupiɐ	klid[u]ʃkupiɐ	0
clidoscópico	klidɔʃkɔpiku	kliduʃkɔpiku	klid[ɔ]ʃkɔpiku	klid[u]ʃkɔpiku	0
clidotomia	klidɔtumiɐ	klidutumiɐ	klid[ɔ]tumiɐ	klid[u]tumiɐ	0
climatoterapia	klimɐtɔtɨrɐpiɐ	klimɐtutɨrɐpiɐ	klimɐt[ɔ]tɨrɐpiɐ	klimɐt[u]tɨrɐpiɐ	0
climatoterápico	klimɐtɔtɨrapiku	klimɐtutɨrapiku	klimɐt[ɔ]tɨrapiku	klimɐt[u]tɨrapiku	0
clinocefalia	klinɔsɨfɐliɐ	klinusefɐliɐ	klin[ɔ]s[ɨ]fɐliɐ	klin[u]s[e]fɐliɐ	0
clinodactilia	klinɔdɐktiliɐ	klinudɐtiliɐ	klin[ɔ]dɐ[k]tiliɐ	klin[u]dɐ[]tiliɐ	0
clinodáctilo	klinɔdaktilu	klinudatilu	klin[ɔ]da[k]tilu	klin[u]da[]tilu	0
clinodatilia	klinɔdɐtiliɐ	klinudɐtiliɐ	klin[ɔ]dɐtiliɐ	klin[u]dɐtiliɐ	0
clinodátilo	klinɔdatilu	klinudatilu	klin[ɔ]datilu	klin[u]datilu	0
clinodiagonal	klinɔdjɐɡunaɫ	klinudiɐɡunaɫ	klin[ɔ]d[j]ɐɡunaɫ	klin[u]d[i]ɐɡunaɫ	0
clinodoma	klinɔdomɐ	klinudomɐ	klin[ɔ]domɐ	klin[u]domɐ	0
clinomania	klinɔmɐniɐ	klinumɐniɐ	klin[ɔ]mɐniɐ	klin[u]mɐniɐ	0
clinopinacoide	klinɔpinɐkɔjdɨ	klinupinɐkɔjdɨ	klin[ɔ]pinɐkɔjdɨ	klin[u]pinɐkɔjdɨ	0
clinopinacóide	klinɔpinɐkɔjdɨ	klinupinɐkɔjdɨ	klin[ɔ]pinɐkɔjdɨ	klin[u]pinɐkɔjdɨ	0
clinopódio	klinɔpɔdju	klinupɔdju	klin[ɔ]pɔdju	klin[u]pɔdju	0
clinoterapia	klinɔtɨrɐpiɐ	klinuterɐpiɐ	klin[ɔ]t[ɨ]rɐpiɐ	klin[u]t[e]rɐpiɐ	0
clinoterápico	klinɔtɨrapiku	klinutɨrapiku	klin[ɔ]tɨrapiku	klin[u]tɨrapiku	0
clistogamia	kliʃtɔɡɐmiɐ	kliʃtuɡɐmiɐ	kliʃt[ɔ]ɡɐmiɐ	kliʃt[u]ɡɐmiɐ	0
clistogâmico	kliʃtɔɡɐmiku	kliʃtuɡɐ̃miku	kliʃt[ɔ]ɡɐ[]miku	kliʃt[u]ɡɐ[̃]miku	0
clitoralgia	klitɔraɫʒiɐ	klituraɫʒiɐ	klit[ɔ]raɫʒiɐ	klit[u]raɫʒiɐ	0
clorita	klɔritɐ	kluritɐ	kl[ɔ]ritɐ	kl[u]ritɐ	0
clorite	klɔritɨ	kluritɨ	kl[ɔ]ritɨ	kl[u]ritɨ	0
clorofíceas	klɔrɔfisjɐʃ	klurufisiɐʃ	kl[ɔ]r[ɔ]fis[j]ɐʃ	kl[u]r[u]fis[i]ɐʃ	0
clorofilado	klɔrɔfiladu	klurufiladu	kl[ɔ]r[ɔ]filadu	kl[u]r[u]filadu	0
clorofila	klɔrɔfilɐ	klurufilɐ	kl[ɔ]r[ɔ]filɐ	kl[u]r[u]filɐ	0
clorofilino	klɔrɔfilinu	klurufilinu	kl[ɔ]r[ɔ]filinu	kl[u]r[u]filinu	0
clorofluorcarboneto	klɔrɔfluɔrkɐrbunetu	klurufluurkɐrbunetu	kl[ɔ]r[ɔ]flu[ɔ]rkɐrbunetu	kl[u]r[u]flu[u]rkɐrbunetu	0
clorofluorocarboneto	klɔrɔfluɔrɔkɐrbunetu	klurufluurukɐrbunetu	kl[ɔ]r[ɔ]flu[ɔ]r[ɔ]kɐrbunetu	kl[u]r[u]flu[u]r[u]kɐrbunetu	0
clorofórmico	klɔrɔfɔrmiku	klurufɔrmiku	kl[ɔ]r[ɔ]fɔrmiku	kl[u]r[u]fɔrmiku	0
clorofórmio	klɔrɔfɔrmju	klurufɔrmju	kl[ɔ]r[ɔ]fɔrmju	kl[u]r[u]fɔrmju	0
cloroformização	klɔrɔfurmizɐsɐ̃w̃	klurufurmizɐsɐ̃w̃	kl[ɔ]r[ɔ]furmizɐsɐ̃w̃	kl[u]r[u]furmizɐsɐ̃w̃	0
cloroformizar	klɔrɔfurmizar	klurufurmizar	kl[ɔ]r[ɔ]furmizar	kl[u]r[u]furmizar	0
cloroleucito	klɔrɔlewsitu	klurulewsitu	kl[ɔ]r[ɔ]lewsitu	kl[u]r[u]lewsitu	0
cloromicetina	klɔrɔmisɨtinɐ	klurumisɨtinɐ	kl[ɔ]r[ɔ]misɨtinɐ	kl[u]r[u]misɨtinɐ	0
cloroplasta	klɔrɔplaʃtɐ	kluruplaʃtɐ	kl[ɔ]r[ɔ]plaʃtɐ	kl[u]r[u]plaʃtɐ	0
cloroplastídio	klɔrɔplɐʃtidju	kluruplɐʃtidju	kl[ɔ]r[ɔ]plɐʃtidju	kl[u]r[u]plɐʃtidju	0
cloroplasto	klɔrɔplaʃtu	kluruplaʃtu	kl[ɔ]r[ɔ]plaʃtu	kl[u]r[u]plaʃtu	0
cloropreno	klɔrɔprɛnu	kluruprenu	kl[ɔ]r[ɔ]pr[ɛ]nu	kl[u]r[u]pr[e]nu	0
cnidoblasto	knidɔblaʃtu	knidublaʃtu	knid[ɔ]blaʃtu	knid[u]blaʃtu	0
cnidocílio	knidɔsilju	knidusilju	knid[ɔ]silju	knid[u]silju	0
cobaltoterapia	kubaɫtɔtɨrɐpiɐ	kubaɫtuterɐpiɐ	kubaɫt[ɔ]t[ɨ]rɐpiɐ	kubaɫt[u]t[e]rɐpiɐ	0
cobaltoterápico	kubaɫtɔtɨrapiku	kubaɫtutɨrapiku	kubaɫt[ɔ]tɨrapiku	kubaɫt[u]tɨrapiku	0
coblenciano	kɔblẽsjɐnu	kublẽnsiɐ̃nu	k[ɔ]blẽsjɐnu[]	k[u]blẽnsiɐ̃n[u]	0
coboiada	kɔbojadɐ	kubujadɐ	k[ɔ]b[o]jadɐ	k[u]b[u]jadɐ	0
cobói	kɔbɔj	kubɔj	k[ɔ]bɔj	k[u]bɔj	0
cocada	kɔkadɐ	kukadɐ	k[ɔ]kadɐ	k[u]kadɐ	0
cocaína	kɔkɐinɐ	kukɐinɐ	k[ɔ]kɐinɐ	k[u]kɐinɐ	0
cocainismo	kɔkɐiniʒmu	kukajniʒmu	k[ɔ]kɐ[i]niʒmu	k[u]ka[j]niʒmu	0
cocainização	kɔkɐinizɐsɐ̃w̃	kukajnizɐsɐ̃w̃	k[ɔ]kɐ[i]nizɐsɐ̃w̃	k[u]ka[j]nizɐsɐ̃w̃	0
cocainizar	kɔkɐinizar	kukajnizar	k[ɔ]kɐ[i]nizar	k[u]ka[j]nizar	0
cocainomania	kɔkɐinɔmɐniɐ	kukajnumɐniɐ	k[ɔ]kɐ[i]n[ɔ]mɐniɐ	k[u]ka[j]n[u]mɐniɐ	0
cocainômano	kɔkɐinomɐnu	kukajnomɐnu	k[ɔ]kɐ[i]nomɐnu	k[u]ka[j]nomɐnu	0
cocainómano	kɔkɐinɔmɐnu	kukajnɔmɐnu	k[ɔ]kɐ[i]nɔmɐnu	k[u]ka[j]nɔmɐnu	0
cocão	kɔkɐ̃w̃	kukɐ̃w̃	k[ɔ]kɐ̃w̃	k[u]kɐ̃w̃	0
cociente	kɔsjẽtɨ	kusiẽntɨ	k[ɔ]sjẽtɨ[]	k[u]siẽnt[ɨ]	0
coclear	kɔkljar	kukliar	k[ɔ]kl[j]ar	k[u]kl[i]ar	0
coclospermácea	kɔklɔʃpɨrmasjɐ	kukluʃpɨrmasiɐ	k[ɔ]kl[ɔ]ʃpɨrmas[j]ɐ	k[u]kl[u]ʃpɨrmas[i]ɐ	0
coclospermáceas	kɔklɔʃpɨrmasjɐʃ	kukluʃpɨrmasiɐʃ	k[ɔ]kl[ɔ]ʃpɨrmas[j]ɐʃ	k[u]kl[u]ʃpɨrmas[i]ɐʃ	0
coclospermáceo	kɔklɔʃpɨrmasju	kukluʃpɨrmasiw	k[ɔ]kl[ɔ]ʃpɨrmasj[u]	k[u]kl[u]ʃpɨrmasi[w]	0
cocó	kɔkɔ	kukɔ	k[ɔ]kɔ	k[u]kɔ	0
cocole	kɔkɔɫɨ	kukɔlɨ	k[ɔ]kɔ[ɫ]ɨ	k[u]kɔ[l]ɨ	0
coconote	kɔkɔnɔtɨ	kukunɔtɨ	k[ɔ]k[ɔ]nɔtɨ	k[u]k[u]nɔtɨ	0
cocorocó	kɔkɔrɔkɔ	kukurukɔ	k[ɔ]k[ɔ]r[ɔ]kɔ	k[u]k[u]r[u]kɔ	0
cocorote	kɔkɔrɔtɨ	kukurɔtɨ	k[ɔ]k[ɔ]rɔtɨ	k[u]k[u]rɔtɨ	0
cocote	kɔkɔtɨ	kukɔtɨ	k[ɔ]kɔtɨ	k[u]kɔtɨ	0
cocuana	kɔkwɐnɐ	kukuɐ̃nɐ	k[ɔ]k[w]ɐ[]nɐ	k[u]k[u]ɐ[̃]nɐ	0
codamina	kɔdɐminɐ	kudɐminɐ	k[ɔ]dɐminɐ	k[u]dɐminɐ	0
codeína	kɔdɐinɐ	kudɨinɐ	k[ɔ]d[ɐ]inɐ	k[u]d[ɨ]inɐ	0
codejar	kɔdɨʒar	kudɨʒar	k[ɔ]dɨʒar	k[u]dɨʒar	0
codicilar	kɔdisilar	kudisilar	k[ɔ]disilar	k[u]disilar	0
codicilo	kɔdisilu	kudisilu	k[ɔ]disilu	k[u]disilu	0
codinome	kɔdinomɨ	kudinomɨ	k[ɔ]dinomɨ	k[u]dinomɨ	0
codonofone	kɔdunɔfɔnɨ	kudunufonɨ	k[ɔ]dun[ɔ]f[ɔ]nɨ	k[u]dun[u]f[o]nɨ	0
codório	kɔdɔrju	kudɔrju	k[ɔ]dɔrju	k[u]dɔrju	0
codorna	kudurniʃ	kudɔrnɐ	kud[u]rni[ʃ]	kud[ɔ]rnɐ[]	0
cofi	kɔfi	kufi	k[ɔ]fi	k[u]fi	0
cofose	kɔfɔzɨ	kufɔzɨ	k[ɔ]fɔzɨ	k[u]fɔzɨ	0
cofragem	kɔfraʒɐ̃j̃	kufraʒɐjn	k[ɔ]fraʒɐ[̃]j[̃]	k[u]fraʒɐ[]j[n]	0
cognação	kɔɡnɐsɐ̃w̃	kuɡnɐsɐ̃w̃	k[ɔ]ɡnɐsɐ̃w̃	k[u]ɡnɐsɐ̃w̃	0
cognado	kɔɡnadu	kuɡnadu	k[ɔ]ɡnadu	k[u]ɡnadu	0
cognático	kɔɡnatiku	kuɡnatiku	k[ɔ]ɡnatiku	k[u]ɡnatiku	0
cognato	kɔɡnatu	kuɡnatu	k[ɔ]ɡnatu	k[u]ɡnatu	0
cognição	kɔɡnisɐ̃w̃	kuɡnisɐ̃w̃	k[ɔ]ɡnisɐ̃w̃	k[u]ɡnisɐ̃w̃	0
cognitivismo	kɔɡnitiviʒmu	kuɡnitiviʒmu	k[ɔ]ɡnitiviʒmu	k[u]ɡnitiviʒmu	0
cognitivista	kɔɡnitiviʃtɐ	kuɡnitiviʃtɐ	k[ɔ]ɡnitiviʃtɐ	k[u]ɡnitiviʃtɐ	0
cognitivo	kɔɡnitivu	kuɡnitivu	k[ɔ]ɡnitivu	k[u]ɡnitivu	0
cognoscibilidade	kɔɡnɔʃsibilidadɨ	kuɡnuʃsibilidadɨ	k[ɔ]ɡn[ɔ]ʃsibilidadɨ	k[u]ɡn[u]ʃsibilidadɨ	0
cognoscitivo	kɔɡnɔʃsitivu	kuɡnuʃsitivu	k[ɔ]ɡn[ɔ]ʃsitivu	k[u]ɡn[u]ʃsitivu	0
cognoscível	kɔɡnɔʃsivɛɫ	kuɡnuʃsivɛɫ	k[ɔ]ɡn[ɔ]ʃsivɛɫ	k[u]ɡn[u]ʃsivɛɫ	0
coiote	kɔjɔtɨ	kujɔtɨ	k[ɔ]jɔtɨ	k[u]jɔtɨ	0
colagogo	kɔlɐɡoɡu	kulɐɡoɡu	k[ɔ]lɐɡoɡu	k[u]lɐɡoɡu	0
colargol	kɔlarɡɔɫ	kulɐrɡɔɫ	k[ɔ]l[a]rɡɔɫ	k[u]l[ɐ]rɡɔɫ	0
colá-sanjom	kɔlasɐ̃ʒõ	kulasɐ̃nʒõm	k[ɔ]lasɐ̃[]ʒõ[]	k[u]lasɐ̃[n]ʒõ[m]	0
colãs	kɔlɐ̃ʃ	kulɐ̃ʃ	k[ɔ]lɐ̃ʃ	k[u]lɐ̃ʃ	0
colcotar	kɔɫkutar	kuɫkutar	k[ɔ]ɫkutar	k[u]ɫkutar	0
colecistalgia	kɔlɨsiʃtaɫziɐ	kulɨsiʃtaɫʒiɐ	k[ɔ]lɨsiʃtaɫ[z]iɐ	k[u]lɨsiʃtaɫ[ʒ]iɐ	0
colecistectomia	kɔlɨsiʃtɛktumiɐ	kulɨsiʃtɛtumiɐ	k[ɔ]lɨsiʃtɛ[k]tumiɐ	k[u]lɨsiʃtɛ[]tumiɐ	0
colecistectômico	kɔlɨsiʃtɛktomiku	kulɨsiʃtɛtomiku	k[ɔ]lɨsiʃtɛ[k]tomiku	k[u]lɨsiʃtɛ[]tomiku	0
colecistectómico	kɔlɨsiʃtɛktɔmiku	kulɨsiʃtɛtɔmiku	k[ɔ]lɨsiʃtɛ[k]tɔmiku	k[u]lɨsiʃtɛ[]tɔmiku	0
coleciste	kɔlɨsiʃtɨ	kulɨsiʃtɨ	k[ɔ]lɨsiʃtɨ	k[u]lɨsiʃtɨ	0
colecistiectomia	kɔlɨsiʃtjɛktumiɐ	kulɨsiʃtietumiɐ	k[ɔ]lɨsiʃtjɛ[k]tumiɐ	k[u]lɨsiʃtie[]tumiɐ	0
colecistiografia	kɔlɨsiʃtjuɡrɐfiɐ	kulɨsiʃtiuɡrɐfiɐ	k[ɔ]lɨsiʃt[j]uɡrɐfiɐ	k[u]lɨsiʃt[i]uɡrɐfiɐ	0
colecistiotomia	kɔlɨsiʃtjɔtumiɐ	kulɨsiʃtiutumiɐ	k[ɔ]lɨsiʃtj[ɔ]tumiɐ	k[u]lɨsiʃti[u]tumiɐ	0
colecistite	kɔlɨsiʃtitɨ	kulɨsiʃtitɨ	k[ɔ]lɨsiʃtitɨ	k[u]lɨsiʃtitɨ	0
colecistografia	kɔlɨsiʃtuɡrɐfiɐ	kulɨsiʃtuɡrɐfiɐ	k[ɔ]lɨsiʃtuɡrɐfiɐ	k[u]lɨsiʃtuɡrɐfiɐ	0
colecistográfico	kɔlɨsiʃtuɡrafiku	kulɨsiʃtuɡrafiku	k[ɔ]lɨsiʃtuɡrafiku	k[u]lɨsiʃtuɡrafiku	0
colecistotomia	kɔlɨsiʃtutumiɐ	kulɨsiʃtutumiɐ	k[ɔ]lɨsiʃtutumiɐ	k[u]lɨsiʃtutumiɐ	0
coleja	kɔlɛʒɐ	kuleʒɐ	k[ɔ]l[ɛ]ʒɐ	k[u]l[e]ʒɐ	0
coleodermo	kɔljɔdɛrmu	kuliudermu	k[ɔ]lj[ɔ]d[ɛ]rmu	k[u]li[u]d[e]rmu	0
coleorriza	kɔljɔʀizɐ	kuliuʀizɐ	k[ɔ]lj[ɔ]ʀizɐ	k[u]li[u]ʀizɐ	0
colepatia	kɔlɨpɐtiɐ	kulɨpɐtiɐ	k[ɔ]lɨpɐtiɐ	k[u]lɨpɐtiɐ	0
colesterol	kɔlɨʃtɨrɔɫ	kulɨʃtɨrɔɫ	k[ɔ]lɨʃtɨrɔɫ	k[u]lɨʃtɨrɔɫ	0
colexa	kɔleksɐ	kulɛksɐ	k[ɔ]l[e]ksɐ	k[u]l[ɛ]ksɐ	0
coliâmbico	kɔljɐ̃biku	kuljɐ̃mbiku	k[ɔ]ljɐ̃[]biku	k[u]ljɐ̃[m]biku	0
coliambo	kɔljɐ̃bu	kuliɐ̃mbu	k[ɔ]l[j]ɐ̃[]bu	k[u]l[i]ɐ̃[m]bu	0
colibacilo	kɔlibɐsilu	kulibɐsilu	k[ɔ]libɐsilu	k[u]libɐsilu	0
colibacilose	kɔlibɐsilɔzɨ	kulibɐsilɔzɨ	k[ɔ]libɐsilɔzɨ	k[u]libɐsilɔzɨ	0
colibri	kɔlibri	kulibri	k[ɔ]libri	k[u]libri	0
colicativo	kɔlikɐtivu	kulikɐtivu	k[ɔ]likɐtivu	k[u]likɐtivu	0
colite	kɔlitɨ	kulitɨ	k[ɔ]litɨ	k[u]litɨ	0
colochi	kɔlɔʃi	kuluʃi	k[ɔ]l[ɔ]ʃi	k[u]l[u]ʃi	0
cólofon	kɔlɔfɔn	kɔlufõm	kɔl[ɔ]fɔn[]	kɔl[u]fõ[m]	0
coló	kɔlɔ	kulɔ	k[ɔ]lɔ	k[u]lɔ	0
colonalgia	kɔlɔnaɫʒiɐ	kulunaɫʒiɐ	k[ɔ]l[ɔ]naɫʒiɐ	k[u]l[u]naɫʒiɐ	0
colón	kɔlɔn	kulõm	k[ɔ]lɔn[]	k[u]lõ[m]	0
colonoscopia	kulunɔʃkupiɐ	kulunuʃkupiɐ	kulun[ɔ]ʃkupiɐ	kulun[u]ʃkupiɐ	0
colopatia	kɔlɔpɐtiɐ	kulupɐtiɐ	k[ɔ]l[ɔ]pɐtiɐ	k[u]l[u]pɐtiɐ	0
colorista	kuluriʃtɐ	kɔloriʃtɐ	k[u]l[u]riʃtɐ	k[ɔ]l[o]riʃtɐ	0
color	kulor	kɔlor	k[u]lor	k[ɔ]lor	0
coloscopia	kulɔʃkupiɐ	kuluʃkupiɐ	kul[ɔ]ʃkupiɐ	kul[u]ʃkupiɐ	0
colostomia	kɔlɔʃtumiɐ	kuluʃtumiɐ	k[ɔ]l[ɔ]ʃtumiɐ	k[u]l[u]ʃtumiɐ	0
colotipia	kɔlɔtipiɐ	kulutipiɐ	k[ɔ]l[ɔ]tipiɐ	k[u]l[u]tipiɐ	0
colpalgia	kɔɫpaɫʒiɐ	kuɫpaɫʒiɐ	k[ɔ]ɫpaɫʒiɐ	k[u]ɫpaɫʒiɐ	0
colpite	kɔɫpitɨ	kuɫpitɨ	k[ɔ]ɫpitɨ	k[u]ɫpitɨ	0
colpopatia	kɔɫpɔpɐtiɐ	kuɫpupɐtiɐ	k[ɔ]ɫp[ɔ]pɐtiɐ	k[u]ɫp[u]pɐtiɐ	0
colporragia	kɔɫpɔʀɐʒiɐ	kuɫpuʀɐʒiɐ	k[ɔ]ɫp[ɔ]ʀɐʒiɐ	k[u]ɫp[u]ʀɐʒiɐ	0
colportor	kɔɫpurtor	kuɫpurtor	k[ɔ]ɫpurtor	k[u]ɫpurtor	0
colposcopia	kɔɫpɔʃkupiɐ	kuɫpuʃkupiɐ	k[ɔ]ɫp[ɔ]ʃkupiɐ	k[u]ɫp[u]ʃkupiɐ	0
colposcópio	kɔɫpɔʃkɔpju	kuɫpuʃkɔpju	k[ɔ]ɫp[ɔ]ʃkɔpju	k[u]ɫp[u]ʃkɔpju	0
colpotomia	kɔɫpɔtumiɐ	kuɫputumiɐ	k[ɔ]ɫp[ɔ]tumiɐ	k[u]ɫp[u]tumiɐ	0
colpotômico	kɔɫpɔtomiku	kuɫputomiku	k[ɔ]ɫp[ɔ]tomiku	k[u]ɫp[u]tomiku	0
colpotómico	kɔɫpɔtɔmiku	kuɫputɔmiku	k[ɔ]ɫp[ɔ]tɔmiku	k[u]ɫp[u]tɔmiku	0
colquicina	kɔɫkisinɐ	kuɫkisinɐ	k[ɔ]ɫkisinɐ	k[u]ɫkisinɐ	0
comanche	kɔmɐ̃ʃɨ	kumɐ̃nʃɨ	k[ɔ]mɐ̃[]ʃɨ	k[u]mɐ̃[n]ʃɨ	0
comanches	kɔmɐ̃ʃɨʃ	kumɐ̃nʃɨʃ	k[ɔ]mɐ̃[]ʃɨʃ	k[u]mɐ̃[n]ʃɨʃ	0
comité	kɔmitɛ	kumitɛ	k[ɔ]mitɛ	k[u]mitɛ	0
coninhas	kɔniɲɐʃ	kuniɲɐʃ	k[ɔ]niɲɐʃ	k[u]niɲɐʃ	0
conurbação	kɔnurbɐsɐ̃w̃	kunurbɐsɐ̃w̃	k[ɔ]nurbɐsɐ̃w̃	k[u]nurbɐsɐ̃w̃	0
coobrigação	koɔbriɡɐsɐ̃w̃	kuubriɡɐsɐ̃w̃	ko[ɔ]briɡɐsɐ̃w̃	ku[u]briɡɐsɐ̃w̃	0
coobrigado	koɔbriɡadu	kuubriɡadu	ko[ɔ]briɡadu	ku[u]briɡadu	0
coobrigar	koɔbriɡar	kuubriɡar	ko[ɔ]briɡar	ku[u]briɡar	0
coocorrência	koɔkuʀẽsjɐ	kuukuʀẽnsjɐ	ko[ɔ]kuʀẽsjɐ[]	ku[u]kuʀẽnsj[ɐ]	0
coocorrer	koɔkuʀer	kuukuʀer	ko[ɔ]kuʀer	ku[u]kuʀer	0
coocupante	koɔkupɐ̃tɨ	kuukupɐ̃ntɨ	ko[ɔ]kupɐ̃[]tɨ	ku[u]kupɐ̃[n]tɨ	0
coopositor	koɔpuzitor	kuupuzitor	ko[ɔ]puzitor	ku[u]puzitor	0
cooptação	kwɔptɐsɐ̃w̃	kuuptɐsɐ̃w̃	kw[ɔ]ptɐsɐ̃w̃	ku[u]ptɐsɐ̃w̃	0
cooptar	kwɔptar	kuuptar	kw[ɔ]ptar	ku[u]ptar	0
coossificação	koɔsifikɐsɐ̃w̃	kuusifikɐsɐ̃w̃	ko[ɔ]sifikɐsɐ̃w̃	ku[u]sifikɐsɐ̃w̃	0
copacabanense	kɔpɐkɐbɐnẽsɨ	kupɐkɐbɐnẽnsɨ	k[ɔ]pɐkɐbɐnẽsɨ[]	k[u]pɐkɐbɐnẽns[ɨ]	0
copada	kɔpadɐ	kupadɐ	k[ɔ]padɐ	k[u]padɐ	0
copenhaguense	kɔpɨɲɐɡẽsɨ	kupɨɲɐɡẽnsɨ	k[ɔ]pɨɲɐɡẽsɨ[]	k[u]pɨɲɐɡẽns[ɨ]	0
copidescar	kɔpidɛʃkar	kupidɨʃkar	k[ɔ]pid[ɛ]ʃkar	k[u]pid[ɨ]ʃkar	0
copidesque	kɔpidɛʃkɨ	kupidɨʃkɨ	k[ɔ]pid[ɛ]ʃkɨ	k[u]pid[ɨ]ʃkɨ	0
coplista	kɔpliʃtɐ	kupliʃtɐ	k[ɔ]pliʃtɐ	k[u]pliʃtɐ	0
copofone	kɔpɔfɔnɨ	kupufonɨ	k[ɔ]p[ɔ]f[ɔ]nɨ	k[u]p[u]f[o]nɨ	0
copracrasia	kɔprɐkrɐziɐ	kuprɐkrɐziɐ	k[ɔ]prɐkrɐziɐ	k[u]prɐkrɐziɐ	0
copraol	kɔprɐɔɫ	kuprɐɔɫ	k[ɔ]prɐɔɫ	k[u]prɐɔɫ	0
coprofagia	kɔprɔfɐʒiɐ	kuprufɐʒiɐ	k[ɔ]pr[ɔ]fɐʒiɐ	k[u]pr[u]fɐʒiɐ	0
coprófago	kɔprɔfɐɡu	kuprɔfɐɡu	k[ɔ]prɔfɐɡu	k[u]prɔfɐɡu	0
coprófilo	kɔprɔfilu	kuprɔfilu	k[ɔ]prɔfilu	k[u]prɔfilu	0
coprolalia	kɔprɔlɐliɐ	kuprulɐliɐ	k[ɔ]pr[ɔ]lɐliɐ	k[u]pr[u]lɐliɐ	0
coprólito	kɔprɔlitu	kuprɔlitu	k[ɔ]prɔlitu	k[u]prɔlitu	0
coprostasia	kɔprɔʃtɐziɐ	kupruʃtɐziɐ	k[ɔ]pr[ɔ]ʃtɐziɐ	k[u]pr[u]ʃtɐziɐ	0
coptografia	kɔptɔɡrɐfiɐ	kuptuɡrɐfiɐ	k[ɔ]pt[ɔ]ɡrɐfiɐ	k[u]pt[u]ɡrɐfiɐ	0
coqueluche	kɔkɨluʃɨ	kukɨluʃɨ	k[ɔ]kɨluʃɨ	k[u]kɨluʃɨ	0
coqueluchoide	kɔkɨluʃɔjdɨ	kukɨluʃɔjdɨ	k[ɔ]kɨluʃɔjdɨ	k[u]kɨluʃɔjdɨ	0
coqueluchóide	kɔkɨluʃɔjdɨ	kukɨluʃɔjdɨ	k[ɔ]kɨluʃɔjdɨ	k[u]kɨluʃɔjdɨ	0
coqueria	kɔkɨriɐ	kukɨriɐ	k[ɔ]kɨriɐ	k[u]kɨriɐ	0
coquetaria	kɔkɛtɐriɐ	kukɨtɐriɐ	k[ɔ]k[ɛ]tɐriɐ	k[u]k[ɨ]tɐriɐ	0
coquetear	kɔkɨtjar	kukɨtiar	k[ɔ]kɨt[j]ar	k[u]kɨt[i]ar	0
coquete	kɔkɛtɨ	kukɛtɨ	k[ɔ]kɛtɨ	k[u]kɛtɨ	0
coquetel	kɔkɨtɛɫ	kukɨtɛɫ	k[ɔ]kɨtɛɫ	k[u]kɨtɛɫ	0
coqueteria	kɔkɛtɨriɐ	kukɨtɨriɐ	k[ɔ]k[ɛ]tɨriɐ	k[u]k[ɨ]tɨriɐ	0
coquetismo	kɔkɨtiʒmu	kukɨtiʒmu	k[ɔ]kɨtiʒmu	k[u]kɨtiʒmu	0
coquilha	kɔkiʎɐ	kukiʎɐ	k[ɔ]kiʎɐ	k[u]kiʎɐ	0
coracíida	kɔrɐsiidɐ	kurɐsiidɐ	k[ɔ]rɐsiidɐ	k[u]rɐsiidɐ	0
coracíidas	kɔrɐsiidɐʃ	kurɐsiidɐʃ	k[ɔ]rɐsiidɐʃ	k[u]rɐsiidɐʃ	0
coraciídeo	kɔrɐsiidju	kurɐsjidiw	k[ɔ]rɐs[i]idj[u]	k[u]rɐs[j]idi[w]	0
coraciídeos	kɔrɐsiidjuʃ	kurɐsjidiwʃ	k[ɔ]rɐs[i]idj[u]ʃ	k[u]rɐs[j]idi[w]ʃ	0
coraciiforme	kɔrɐsjifɔrmɨ	kurɐsjifɔrmɨ	k[ɔ]rɐsjifɔrmɨ	k[u]rɐsjifɔrmɨ	0
coracoide	kɔrɐkɔjdɨ	kurɐkɔjdɨ	k[ɔ]rɐkɔjdɨ	k[u]rɐkɔjdɨ	0
coracóide	kɔrɐkɔjdɨ	kurɐkɔjdɨ	k[ɔ]rɐkɔjdɨ	k[u]rɐkɔjdɨ	0
coracóideo	kɔrɐkɔjdju	kurɐkɔjdiw	k[ɔ]rɐkɔjdj[u]	k[u]rɐkɔjdi[w]	0
coracomancia	kɔrɐkumɐ̃siɐ	kurɐkumɐ̃nsiɐ	k[ɔ]rɐkumɐ̃[]siɐ	k[u]rɐkumɐ̃[n]siɐ	0
coradoiro	kɔrɐdojru	kurɐdojru	k[ɔ]rɐdojru	k[u]rɐdojru	0
corado	kɔradu	kuradu	k[ɔ]radu	k[u]radu	0
coradouro	kɔrɐdowru	kurɐdowru	k[ɔ]rɐdowru	k[u]rɐdowru	0
corá	kɔra	kura	k[ɔ]ra	k[u]ra	0
corante	kɔrɐ̃tɨ	kurɐ̃ntɨ	k[ɔ]rɐ̃[]tɨ	k[u]rɐ̃[n]tɨ	0
corar	kɔrar	kurar	k[ɔ]rar	k[u]rar	0
corbelha	kɔrbɐjʎɐ	kurbeʎɐ	k[ɔ]rbɐ[j]ʎɐ	k[u]rbe[]ʎɐ	0
cordofone	kɔrdɔfɔnɨ	kurdufonɨ	k[ɔ]rd[ɔ]f[ɔ]nɨ	k[u]rd[u]f[o]nɨ	0
coreomania	kurjɔmɐniɐ	kuriumɐniɐ	kurj[ɔ]mɐniɐ	kuri[u]mɐniɐ	0
corfebol	kɔrfɨbɔɫ	kurfɨbɔɫ	k[ɔ]rfɨbɔɫ	k[u]rfɨbɔɫ	0
coricida	kɔrisidɐ	kurisidɐ	k[ɔ]risidɐ	k[u]risidɐ	0
cori	kɔri	kuri	k[ɔ]ri	k[u]ri	0
coríndon	kɔrĩdɔn	kurĩndõm	k[ɔ]rĩd[ɔ]n[]	k[u]rĩ[]ndõ[m]	0
corioplastia	kɔrjɔplɐʃtiɐ	kuriuplɐʃtiɐ	k[ɔ]rj[ɔ]plɐʃtiɐ	k[u]ri[u]plɐʃtiɐ	0
cornamusa	kɔrnɐmuzɐ	kurnɐmuzɐ	k[ɔ]rnɐmuzɐ	k[u]rnɐmuzɐ	0
cornéola	kurnɛulɐ	kurnɛɔlɐ	kurnɛ[u]lɐ	kurnɛ[ɔ]lɐ	0
cornflakes	kɔrnflɐjkɨs	kurnflakɨʃ	k[ɔ]rnflɐ[j]kɨ[s]	k[u]rnfla[]kɨ[ʃ]	0
cornofone	kɔrnɔfɔnɨ	kurnufonɨ	k[ɔ]rn[ɔ]f[ɔ]nɨ	k[u]rn[u]f[o]nɨ	0
coró-coró	kɔrɔkɔrɔ	kurɔkurɔ	k[ɔ]rɔk[ɔ]rɔ	k[u]rɔk[u]rɔ	0
corodidáscalo	kɔrɔdidaʃkɐlu	kurudidaʃkɐlu	k[ɔ]r[ɔ]didaʃkɐlu	k[u]r[u]didaʃkɐlu	0
coronconde	kɔrõkõdɨ	kurõnkõndɨ	k[ɔ]rõkõdɨ[]	k[u]rõnkõnd[ɨ]	0
coroplastia	kɔrɔplɐʃtiɐ	kuruplɐʃtiɐ	k[ɔ]r[ɔ]plɐʃtiɐ	k[u]r[u]plɐʃtiɐ	0
corté	kɔrtɛ	kurtɛ	k[ɔ]rtɛ	k[u]rtɛ	0
corticífugo	kɔrtisifuɡu	kurtisifuɡu	k[ɔ]rtisifuɡu	k[u]rtisifuɡu	0
corticoeferente	kɔrtikɔefɨrẽtɨ	kurtikuɨfɨrẽntɨ	k[ɔ]rtikɔ[e]fɨrẽtɨ[]	k[u]rtiku[ɨ]fɨrẽnt[ɨ]	0
corticossupra-renal	kɔrtikɔsuprɐʀɨnaɫ	kurtikusuprɐʀɨnaɫ	k[ɔ]rtik[ɔ]suprɐʀɨnaɫ	k[u]rtik[u]suprɐʀɨnaɫ	0
corticossuprarrenal	kɔrtikɔsuprɐʀɨnaɫ	kurtikusuprɐʀɨnaɫ	k[ɔ]rtik[ɔ]suprɐʀɨnaɫ	k[u]rtik[u]suprɐʀɨnaɫ	0
corticosteroide	kɔrtikɔʃtɨrɔjdɨ	kurtikuʃtɨrɔjdɨ	k[ɔ]rtik[ɔ]ʃtɨrɔjdɨ	k[u]rtik[u]ʃtɨrɔjdɨ	0
corticosteróide	kɔrtikɔʃtɨrɔjdɨ	kurtikuʃtɨrɔjdɨ	k[ɔ]rtik[ɔ]ʃtɨrɔjdɨ	k[u]rtik[u]ʃtɨrɔjdɨ	0
corticotrofina	kɔrtikɔtrufinɐ	kurtikutrufinɐ	k[ɔ]rtik[ɔ]trufinɐ	k[u]rtik[u]trufinɐ	0
cortonomia	kɔrtɔnumiɐ	kurtunumiɐ	k[ɔ]rt[ɔ]numiɐ	k[u]rt[u]numiɐ	0
coscinomancia	kɔʃsinɔmɐ̃siɐ	kuʃsinumɐ̃nsiɐ	k[ɔ]ʃsin[ɔ]mɐ̃[]siɐ	k[u]ʃsin[u]mɐ̃[n]siɐ	0
coscinoscopia	kɔʃsinɔʃkupiɐ	kuʃsinuʃkupiɐ	k[ɔ]ʃsin[ɔ]ʃkupiɐ	k[u]ʃsin[u]ʃkupiɐ	0
cosmognosia	kɔʒmɔɡnuziɐ	kuʒmuɡnuziɐ	k[ɔ]ʒm[ɔ]ɡnuziɐ	k[u]ʒm[u]ɡnuziɐ	0
cosmogonia	kɔʒmɔɡuniɐ	kuʒmuɡuniɐ	k[ɔ]ʒm[ɔ]ɡuniɐ	k[u]ʒm[u]ɡuniɐ	0
cosmogônico	kɔʒmɔɡoniku	kuʒmuɡoniku	k[ɔ]ʒm[ɔ]ɡoniku	k[u]ʒm[u]ɡoniku	0
cosmogónico	kɔʒmɔɡɔniku	kuʒmuɡɔniku	k[ɔ]ʒm[ɔ]ɡɔniku	k[u]ʒm[u]ɡɔniku	0
cosmogonista	kɔʒmɔɡuniʃtɐ	kuʒmuɡuniʃtɐ	k[ɔ]ʒm[ɔ]ɡuniʃtɐ	k[u]ʒm[u]ɡuniʃtɐ	0
cosmolábio	kɔʒmɔlabju	kuʒmulabju	k[ɔ]ʒm[ɔ]labju	k[u]ʒm[u]labju	0
cosmometria	kɔʒmɔmɨtriɐ	kuʒmumɨtriɐ	k[ɔ]ʒm[ɔ]mɨtriɐ	k[u]ʒm[u]mɨtriɐ	0
cosmonauta	kɔʒmɔnawtɐ	kuʒmunawtɐ	k[ɔ]ʒm[ɔ]nawtɐ	k[u]ʒm[u]nawtɐ	0
cosmonáutica	kɔʒmɔnawtikɐ	kuʒmunawtikɐ	k[ɔ]ʒm[ɔ]nawtikɐ	k[u]ʒm[u]nawtikɐ	0
cosmonomia	kɔʒmɔnumiɐ	kuʒmunumiɐ	k[ɔ]ʒm[ɔ]numiɐ	k[u]ʒm[u]numiɐ	0
cosmosofia	kɔʒmɔzufiɐ	kuʒmuzufiɐ	k[ɔ]ʒm[ɔ]zufiɐ	k[u]ʒm[u]zufiɐ	0
cosmotrão	kɔʒmɔtrɐ̃w̃	kuʒmutrɐ̃w̃	k[ɔ]ʒm[ɔ]trɐ̃w̃	k[u]ʒm[u]trɐ̃w̃	0
cosmovisão	kɔʒmɔvizɐ̃w̃	kuʒmuvizɐ̃w̃	k[ɔ]ʒm[ɔ]vizɐ̃w̃	k[u]ʒm[u]vizɐ̃w̃	0
cossazana	kɔsɐzɐnɐ	kusɐzɐ̃nɐ	k[ɔ]sɐzɐ[]nɐ	k[u]sɐzɐ[̃]nɐ	0
cossolete	kɔsuletɨ	kusulɛtɨ	k[ɔ]sul[e]tɨ	k[u]sul[ɛ]tɨ	0
cossoleto	kɔsuletu	kusulɛtu	k[ɔ]sul[e]tu	k[u]sul[ɛ]tu	0
costabaixo	kɔʃtɐbajʃu	kuʃtɐbajʃu	k[ɔ]ʃtɐbajʃu	k[u]ʃtɐbajʃu	0
costabdominal	kɔʃtabduminaɫ	kuʃtɐbduminaɫ	k[ɔ]ʃt[a]bduminaɫ	k[u]ʃt[ɐ]bduminaɫ	0
costoclavicular	kɔʃtɔklɐvikular	kuʃtuklɐvikular	k[ɔ]ʃt[ɔ]klɐvikular	k[u]ʃt[u]klɐvikular	0
costoscapular	kɔʃtɔʃkɐpular	kuʃtuʃkɐpular	k[ɔ]ʃt[ɔ]ʃkɐpular	k[u]ʃt[u]ʃkɐpular	0
costosternal	kɔʃtɔʃtɨrnaɫ	kuʃtuʃtɨrnaɫ	k[ɔ]ʃt[ɔ]ʃtɨrnaɫ	k[u]ʃt[u]ʃtɨrnaɫ	0
costotomia	kɔʃtɔtumiɐ	kuʃtutumiɐ	k[ɔ]ʃt[ɔ]tumiɐ	k[u]ʃt[u]tumiɐ	0
costovertebral	kɔʃtɔvɨrtɨbraɫ	kuʃtuvertɨbraɫ	k[ɔ]ʃt[ɔ]v[ɨ]rtɨbraɫ	k[u]ʃt[u]v[e]rtɨbraɫ	0
cotidiano	kɔtidjɐnu	kutidiɐ̃nu	k[ɔ]tid[j]ɐ[]nu	k[u]tid[i]ɐ[̃]nu	0
cotilhão	kɔtiʎɐ̃w̃	kutiʎɐ̃w̃	k[ɔ]tiʎɐ̃w̃	k[u]tiʎɐ̃w̃	0
cotonete	kɔtɔnɛtɨ	kutunɛtɨ	k[ɔ]t[ɔ]nɛtɨ	k[u]t[u]nɛtɨ	0
covador	kɔvɐdor	kuvɐdor	k[ɔ]vɐdor	k[u]vɐdor	0
covelina	kɔvɨlinɐ	kuvɨlinɐ	k[ɔ]vɨlinɐ	k[u]vɨlinɐ	0
covelita	kɔvɨlitɐ	kuvɨlitɐ	k[ɔ]vɨlitɐ	k[u]vɨlitɐ	0
covelite	kɔvɨlitɨ	kuvɨlitɨ	k[ɔ]vɨlitɨ	k[u]vɨlitɨ	0
covellina	kɔvɨlinɐ	kuvɛlinɐ	k[ɔ]v[ɨ]linɐ	k[u]v[ɛ]linɐ	0
covellita	kɔvɨlitɐ	kuvɛlitɐ	k[ɔ]v[ɨ]litɐ	k[u]v[ɛ]litɐ	0
covellite	kɔvɨlitɨ	kuvɛlitɨ	k[ɔ]v[ɨ]litɨ	k[u]v[ɛ]litɨ	0
cranioclasia	krɐnjɔklɐziɐ	krɐniuklɐziɐ	krɐnj[ɔ]klɐziɐ	krɐni[u]klɐziɐ	0
craniofacial	krɐnjɔfɐsjaɫ	krɐniufɐsiaɫ	krɐnj[ɔ]fɐs[j]aɫ	krɐni[u]fɐs[i]aɫ	0
craniografia	krɐnjɔɡrɐfiɐ	krɐniuɡrɐfiɐ	krɐnj[ɔ]ɡrɐfiɐ	krɐni[u]ɡrɐfiɐ	0
craniográfico	krɐnjɔɡrafiku	krɐniuɡrafiku	krɐnj[ɔ]ɡrafiku	krɐni[u]ɡrafiku	0
craniomancia	krɐnjɔmɐ̃siɐ	krɐniumɐ̃nsiɐ	krɐnj[ɔ]mɐ̃[]siɐ	krɐni[u]mɐ̃[n]siɐ	0
craniometria	krɐnjɔmɨtriɐ	krɐniumɨtriɐ	krɐnj[ɔ]mɨtriɐ	krɐni[u]mɨtriɐ	0
cranioplastia	krɐnjɔplɐʃtiɐ	krɐniuplɐʃtiɐ	krɐnj[ɔ]plɐʃtiɐ	krɐni[u]plɐʃtiɐ	0
cranioscopia	krɐnjɔʃkupiɐ	krɐniuʃkupiɐ	krɐnj[ɔ]ʃkupiɐ	krɐni[u]ʃkupiɐ	0
cranioscópico	krɐnjɔʃkɔpiku	krɐniuʃkɔpiku	krɐnj[ɔ]ʃkɔpiku	krɐni[u]ʃkɔpiku	0
cranioscópio	krɐnjɔʃkɔpju	krɐniuʃkɔpju	krɐnj[ɔ]ʃkɔpju	krɐni[u]ʃkɔpju	0
craniotomia	krɐnjɔtumiɐ	krɐniutumiɐ	krɐnj[ɔ]tumiɐ	krɐni[u]tumiɐ	0
craniotômico	krɐnjɔtomiku	krɐniutomiku	krɐnj[ɔ]tomiku	krɐni[u]tomiku	0
craniotómico	krɐnjɔtɔmiku	krɐniutɔmiku	krɐnj[ɔ]tɔmiku	krɐni[u]tɔmiku	0
craviorganista	krɐviɔrɡɐniʃtɐ	krɐviurɡɐniʃtɐ	krɐvi[ɔ]rɡɐniʃtɐ	krɐvi[u]rɡɐniʃtɐ	0
creofagia	kriɔfɐʒiɐ	kriufɐʒiɐ	kri[ɔ]fɐʒiɐ	kri[u]fɐʒiɐ	0
creogenia	kriɔʒɨniɐ	kriuʒɨniɐ	kri[ɔ]ʒɨniɐ	kri[u]ʒɨniɐ	0
creografia	kriɔɡrɐfiɐ	kriuɡrɐfiɐ	kri[ɔ]ɡrɐfiɐ	kri[u]ɡrɐfiɐ	0
creolina	kriɔlinɐ	kriulinɐ	kri[ɔ]linɐ	kri[u]linɐ	0
creosotagem	kriɔzutaʒɐ̃j̃	kriuzutaʒɐjn	kri[ɔ]zutaʒɐ[̃]j[̃]	kri[u]zutaʒɐ[]j[n]	0
creosotar	kriɔzutar	kriuzutar	kri[ɔ]zutar	kri[u]zutar	0
creosote	kriɔzɔtɨ	kriuzɔtɨ	kri[ɔ]zɔtɨ	kri[u]zɔtɨ	0
creosoto	kriɔzɔtu	kriuzɔtu	kri[ɔ]zɔtu	kri[u]zɔtu	0
crimoterapia	krimɔtɨrɐpiɐ	krimuterɐpiɐ	krim[ɔ]t[ɨ]rɐpiɐ	krim[u]t[e]rɐpiɐ	0
crimoterápico	krimɔtɨrapiku	krimutɨrapiku	krim[ɔ]tɨrapiku	krim[u]tɨrapiku	0
criobiologia	kriɔbjuluʒiɐ	kriubiuluʒiɐ	kri[ɔ]b[j]uluʒiɐ	kri[u]b[i]uluʒiɐ	0
criobiológico	kriɔbjulɔʒiku	kriubiulɔʒiku	kri[ɔ]b[j]ulɔʒiku	kri[u]b[i]ulɔʒiku	0
criobiólogo	kriɔbjɔluɡu	kriubiɔluɡu	kri[ɔ]b[j]ɔluɡu	kri[u]b[i]ɔluɡu	0
criocéfalo	kriɔsɛfɐlu	kriusɛfɐlu	kri[ɔ]sɛfɐlu	kri[u]sɛfɐlu	0
criocirurgia	kriɔsirurʒiɐ	kriusirurʒiɐ	kri[ɔ]sirurʒiɐ	kri[u]sirurʒiɐ	0
crioconservação	kriɔkõsɨrvɐsɐ̃w̃	kriukõnsɨrvɐsɐ̃w̃	kri[ɔ]kõsɨrvɐ[s]ɐ̃[w]̃[]	kri[u]kõnsɨr[v]ɐs[ɐ]̃w[̃]	0
criodecapagem	kriɔdɨkɐpaʒɐ̃j̃	kriudɨkɐpaʒɐjn	kri[ɔ]dɨkɐpaʒɐ[̃]j[̃]	kri[u]dɨkɐpaʒɐ[]j[n]	0
criogenia	kriɔʒɨniɐ	kriuʒɨniɐ	kri[ɔ]ʒɨniɐ	kri[u]ʒɨniɐ	0
criogênico	kriɔʒeniku	kriuʒeniku	kri[ɔ]ʒeniku	kri[u]ʒeniku	0
criogénico	kriɔʒɛniku	kriuʒɛniku	kri[ɔ]ʒɛniku	kri[u]ʒɛniku	0
criogenização	kriɔʒɨnizɐsɐ̃w̃	kriuʒenizɐsɐ̃w̃	kri[ɔ]ʒ[ɨ]nizɐsɐ̃w̃	kri[u]ʒ[e]nizɐsɐ̃w̃	0
crioídrico	kriɔidriku	kriuidriku	kri[ɔ]idriku	kri[u]idriku	0
criometria	kriɔmɨtriɐ	kriumɨtriɐ	kri[ɔ]mɨtriɐ	kri[u]mɨtriɐ	0
criométrico	kriɔmɛtriku	kriumɛtriku	kri[ɔ]mɛtriku	kri[u]mɛtriku	0
criopatia	kriɔpɐtiɐ	kriupɐtiɐ	kri[ɔ]pɐtiɐ	kri[u]pɐtiɐ	0
criopreservação	kriɔprɨzɨrvɐsɐ̃w̃	kriuprezɨrvɐsɐ̃w̃	kri[ɔ]pr[ɨ]zɨrvɐsɐ̃w̃	kri[u]pr[e]zɨrvɐsɐ̃w̃	0
criopreservar	kriɔprɨzɨrvar	kriuprezɨrvar	kri[ɔ]pr[ɨ]zɨrvar	kri[u]pr[e]zɨrvar	0
crioscopia	kriɔʃkupiɐ	kriuʃkupiɐ	kri[ɔ]ʃkupiɐ	kri[u]ʃkupiɐ	0
crioscópico	kriɔʃkɔpiku	kriuʃkɔpiku	kri[ɔ]ʃkɔpiku	kri[u]ʃkɔpiku	0
crioscópio	kriɔʃkɔpju	kriuʃkɔpju	kri[ɔ]ʃkɔpju	kri[u]ʃkɔpju	0
criosfera	kriɔʃfɛrɐ	kriuʃfɛrɐ	kri[ɔ]ʃfɛrɐ	kri[u]ʃfɛrɐ	0
criostato	kriɔʃtatu	kriuʃtatu	kri[ɔ]ʃtatu	kri[u]ʃtatu	0
criotecnia	kriɔtɛkniɐ	kriutɛkniɐ	kri[ɔ]tɛkniɐ	kri[u]tɛkniɐ	0
criotécnico	krjɔtɛkniku	kriutɛkniku	krj[ɔ]tɛkniku	kri[u]tɛkniku	0
crioterapia	kriɔtɨrɐpiɐ	kriuterɐpiɐ	kri[ɔ]t[ɨ]rɐpiɐ	kri[u]t[e]rɐpiɐ	0
crioterápico	kriɔtɨrapiku	kriutɨrapiku	kri[ɔ]tɨrapiku	kri[u]tɨrapiku	0
criotrão	krjɔtrɐ̃w̃	kriutrɐ̃w̃	krj[ɔ]trɐ̃w̃	kri[u]trɐ̃w̃	0
criotron	kriɔtrɔn	kriutrõm	kri[ɔ]trɔn[]	kri[u]trõ[m]	0
críotron	kriɔtrɔn	kriutrõm	kri[ɔ]trɔn[]	kri[u]trõ[m]	0
criptoanalisador	kriptɔɐnɐlizɐdor	kriptuɐnɐlizɐdor	kript[ɔ]ɐnɐlizɐdor	kript[u]ɐnɐlizɐdor	0
criptoanalisar	kriptɔɐnɐlizar	kriptuɐnɐlizar	kript[ɔ]ɐnɐlizar	kript[u]ɐnɐlizar	0
criptoanalisável	kriptɔɐnɐlizavɛɫ	kriptuɐnɐlizavɛɫ	kript[ɔ]ɐnɐlizavɛɫ	kript[u]ɐnɐlizavɛɫ	0
criptoanálise	kriptɔɐnalizɨ	kriptuɐnalizɨ	kript[ɔ]ɐnalizɨ	kript[u]ɐnalizɨ	0
criptoanalista	kriptɔɐnɐliʃtɐ	kriptuɐnɐliʃtɐ	kript[ɔ]ɐnɐliʃtɐ	kript[u]ɐnɐliʃtɐ	0
criptoanalítico	kriptɔɐnɐlitiku	kriptuɐnɐlitiku	kript[ɔ]ɐnɐlitiku	kript[u]ɐnɐlitiku	0
criptobrânquio	kriptɔbrɐ̃kju	kriptubrɐ̃nkiw	kript[ɔ]brɐ̃[]kj[u]	kript[u]brɐ̃[n]ki[w]	0
criptocarpo	kriptɔkarpu	kriptukarpu	kript[ɔ]karpu	kript[u]karpu	0
criptocefalia	kriptɔsɨfɐliɐ	kriptusefɐliɐ	kript[ɔ]s[ɨ]fɐliɐ	kript[u]s[e]fɐliɐ	0
criptocéfalo	kriptɔsɛfɐlu	kriptusɛfɐlu	kript[ɔ]sɛfɐlu	kript[u]sɛfɐlu	0
criptocristalino	kriptɔkriʃtɐlinu	kriptukriʃtɐlinu	kript[ɔ]kriʃtɐlinu	kript[u]kriʃtɐlinu	0
criptogamia	kriptɔɡɐmiɐ	kriptuɡɐmiɐ	kript[ɔ]ɡɐmiɐ	kript[u]ɡɐmiɐ	0
criptogâmicas	kriptɔɡɐmikɐʃ	kriptuɡɐ̃mikɐʃ	kript[ɔ]ɡɐ[]mikɐʃ	kript[u]ɡɐ[̃]mikɐʃ	0
criptogâmico	kriptɔɡɐmiku	kriptuɡɐ̃miku	kript[ɔ]ɡɐ[]miku	kript[u]ɡɐ[̃]miku	0
criptogênese	kriptɔʒenɨzɨ	kriptuʒenɨzɨ	kript[ɔ]ʒenɨzɨ	kript[u]ʒenɨzɨ	0
criptogénese	kriptɔʒɛnɨzɨ	kriptuʒɛnɨzɨ	kript[ɔ]ʒɛnɨzɨ	kript[u]ʒɛnɨzɨ	0
criptogenético	kriptɔʒɨnɛtiku	kriptuʒɨnɛtiku	kript[ɔ]ʒɨnɛtiku	kript[u]ʒɨnɛtiku	0
criptografia	kriptɔɡrɐfiɐ	kriptuɡrɐfiɐ	kript[ɔ]ɡrɐfiɐ	kript[u]ɡrɐfiɐ	0
criptográfico	kriptɔɡrafiku	kriptuɡrafiku	kript[ɔ]ɡrafiku	kript[u]ɡrafiku	0
criptograma	kriptɔɡrɐmɐ	kriptuɡrɐ̃mɐ	kript[ɔ]ɡrɐ[]mɐ	kript[u]ɡrɐ[̃]mɐ	0
criptogramista	kriptɔɡrɐmiʃtɐ	kriptuɡrɐmiʃtɐ	kript[ɔ]ɡrɐmiʃtɐ	kript[u]ɡrɐmiʃtɐ	0
criptonímia	kriptɔnimjɐ	kriptunimjɐ	kript[ɔ]nimjɐ	kript[u]nimjɐ	0
criptorquia	kriptɔrkiɐ	kripturkiɐ	kript[ɔ]rkiɐ	kript[u]rkiɐ	0
criptorquidia	kriptɔrkidiɐ	kripturkidiɐ	kript[ɔ]rkidiɐ	kript[u]rkidiɐ	0
criptozoico	kriptɔzɔjku	kriptuzɔjku	kript[ɔ]zɔjku	kript[u]zɔjku	0
criptozóico	kriptɔzɔjku	kriptuzɔjku	kript[ɔ]zɔjku	kript[u]zɔjku	0
crisoberilo	krizɔbɨrilu	krizubɨrilu	kriz[ɔ]bɨrilu	kriz[u]bɨrilu	0
crisocarpo	krizɔkarpu	krizukarpu	kriz[ɔ]karpu	kriz[u]karpu	0
crisocéfalo	krizɔsɛfɐlu	krizusɛfɐlu	kriz[ɔ]sɛfɐlu	kriz[u]sɛfɐlu	0
crisofilia	krizɔfiliɐ	krizufiliɐ	kriz[ɔ]filiɐ	kriz[u]filiɐ	0
crisofilo	krizɔfilu	krizufilu	kriz[ɔ]filu	kriz[u]filu	0
crisofobia	krizɔfubiɐ	krizufubiɐ	kriz[ɔ]fubiɐ	kriz[u]fubiɐ	0
crisografia	krizɔɡrɐfiɐ	krizuɡrɐfiɐ	kriz[ɔ]ɡrɐfiɐ	kriz[u]ɡrɐfiɐ	0
crisoprásio	krizɔprazju	krizuprazju	kriz[ɔ]prazju	kriz[u]prazju	0
crisoterapia	krizɔtɨrɐpiɐ	krizuterɐpiɐ	kriz[ɔ]t[ɨ]rɐpiɐ	kriz[u]t[e]rɐpiɐ	0
crisoterápico	krizɔtɨrapiku	krizutɨrapiku	kriz[ɔ]tɨrapiku	kriz[u]tɨrapiku	0
cristalofílico	kriʃtɐlɔfiliku	kriʃtɐlufiliku	kriʃtɐl[ɔ]filiku	kriʃtɐl[u]filiku	0
cristalofobia	kriʃtɐlɔfubiɐ	kriʃtɐlufubiɐ	kriʃtɐl[ɔ]fubiɐ	kriʃtɐl[u]fubiɐ	0
cristalometria	kriʃtɐlɔmɨtriɐ	kriʃtɐlumɨtriɐ	kriʃtɐl[ɔ]mɨtriɐ	kriʃtɐl[u]mɨtriɐ	0
cristalotomia	kriʃtɐlɔtumiɐ	kriʃtɐlutumiɐ	kriʃtɐl[ɔ]tumiɐ	kriʃtɐl[u]tumiɐ	0
crocante	krɔkɐ̃tɨ	krukɐ̃ntɨ	kr[ɔ]kɐ̃[]tɨ	kr[u]kɐ̃[n]tɨ	0
crochê	krɔʃe	kruʃe	kr[ɔ]ʃe	kr[u]ʃe	0
croché	krɔʃɛ	kruʃɛ	kr[ɔ]ʃɛ	kr[u]ʃɛ	0
cromado	krɔmadu	krumadu	kr[ɔ]madu	kr[u]madu	0
cromagem	krɔmaʒɐ̃j̃	krumaʒɐjn	kr[ɔ]maʒɐ[̃]j[̃]	kr[u]maʒɐ[]j[n]	0
cromar	krɔmar	krumar	kr[ɔ]mar	kr[u]mar	0
cromática	krɔmatikɐ	krumatikɐ	kr[ɔ]matikɐ	kr[u]matikɐ	0
cromático	krɔmatiku	krumatiku	kr[ɔ]matiku	kr[u]matiku	0
cromatídico	krɔmɐtidiku	krumɐtidiku	kr[ɔ]mɐtidiku	kr[u]mɐtidiku	0
cromatídio	krɔmɐtidju	krumɐtidju	kr[ɔ]mɐtidju	kr[u]mɐtidju	0
cromatina	krɔmɐtinɐ	krumɐtinɐ	kr[ɔ]mɐtinɐ	kr[u]mɐtinɐ	0
cromatoblasto	krɔmɐtɔblaʃtu	krumɐtublaʃtu	kr[ɔ]mɐt[ɔ]blaʃtu	kr[u]mɐt[u]blaʃtu	0
cromatócito	krɔmɐtɔsitu	krumɐtɔsitu	kr[ɔ]mɐtɔsitu	kr[u]mɐtɔsitu	0
cromatóforo	krɔmɐtɔfuru	krumɐtɔfuru	kr[ɔ]mɐtɔfuru	kr[u]mɐtɔfuru	0
cromatografia	krɔmɐtuɡrɐfiɐ	krumɐtuɡrɐfiɐ	kr[ɔ]mɐtuɡrɐfiɐ	kr[u]mɐtuɡrɐfiɐ	0
cromatográfico	krɔmɐtuɡrafiku	krumɐtuɡrafiku	kr[ɔ]mɐtuɡrafiku	kr[u]mɐtuɡrafiku	0
cromato	krɔmatu	krumatu	kr[ɔ]matu	kr[u]matu	0
cromatólise	krɔmɐtɔlizɨ	krumɐtɔlizɨ	kr[ɔ]mɐtɔlizɨ	kr[u]mɐtɔlizɨ	0
cromatopsia	krɔmɐtɔpsiɐ	krumɐtupsiɐ	kr[ɔ]mɐt[ɔ]psiɐ	kr[u]mɐt[u]psiɐ	0
cromatoscopia	krɔmɐtuʃkupiɐ	krumɐtuʃkupiɐ	kr[ɔ]mɐtuʃkupiɐ	kr[u]mɐtuʃkupiɐ	0
cromatoscópio	krɔmɐtɔʃkɔpju	krumɐtuʃkɔpju	kr[ɔ]mɐt[ɔ]ʃkɔpju	kr[u]mɐt[u]ʃkɔpju	0
cromeleque	krɔmɨlɛkɨ	krumɨlɛkɨ	kr[ɔ]mɨlɛkɨ	kr[u]mɨlɛkɨ	0
cromel	krɔmɛɫ	krumɛɫ	kr[ɔ]mɛɫ	kr[u]mɛɫ	0
cromita	krɔmitɐ	krumitɐ	kr[ɔ]mitɐ	kr[u]mitɐ	0
cromite	krɔmitɨ	krumitɨ	kr[ɔ]mitɨ	kr[u]mitɨ	0
cromoblasto	krɔmɔblaʃtu	krumublaʃtu	kr[ɔ]m[ɔ]blaʃtu	kr[u]m[u]blaʃtu	0
cromofilia	krɔmɔfiliɐ	krumufiliɐ	kr[ɔ]m[ɔ]filiɐ	kr[u]m[u]filiɐ	0
cromofobia	krɔmɔfubiɐ	krumufubiɐ	kr[ɔ]m[ɔ]fubiɐ	kr[u]m[u]fubiɐ	0
cromofotografia	krɔmɔfutuɡrɐfiɐ	krumufutuɡrɐfiɐ	kr[ɔ]m[ɔ]futuɡrɐfiɐ	kr[u]m[u]futuɡrɐfiɐ	0
cromogêneo	krɔmɔʒenju	krumuʒeniw	kr[ɔ]m[ɔ]ʒenj[u]	kr[u]m[u]ʒeni[w]	0
cromogéneo	krɔmɔʒɛnju	krumuʒɛniw	kr[ɔ]m[ɔ]ʒɛnj[u]	kr[u]m[u]ʒɛni[w]	0
cromoleucito	krɔmɔlewsitu	krumulewsitu	kr[ɔ]m[ɔ]lewsitu	kr[u]m[u]lewsitu	0
cromolitografia	krɔmɔlituɡrɐfiɐ	krumulituɡrɐfiɐ	kr[ɔ]m[ɔ]lituɡrɐfiɐ	kr[u]m[u]lituɡrɐfiɐ	0
cromolitográfico	krɔmɔlituɡrafiku	krumulituɡrafiku	kr[ɔ]m[ɔ]lituɡrafiku	kr[u]m[u]lituɡrafiku	0
cromonema	krɔmɔnemɐ	krumunemɐ	kr[ɔ]m[ɔ]nemɐ	kr[u]m[u]nemɐ	0
cromoníquel	krɔmɔnikɛɫ	krumunikɨɫ	kr[ɔ]m[ɔ]nik[ɛ]ɫ	kr[u]m[u]nik[ɨ]ɫ	0
cromoplasta	krɔmɔplaʃtɐ	krumuplaʃtɐ	kr[ɔ]m[ɔ]plaʃtɐ	kr[u]m[u]plaʃtɐ	0
cromoplastídio	krɔmɔplɐʃtidju	krumuplɐʃtidju	kr[ɔ]m[ɔ]plɐʃtidju	kr[u]m[u]plɐʃtidju	0
cromoproteína	krɔmɔprɔtɐinɐ	krumuprutɨinɐ	kr[ɔ]m[ɔ]pr[ɔ]t[ɐ]inɐ	kr[u]m[u]pr[u]t[ɨ]inɐ	0
cromosfera	krɔmɔʃfɛrɐ	krumuʃfɛrɐ	kr[ɔ]m[ɔ]ʃfɛrɐ	kr[u]m[u]ʃfɛrɐ	0
cromosférico	krɔmɔʃfɛriku	krumuʃfɛriku	kr[ɔ]m[ɔ]ʃfɛriku	kr[u]m[u]ʃfɛriku	0
cromossoma	krɔmɔsomɐ	krumusomɐ	kr[ɔ]m[ɔ]somɐ	kr[u]m[u]somɐ	0
cromossomático	krɔmɔsumatiku	krumusumatiku	kr[ɔ]m[ɔ]sumatiku	kr[u]m[u]sumatiku	0
cromossômico	krɔmɔsomiku	krumusomiku	kr[ɔ]m[ɔ]somiku	kr[u]m[u]somiku	0
cromossómico	krɔmɔsɔmiku	krumusɔmiku	kr[ɔ]m[ɔ]sɔmiku	kr[u]m[u]sɔmiku	0
cromossomo	krɔmɔsomu	krumusomu	kr[ɔ]m[ɔ]somu	kr[u]m[u]somu	0
cromoterapia	krɔmɔtɨrɐpiɐ	krumuterɐpiɐ	kr[ɔ]m[ɔ]t[ɨ]rɐpiɐ	kr[u]m[u]t[e]rɐpiɐ	0
cromoterápico	krɔmɔtɨrapiku	krumutɨrapiku	kr[ɔ]m[ɔ]tɨrapiku	kr[u]m[u]tɨrapiku	0
cromotipia	krɔmɔtipiɐ	krumutipiɐ	kr[ɔ]m[ɔ]tipiɐ	kr[u]m[u]tipiɐ	0
cromotípico	krɔmɔtipiku	krumutipiku	kr[ɔ]m[ɔ]tipiku	kr[u]m[u]tipiku	0
cromotipografia	krɔmɔtipuɡrɐfiɐ	krumutipuɡrɐfiɐ	kr[ɔ]m[ɔ]tipuɡrɐfiɐ	kr[u]m[u]tipuɡrɐfiɐ	0
cromotipográfico	krɔmɔtipuɡrafiku	krumutipuɡrafiku	kr[ɔ]m[ɔ]tipuɡrafiku	kr[u]m[u]tipuɡrafiku	0
crônico-degenerativo	kronikɔdɨʒɨnɨrɐtivu	kronikudɨʒɨnerɐtivu	kronik[ɔ]dɨʒɨn[ɨ]rɐtivu	kronik[u]dɨʒɨn[e]rɐtivu	0
crónico-degenerativo	krɔnikɔdɨʒɨnɨrɐtivu	krɔnikudɨʒɨnerɐtivu	krɔnik[ɔ]dɨʒɨn[ɨ]rɐtivu	krɔnik[u]dɨʒɨn[e]rɐtivu	0
cronofotografia	krɔnɔfutuɡrɐfiɐ	krunufutuɡrɐfiɐ	kr[ɔ]n[ɔ]futuɡrɐfiɐ	kr[u]n[u]futuɡrɐfiɐ	0
cronofotográfico	krɔnɔfutuɡrafiku	krunufutuɡrafiku	kr[ɔ]n[ɔ]futuɡrafiku	kr[u]n[u]futuɡrafiku	0
cronofotógrafo	krɔnɔfutɔɡrɐfu	krunufutɔɡrɐfu	kr[ɔ]n[ɔ]futɔɡrɐfu	kr[u]n[u]futɔɡrɐfu	0
cronograma	krɔnɔɡrɐmɐ	krunuɡrɐ̃mɐ	kr[ɔ]n[ɔ]ɡrɐ[]mɐ	kr[u]n[u]ɡrɐ[̃]mɐ	0
cronostratigrafia	krɔnɔʃtrɐtiɡrɐfiɐ	krunuʃtrɐtiɡrɐfiɐ	kr[ɔ]n[ɔ]ʃtrɐtiɡrɐfiɐ	kr[u]n[u]ʃtrɐtiɡrɐfiɐ	0
cronostratigráfico	krɔnɔʃtrɐtiɡrafiku	krunuʃtrɐtiɡrafiku	kr[ɔ]n[ɔ]ʃtrɐtiɡrafiku	kr[u]n[u]ʃtrɐtiɡrafiku	0
cronozona	krɔnɔzonɐ	krunuzonɐ	kr[ɔ]n[ɔ]zonɐ	kr[u]n[u]zonɐ	0
croquete	krɔkɛtɨ	krukɛtɨ	kr[ɔ]kɛtɨ	kr[u]kɛtɨ	0
croquet	krɔke	krukɛt	kr[ɔ]ke[]	kr[u]kɛ[t]	0
croqui	krɔki	kruki	kr[ɔ]ki	kr[u]ki	0
crossopterígio	krɔsɔptɨriʒju	krusuptɨriʒju	kr[ɔ]s[ɔ]ptɨriʒju	kr[u]s[u]ptɨriʒju	0
crossopterígios	krɔsɔptɨriʒjuʃ	krusuptɨriʒɪuʃ	kr[ɔ]s[ɔ]ptɨriʒ[j]uʃ	kr[u]s[u]ptɨriʒ[ɪ]uʃ	0
cubitorradial	kubitɔʀadjaɫ	kubituʀɐdiaɫ	kubit[ɔ]ʀ[a]d[j]aɫ	kubit[u]ʀ[ɐ]d[i]aɫ	0
cubomancia	kubɔmɐ̃siɐ	kubumɐ̃nsiɐ	kub[ɔ]mɐ̃[]siɐ	kub[u]mɐ̃[n]siɐ	0
cubomania	kubɔmɐniɐ	kubumɐniɐ	kub[ɔ]mɐniɐ	kub[u]mɐniɐ	0
cubomante	kubɔmɐ̃tɨ	kubumɐ̃ntɨ	kub[ɔ]mɐ̃[]tɨ	kub[u]mɐ̃[n]tɨ	0
cultomania	kuɫtɔmɐniɐ	kuɫtumɐniɐ	kuɫt[ɔ]mɐniɐ	kuɫt[u]mɐniɐ	0
cuproníquel	kuprɔnikɛɫ	kuprunikɨɫ	kupr[ɔ]nik[ɛ]ɫ	kupr[u]nik[ɨ]ɫ	0
dacrioblenorreia	dɐkrjɔblɨnuʀɐjɐ	dɐkriublɨnuʀɛjɐ	dɐkrj[ɔ]blɨnuʀ[ɐ]jɐ	dɐkri[u]blɨnuʀ[ɛ]jɐ	0
dacrioblenorréia	dɐkrjɔblɨnuʀɐjɐ	dɐkriublɨnuʀɛjɐ	dɐkrj[ɔ]blɨnuʀ[ɐ]jɐ	dɐkri[u]blɨnuʀ[ɛ]jɐ	0
dacriocistalgia	dɐkrjɔsiʃtaɫʒiɐ	dɐkriusiʃtaɫʒiɐ	dɐkrj[ɔ]siʃtaɫʒiɐ	dɐkri[u]siʃtaɫʒiɐ	0
dacriocistectomia	dɐkrjɔsiʃtɛktumiɐ	dɐkriusiʃtɛtumiɐ	dɐkrj[ɔ]siʃtɛ[k]tumiɐ	dɐkri[u]siʃtɛ[]tumiɐ	0
dacriocistite	dɐkrjɔsiʃtitɨ	dɐkriusiʃtitɨ	dɐkrj[ɔ]siʃtitɨ	dɐkri[u]siʃtitɨ	0
daguerreotipado	dɐɡɨʀjɔtipadu	dɐɡɨʀiutipadu	dɐɡɨʀj[ɔ]tipadu	dɐɡɨʀi[u]tipadu	0
daguerreotipar	dɐɡɨʀjɔtipar	dɐɡɨʀiutipar	dɐɡɨʀj[ɔ]tipar	dɐɡɨʀi[u]tipar	0
daguerreotipia	dɐɡɨʀjɔtipiɐ	dɐɡɨʀiutipiɐ	dɐɡɨʀj[ɔ]tipiɐ	dɐɡɨʀi[u]tipiɐ	0
daomeano	daɔmjɐnu	dɐumiɐ̃nu	da[ɔ]m[j]ɐ[]nu	dɐ[u]m[i]ɐ[̃]nu	0
datiliomancia	dɐtiljɔmɐ̃siɐ	dɐtiliumɐ̃nsiɐ	dɐtilj[ɔ]mɐ̃[]siɐ	dɐtili[u]mɐ̃[n]siɐ	0
datilioteca	dɐtiljɔtɛkɐ	dɐtiliutɛkɐ	dɐtilj[ɔ]tɛkɐ	dɐtili[u]tɛkɐ	0
datilomancia	dɐtilɔmɐ̃siɐ	dɐtilumɐ̃nsiɐ	dɐtil[ɔ]mɐ̃[]siɐ	dɐtil[u]mɐ̃[n]siɐ	0
datiloscopia	dɐtilɔʃkupiɐ	dɐtiluʃkupiɐ	dɐtil[ɔ]ʃkupiɐ	dɐtil[u]ʃkupiɐ	0
datilozoário	dɐtilɔzwarju	dɐtiluzuarju	dɐtil[ɔ]z[w]arju	dɐtil[u]z[u]arju	0
debochado	dɨbɔʃadu	dɨbuʃadu	dɨb[ɔ]ʃadu	dɨb[u]ʃadu	0
debochar	dɨbɔʃar	dɨbuʃar	dɨb[ɔ]ʃar	dɨb[u]ʃar	0
decalcomania	dɨkaɫkɔmɐniɐ	dɨkaɫkumɐniɐ	dɨkaɫk[ɔ]mɐniɐ	dɨkaɫk[u]mɐniɐ	0
decinormal	dɨsinɔrmaɫ	dɨsinurmaɫ	dɨsin[ɔ]rmaɫ	dɨsin[u]rmaɫ	0
decoreba	dɨkɔrebɐ	dɨkurɛbɐ	dɨk[ɔ]r[e]bɐ	dɨk[u]r[ɛ]bɐ	0
delicodoce	dɨlikɔdosɨ	dɨlikudɔsɨ	dɨlik[ɔ]d[o]sɨ	dɨlik[u]d[ɔ]sɨ	0
demofilia	dɨmɔfiliɐ	dɨmufiliɐ	dɨm[ɔ]filiɐ	dɨm[u]filiɐ	0
demonifúgio	dɨmɔnifuʒju	dɨmunifuʒju	dɨm[ɔ]nifuʒju	dɨm[u]nifuʒju	0
demoniomaníaco	dɨmɔnjɔmɐniɐku	dɨmuniumɐniɐku	dɨm[ɔ]nj[ɔ]mɐniɐku	dɨm[u]ni[u]mɐniɐku	0
demoniomania	dɨmɔnjɔmɐniɐ	dɨmuniumɐniɐ	dɨm[ɔ]nj[ɔ]mɐniɐ	dɨm[u]ni[u]mɐniɐ	0
demonomancia	dɨmɔnɔmɐ̃siɐ	dɨmunumɐ̃nsiɐ	dɨm[ɔ]n[ɔ]mɐ̃[]siɐ	dɨm[u]n[u]mɐ̃[n]siɐ	0
demonomaníaco	dɨmɔnɔmɐniɐku	dɨmunumɐniɐku	dɨm[ɔ]n[ɔ]mɐniɐku	dɨm[u]n[u]mɐniɐku	0
demonomania	dɨmɔnɔmɐniɐ	dɨmunumɐniɐ	dɨm[ɔ]n[ɔ]mɐniɐ	dɨm[u]n[u]mɐniɐ	0
demonopata	dɨmɔnɔpatɐ	dɨmunupatɐ	dɨm[ɔ]n[ɔ]patɐ	dɨm[u]n[u]patɐ	0
demonopatia	dɨmɔnɔpɐtiɐ	dɨmunupɐtiɐ	dɨm[ɔ]n[ɔ]pɐtiɐ	dɨm[u]n[u]pɐtiɐ	0
deodáctilo	diɔdaktilu	diudatilu	di[ɔ]da[k]tilu	di[u]da[]tilu	0
deoperculado	diɔpɨrkuladu	diuperkuladu	di[ɔ]p[ɨ]rkuladu	di[u]p[e]rkuladu	0
depenomania	dɨpɨnɔmɐniɐ	dɨpɨnumɐniɐ	dɨpɨn[ɔ]mɐniɐ	dɨpɨn[u]mɐniɐ	0
desaproximar	dɨzɐprɔsimar	dɨzɐprusimar	dɨzɐpr[ɔ]simar	dɨzɐpr[u]simar	0
descarboxilação	dɨʃkɐrbɔksilɐsɐ̃w̃	dɨʃkɐrbuksilɐsɐ̃w̃	dɨʃkɐrb[ɔ]ksilɐsɐ̃w̃	dɨʃkɐrb[u]ksilɐsɐ̃w̃	0
descarboxilar	dɨʃkɐrbɔksilar	dɨʃkɐrbuksilar	dɨʃkɐrb[ɔ]ksilar	dɨʃkɐrb[u]ksilar	0
descarboxílase	dɨʃkɐrbɔksilɐzɨ	dɨʃkɐrbuksilɐzɨ	dɨʃkɐrb[ɔ]ksilɐzɨ	dɨʃkɐrb[u]ksilɐzɨ	0
descofrar	dɨʃkɔfrar	dɨʃkufrar	dɨʃk[ɔ]frar	dɨʃk[u]frar	0
descorante	dɨʃkɔrɐ̃tɨ	dɨʃkurɐ̃ntɨ	dɨʃk[ɔ]rɐ̃[]tɨ	dɨʃk[u]rɐ̃[n]tɨ	0
desidrogenação	dɨzidrɔʒɨnɐsɐ̃w̃	dɨzidruʒɨnɐsɐ̃w̃	dɨzidr[ɔ]ʒɨnɐsɐ̃w̃	dɨzidr[u]ʒɨnɐsɐ̃w̃	0
desidrogenar	dɨzidrɔʒɨnar	dɨzidruʒɨnar	dɨzidr[ɔ]ʒɨnar	dɨzidr[u]ʒɨnar	0
desidrogenase	dɨzidrɔʒɨnazɨ	dɨzidruʒɨnazɨ	dɨzidr[ɔ]ʒɨnazɨ	dɨzidr[u]ʒɨnazɨ	0
desnocar	dɨʒnɔkar	dɨʒnukar	dɨʒn[ɔ]kar	dɨʒn[u]kar	0
desnorteado	dɨʒnɔrtjadu	dɨʒnurtiadu	dɨʒn[ɔ]rt[j]adu	dɨʒn[u]rt[i]adu	0
desnorteador	dɨʒnɔrtjɐdor	dɨʒnurtiɐdor	dɨʒn[ɔ]rt[j]ɐdor	dɨʒn[u]rt[i]ɐdor	0
desnorteamento	dɨʒnɔrtjɐmẽtu	dɨʒnurtiɐmẽntu	dɨʒn[ɔ]rt[j]ɐmẽtu[]	dɨʒn[u]rt[i]ɐmẽnt[u]	0
desnorteante	dɨʒnɔrtjɐ̃tɨ	dɨʒnurtiɐ̃ntɨ	dɨʒn[ɔ]rt[j]ɐ̃[]tɨ	dɨʒn[u]rt[i]ɐ̃[n]tɨ	0
desnortear	dɨʒnɔrtjar	dɨʒnurtiar	dɨʒn[ɔ]rt[j]ar	dɨʒn[u]rt[i]ar	0
desobedecer	dɨzɔbɨdɨser	dɨzubedɨser	dɨz[ɔ]b[ɨ]dɨser	dɨz[u]b[e]dɨser	0
desobediência	dɨzɔbɨdjẽsjɐ	dɨzubɨdjẽnsjɐ	dɨz[ɔ]bɨdjẽsjɐ[]	dɨz[u]bɨdjẽnsj[ɐ]	0
desobediente	dɨzɔbɨdjẽtɨ	dɨzubediẽntɨ	dɨz[ɔ]b[ɨ]djẽtɨ[]	dɨz[u]b[e]diẽnt[ɨ]	0
desobrigação	dɨzɔbriɡɐsɐ̃w̃	dɨzubriɡɐsɐ̃w̃	dɨz[ɔ]briɡɐsɐ̃w̃	dɨz[u]briɡɐsɐ̃w̃	0
desobrigar	dɨzɔbriɡar	dɨzubriɡar	dɨz[ɔ]briɡar	dɨz[u]briɡar	0
desobrigatório	dɨzɔbriɡɐtɔrju	dɨzubriɡɐtɔrju	dɨz[ɔ]briɡɐtɔrju	dɨz[u]briɡɐtɔrju	0
desobscurecer	dɨzɔbʃkurɨser	dɨzubʃkurɨser	dɨz[ɔ]bʃkurɨser	dɨz[u]bʃkurɨser	0
desobsequioso	dɨzɔbzɨkjozu	dɨzubsekiozu	dɨz[ɔ]bz[ɨ]k[j]ozu	dɨz[u]bs[e]k[i]ozu	0
desobstinado	dɨzɔbʃtinadu	dɨzubʃtinadu	dɨz[ɔ]bʃtinadu	dɨz[u]bʃtinadu	0
desobstrução	dɨzɔbʃtrusɐ̃w̃	dɨzubʃtrusɐ̃w̃	dɨz[ɔ]bʃtrusɐ̃w̃	dɨz[u]bʃtrusɐ̃w̃	0
desobstruente	dɨzɔbʃtrwẽtɨ	dɨzubʃtruẽntɨ	dɨz[ɔ]bʃtrwẽtɨ[]	dɨz[u]bʃtruẽnt[ɨ]	0
desobstruir	dɨzɔbʃtruir	dɨzubʃtruir	dɨz[ɔ]bʃtruir	dɨz[u]bʃtruir	0
desobstrutivo	dɨzɔbʃtrutivu	dɨzubʃtrutivu	dɨz[ɔ]bʃtrutivu	dɨz[u]bʃtrutivu	0
desocasionado	dɨzɔkɐzjunadu	dɨzukɐzjunadu	dɨz[ɔ]kɐzjunadu	dɨz[u]kɐzjunadu	0
desocupação	dɨzɔkupɐsɐ̃w̃	dɨzukupɐsɐ̃w̃	dɨz[ɔ]kupɐsɐ̃w̃	dɨz[u]kupɐsɐ̃w̃	0
desocupado	dɨzɔkupadu	dɨzukupadu	dɨz[ɔ]kupadu	dɨz[u]kupadu	0
desocupar	dɨzɔkupar	dɨzukupar	dɨz[ɔ]kupar	dɨz[u]kupar	0
desodorante	dɨzɔdurɐ̃tɨ	dɨzudurɐ̃ntɨ	dɨz[ɔ]durɐ̃[]tɨ	dɨz[u]durɐ̃[n]tɨ	0
desodorização	dɨzɔdurizɐsɐ̃w̃	dɨzudurizɐsɐ̃w̃	dɨz[ɔ]durizɐsɐ̃w̃	dɨz[u]durizɐsɐ̃w̃	0
desodorizante	dɨzɔdurizɐ̃tɨ	dɨzudurizɐ̃ntɨ	dɨz[ɔ]durizɐ̃[]tɨ	dɨz[u]durizɐ̃[n]tɨ	0
desodorizar	dɨzɔdurizar	dɨzudurizar	dɨz[ɔ]durizar	dɨz[u]durizar	0
desoficialização	dɨzɔfisjɐlizɐsɐ̃w̃	dɨzufisiɐlizɐsɐ̃w̃	dɨz[ɔ]fis[j]ɐlizɐsɐ̃w̃	dɨz[u]fis[i]ɐlizɐsɐ̃w̃	0
desoficializar	dɨzɔfisjɐlizar	dɨzufisiɐlizar	dɨz[ɔ]fis[j]ɐlizar	dɨz[u]fis[i]ɐlizar	0
desofuscar	dɨzɔfuʃkar	dɨzufuʃkar	dɨz[ɔ]fuʃkar	dɨz[u]fuʃkar	0
desoleificar	dɨzɔlɐjfikar	dɨzulɐjfikar	dɨz[ɔ]lɐjfikar	dɨz[u]lɐjfikar	0
desolhado	dɨzɔʎadu	dɨzuʎadu	dɨz[ɔ]ʎadu	dɨz[u]ʎadu	0
desolhar	dɨzɔʎar	dɨzuʎar	dɨz[ɔ]ʎar	dɨz[u]ʎar	0
desoneração	dɨzɔnɨrɐsɐ̃w̃	dɨzunerɐsɐ̃w̃	dɨz[ɔ]n[ɨ]rɐsɐ̃w̃	dɨz[u]n[e]rɐsɐ̃w̃	0
desonerar	dɨzɔnɨrar	dɨzunɨrar	dɨz[ɔ]nɨrar	dɨz[u]nɨrar	0
desopilação	dɨzɔpilɐsɐ̃w̃	dɨzupilɐsɐ̃w̃	dɨz[ɔ]pilɐsɐ̃w̃	dɨz[u]pilɐsɐ̃w̃	0
desopilante	dɨzɔpilɐ̃tɨ	dɨzupilɐ̃ntɨ	dɨz[ɔ]pilɐ̃[]tɨ	dɨz[u]pilɐ̃[n]tɨ	0
desopilar	dɨzɔpilar	dɨzupilar	dɨz[ɔ]pilar	dɨz[u]pilar	0
desopilativo	dɨzɔpilɐtivu	dɨzupilɐtivu	dɨz[ɔ]pilɐtivu	dɨz[u]pilɐtivu	0
desopressão	dɨzɔprɨsɐ̃w̃	dɨzuprɨsɐ̃w̃	dɨz[ɔ]prɨsɐ̃w̃	dɨz[u]prɨsɐ̃w̃	0
desopressor	dɨzɔprɨsor	dɨzuprɨsor	dɨz[ɔ]prɨsor	dɨz[u]prɨsor	0
desoprimir	dɨzɔprimir	dɨzuprimir	dɨz[ɔ]primir	dɨz[u]primir	0
desorbitar	dɨzɔrbitar	dɨzurbitar	dɨz[ɔ]rbitar	dɨz[u]rbitar	0
desordenação	dɨzɔrdɨnɐsɐ̃w̃	dɨzurdɨnɐsɐ̃w̃	dɨz[ɔ]rdɨnɐsɐ̃w̃	dɨz[u]rdɨnɐsɐ̃w̃	0
desordenadamente	dɨzɔrdɨnadɐmẽtɨ	dɨzurdenɐdɐmẽntɨ	dɨz[ɔ]rd[ɨ]n[a]dɐmẽtɨ[]	dɨz[u]rd[e]n[ɐ]dɐmẽnt[ɨ]	0
desordenado	dɨzɔrdɨnadu	dɨzurdɨnadu	dɨz[ɔ]rdɨnadu	dɨz[u]rdɨnadu	0
desordenador	dɨzɔrdɨnɐdor	dɨzurdɨnɐdor	dɨz[ɔ]rdɨnɐdor	dɨz[u]rdɨnɐdor	0
desordenar	dɨzɔrdɨnar	dɨzurdɨnar	dɨz[ɔ]rdɨnar	dɨz[u]rdɨnar	0
desorganização	dɨzɔrɡɐnizɐsɐ̃w̃	dɨzurɡɐnizɐsɐ̃w̃	dɨz[ɔ]rɡɐnizɐsɐ̃w̃	dɨz[u]rɡɐnizɐsɐ̃w̃	0
desorganizadamente	dɨzɔrɡɐnizadɐmẽtɨ	dɨzurɡɐnizɐdɐmẽntɨ	dɨz[ɔ]rɡɐniz[a]dɐmẽtɨ[]	dɨz[u]rɡɐniz[ɐ]dɐmẽnt[ɨ]	0
desorganizado	dɨzɔrɡɐnizadu	dɨzurɡɐnizadu	dɨz[ɔ]rɡɐnizadu	dɨz[u]rɡɐnizadu	0
desorganizador	dɨzɔrɡɐnizɐdor	dɨzurɡɐnizɐdor	dɨz[ɔ]rɡɐnizɐdor	dɨz[u]rɡɐnizɐdor	0
desorganizar	dɨzɔrɡɐnizar	dɨzurɡɐnizar	dɨz[ɔ]rɡɐnizar	dɨz[u]rɡɐnizar	0
desorientação	dɨzɔrjẽtɐsɐ̃w̃	dɨzuriẽntɐsɐ̃w̃	dɨz[ɔ]rjẽtɐ[s]ɐ̃[w]̃[]	dɨz[u]riẽn[t]ɐs[ɐ]̃w[̃]	0
desorientado	dɨzɔrjẽtadu	dɨzuriẽntadu	dɨz[ɔ]rjẽtadu[]	dɨz[u]riẽntad[u]	0
desorientador	dɨzɔrjẽtɐdor	dɨzuriẽntɐdor	dɨz[ɔ]rjẽtɐdor[]	dɨz[u]riẽntɐdo[r]	0
desorientar	dɨzɔrjẽtar	dɨzuriẽntar	dɨz[ɔ]rjẽtar[]	dɨz[u]riẽnta[r]	0
desornado	dɨzɔrnadu	dɨzurnadu	dɨz[ɔ]rnadu	dɨz[u]rnadu	0
desornar	dɨzɔrnar	dɨzurnar	dɨz[ɔ]rnar	dɨz[u]rnar	0
desorvalhado	dɨzɔrvɐʎadu	dɨzurvɐʎadu	dɨz[ɔ]rvɐʎadu	dɨz[u]rvɐʎadu	0
desossado	dɨzɔsadu	dɨzusadu	dɨz[ɔ]sadu	dɨz[u]sadu	0
desovadouro	dɨzɔvɐdowru	dɨzuvɐdowru	dɨz[ɔ]vɐdowru	dɨz[u]vɐdowru	0
desovamento	dɨzɔvɐmẽtu	dɨzuvɐmẽntu	dɨz[ɔ]vɐmẽtu[]	dɨz[u]vɐmẽnt[u]	0
desovar	dɨzɔvar	dɨzuvar	dɨz[ɔ]var	dɨz[u]var	0
desoxidação	dɨzɔksidɐsɐ̃w̃	dɨzuksidɐsɐ̃w̃	dɨz[ɔ]ksidɐsɐ̃w̃	dɨz[u]ksidɐsɐ̃w̃	0
desoxidante	dɨzɔksidɐ̃tɨ	dɨzuksidɐ̃ntɨ	dɨz[ɔ]ksidɐ̃[]tɨ	dɨz[u]ksidɐ̃[n]tɨ	0
desoxidar	dɨzɔksidar	dɨzuksidar	dɨz[ɔ]ksidar	dɨz[u]ksidar	0
desoxigenação	dɨzɔksiʒɨnɐsɐ̃w̃	dɨzuksiʒɨnɐsɐ̃w̃	dɨz[ɔ]ksiʒɨnɐsɐ̃w̃	dɨz[u]ksiʒɨnɐsɐ̃w̃	0
desoxigenar	dɨzɔksiʒɨnar	dɨzuksiʒɨnar	dɨz[ɔ]ksiʒɨnar	dɨz[u]ksiʒɨnar	0
desoxirribose	dɨzɔksiʀibɔzɨ	dɨzuksiʀibɔzɨ	dɨz[ɔ]ksiʀibɔzɨ	dɨz[u]ksiʀibɔzɨ	0
despirocado	dɨʃpirɔkadu	dɨʃpirukadu	dɨʃpir[ɔ]kadu	dɨʃpir[u]kadu	0
destorar	dɨʃtɔrar	dɨʃturar	dɨʃt[ɔ]rar	dɨʃt[u]rar	0
destoxificação	dɨʃtɔksifikɐsɐ̃w̃	dɨʃtuksifikɐsɐ̃w̃	dɨʃt[ɔ]ksifikɐsɐ̃w̃	dɨʃt[u]ksifikɐsɐ̃w̃	0
deuterocanônico	dewtɨrɔkɐnoniku	dewtɨrukɐnoniku	dewtɨr[ɔ]kɐnoniku	dewtɨr[u]kɐnoniku	0
deuterocanónico	dewtɨrɔkɐnɔniku	dewtɨrukɐnɔniku	dewtɨr[ɔ]kɐnɔniku	dewtɨr[u]kɐnɔniku	0
deuterogamia	dewtɨrɔɡɐmiɐ	dewtɨruɡɐmiɐ	dewtɨr[ɔ]ɡɐmiɐ	dewtɨr[u]ɡɐmiɐ	0
deuterogâmico	dewtɨrɔɡɐmiku	dewtɨruɡɐ̃miku	dewtɨr[ɔ]ɡɐ[]miku	dewtɨr[u]ɡɐ[̃]miku	0
deuteropatia	dewtɨrɔpɐtiɐ	dewtɨrupɐtiɐ	dewtɨr[ɔ]pɐtiɐ	dewtɨr[u]pɐtiɐ	0
deuteropirâmide	dewtɨrɔpirɐmidɨ	dewtɨrupirɐ̃midɨ	dewtɨr[ɔ]pirɐ[]midɨ	dewtɨr[u]pirɐ[̃]midɨ	0
deuteroprisma	dewtɨrɔpriʒmɐ	dewtɨrupriʒmɐ	dewtɨr[ɔ]priʒmɐ	dewtɨr[u]priʒmɐ	0
deuteroscopia	dewtɨrɔʃkupiɐ	dewtɨruʃkupiɐ	dewtɨr[ɔ]ʃkupiɐ	dewtɨr[u]ʃkupiɐ	0
deuterostômio	dewtɨrɔʃtomju	dewtɨruʃtomju	dewtɨr[ɔ]ʃtomju	dewtɨr[u]ʃtomju	0
deuterostómio	dewtɨrɔʃtɔmju	dewtɨruʃtɔmju	dewtɨr[ɔ]ʃtɔmju	dewtɨr[u]ʃtɔmju	0
deutolécito	dewtɔlɛsitu	dewtulɛsitu	dewt[ɔ]lɛsitu	dewt[u]lɛsitu	0
deutoplasma	dewtɔplaʒmɐ	dewtuplaʒmɐ	dewt[ɔ]plaʒmɐ	dewt[u]plaʒmɐ	0
dicromático	dikrɔmɐtiku	dikrumatiku	dikr[ɔ]m[ɐ]tiku	dikr[u]m[a]tiku	0
didimodinia	didimɔdiniɐ	didimudiniɐ	didim[ɔ]diniɐ	didim[u]diniɐ	0
didodecaedro	didɔdɛkɐɛdru	didudɨkɐɛdru	did[ɔ]d[ɛ]kɐɛdru	did[u]d[ɨ]kɐɛdru	0
didrogesterona	didrɔʒɨʃtɨronɐ	didruʒeʃtɨronɐ	didr[ɔ]ʒ[ɨ]ʃtɨronɐ	didr[u]ʒ[e]ʃtɨronɐ	0
difiodonte	difjɔdõtɨ	difiudõntɨ	difj[ɔ]dõtɨ[]	difi[u]dõnt[ɨ]	0
digoxina	diɡɔksinɐ	diɡuksinɐ	diɡ[ɔ]ksinɐ	diɡ[u]ksinɐ	0
dilatometria	dilɐtɔmɨtriɐ	dilɐtumɨtriɐ	dilɐt[ɔ]mɨtriɐ	dilɐt[u]mɨtriɐ	0
dilobulado	dilɔbuladu	dilubuladu	dil[ɔ]buladu	dil[u]buladu	0
dinamogenia	dinɐmɔʒɨniɐ	dinɐmuʒɨniɐ	dinɐm[ɔ]ʒɨniɐ	dinɐm[u]ʒɨniɐ	0
dinamogênico	dinɐmɔʒeniku	dinɐmuʒeniku	dinɐm[ɔ]ʒeniku	dinɐm[u]ʒeniku	0
dinamogénico	dinɐmɔʒɛniku	dinɐmuʒɛniku	dinɐm[ɔ]ʒɛniku	dinɐm[u]ʒɛniku	0
dinamometamorfismo	dinɐmɔmɨtɐmurfiʒmu	dinɐmumɨtɐmurfiʒmu	dinɐm[ɔ]mɨtɐmurfiʒmu	dinɐm[u]mɨtɐmurfiʒmu	0
dinamometria	dinɐmɔmɨtriɐ	dinɐmumɨtriɐ	dinɐm[ɔ]mɨtriɐ	dinɐm[u]mɨtriɐ	0
dinamométrico	dinɐmɔmɛtriku	dinɐmumɛtriku	dinɐm[ɔ]mɛtriku	dinɐm[u]mɛtriku	0
dinamoscopia	dinɐmɔʃkupiɐ	dinɐmuʃkupiɐ	dinɐm[ɔ]ʃkupiɐ	dinɐm[u]ʃkupiɐ	0
dinamoscópio	dinɐmɔʃkɔpju	dinɐmuʃkɔpju	dinɐm[ɔ]ʃkɔpju	dinɐm[u]ʃkɔpju	0
dinoceras	dinɔsɛrɐʃ	dinuserɐʃ	din[ɔ]s[ɛ]rɐʃ	din[u]s[e]rɐʃ	0
dinoflagelados	dinɔflɐʒɨladuʃ	dinuflɐʒɨladuʃ	din[ɔ]flɐʒɨladuʃ	din[u]flɐʒɨladuʃ	0
dinossáurio	dinɔsawrju	dinusawriw	din[ɔ]sawrj[u]	din[u]sawri[w]	0
dinossauro	dinɔsawru	dinusawru	din[ɔ]sawru	din[u]sawru	0
dinotério	dinɔtɛrju	dinutɛrju	din[ɔ]tɛrju	din[u]tɛrju	0
diomedeídeo	diɔmɨdɐidju	diumedɨidiw	di[ɔ]m[ɨ]d[ɐ]idj[u]	di[u]m[e]d[ɨ]idi[w]	0
diomedeídeos	diɔmɨdɐidjuʃ	diumedɨidiwʃ	di[ɔ]m[ɨ]d[ɐ]idj[u]ʃ	di[u]m[e]d[ɨ]idi[w]ʃ	0
dioptase	djɔptazɨ	diuptazɨ	dj[ɔ]ptazɨ	di[u]ptazɨ	0
dioptria	djɔptriɐ	diuptriɐ	dj[ɔ]ptriɐ	di[u]ptriɐ	0
dioscoreácea	djɔʃkurjasjɐ	diuʃkurɨasiɐ	dj[ɔ]ʃkur[j]as[j]ɐ	di[u]ʃkur[ɨ]as[i]ɐ	0
dioscoreáceas	djɔʃkurjasjɐʃ	diuʃkurɨasiɐʃ	dj[ɔ]ʃkur[j]as[j]ɐʃ	di[u]ʃkur[ɨ]as[i]ɐʃ	0
dioscoreáceo	djɔʃkurjasju	diuʃkurɨasiw	dj[ɔ]ʃkur[j]asj[u]	di[u]ʃkur[ɨ]asi[w]	0
diospireiro	djɔʃpirɐjru	diuʃpirɐjru	dj[ɔ]ʃpirɐjru	di[u]ʃpirɐjru	0
diospiro	djɔʃpiru	diuʃpiru	dj[ɔ]ʃpiru	di[u]ʃpiru	0
diostilo	djɔʃtilu	diuʃtilu	dj[ɔ]ʃtilu	di[u]ʃtilu	0
diotia	djɔtiɐ	diutiɐ	dj[ɔ]tiɐ	di[u]tiɐ	0
dioxina	djɔksinɐ	diuksinɐ	dj[ɔ]ksinɐ	di[u]ksinɐ	0
diplidoscópio	diplidɔʃkɔpju	dipliduʃkɔpju	diplid[ɔ]ʃkɔpju	diplid[u]ʃkɔpju	0
diplobionte	diplɔbjõtɨ	diplubiõntɨ	dipl[ɔ]bjõtɨ[]	dipl[u]biõnt[ɨ]	0
diplocardíaco	diplɔkɐrdiɐku	diplukɐrdiɐku	dipl[ɔ]kɐrdiɐku	dipl[u]kɐrdiɐku	0
diplocéfalo	diplɔsɛfɐlu	diplusɛfɐlu	dipl[ɔ]sɛfɐlu	dipl[u]sɛfɐlu	0
diplococo	diplɔkɔku	diplukɔku	dipl[ɔ]kɔku	dipl[u]kɔku	0
diplodoco	diplɔdɔku	dipludɔku	dipl[ɔ]dɔku	dipl[u]dɔku	0
diploedro	diplɔɛdru	dipluɛdru	dipl[ɔ]ɛdru	dipl[u]ɛdru	0
diplofonia	diplɔfuniɐ	diplufuniɐ	dipl[ɔ]funiɐ	dipl[u]funiɐ	0
diplogastria	diplɔɡɐʃtriɐ	dipluɡɐʃtriɐ	dipl[ɔ]ɡɐʃtriɐ	dipl[u]ɡɐʃtriɐ	0
diplogênese	diplɔʒenɨzɨ	dipluʒenɨzɨ	dipl[ɔ]ʒenɨzɨ	dipl[u]ʒenɨzɨ	0
diplogénese	diplɔʒɛnɨzɨ	dipluʒɛnɨzɨ	dipl[ɔ]ʒɛnɨzɨ	dipl[u]ʒɛnɨzɨ	0
diploscópio	diplɔʃkɔpju	dipluʃkɔpju	dipl[ɔ]ʃkɔpju	dipl[u]ʃkɔpju	0
diplostêmone	diplɔʃtemunɨ	dipluʃtemunɨ	dipl[ɔ]ʃtemunɨ	dipl[u]ʃtemunɨ	0
diplostémone	diplɔʃtɛmunɨ	dipluʃtɛmunɨ	dipl[ɔ]ʃtɛmunɨ	dipl[u]ʃtɛmunɨ	0
dipsomaníaco	dipsɔmɐniɐku	dipsumɐniɐku	dips[ɔ]mɐniɐku	dips[u]mɐniɐku	0
dipsomania	dipsɔmɐniɐ	dipsumɐniɐ	dips[ɔ]mɐniɐ	dips[u]mɐniɐ	0
discopatia	diʃkɔpɐtiɐ	diʃkupɐtiɐ	diʃk[ɔ]pɐtiɐ	diʃk[u]pɐtiɐ	0
discromático	diʃkrɔmatiku	diʃkrumatiku	diʃkr[ɔ]matiku	diʃkr[u]matiku	0
discromatopsia	diʃkrumɐtɔpsiɐ	diʃkrumɐtupsiɐ	diʃkrumɐt[ɔ]psiɐ	diʃkrumɐt[u]psiɐ	0
discromatópsico	diʃkrɔmɐtɔpsiku	diʃkrumɐtɔpsiku	diʃkr[ɔ]mɐtɔpsiku	diʃkr[u]mɐtɔpsiku	0
dismorfofobia	diʒmɔrfɔfubiɐ	diʒmurfufubiɐ	diʒm[ɔ]rf[ɔ]fubiɐ	diʒm[u]rf[u]fubiɐ	0
dismorfopsia	diʒmɔrfɔpsiɐ	diʒmurfupsiɐ	diʒm[ɔ]rf[ɔ]psiɐ	diʒm[u]rf[u]psiɐ	0
disopia	dizɔpiɐ	dizupiɐ	diz[ɔ]piɐ	diz[u]piɐ	0
disorexia	dizɔrɛksiɐ	dizurɨksiɐ	diz[ɔ]r[ɛ]ksiɐ	diz[u]r[ɨ]ksiɐ	0
disoréxico	dizɔrɛksiku	dizurɛksiku	diz[ɔ]rɛksiku	diz[u]rɛksiku	0
disosmia	dizɔʒmiɐ	dizuʒmiɐ	diz[ɔ]ʒmiɐ	diz[u]ʒmiɐ	0
disosteose	dizɔʃtjɔzɨ	dizuʃtiɔzɨ	diz[ɔ]ʃt[j]ɔzɨ	diz[u]ʃt[i]ɔzɨ	0
disostose	dizɔʃtɔzɨ	dizuʃtɔzɨ	diz[ɔ]ʃtɔzɨ	diz[u]ʃtɔzɨ	0
distocia	diʃtɔsiɐ	diʃtusiɐ	diʃt[ɔ]siɐ	diʃt[u]siɐ	0
dobermane	dɔbɛrmɐnɨ	dubɨrmɐ̃nɨ	d[ɔ]b[ɛ]rmɐ[]nɨ	d[u]b[ɨ]rmɐ[̃]nɨ	0
docar	dɔkar	dukar	d[ɔ]kar	d[u]kar	0
docimasia	dɔsimɐziɐ	dusimɐziɐ	d[ɔ]simɐziɐ	d[u]simɐziɐ	0
docimologia	dɔsimuluʒiɐ	dusimuluʒiɐ	d[ɔ]simuluʒiɐ	d[u]simuluʒiɐ	0
docudrama	dɔkudrɐmɐ	dukudrɐ̃mɐ	d[ɔ]kudrɐ[]mɐ	d[u]kudrɐ[̃]mɐ	0
dodecaédrico	dɔdɨkɐɛdriku	dudɨkɐɛdriku	d[ɔ]dɨkɐɛdriku	d[u]dɨkɐɛdriku	0
dodecaedro	dɔdɨkɐɛdru	dudɨkɐɛdru	d[ɔ]dɨkɐɛdru	d[u]dɨkɐɛdru	0
dodecafonia	dɔdɨkɐfuniɐ	dudɨkɐfuniɐ	d[ɔ]dɨkɐfuniɐ	d[u]dɨkɐfuniɐ	0
dodecafônico	dɔdɨkɐfoniku	dudɨkɐfoniku	d[ɔ]dɨkɐfoniku	d[u]dɨkɐfoniku	0
dodecafónico	dɔdɨkɐfɔniku	dudɨkɐfɔniku	d[ɔ]dɨkɐfɔniku	d[u]dɨkɐfɔniku	0
dodecafonismo	dɔdɨkɐfuniʒmu	dudɨkɐfuniʒmu	d[ɔ]dɨkɐfuniʒmu	d[u]dɨkɐfuniʒmu	0
dodecaginia	dɔdɨkɐʒiniɐ	dudɨkɐʒiniɐ	d[ɔ]dɨkɐʒiniɐ	d[u]dɨkɐʒiniɐ	0
dodecágino	dɔdɨkaʒinu	dudɨkaʒinu	d[ɔ]dɨkaʒinu	d[u]dɨkaʒinu	0
dodecagonal	dɔdɨkɐɡunaɫ	dudɨkɐɡunaɫ	d[ɔ]dɨkɐɡunaɫ	d[u]dɨkɐɡunaɫ	0
dodecágono	dɔdɨkaɡunu	dudɨkaɡunu	d[ɔ]dɨkaɡunu	d[u]dɨkaɡunu	0
dodecandria	dɔdɨkɐ̃driɐ	dudɨkɐ̃ndriɐ	d[ɔ]dɨkɐ̃[]driɐ	d[u]dɨkɐ̃[n]driɐ	0
dodecandro	dɔdɨkɐ̃dru	dudɨkɐ̃ndru	d[ɔ]dɨkɐ̃[]dru	d[u]dɨkɐ̃[n]dru	0
dodecanésio	dɔdɨkɐnɛzju	dudɨkɐnɛzju	d[ɔ]dɨkɐnɛzju	d[u]dɨkɐnɛzju	0
dodecassilábico	dɔdɨkɐsilabiku	dudɨkɐsilabiku	d[ɔ]dɨkɐsilabiku	d[u]dɨkɐsilabiku	0
dodecassílabo	dɔdɨkɐsilɐbu	dudɨkɐsilɐbu	d[ɔ]dɨkɐsilɐbu	d[u]dɨkɐsilɐbu	0
dodô	dɔdo	dudo	d[ɔ]do	d[u]do	0
dodó	dɔdɔ	dudɔ	d[ɔ]dɔ	d[u]dɔ	0
dogmática	dɔɡmatikɐ	duɡmatikɐ	d[ɔ]ɡmatikɐ	d[u]ɡmatikɐ	0
dogmaticamente	dɔɡmatikɐmẽtɨ	duɡmatikɐmẽntɨ	d[ɔ]ɡmatikɐmẽtɨ[]	d[u]ɡmatikɐmẽnt[ɨ]	0
dogmático	dɔɡmatiku	duɡmatiku	d[ɔ]ɡmatiku	d[u]ɡmatiku	0
dogmatismo	dɔɡmɐtiʒmu	duɡmɐtiʒmu	d[ɔ]ɡmɐtiʒmu	d[u]ɡmɐtiʒmu	0
dogmatista	dɔɡmɐtiʃtɐ	duɡmɐtiʃtɐ	d[ɔ]ɡmɐtiʃtɐ	d[u]ɡmɐtiʃtɐ	0
dogmatístico	dɔɡmɐtiʃtiku	duɡmɐtiʃtiku	d[ɔ]ɡmɐtiʃtiku	d[u]ɡmɐtiʃtiku	0
dogmatização	dɔɡmɐtizɐsɐ̃w̃	duɡmɐtizɐsɐ̃w̃	d[ɔ]ɡmɐtizɐsɐ̃w̃	d[u]ɡmɐtizɐsɐ̃w̃	0
dogmatizador	dɔɡmɐtizɐdor	duɡmɐtizɐdor	d[ɔ]ɡmɐtizɐdor	d[u]ɡmɐtizɐdor	0
dogmatizante	dɔɡmɐtizɐ̃tɨ	duɡmɐtizɐ̃ntɨ	d[ɔ]ɡmɐtizɐ̃[]tɨ	d[u]ɡmɐtizɐ̃[n]tɨ	0
dogmatizar	dɔɡmɐtizar	duɡmɐtizar	d[ɔ]ɡmɐtizar	d[u]ɡmɐtizar	0
dogmatizável	dɔɡmɐtizavɛɫ	duɡmɐtizavɛɫ	d[ɔ]ɡmɐtizavɛɫ	d[u]ɡmɐtizavɛɫ	0
dogmatologia	dɔɡmɐtuluʒiɐ	duɡmɐtuluʒiɐ	d[ɔ]ɡmɐtuluʒiɐ	d[u]ɡmɐtuluʒiɐ	0
dogmatológico	dɔɡmɐtulɔʒiku	duɡmɐtulɔʒiku	d[ɔ]ɡmɐtulɔʒiku	d[u]ɡmɐtulɔʒiku	0
dolicocefalia	dɔlikɔsɨfɐliɐ	dulikusɨfɐliɐ	d[ɔ]lik[ɔ]sɨfɐliɐ	d[u]lik[u]sɨfɐliɐ	0
dolicocéfalo	dɔlikɔsɛfɐlu	dulikusɛfɐlu	d[ɔ]lik[ɔ]sɛfɐlu	d[u]lik[u]sɛfɐlu	0
dolicócero	dɔlikɔsɨru	dulikɔsɨru	d[ɔ]likɔsɨru	d[u]likɔsɨru	0
dolicoenteria	dɔlikɔẽtɨriɐ	dulikuẽntɨriɐ	d[ɔ]likɔẽtɨriɐ[]	d[u]likuẽntɨri[ɐ]	0
doli	dɔli	duli	d[ɔ]li	d[u]li	0
dolmênico	dɔɫmeniku	duɫmeniku	d[ɔ]ɫmeniku	d[u]ɫmeniku	0
dolménico	dɔɫmɛniku	duɫmɛniku	d[ɔ]ɫmɛniku	d[u]ɫmɛniku	0
dominó	dɔminɔ	duminɔ	d[ɔ]minɔ	d[u]minɔ	0
domiriano	dɔmirjɐnu	dumiriɐ̃nu	d[ɔ]mir[j]ɐ[]nu	d[u]mir[i]ɐ[̃]nu	0
domisteco	dɔmiʃtɛku	dumiʃtɛku	d[ɔ]miʃtɛku	d[u]miʃtɛku	0
donatismo	dɔnɐtiʒmu	dunɐtiʒmu	d[ɔ]nɐtiʒmu	d[u]nɐtiʒmu	0
donatista	dɔnɐtiʃtɐ	dunɐtiʃtɐ	d[ɔ]nɐtiʃtɐ	d[u]nɐtiʃtɐ	0
doninha	dɔniɲɐ	duniɲɐ	d[ɔ]niɲɐ	d[u]niɲɐ	0
dopamina	dɔpɐminɐ	dupɐminɐ	d[ɔ]pɐminɐ	d[u]pɐminɐ	0
dopaminérgico	dɔpɐminɛrʒiku	dupɐminɛrʒiku	d[ɔ]pɐminɛrʒiku	d[u]pɐminɛrʒiku	0
doravante	dɔravɐ̃tɨ	durɐvɐ̃ntɨ	d[ɔ]r[a]vɐ̃[]tɨ	d[u]r[ɐ]vɐ̃[n]tɨ	0
dosimetria	dɔzimɨtriɐ	duzimɨtriɐ	d[ɔ]zimɨtriɐ	d[u]zimɨtriɐ	0
dosimétrico	dɔzimɛtriku	duzimɛtriku	d[ɔ]zimɛtriku	d[u]zimɛtriku	0
dossiê	dɔsje	dusje	d[ɔ]sje	d[u]sje	0
doxografia	dɔksuɡrɐfiɐ	duksuɡrɐfiɐ	d[ɔ]ksuɡrɐfiɐ	d[u]ksuɡrɐfiɐ	0
doxográfico	dɔksuɡrafiku	duksuɡrafiku	d[ɔ]ksuɡrafiku	d[u]ksuɡrafiku	0
doxologia	dɔksuluʒiɐ	duksuluʒiɐ	d[ɔ]ksuluʒiɐ	d[u]ksuluʒiɐ	0
doxológico	dɔksulɔʒiku	duksulɔʒiku	d[ɔ]ksulɔʒiku	d[u]ksulɔʒiku	0
doxomania	dɔksumɐniɐ	duksumɐniɐ	d[ɔ]ksumɐniɐ	d[u]ksumɐniɐ	0
doxometria	dɔksumɨtriɐ	duksumɨtriɐ	d[ɔ]ksumɨtriɐ	d[u]ksumɨtriɐ	0
drogomano	drɔɡumɐnu	druɡumɐ̃nu	dr[ɔ]ɡumɐ[]nu	dr[u]ɡumɐ[̃]nu	0
droguista	drɔɡiʃtɐ	druɡiʃtɐ	dr[ɔ]ɡiʃtɐ	dr[u]ɡiʃtɐ	0
dromofobia	drɔmɔfubiɐ	drumufubiɐ	dr[ɔ]m[ɔ]fubiɐ	dr[u]m[u]fubiɐ	0
dromomaníaco	drɔmɔmɐniɐku	drumumɐniɐku	dr[ɔ]m[ɔ]mɐniɐku	dr[u]m[u]mɐniɐku	0
dromomania	drɔmɔmɐniɐ	drumumɐniɐ	dr[ɔ]m[ɔ]mɐniɐ	dr[u]m[u]mɐniɐ	0
dromopatia	drɔmɔpɐtiɐ	drumupɐtiɐ	dr[ɔ]m[ɔ]pɐtiɐ	dr[u]m[u]pɐtiɐ	0
dromopático	drɔmɔpatiku	drumupatiku	dr[ɔ]m[ɔ]patiku	dr[u]m[u]patiku	0
dromoscópio	drɔmɔʃkɔpju	drumuʃkɔpju	dr[ɔ]m[ɔ]ʃkɔpju	dr[u]m[u]ʃkɔpju	0
dromoterapia	drɔmɔtɨrɐpiɐ	drumuterɐpiɐ	dr[ɔ]m[ɔ]t[ɨ]rɐpiɐ	dr[u]m[u]t[e]rɐpiɐ	0
dromoterápico	drɔmɔtɨrapiku	drumutɨrapiku	dr[ɔ]m[ɔ]tɨrapiku	dr[u]m[u]tɨrapiku	0
drupéola	drupɛulɐ	drupɛɔlɐ	drupɛ[u]lɐ	drupɛ[ɔ]lɐ	0
dulocracia	dulɔkrɐsiɐ	dulukrɐsiɐ	dul[ɔ]krɐsiɐ	dul[u]krɐsiɐ	0
duopsônio	dwɔpsonju	dwupsonju	dw[ɔ]psonju	dw[u]psonju	0
duopsónio	dwɔpsɔnju	dwupsɔnju	dw[ɔ]psɔnju	dw[u]psɔnju	0
duroplástico	durɔplaʃtiku	duruplaʃtiku	dur[ɔ]plaʃtiku	dur[u]plaʃtiku	0
enosteose	enɔʃtjɔzɨ	enuʃtiɔzɨ	en[ɔ]ʃt[j]ɔzɨ	en[u]ʃt[i]ɔzɨ	0
enostose	enɔʃtɔzɨ	enuʃtɔzɨ	en[ɔ]ʃtɔzɨ	en[u]ʃtɔzɨ	0
eocênico	ɛɔseniku	euseniku	ɛ[ɔ]seniku	e[u]seniku	0
eocénico	ɛɔsɛniku	eusɛniku	ɛ[ɔ]sɛniku	e[u]sɛniku	0
eoceno	ɛɔsenu	eusenu	ɛ[ɔ]senu	e[u]senu	0
eolação	ɛɔlɐsɐ̃w̃	eulɐsɐ̃w̃	ɛ[ɔ]lɐsɐ̃w̃	e[u]lɐsɐ̃w̃	0
eolina	ɛɔlinɐ	eulinɐ	ɛ[ɔ]linɐ	e[u]linɐ	0
eolípila	ɛɔlipilɐ	eulipilɐ	ɛ[ɔ]lipilɐ	e[u]lipilɐ	0
eolítico	ɛɔlitiku	eulitiku	ɛ[ɔ]litiku	e[u]litiku	0
eosina	ɛɔzinɐ	euzinɐ	ɛ[ɔ]zinɐ	e[u]zinɐ	0
eosinofilia	ɛɔzinɔfiliɐ	euzinufiliɐ	ɛ[ɔ]zin[ɔ]filiɐ	e[u]zin[u]filiɐ	0
eosinófilo	ɛɔzinɔfilu	euzinɔfilu	ɛ[ɔ]zinɔfilu	e[u]zinɔfilu	0
eosinopenia	ɛɔzinɔpɨniɐ	euzinupɨniɐ	ɛ[ɔ]zin[ɔ]pɨniɐ	e[u]zin[u]pɨniɐ	0
eozoico	ɛɔzɔjku	euzɔjku	ɛ[ɔ]zɔjku	e[u]zɔjku	0
eozóico	ɛɔzɔjku	euzɔjku	ɛ[ɔ]zɔjku	e[u]zɔjku	0
epanortose	epɐnɔrtɔzɨ	epɐnurtɔzɨ	epɐn[ɔ]rtɔzɨ	epɐn[u]rtɔzɨ	0
epilobiáceas	epilɔbjasjɐʃ	epilubiasiɐʃ	epil[ɔ]b[j]as[j]ɐʃ	epil[u]b[i]as[i]ɐʃ	0
epioolítico	epjɔɔlitiku	epiuulitiku	epjɔ[ɔ]litiku	epiu[u]litiku	0
epiroforese	epirɔfurɛzɨ	epirufurɛzɨ	epir[ɔ]furɛzɨ	epir[u]furɛzɨ	0
epirogênese	epirɔʒenɨʒɨ	epiruʒenɨzɨ	epir[ɔ]ʒenɨ[ʒ]ɨ	epir[u]ʒenɨ[z]ɨ	0
epirogénese	epirɔʒɛnɨʒɨ	epiruʒɛnɨzɨ	epir[ɔ]ʒɛnɨ[ʒ]ɨ	epir[u]ʒɛnɨ[z]ɨ	0
epirogenia	epirɔʒɨniɐ	epiruʒɨniɐ	epir[ɔ]ʒɨniɐ	epir[u]ʒɨniɐ	0
epirogênico	epirɔʒeniku	epiruʒeniku	epir[ɔ]ʒeniku	epir[u]ʒeniku	0
epirogénico	epirɔʒɛniku	epiruʒɛniku	epir[ɔ]ʒɛniku	epir[u]ʒɛniku	0
episiotomia	epizjɔtumiɐ	epiziutumiɐ	epizj[ɔ]tumiɐ	epizi[u]tumiɐ	0
episiotômico	epizjɔtomiku	epiziutomiku	epizj[ɔ]tomiku	epizi[u]tomiku	0
episiotómico	epizjɔtɔmiku	epiziutɔmiku	epizj[ɔ]tɔmiku	epizi[u]tɔmiku	0
epitimotécnica	epitimɔtɛknikɐ	epitimutɛknikɐ	epitim[ɔ]tɛknikɐ	epitim[u]tɛknikɐ	0
ereutofobia	erewtɔfubiɐ	erewtufubiɐ	erewt[ɔ]fubiɐ	erewt[u]fubiɐ	0
eriofilo	erjɔfilu	eriufilu	erj[ɔ]filu	eri[u]filu	0
eritremomelalgia	eritremɔmɨlaɫʒiɐ	eritremumɨlaɫʒiɐ	eritrem[ɔ]mɨlaɫʒiɐ	eritrem[u]mɨlaɫʒiɐ	0
eritroblasto	eritrɔblaʃtu	eritrublaʃtu	eritr[ɔ]blaʃtu	eritr[u]blaʃtu	0
eritroblastose	eritrɔblɐʃtɔze	eritrublɐʃtɔzɨ	eritr[ɔ]blɐʃtɔz[e]	eritr[u]blɐʃtɔz[ɨ]	0
eritrocarpo	eritrɔkarpu	eritrukarpu	eritr[ɔ]karpu	eritr[u]karpu	0
eritrocitário	eritrɔsitarju	eritrusitarju	eritr[ɔ]sitarju	eritr[u]sitarju	0
eritrodáctilo	eritrɔdaktilu	eritrudatilu	eritr[ɔ]da[k]tilu	eritr[u]da[]tilu	0
eritrodátilo	eritrɔdatilu	eritrudatilu	eritr[ɔ]datilu	eritr[u]datilu	0
eritrodermia	eritrɔdɨrmiɐ	eritrudɨrmiɐ	eritr[ɔ]dɨrmiɐ	eritr[u]dɨrmiɐ	0
eritrodermo	eritrɔdɛrmu	eritrudermu	eritr[ɔ]d[ɛ]rmu	eritr[u]d[e]rmu	0
eritrofila	eritrɔfilɐ	eritrufilɐ	eritr[ɔ]filɐ	eritr[u]filɐ	0
eritrofilo	eritrɔfilu	eritrufilu	eritr[ɔ]filu	eritr[u]filu	0
eritrofobia	eritrɔfubiɐ	eritrufubiɐ	eritr[ɔ]fubiɐ	eritr[u]fubiɐ	0
eritrogástreo	eritrɔɡaʃtrju	eritruɡaʃtriw	eritr[ɔ]ɡaʃtrj[u]	eritr[u]ɡaʃtri[w]	0
eritromelalgia	eritrɔmɨlaɫʒiɐ	eritrumɨlaɫʒiɐ	eritr[ɔ]mɨlaɫʒiɐ	eritr[u]mɨlaɫʒiɐ	0
eritropoese	eritrɔpwɛzɨ	eritrupuɛzɨ	eritr[ɔ]p[w]ɛzɨ	eritr[u]p[u]ɛzɨ	0
eritropoético	eritrɔpwɛtiku	eritrupuɛtiku	eritr[ɔ]p[w]ɛtiku	eritr[u]p[u]ɛtiku	0
eritropoiese	eritrɔpojɛzɨ	eritrupujɛzɨ	eritr[ɔ]p[o]jɛzɨ	eritr[u]p[u]jɛzɨ	0
eritropoietina	eritrɔpojɛtinɐ	eritrupujɨtinɐ	eritr[ɔ]p[o]j[ɛ]tinɐ	eritr[u]p[u]j[ɨ]tinɐ	0
eritroprosopalgia	eritrɔprɔzɔpaɫʒiɐ	eritrupruzupaɫʒiɐ	eritr[ɔ]pr[ɔ]z[ɔ]paɫʒiɐ	eritr[u]pr[u]z[u]paɫʒiɐ	0
eritropsia	eritrɔpsiɐ	eritrupsiɐ	eritr[ɔ]psiɐ	eritr[u]psiɐ	0
eritrospermo	eritrɔʃpɛrmu	eritruʃpermu	eritr[ɔ]ʃp[ɛ]rmu	eritr[u]ʃp[e]rmu	0
eritrotórace	eritrɔtɔrɐsɨ	eritrutɔrɐsɨ	eritr[ɔ]tɔrɐsɨ	eritr[u]tɔrɐsɨ	0
eritroxilácea	eritrɔksilasjɐ	eritruksilasiɐ	eritr[ɔ]ksilas[j]ɐ	eritr[u]ksilas[i]ɐ	0
eritroxiláceas	eritrɔksilasjɐʃ	eritruksilasiɐʃ	eritr[ɔ]ksilas[j]ɐʃ	eritr[u]ksilas[i]ɐʃ	0
erotemática	erɔtɨmatikɐ	erutɨmatikɐ	er[ɔ]tɨmatikɐ	er[u]tɨmatikɐ	0
erotemático	erɔtɨmatiku	erutɨmatiku	er[ɔ]tɨmatiku	er[u]tɨmatiku	0
erotofobia	erɔtɔfubiɐ	erutufubiɐ	er[ɔ]t[ɔ]fubiɐ	er[u]t[u]fubiɐ	0
erotógeno	erɔtɔʒɨnu	erutɔʒɨnu	er[ɔ]tɔʒɨnu	er[u]tɔʒɨnu	0
erotomaníaco	erɔtɔmɐniɐku	erutumɐniɐku	er[ɔ]t[ɔ]mɐniɐku	er[u]t[u]mɐniɐku	0
erotomania	erɔtɔmɐniɐ	erutumɐniɐ	er[ɔ]t[ɔ]mɐniɐ	er[u]t[u]mɐniɐ	0
erotômano	erɔtomɐnu	erutomɐnu	er[ɔ]tomɐnu	er[u]tomɐnu	0
erotómano	erɔtɔmɐnu	erutɔmɐnu	er[ɔ]tɔmɐnu	er[u]tɔmɐnu	0
etanodioico	etɐnɔdjɔjku	etɐnudiɔjku	etɐn[ɔ]d[j]ɔjku	etɐn[u]d[i]ɔjku	0
etanodióico	etɐnɔdjɔjku	etɐnudiɔjku	etɐn[ɔ]d[j]ɔjku	etɐn[u]d[i]ɔjku	0
etanodiol	etɐnɔdjɔɫ	etɐnudiɔɫ	etɐn[ɔ]d[j]ɔɫ	etɐn[u]d[i]ɔɫ	0
etrioscopia	etrjɔʃkupiɐ	etriuʃkupiɐ	etrj[ɔ]ʃkupiɐ	etri[u]ʃkupiɐ	0
etrioscópio	etrjɔʃkɔpju	etriuʃkɔpju	etrj[ɔ]ʃkɔpju	etri[u]ʃkɔpju	0
eudiometria	ewdjɔmɨtriɐ	ewdiumɨtriɐ	ewdj[ɔ]mɨtriɐ	ewdi[u]mɨtriɐ	0
eudiométrico	ewdjɔmɛtriku	ewdiumɛtriku	ewdj[ɔ]mɛtriku	ewdi[u]mɛtriku	0
eufomania	ewfɔmɐniɐ	ewfumɐniɐ	ewf[ɔ]mɐniɐ	ewf[u]mɐniɐ	0
eugeossinclinal	ewʒɛɔsĩklinaɫ	ewʒiusĩnklinaɫ	ewʒɛ[ɔ]sĩklinaɫ[]	ewʒi[u]sĩnklina[ɫ]	0
euro-asiático	ewrɔɐzjatiku	ewruɐziatiku	ewr[ɔ]ɐz[j]atiku	ewr[u]ɐz[i]atiku	0
eurocêntrico	ewrɔsẽtriku	ewrusẽntriku	ewr[ɔ]sẽtriku[]	ewr[u]sẽntrik[u]	0
eurocentrismo	ewrɔsẽtriʒmu	ewrusẽntriʒmu	ewr[ɔ]sẽtriʒmu[]	ewr[u]sẽntriʒm[u]	0
eurocepticismo	ewrɔsɛtisiʒmu	ewruseptisiʒmu	ewr[ɔ]sɛ[]tisiʒmu	ewr[u]se[p]tisiʒmu	0
eurocéptico	ewrɔsɛtiku	ewrusɛptiku	ewr[ɔ]sɛ[]tiku	ewr[u]sɛ[p]tiku	0
euroceticismo	ewrɔsɛtisiʒmu	ewrusetisiʒmu	ewr[ɔ]s[ɛ]tisiʒmu	ewr[u]s[e]tisiʒmu	0
eurocético	ewrɔsɛtiku	ewrusɛtiku	ewr[ɔ]sɛtiku	ewr[u]sɛtiku	0
eurocomissário	ewrɔkumisarju	ewrukumisarju	ewr[ɔ]kumisarju	ewr[u]kumisarju	0
eurocracia	ewrɔkrɐsiɐ	ewrukrɐsiɐ	ewr[ɔ]krɐsiɐ	ewr[u]krɐsiɐ	0
eurocrata	ewrɔkratɐ	ewrukratɐ	ewr[ɔ]kratɐ	ewr[u]kratɐ	0
eurodeputado	ewrɔdɨputadu	ewrudɨputadu	ewr[ɔ]dɨputadu	ewr[u]dɨputadu	0
eurodivisa	ewrɔdivizɐ	ewrudivizɐ	ewr[ɔ]divizɐ	ewr[u]divizɐ	0
eurodólar	ewrɔdɔlar	ewrudɔlɐr	ewr[ɔ]dɔl[a]r	ewr[u]dɔl[ɐ]r	0
euromercado	ewrɔmɨrkadu	ewrumɨrkadu	ewr[ɔ]mɨrkadu	ewr[u]mɨrkadu	0
euromíssil	ewrɔmisiɫ	ewrumisiɫ	ewr[ɔ]misiɫ	ewr[u]misiɫ	0
europarlamento	ewrɔpɐrlɐmẽtu	ewrupɐrlɐmẽntu	ewr[ɔ]pɐrlɐmẽtu[]	ewr[u]pɐrlɐmẽnt[u]	0
eurozona	ewrɔzonɐ	ewruzonɐ	ewr[ɔ]zonɐ	ewr[u]zonɐ	0
eutocia	ewtɔsiɐ	ewtusiɐ	ewt[ɔ]siɐ	ewt[u]siɐ	0
exobiologia	ezɔbjuluʒiɐ	ezubiuluʒiɐ	ez[ɔ]b[j]uluʒiɐ	ez[u]b[i]uluʒiɐ	0
exobiológico	ezɔbjulɔʒiku	ezubiulɔʒiku	ez[ɔ]b[j]ulɔʒiku	ez[u]b[i]ulɔʒiku	0
exobiologista	ezɔbjuluʒiʃtɐ	ezubiuluʒiʃtɐ	ez[ɔ]b[j]uluʒiʃtɐ	ez[u]b[i]uluʒiʃtɐ	0
exobiologístico	ezɔbjuluʒiʃtiku	ezubiuluʒiʃtiku	ez[ɔ]b[j]uluʒiʃtiku	ez[u]b[i]uluʒiʃtiku	0
exobiólogo	ezɔbjɔluɡu	ezubiɔluɡu	ez[ɔ]b[j]ɔluɡu	ez[u]b[i]ɔluɡu	0
exocarpo	ezɔkarpu	ezukarpu	ez[ɔ]karpu	ez[u]karpu	0
exocíclicos	ezɔsiklikuʃ	ezusiklikuʃ	ez[ɔ]siklikuʃ	ez[u]siklikuʃ	0
exocitose	ezɔsitɔzɨ	ezusitɔzɨ	ez[ɔ]sitɔzɨ	ez[u]sitɔzɨ	0
exocrânio	ezɔkrɐnju	ezukrɐ̃nju	ez[ɔ]krɐ[]nju	ez[u]krɐ[̃]nju	0
exocrínico	ezɔkriniku	ezukriniku	ez[ɔ]kriniku	ez[u]kriniku	0
exoderma	ezɔdɛrmɐ	ezudermɐ	ez[ɔ]d[ɛ]rmɐ	ez[u]d[e]rmɐ	0
exoderme	ezɔdɛrmɨ	ezudɛrmɨ	ez[ɔ]dɛrmɨ	ez[u]dɛrmɨ	0
exoforia	ezɔfuriɐ	ezufuriɐ	ez[ɔ]furiɐ	ez[u]furiɐ	0
exoftalmia	ezɔftaɫmiɐ	ezuftaɫmiɐ	ez[ɔ]ftaɫmiɐ	ez[u]ftaɫmiɐ	0
exoftalmo	ezɔftaɫmu	ezuftaɫmu	ez[ɔ]ftaɫmu	ez[u]ftaɫmu	0
exogamia	ezɔɡɐmiɐ	ezuɡɐmiɐ	ez[ɔ]ɡɐmiɐ	ez[u]ɡɐmiɐ	0
exogâmico	ezɔɡɐmiku	ezuɡɐ̃miku	ez[ɔ]ɡɐ[]miku	ez[u]ɡɐ[̃]miku	0
exogêneo	ezɔʒenju	ezuʒeniw	ez[ɔ]ʒenj[u]	ez[u]ʒeni[w]	0
exogéneo	ezɔʒɛnju	ezuʒɛniw	ez[ɔ]ʒɛnj[u]	ez[u]ʒɛni[w]	0
exogenia	ezɔʒɨniɐ	ezuʒɨniɐ	ez[ɔ]ʒɨniɐ	ez[u]ʒɨniɐ	0
exogênico	ezɔʒeniku	ezuʒeniku	ez[ɔ]ʒeniku	ez[u]ʒeniku	0
exogénico	ezɔʒɛniku	ezuʒɛniku	ez[ɔ]ʒɛniku	ez[u]ʒɛniku	0
exometra	ezɔmɛtrɐ	ezumɛtrɐ	ez[ɔ]mɛtrɐ	ez[u]mɛtrɐ	0
exometria	ezɔmɨtriɐ	ezumɨtriɐ	ez[ɔ]mɨtriɐ	ez[u]mɨtriɐ	0
exométrico	ezɔmɛtriku	ezumɛtriku	ez[ɔ]mɛtriku	ez[u]mɛtriku	0
exomologese	ezɔmuluʒɛzɨ	ezumuluʒɛzɨ	ez[ɔ]muluʒɛzɨ	ez[u]muluʒɛzɨ	0
exomorfismo	ezɔmurfiʒmu	ezumurfiʒmu	ez[ɔ]murfiʒmu	ez[u]murfiʒmu	0
exomorfo	ezɔmɔrfu	ezumorfu	ez[ɔ]m[ɔ]rfu	ez[u]m[o]rfu	0
exonuclease	ezɔnukljazɨ	ezunukliazɨ	ez[ɔ]nukl[j]azɨ	ez[u]nukl[i]azɨ	0
exopódio	ezɔpɔdju	ezupɔdju	ez[ɔ]pɔdju	ez[u]pɔdju	0
exosfera	ezɔʃfɛrɐ	ezuʃfɛrɐ	ez[ɔ]ʃfɛrɐ	ez[u]ʃfɛrɐ	0
exosférico	ezɔʃfɛriku	ezuʃfɛriku	ez[ɔ]ʃfɛriku	ez[u]ʃfɛriku	0
exosmose	ezɔʒmɔzɨ	ezuʒmɔzɨ	ez[ɔ]ʒmɔzɨ	ez[u]ʒmɔzɨ	0
exosmótico	ezɔʒmɔtiku	ezuʒmɔtiku	ez[ɔ]ʒmɔtiku	ez[u]ʒmɔtiku	0
exosqueleto	ezɔʃkɨletu	ezuʃkɨlɛtu	ez[ɔ]ʃkɨl[e]tu	ez[u]ʃkɨl[ɛ]tu	0
exosteose	ezɔʃtjɔzɨ	ezuʃtiɔzɨ	ez[ɔ]ʃt[j]ɔzɨ	ez[u]ʃt[i]ɔzɨ	0
exostose	ezɔʃtɔzɨ	ezuʃtɔzɨ	ez[ɔ]ʃtɔzɨ	ez[u]ʃtɔzɨ	0
exotérmico	ezɔtɛrmiku	ezutɛrmiku	ez[ɔ]tɛrmiku	ez[u]tɛrmiku	0
exotoxina	ezɔtɔksinɐ	ezutuksinɐ	ez[ɔ]t[ɔ]ksinɐ	ez[u]t[u]ksinɐ	0
facochero	fɐkɔʃɛru	fɐkuʃeru	fɐk[ɔ]ʃ[ɛ]ru	fɐk[u]ʃ[e]ru	0
fagocitário	fɐɡɔsitarju	fɐɡusitarju	fɐɡ[ɔ]sitarju	fɐɡ[u]sitarju	0
fagocitose	fɐɡɔsitɔzɨ	fɐɡusitɔzɨ	fɐɡ[ɔ]sitɔzɨ	fɐɡ[u]sitɔzɨ	0
fagomania	fɐɡɔmɐniɐ	fɐɡumɐniɐ	fɐɡ[ɔ]mɐniɐ	fɐɡ[u]mɐniɐ	0
fagossoma	fɐɡɔsomɐ	fɐɡusomɐ	fɐɡ[ɔ]somɐ	fɐɡ[u]somɐ	0
fagoterapia	fɐɡɔtɨrɐpiɐ	fɐɡuterɐpiɐ	fɐɡ[ɔ]t[ɨ]rɐpiɐ	fɐɡ[u]t[e]rɐpiɐ	0
falacrocorácida	fɐlɐkrɔkurasidɐ	fɐlɐkrukurasidɐ	fɐlɐkr[ɔ]kurasidɐ	fɐlɐkr[u]kurasidɐ	0
falacrocorácidas	fɐlɐkrɔkurasidɐʃ	fɐlɐkrukurasidɐʃ	fɐlɐkr[ɔ]kurasidɐʃ	fɐlɐkr[u]kurasidɐʃ	0
falacrocoracídeo	fɐlɐkrɔkurɐsidju	fɐlɐkrukurɐsidiw	fɐlɐkr[ɔ]kurɐsidj[u]	fɐlɐkr[u]kurɐsidi[w]	0
falacrocoracídeos	fɐlɐkrɔkurɐsidjuʃ	fɐlɐkrukurɐsidiwʃ	fɐlɐkr[ɔ]kurɐsidj[u]ʃ	fɐlɐkr[u]kurɐsidi[w]ʃ	0
falodinia	fɐlɔdiniɐ	fɐludiniɐ	fɐl[ɔ]diniɐ	fɐl[u]diniɐ	0
falofórias	fɐlɔfɔrjɐʃ	fɐlufɔrɪɐʃ	fɐl[ɔ]fɔr[j]ɐʃ	fɐl[u]fɔr[ɪ]ɐʃ	0
feocromocitoma	fɛɔkrɔmɔsitomɐ	fiukrumusitomɐ	fɛ[ɔ]kr[ɔ]m[ɔ]sitomɐ	fi[u]kr[u]m[u]sitomɐ	0
feodários	fɛɔdarjuʃ	fiudarɪuʃ	fɛ[ɔ]dar[j]uʃ	fi[u]dar[ɪ]uʃ	0
feofíceas	fɛɔfisjɐʃ	fiufisiɐʃ	fɛ[ɔ]fis[j]ɐʃ	fi[u]fis[i]ɐʃ	0
fibrinogênio	fibrinɔʒenju	fibrinuʒenju	fibrin[ɔ]ʒenju	fibrin[u]ʒenju	0
fibrinogénio	fibrinɔʒɛnju	fibrinuʒɛnju	fibrin[ɔ]ʒɛnju	fibrin[u]ʒɛnju	0
fibrinolítico	fibrinɔlitiku	fibrinulitiku	fibrin[ɔ]litiku	fibrin[u]litiku	0
fibroblasto	fibrɔblaʃtu	fibrublaʃtu	fibr[ɔ]blaʃtu	fibr[u]blaʃtu	0
fibrocartilagem	fibrɔkɐrtilaʒɐ̃j̃	fibrukɐrtilaʒɐjn	fibr[ɔ]kɐrtilaʒɐ[̃]j[̃]	fibr[u]kɐrtilaʒɐ[]j[n]	0
fibrocartilagíneo	fibrɔkɐrtilɐʒinju	fibrukɐrtilɐʒiniw	fibr[ɔ]kɐrtilɐʒinj[u]	fibr[u]kɐrtilɐʒini[w]	0
fibrocartilaginoso	fibrɔkɐrtilɐʒinozu	fibrukɐrtilɐʒinozu	fibr[ɔ]kɐrtilɐʒinozu	fibr[u]kɐrtilɐʒinozu	0
fibrocelular	fibrɔsɨlular	fibruselular	fibr[ɔ]s[ɨ]lular	fibr[u]s[e]lular	0
fibrocimento	fibrɔsimẽtu	fibrusimẽntu	fibr[ɔ]simẽtu[]	fibr[u]simẽnt[u]	0
fibrocístico	fibrɔsiʃtiku	fibrusiʃtiku	fibr[ɔ]siʃtiku	fibr[u]siʃtiku	0
fibrocisto	fibrɔsiʃtu	fibrusiʃtu	fibr[ɔ]siʃtu	fibr[u]siʃtu	0
fibromialgia	fibrɔmiaɫʒiɐ	fibrumiaɫʒiɐ	fibr[ɔ]miaɫʒiɐ	fibr[u]miaɫʒiɐ	0
fibromuscular	fibrɔmuʃkular	fibrumuʃkular	fibr[ɔ]muʃkular	fibr[u]muʃkular	0
fibroscópico	fibrɔʃkɔpiku	fibruʃkɔpiku	fibr[ɔ]ʃkɔpiku	fibr[u]ʃkɔpiku	0
fibroscópio	fibrɔʃkɔpju	fibruʃkɔpju	fibr[ɔ]ʃkɔpju	fibr[u]ʃkɔpju	0
fibrossarcoma	fibrɔsɐrkomɐ	fibrusɐrkomɐ	fibr[ɔ]sɐrkomɐ	fibr[u]sɐrkomɐ	0
fibrovascular	fibrɔvɐʃkular	fibruvɐʃkular	fibr[ɔ]vɐʃkular	fibr[u]vɐʃkular	0
ficobilina	fikɔbilinɐ	fikubilinɐ	fik[ɔ]bilinɐ	fik[u]bilinɐ	0
ficocianina	fikɔsjɐninɐ	fikusiɐninɐ	fik[ɔ]s[j]ɐninɐ	fik[u]s[i]ɐninɐ	0
ficoeritrina	fikɔeritrinɐ	fikueritrinɐ	fik[ɔ]eritrinɐ	fik[u]eritrinɐ	0
ficofagia	fikɔfɐʒiɐ	fikufɐʒiɐ	fik[ɔ]fɐʒiɐ	fik[u]fɐʒiɐ	0
ficofeína	fikɔfɐinɐ	fikufɨinɐ	fik[ɔ]f[ɐ]inɐ	fik[u]f[ɨ]inɐ	0
ficomicete	fikɔmisetɨ	fikumisɛtɨ	fik[ɔ]mis[e]tɨ	fik[u]mis[ɛ]tɨ	0
ficomiceto	fikɔmisetu	fikumisɛtu	fik[ɔ]mis[e]tu	fik[u]mis[ɛ]tu	0
ficomicose	fikɔmikɔzɨ	fikumikɔzɨ	fik[ɔ]mikɔzɨ	fik[u]mikɔzɨ	0
filmoteca	fiɫmɔtɛkɐ	fiɫmutɛkɐ	fiɫm[ɔ]tɛkɐ	fiɫm[u]tɛkɐ	0
filodendro	filɔdẽdru	filudẽndru	fil[ɔ]dẽdru[]	fil[u]dẽndr[u]	0
filodérmico	filɔdɛrmiku	filudɛrmiku	fil[ɔ]dɛrmiku	fil[u]dɛrmiku	0
filodinasta	filɔdinaʃtɐ	filudinaʃtɐ	fil[ɔ]dinaʃtɐ	fil[u]dinaʃtɐ	0
filodoxia	filɔdɔksiɐ	filuduksiɐ	fil[ɔ]d[ɔ]ksiɐ	fil[u]d[u]ksiɐ	0
filodoxo	filɔdɔksu	filudoksu	fil[ɔ]d[ɔ]ksu	fil[u]d[o]ksu	0
filogênese	filɔʒenɨzɨ	filuʒenɨzɨ	fil[ɔ]ʒenɨzɨ	fil[u]ʒenɨzɨ	0
filogénese	filɔʒɛnɨzɨ	filuʒɛnɨzɨ	fil[ɔ]ʒɛnɨzɨ	fil[u]ʒɛnɨzɨ	0
filogenesia	filɔʒɨnɨziɐ	filuʒenɨziɐ	fil[ɔ]ʒ[ɨ]nɨziɐ	fil[u]ʒ[e]nɨziɐ	0
filogenético	filɔʒɨnɛtiku	filuʒɨnɛtiku	fil[ɔ]ʒɨnɛtiku	fil[u]ʒɨnɛtiku	0
filogenia	filɔʒɨniɐ	filuʒɨniɐ	fil[ɔ]ʒɨniɐ	fil[u]ʒɨniɐ	0
filogenitura	filɔʒɨniturɐ	filuʒeniturɐ	fil[ɔ]ʒ[ɨ]niturɐ	fil[u]ʒ[e]niturɐ	0
filoginia	filɔʒiniɐ	filuʒiniɐ	fil[ɔ]ʒiniɐ	fil[u]ʒiniɐ	0
filogínico	filɔʒiniku	filuʒiniku	fil[ɔ]ʒiniku	fil[u]ʒiniku	0
filoprogenitivo	filɔpruʒɨnitivu	filupruʒɨnitivu	fil[ɔ]pruʒɨnitivu	fil[u]pruʒɨnitivu	0
filoptosia	filɔptuziɐ	filuptuziɐ	fil[ɔ]ptuziɐ	fil[u]ptuziɐ	0
filossomo	filɔsomu	filusomu	fil[ɔ]somu	fil[u]somu	0
filotáctico	filɔtaktiku	filutatiku	fil[ɔ]ta[k]tiku	fil[u]ta[]tiku	0
filotático	filɔtatiku	filutatiku	fil[ɔ]tatiku	fil[u]tatiku	0
filotaxia	filɔtaksiɐ	filutɐksiɐ	fil[ɔ]t[a]ksiɐ	fil[u]t[ɐ]ksiɐ	0
filotecnia	filɔtɛkniɐ	filutɛkniɐ	fil[ɔ]tɛkniɐ	fil[u]tɛkniɐ	0
filotécnico	filɔtɛkniku	filutɛkniku	fil[ɔ]tɛkniku	fil[u]tɛkniku	0
filotimia	filɔtimiɐ	filutimiɐ	fil[ɔ]timiɐ	fil[u]timiɐ	0
filotímico	filɔtimiku	filutimiku	fil[ɔ]timiku	fil[u]timiku	0
filotraqueia	filɔtrɐkɐjɐ	filutrɐkejɐ	fil[ɔ]trɐk[ɐ]jɐ	fil[u]trɐk[e]jɐ	0
filotraquéia	filɔtrɐkɐjɐ	filutrɐkɛjɐ	fil[ɔ]trɐk[ɐ]jɐ	fil[u]trɐk[ɛ]jɐ	0
filoxantina	filɔksɐ̃tinɐ	filuksɐ̃ntinɐ	fil[ɔ]ksɐ̃[]tinɐ	fil[u]ksɐ̃[n]tinɐ	0
filoxerado	filɔksɨradu	filuksɨradu	fil[ɔ]ksɨradu	fil[u]ksɨradu	0
filoxera	filɔksɛrɐ	filukserɐ	fil[ɔ]ks[ɛ]rɐ	fil[u]ks[e]rɐ	0
filoxerar	filɔksɨrar	filuksɨrar	fil[ɔ]ksɨrar	fil[u]ksɨrar	0
filoxericida	filɔksɛrisidɐ	filukserisidɐ	fil[ɔ]ks[ɛ]risidɐ	fil[u]ks[e]risidɐ	0
filoxérico	filɔksɛriku	filuksɛriku	fil[ɔ]ksɛriku	fil[u]ksɛriku	0
fino-russo	finɔʀusu	finuʀusu	fin[ɔ]ʀusu	fin[u]ʀusu	0
fino-soviético	finɔsuvjɛtiku	finusuvjɛtiku	fin[ɔ]suvjɛtiku	fin[u]suvjɛtiku	0
fino-ugriano	finɔuɡrjɐnu	finuuɡriɐ̃nu	fin[ɔ]uɡr[j]ɐ[]nu	fin[u]uɡr[i]ɐ[̃]nu	0
fino-úgrico	finɔuɡriku	finuuɡriku	fin[ɔ]uɡriku	fin[u]uɡriku	0
físico-química	fizikɔkimikɐ	fizikukimikɐ	fizik[ɔ]kimikɐ	fizik[u]kimikɐ	0
físico-químico	fizikɔkimiku	fizikukimiku	fizik[ɔ]kimiku	fizik[u]kimiku	0
fisicoterapia	fizikɔtɨrɐpiɐ	fizikutɨrɐpiɐ	fizik[ɔ]tɨrɐpiɐ	fizik[u]tɨrɐpiɐ	0
fisiocracia	fizjɔkrɐsiɐ	fiziukrɐsiɐ	fizj[ɔ]krɐsiɐ	fizi[u]krɐsiɐ	0
fisiocrata	fizjɔkratɐ	fiziukratɐ	fizj[ɔ]kratɐ	fizi[u]kratɐ	0
fisiocrático	fizjɔkratiku	fiziukratiku	fizj[ɔ]kratiku	fizi[u]kratiku	0
fisiocratismo	fizjɔkrɐtiʒmu	fiziukrɐtiʒmu	fizj[ɔ]krɐtiʒmu	fizi[u]krɐtiʒmu	0
fisiogênese	fizjɔʒenɨzɨ	fiziuʒenɨzɨ	fizj[ɔ]ʒenɨzɨ	fizi[u]ʒenɨzɨ	0
fisiogénese	fizjɔʒɛnɨzɨ	fiziuʒɛnɨzɨ	fizj[ɔ]ʒɛnɨzɨ	fizi[u]ʒɛnɨzɨ	0
fisiogenia	fizjɔʒɨniɐ	fiziuʒɨniɐ	fizj[ɔ]ʒɨniɐ	fizi[u]ʒɨniɐ	0
fisiogênico	fizjɔʒeniku	fiziuʒeniku	fizj[ɔ]ʒeniku	fizi[u]ʒeniku	0
fisiogénico	fizjɔʒɛniku	fiziuʒɛniku	fizj[ɔ]ʒɛniku	fizi[u]ʒɛniku	0
fisiognomonia	fizjɔɡnumuniɐ	fiziuɡnumuniɐ	fizj[ɔ]ɡnumuniɐ	fizi[u]ɡnumuniɐ	0
fisiognomônico	fizjɔɡnumoniku	fiziuɡnumoniku	fizj[ɔ]ɡnumoniku	fizi[u]ɡnumoniku	0
fisiognomónico	fizjɔɡnumɔniku	fiziuɡnumɔniku	fizj[ɔ]ɡnumɔniku	fizi[u]ɡnumɔniku	0
fisiognomonista	fizjɔɡnumuniʃtɐ	fiziuɡnumuniʃtɐ	fizj[ɔ]ɡnumuniʃtɐ	fizi[u]ɡnumuniʃtɐ	0
fisiopatia	fizjɔpɐtiɐ	fiziupɐtiɐ	fizj[ɔ]pɐtiɐ	fizi[u]pɐtiɐ	0
fisiopático	fizjɔpatiku	fiziupatiku	fizj[ɔ]patiku	fizi[u]patiku	0
fisiopatologia	fizjɔpɐtuluʒiɐ	fiziupɐtuluʒiɐ	fizj[ɔ]pɐtuluʒiɐ	fizi[u]pɐtuluʒiɐ	0
fisiopatológico	fizjɔpɐtulɔʒiku	fiziupɐtulɔʒiku	fizj[ɔ]pɐtulɔʒiku	fizi[u]pɐtulɔʒiku	0
fisioplástico	fizjɔplaʃtiku	fiziuplaʃtiku	fizj[ɔ]plaʃtiku	fizi[u]plaʃtiku	0
fisiopsicologia	fisjɔpsikuluʒiɐ	fiziupsikuluʒiɐ	fisj[ɔ]psikuluʒiɐ	fizi[u]psikuluʒiɐ	0
fisiopsicológico	fizjɔpsikulɔʒiku	fiziupsikulɔʒiku	fizj[ɔ]psikulɔʒiku	fizi[u]psikulɔʒiku	0
fisiopsicologista	fizjɔpsikuluʒiʃtɐ	fiziupsikuluʒiʃtɐ	fizj[ɔ]psikuluʒiʃtɐ	fizi[u]psikuluʒiʃtɐ	0
fisiopsicólogo	fizjɔpsikɔluɡu	fiziupsikɔluɡu	fizj[ɔ]psikɔluɡu	fizi[u]psikɔluɡu	0
fisioterapeuta	fizjɔtɨrɐpewtɐ	fiziutɨrɐpewtɐ	fizj[ɔ]tɨrɐpewtɐ	fizi[u]tɨrɐpewtɐ	0
fisioterapêutico	fizjɔtɨrɐpewtiku	fiziutɨrɐpewtiku	fizj[ɔ]tɨrɐpewtiku	fizi[u]tɨrɐpewtiku	0
fisioterapia	fizjɔtɨrɐpiɐ	fiziutɨrɐpiɐ	fizj[ɔ]tɨrɐpiɐ	fizi[u]tɨrɐpiɐ	0
fisioterápico	fizjɔtɨrapiku	fiziutɨrapiku	fizj[ɔ]tɨrapiku	fizi[u]tɨrapiku	0
fisoclistos	fizɔkliʃtuʃ	fizukliʃtuʃ	fiz[ɔ]kliʃtuʃ	fiz[u]kliʃtuʃ	0
fisometria	fizɔmɨtriɐ	fizumɨtriɐ	fiz[ɔ]mɨtriɐ	fiz[u]mɨtriɐ	0
fisométrico	fizɔmɛtriku	fizumɛtriku	fiz[ɔ]mɛtriku	fiz[u]mɛtriku	0
fisostigma	fizɔʃtiɡmɐ	fizuʃtiɡmɐ	fiz[ɔ]ʃtiɡmɐ	fiz[u]ʃtiɡmɐ	0
fitobiologia	fitɔbjuluʒiɐ	fitubiuluʒiɐ	fit[ɔ]b[j]uluʒiɐ	fit[u]b[i]uluʒiɐ	0
fitobiológico	fitɔbjulɔʒiku	fitubiulɔʒiku	fit[ɔ]b[j]ulɔʒiku	fit[u]b[i]ulɔʒiku	0
fitocecídia	fitɔsɨsidjɐ	fitusɨsidjɐ	fit[ɔ]sɨsidjɐ	fit[u]sɨsidjɐ	0
fitoclorina	fitɔklurinɐ	fituklurinɐ	fit[ɔ]klurinɐ	fit[u]klurinɐ	0
fitofagia	fitɔfɐʒiɐ	fitufɐʒiɐ	fit[ɔ]fɐʒiɐ	fit[u]fɐʒiɐ	0
fitofágico	fitɔfaʒiku	fitufaʒiku	fit[ɔ]faʒiku	fit[u]faʒiku	0
fitofarmacêutico	fitɔfɐrmɐsewtiku	fitufɐrmɐsewtiku	fit[ɔ]fɐrmɐsewtiku	fit[u]fɐrmɐsewtiku	0
fitofármaco	fitɔfarmɐku	fitufarmɐku	fit[ɔ]farmɐku	fit[u]farmɐku	0
fitofisiologia	fitɔfizjuluʒiɐ	fitufiziuluʒiɐ	fit[ɔ]fiz[j]uluʒiɐ	fit[u]fiz[i]uluʒiɐ	0
fitofisiológico	fitɔfizjulɔʒiku	fitufiziulɔʒiku	fit[ɔ]fiz[j]ulɔʒiku	fit[u]fiz[i]ulɔʒiku	0
fitogêneo	fitɔʒenju	fituʒeniw	fit[ɔ]ʒenj[u]	fit[u]ʒeni[w]	0
fitogéneo	fitɔʒɛnju	fituʒɛniw	fit[ɔ]ʒɛnj[u]	fit[u]ʒɛni[w]	0
fitogênese	fitɔʒenɨzɨ	fituʒenɨzɨ	fit[ɔ]ʒenɨzɨ	fit[u]ʒenɨzɨ	0
fitogénese	fitɔʒɛnɨzɨ	fituʒɛnɨzɨ	fit[ɔ]ʒɛnɨzɨ	fit[u]ʒɛnɨzɨ	0
fitogenia	fitɔʒɨniɐ	fituʒɨniɐ	fit[ɔ]ʒɨniɐ	fit[u]ʒɨniɐ	0
fitogênico	fitɔʒeniku	fituʒeniku	fit[ɔ]ʒeniku	fit[u]ʒeniku	0
fitogénico	fitɔʒɛniku	fituʒɛniku	fit[ɔ]ʒɛniku	fit[u]ʒɛniku	0
fitogeografia	fitɔʒjuɡrɐfiɐ	fituʒiuɡrɐfiɐ	fit[ɔ]ʒ[j]uɡrɐfiɐ	fit[u]ʒ[i]uɡrɐfiɐ	0
fitogeográfico	fitɔʒjuɡrafiku	fituʒiuɡrafiku	fit[ɔ]ʒ[j]uɡrafiku	fit[u]ʒ[i]uɡrafiku	0
fitolacáceas	fitɔlɐkasjɐʃ	fitulɐkasiɐʃ	fit[ɔ]lɐkas[j]ɐʃ	fit[u]lɐkas[i]ɐʃ	0
fitolaca	fitɔlakɐ	fitulakɐ	fit[ɔ]lakɐ	fit[u]lakɐ	0
fitoparasita	fitɔpɐrɐzitɐ	fitupɐrɐzitɐ	fit[ɔ]pɐrɐzitɐ	fit[u]pɐrɐzitɐ	0
fitoparasito	fitɔpɐrɐzitu	fitupɐrɐzitu	fit[ɔ]pɐrɐzitu	fit[u]pɐrɐzitu	0
fitopatologia	fitɔpɐtuluʒiɐ	fitupɐtuluʒiɐ	fit[ɔ]pɐtuluʒiɐ	fit[u]pɐtuluʒiɐ	0
fitopatológico	fitɔpɐtulɔʒiku	fitupɐtulɔʒiku	fit[ɔ]pɐtulɔʒiku	fit[u]pɐtulɔʒiku	0
fitoplancto	fitɔplɐ̃ktu	fituplɐ̃nktu	fit[ɔ]plɐ̃[]ktu	fit[u]plɐ̃[n]ktu	0
fitoplâncton	fitɔplɐ̃ktɔn	fituplɐ̃nktõm	fit[ɔ]plɐ̃[]ktɔn[]	fit[u]plɐ̃[n]ktõ[m]	0
fitoquímica	fitɔkimikɐ	fitukimikɐ	fit[ɔ]kimikɐ	fit[u]kimikɐ	0
fitossanidade	fitɔsɐnidadɨ	fitusɐnidadɨ	fit[ɔ]sɐnidadɨ	fit[u]sɐnidadɨ	0
fitossanitário	fitɔsɐnitarju	fitusɐnitarju	fit[ɔ]sɐnitarju	fit[u]sɐnitarju	0
fitossanitarismo	fitɔsɐnitɐriʒmu	fitusɐnitɐriʒmu	fit[ɔ]sɐnitɐriʒmu	fit[u]sɐnitɐriʒmu	0
fitossanitarista	fitɔsɐnitɐriʃtɐ	fitusɐnitɐriʃtɐ	fit[ɔ]sɐnitɐriʃtɐ	fit[u]sɐnitɐriʃtɐ	0
fitotáctico	fitɔtaktiku	fitutatiku	fit[ɔ]ta[k]tiku	fit[u]ta[]tiku	0
fitotático	fitɔtatiku	fitutatiku	fit[ɔ]tatiku	fit[u]tatiku	0
fitotaxia	fitɔtaksiɐ	fitutɐksiɐ	fit[ɔ]t[a]ksiɐ	fit[u]t[ɐ]ksiɐ	0
fitoteca	fitɔtɛkɐ	fitutɛkɐ	fit[ɔ]tɛkɐ	fit[u]tɛkɐ	0
fitotecnia	fitɔtɛkniɐ	fitutɛkniɐ	fit[ɔ]tɛkniɐ	fit[u]tɛkniɐ	0
fitotécnico	fitɔtɛkniku	fitutɛkniku	fit[ɔ]tɛkniku	fit[u]tɛkniku	0
fitoterapia	fitɔtɨrɐpiɐ	fituterɐpiɐ	fit[ɔ]t[ɨ]rɐpiɐ	fit[u]t[e]rɐpiɐ	0
fitoterápico	fitɔtɨrapiku	fitutɨrapiku	fit[ɔ]tɨrapiku	fit[u]tɨrapiku	0
fitotomia	fitɔtumiɐ	fitutumiɐ	fit[ɔ]tumiɐ	fit[u]tumiɐ	0
fitotrão	fitɔtrɐ̃w̃	fitutrɐ̃w̃	fit[ɔ]trɐ̃w̃	fit[u]trɐ̃w̃	0
fitozoário	fitɔzwarju	fituzuarju	fit[ɔ]z[w]arju	fit[u]z[u]arju	0
fitozoários	fitɔzwarjuʃ	fituzuarɪuʃ	fit[ɔ]z[w]ar[j]uʃ	fit[u]z[u]ar[ɪ]uʃ	0
floconar	flɔkunar	flukunar	fl[ɔ]kunar	fl[u]kunar	0
floculação	flɔkulɐsɐ̃w̃	flukulɐsɐ̃w̃	fl[ɔ]kulɐsɐ̃w̃	fl[u]kulɐsɐ̃w̃	0
flocular	flɔkular	flukular	fl[ɔ]kular	fl[u]kular	0
flogopita	fluɡɔpitɐ	fluɡupitɐ	fluɡ[ɔ]pitɐ	fluɡ[u]pitɐ	0
flogopite	fluɡɔpitɨ	fluɡupitɨ	fluɡ[ɔ]pitɨ	fluɡ[u]pitɨ	0
floromaníaco	flɔrɔmɐniɐku	flurumɐniɐku	fl[ɔ]r[ɔ]mɐniɐku	fl[u]r[u]mɐniɐku	0
floromania	flɔrɔmɐniɐ	flurumɐniɐ	fl[ɔ]r[ɔ]mɐniɐ	fl[u]r[u]mɐniɐ	0
flosculoso	flɔʃkulozu	fluʃkulozu	fl[ɔ]ʃkulozu	fl[u]ʃkulozu	0
fluofosfato	flwɔfuʃfatu	fluufuʃfatu	flw[ɔ]fuʃfatu	flu[u]fuʃfatu	0
flúor	fluɔr	fluur	flu[ɔ]r	flu[u]r	0
fluossilicato	flwɔsilikatu	fluusilikatu	flw[ɔ]silikatu	flu[u]silikatu	0
fluossilícico	flwɔsilisiku	fluusilisiku	flw[ɔ]silisiku	flu[u]silisiku	0
fluvioglaciário	fluvjɔɡlɐsjarju	fluviuɡlɐsiarju	fluvj[ɔ]ɡlɐs[j]arju	fluvi[u]ɡlɐs[i]arju	0
fluviomaré	fluvjɔmɐrɛ	fluviumɐrɛ	fluvj[ɔ]mɐrɛ	fluvi[u]mɐrɛ	0
fluxograma	fluksɔɡrɐmɐ	fluksuɡrɐ̃mɐ	fluks[ɔ]ɡrɐ[]mɐ	fluks[u]ɡrɐ[̃]mɐ	0
fluxometria	fluksɔmɨtriɐ	fluksumɨtriɐ	fluks[ɔ]mɨtriɐ	fluks[u]mɨtriɐ	0
fobofobia	fubɔfubiɐ	fubufubiɐ	fub[ɔ]fubiɐ	fub[u]fubiɐ	0
focomelia	fɔkɔmɨliɐ	fukumɨliɐ	f[ɔ]k[ɔ]mɨliɐ	f[u]k[u]mɨliɐ	0
focômelo	fɔkomɨlu	fukomɨlu	f[ɔ]komɨlu	f[u]komɨlu	0
focómelo	fɔkɔmɨlu	fukɔmɨlu	f[ɔ]kɔmɨlu	f[u]kɔmɨlu	0
focometria	fɔkɔmɨtriɐ	fukumɨtriɐ	f[ɔ]k[ɔ]mɨtriɐ	f[u]k[u]mɨtriɐ	0
fofoca	fɔfɔkɐ	fufɔkɐ	f[ɔ]fɔkɐ	f[u]fɔkɐ	0
fofocar	fɔfɔkar	fufukar	f[ɔ]f[ɔ]kar	f[u]f[u]kar	0
fofoqueiro	fɔfɔkɐjru	fufukɐjru	f[ɔ]f[ɔ]kɐjru	f[u]f[u]kɐjru	0
fogafoga	fɔɡɐfɔɡɐ	fuɡɐfɔɡɐ	f[ɔ]ɡɐfɔɡɐ	f[u]ɡɐfɔɡɐ	0
folclore	fɔɫklɔrɨ	fuɫklɔrɨ	f[ɔ]ɫklɔrɨ	f[u]ɫklɔrɨ	0
folclórico	fɔɫklɔriku	fuɫklɔriku	f[ɔ]ɫklɔriku	f[u]ɫklɔriku	0
folclorismo	fɔɫkluriʒmu	fuɫkluriʒmu	f[ɔ]ɫkluriʒmu	f[u]ɫkluriʒmu	0
folclorista	fɔɫkluriʃtɐ	fuɫkluriʃtɐ	f[ɔ]ɫkluriʃtɐ	f[u]ɫkluriʃtɐ	0
folclorístico	fɔɫkluriʃtiku	fuɫkluriʃtiku	f[ɔ]ɫkluriʃtiku	f[u]ɫkluriʃtiku	0
fomenica	fɔmɨnikɐ	fumɨnikɐ	f[ɔ]mɨnikɐ	f[u]mɨnikɐ	0
foneblogue	fɔnɨblɔɡɨ	funɨblɔɡɨ	f[ɔ]nɨblɔɡɨ	f[u]nɨblɔɡɨ	0
fonidoscópio	fɔnidɔʃkɔpju	funiduʃkɔpju	f[ɔ]nid[ɔ]ʃkɔpju	f[u]nid[u]ʃkɔpju	0
fonocâmptico	fɔnokɐ̃ptiku	funukɐ̃mptiku	f[ɔ]n[o]kɐ̃[]ptiku	f[u]n[u]kɐ̃[m]ptiku	0
fonocardiografia	fɔnɔkardjuɡrɐfiɐ	funukɐrdjuɡrɐfiɐ	f[ɔ]n[ɔ]k[a]rdjuɡrɐfiɐ	f[u]n[u]k[ɐ]rdjuɡrɐfiɐ	0
fonocardiográfico	fɔnɔkardjuɡrafiku	funukɐrdjuɡrafiku	f[ɔ]n[ɔ]k[a]rdjuɡrafiku	f[u]n[u]k[ɐ]rdjuɡrafiku	0
fonocardiógrafo	fɔnɔkɐrdjɔɡrɐfu	funukɐrdiɔɡrɐfu	f[ɔ]n[ɔ]kɐrd[j]ɔɡrɐfu	f[u]n[u]kɐrd[i]ɔɡrɐfu	0
fonocardiograma	fɔnɔkardjuɡrɐmɐ	funukɐrdjuɡrɐ̃mɐ	f[ɔ]n[ɔ]k[a]rdjuɡrɐ[]mɐ	f[u]n[u]k[ɐ]rdjuɡrɐ[̃]mɐ	0
fonocinematografia	fɔnɔsinɨmɐtuɡrɐfiɐ	funusinɨmɐtuɡrɐfiɐ	f[ɔ]n[ɔ]sinɨmɐtuɡrɐfiɐ	f[u]n[u]sinɨmɐtuɡrɐfiɐ	0
fonocinematográfico	fɔnɔsinɨmɐtuɡrafiku	funusinɨmɐtuɡrafiku	f[ɔ]n[ɔ]sinɨmɐtuɡrafiku	f[u]n[u]sinɨmɐtuɡrafiku	0
fonofilme	fɔnɔfiɫmɨ	funufiɫmɨ	f[ɔ]n[ɔ]fiɫmɨ	f[u]n[u]fiɫmɨ	0
fonofobia	fɔnɔfubiɐ	funufubiɐ	f[ɔ]n[ɔ]fubiɐ	f[u]n[u]fubiɐ	0
fonograma	fɔnɔɡrɐmɐ	funuɡrɐ̃mɐ	f[ɔ]n[ɔ]ɡrɐ[]mɐ	f[u]n[u]ɡrɐ[̃]mɐ	0
fonoidoscópio	fɔnɔidɔʃkɔpju	funojduʃkɔpju	f[ɔ]nɔ[i]d[ɔ]ʃkɔpju	f[u]no[j]d[u]ʃkɔpju	0
fonometria	fɔnɔmɨtriɐ	funumɨtriɐ	f[ɔ]n[ɔ]mɨtriɐ	f[u]n[u]mɨtriɐ	0
fonorreceptor	fɔnɔʀɨsɛptor	funuʀesɨptor	f[ɔ]n[ɔ]ʀ[ɨ]s[ɛ]ptor	f[u]n[u]ʀ[e]s[ɨ]ptor	0
fonorrecetor	fɔnɔʀɨsɛtor	funuʀesɨtor	f[ɔ]n[ɔ]ʀ[ɨ]s[ɛ]tor	f[u]n[u]ʀ[e]s[ɨ]tor	0
fonospasmo	fɔnɔʃpaʒmu	funuʃpaʒmu	f[ɔ]n[ɔ]ʃpaʒmu	f[u]n[u]ʃpaʒmu	0
fonoteca	fɔnɔtɛkɐ	funutɛkɐ	f[ɔ]n[ɔ]tɛkɐ	f[u]n[u]tɛkɐ	0
forcipressão	fɔrsiprɨsɐ̃w̃	fursiprɨsɐ̃w̃	f[ɔ]rsiprɨsɐ̃w̃	f[u]rsiprɨsɐ̃w̃	0
forint	fɔrĩt	furĩnt	f[ɔ]rĩt[]	f[u]rĩn[t]	0
forrobodó	fɔʀɔbɔdɔ	fuʀubudɔ	f[ɔ]ʀ[ɔ]b[ɔ]dɔ	f[u]ʀ[u]b[u]dɔ	0
forró	fɔʀɔ	fuʀɔ	f[ɔ]ʀɔ	f[u]ʀɔ	0
fosfoglicérico	fɔʃfɔɡlisɛriku	fuʃfuɡlisɛriku	f[ɔ]ʃf[ɔ]ɡlisɛriku	f[u]ʃf[u]ɡlisɛriku	0
fosfolipídeo	fɔʃfɔlipidju	fuʃfulipidiw	f[ɔ]ʃf[ɔ]lipidj[u]	f[u]ʃf[u]lipidi[w]	0
fosfolipídico	fɔʃfɔlipidiku	fuʃfulipidiku	f[ɔ]ʃf[ɔ]lipidiku	f[u]ʃf[u]lipidiku	0
fosfolipídio	fɔʃfɔlipidju	fuʃfulipidju	f[ɔ]ʃf[ɔ]lipidju	f[u]ʃf[u]lipidju	0
fosfoproteína	fɔʃfɔprɔtɐinɐ	fuʃfuprutɨinɐ	f[ɔ]ʃf[ɔ]pr[ɔ]t[ɐ]inɐ	f[u]ʃf[u]pr[u]t[ɨ]inɐ	0
fosforogêneo	fuʃfurɔʒenju	fuʃfuruʒeniw	fuʃfur[ɔ]ʒenj[u]	fuʃfur[u]ʒeni[w]	0
fosforogéneo	fuʃfurɔʒɛnju	fuʃfuruʒɛniw	fuʃfur[ɔ]ʒɛnj[u]	fuʃfur[u]ʒɛni[w]	0
fosquinha	fɔʃkiɲɐ	fuʃkiɲɐ	f[ɔ]ʃkiɲɐ	f[u]ʃkiɲɐ	0
fosquista	fɔʃkiʃtɐ	fuʃkiʃtɐ	f[ɔ]ʃkiʃtɐ	f[u]ʃkiʃtɐ	0
fotã	fɔtɐ̃	futɐ̃	f[ɔ]tɐ̃	f[u]tɐ̃	0
fotalgia	fɔtaɫʒiɐ	futaɫʒiɐ	f[ɔ]taɫʒiɐ	f[u]taɫʒiɐ	0
fotão	fɔtɐ̃w̃	futɐ̃w̃	f[ɔ]tɐ̃w̃	f[u]tɐ̃w̃	0
fotelectrão	fɔtilɛtrɐ̃w̃	futɨlɛtrɐ̃w̃	f[ɔ]t[i]lɛtrɐ̃w̃	f[u]t[ɨ]lɛtrɐ̃w̃	0
foteléctrico	fɔtilɛtriku	futɨlɛtriku	f[ɔ]t[i]lɛtriku	f[u]t[ɨ]lɛtriku	0
foteléctron	fɔtilɛktrɔn	futɨlɛtrõm	f[ɔ]t[i]lɛ[k]trɔn[]	f[u]t[ɨ]lɛ[]trõ[m]	0
foteletrão	fɔtilɛtrɐ̃w̃	futɨlɨtrɐ̃w̃	f[ɔ]t[i]l[ɛ]trɐ̃w̃	f[u]t[ɨ]l[ɨ]trɐ̃w̃	0
fotelétrico	fɔtilɛtriku	futɨlɛtriku	f[ɔ]t[i]lɛtriku	f[u]t[ɨ]lɛtriku	0
fotelétron	fɔtilɛtrɔn	futɨlɛtrõm	f[ɔ]t[i]lɛtrɔn[]	f[u]t[ɨ]lɛtrõ[m]	0
fotismo	fɔtiʒmu	futiʒmu	f[ɔ]tiʒmu	f[u]tiʒmu	0
fotobiografia	fɔtɔbjuɡrɐfiɐ	futubiuɡrɐfiɐ	f[ɔ]t[ɔ]b[j]uɡrɐfiɐ	f[u]t[u]b[i]uɡrɐfiɐ	0
fotobiologia	fɔtɔbjuluʒiɐ	futubiuluʒiɐ	f[ɔ]t[ɔ]b[j]uluʒiɐ	f[u]t[u]b[i]uluʒiɐ	0
fotobiológico	fɔtɔbjulɔʒiku	futubiulɔʒiku	f[ɔ]t[ɔ]b[j]ulɔʒiku	f[u]t[u]b[i]ulɔʒiku	0
fotocartografia	fɔtɔkɐrtuɡrɐfiɐ	futukɐrtuɡrɐfiɐ	f[ɔ]t[ɔ]kɐrtuɡrɐfiɐ	f[u]t[u]kɐrtuɡrɐfiɐ	0
fotocerâmica	fɔtɔsɨrɐmikɐ	futusɨrɐ̃mikɐ	f[ɔ]t[ɔ]sɨrɐ[]mikɐ	f[u]t[u]sɨrɐ[̃]mikɐ	0
fotocinese	fɔtɔsinɛzɨ	futusinɛzɨ	f[ɔ]t[ɔ]sinɛzɨ	f[u]t[u]sinɛzɨ	0
fotocisão	fɔtɔsizɐ̃w̃	futusizɐ̃w̃	f[ɔ]t[ɔ]sizɐ̃w̃	f[u]t[u]sizɐ̃w̃	0
fotocolografia	fɔtɔkuluɡrɐfia	futukuluɡrɐfiɐ	f[ɔ]t[ɔ]kuluɡrɐfi[a]	f[u]t[u]kuluɡrɐfi[ɐ]	0
fotocolográfico	fɔtɔkuluɡrafiku	futukuluɡrafiku	f[ɔ]t[ɔ]kuluɡrafiku	f[u]t[u]kuluɡrafiku	0
fotocolorímetro	fɔtɔkulurimɨtru	futukulurimɨtru	f[ɔ]t[ɔ]kulurimɨtru	f[u]t[u]kulurimɨtru	0
fotocompor	fɔtɔkõpor	futukõmpor	f[ɔ]t[ɔ]kõpor[]	f[u]t[u]kõmpo[r]	0
fotocomposição	fɔtɔkõpuzisɐ̃w̃	futukõmpuzisɐ̃w̃	f[ɔ]t[ɔ]kõpuzisɐ̃[w]̃[]	f[u]t[u]kõmpuzis[ɐ]̃w[̃]	0
fotocompositora	fɔtɔkõpuzitorɐ	futukõmpuzitorɐ	f[ɔ]t[ɔ]kõpuzitorɐ[]	f[u]t[u]kõmpuzitor[ɐ]	0
fotocompositor	fɔtɔkõpuzitor	futukõmpuzitor	f[ɔ]t[ɔ]kõpuzitor[]	f[u]t[u]kõmpuzito[r]	0
fotocondutividade	fɔtɔkõdutividadɨ	futukõndutividadɨ	f[ɔ]t[ɔ]kõduti[v]id[a]dɨ[]	f[u]t[u]kõndu[t]iv[i]dad[ɨ]	0
fotocondutivo	fɔtɔkõdutivu	futukõndutivu	f[ɔ]t[ɔ]kõdutivu[]	f[u]t[u]kõndutiv[u]	0
fotocondutor	fɔtɔkõdutor	futukõndutor	f[ɔ]t[ɔ]kõdutor[]	f[u]t[u]kõnduto[r]	0
fotocopiadora	fɔtɔkupjɐdorɐ	futukupiɐdorɐ	f[ɔ]t[ɔ]kup[j]ɐdorɐ	f[u]t[u]kup[i]ɐdorɐ	0
fotocópia	fɔtɔkɔpjɐ	futukɔpjɐ	f[ɔ]t[ɔ]kɔpjɐ	f[u]t[u]kɔpjɐ	0
fotocopiar	fɔtɔkupjar	futukupiar	f[ɔ]t[ɔ]kup[j]ar	f[u]t[u]kup[i]ar	0
fotocopista	fɔtɔkupiʃtɐ	futukupiʃtɐ	f[ɔ]t[ɔ]kupiʃtɐ	f[u]t[u]kupiʃtɐ	0
fotocromático	fɔtɔkrumatiku	futukrumatiku	f[ɔ]t[ɔ]krumatiku	f[u]t[u]krumatiku	0
fotocromia	fɔtɔkrumiɐ	futukrumiɐ	f[ɔ]t[ɔ]krumiɐ	f[u]t[u]krumiɐ	0
fotocrômico	fɔtɔkromiku	futukromiku	f[ɔ]t[ɔ]kromiku	f[u]t[u]kromiku	0
fotocrómico	fɔtɔkrɔmiku	futukrɔmiku	f[ɔ]t[ɔ]krɔmiku	f[u]t[u]krɔmiku	0
fotodecomposição	fɔtɔdɨkõpuzisɐ̃w̃	futudɨkõmpuzisɐ̃w̃	f[ɔ]t[ɔ]dɨkõpuzisɐ̃[w]̃[]	f[u]t[u]dɨkõmpuzis[ɐ]̃w[̃]	0
fotodepilação	fɔtɔdɨpilɐsɐ̃w̃	futudɨpilɐsɐ̃w̃	f[ɔ]t[ɔ]dɨpilɐsɐ̃w̃	f[u]t[u]dɨpilɐsɐ̃w̃	0
fotodermatose	fɔtɔdɛrmɐtɔzɨ	futudɨrmɐtɔzɨ	f[ɔ]t[ɔ]d[ɛ]rmɐtɔzɨ	f[u]t[u]d[ɨ]rmɐtɔzɨ	0
fotodesintegração	fɔtɔdɨzĩtɨɡrɐsɐ̃w̃	futudɨzĩnteɡrɐsɐ̃w̃	f[ɔ]t[ɔ]dɨzĩtɨɡrɐ[s]ɐ̃[w]̃[]	f[u]t[u]dɨzĩnteɡ[r]ɐs[ɐ]̃w[̃]	0
fotodetector	fɔtɔdɨtɛktor	futudɨtɛtor	f[ɔ]t[ɔ]dɨtɛ[k]tor	f[u]t[u]dɨtɛ[]tor	0
fotodetetor	fɔtɔdɨtɛtor	futudɨtɨtor	f[ɔ]t[ɔ]dɨt[ɛ]tor	f[u]t[u]dɨt[ɨ]tor	0
fotodieléctrico	fɔtɔdjilɛtriku	futudiɨlɛtriku	f[ɔ]t[ɔ]d[j]i[]lɛtriku	f[u]t[u]d[]i[ɨ]lɛtriku	0
fotodielétrico	fɔtɔdjilɛtriku	futudiɨlɛtriku	f[ɔ]t[ɔ]d[j]i[]lɛtriku	f[u]t[u]d[]i[ɨ]lɛtriku	0
fotodinâmica	fɔtɔdinɐmikɐ	futudinɐ̃mikɐ	f[ɔ]t[ɔ]dinɐ[]mikɐ	f[u]t[u]dinɐ[̃]mikɐ	0
fotodinâmico	fɔtɔdinɐmiku	futudinɐ̃miku	f[ɔ]t[ɔ]dinɐ[]miku	f[u]t[u]dinɐ[̃]miku	0
fotodinia	fɔtɔdiniɐ	futudiniɐ	f[ɔ]t[ɔ]diniɐ	f[u]t[u]diniɐ	0
fotoelasticidade	fɔtɔilɐʃtisidadɨ	futuelɐʃtisidadɨ	f[ɔ]tɔ[i]lɐʃtisidadɨ	f[u]tu[e]lɐʃtisidadɨ	0
fotoelectrão	fɔtɔilɛtrɐ̃w̃	futuelɛtrɐ̃w̃	f[ɔ]tɔ[i]lɛtrɐ̃w̃	f[u]tu[e]lɛtrɐ̃w̃	0
fotoeléctrico	fɔtɔilɛtriku	futuɨlɛtriku	f[ɔ]tɔ[i]lɛtriku	f[u]tu[ɨ]lɛtriku	0
fotoeléctron	fɔtɔilɛktrɔn	futuɨlɛtrõm	f[ɔ]tɔ[i]lɛ[k]trɔn[]	f[u]tu[ɨ]lɛ[]trõ[m]	0
fotoeletrão	fɔtɔilɛtrɐ̃w̃	futuelɨtrɐ̃w̃	f[ɔ]tɔ[i]l[ɛ]trɐ̃w̃	f[u]tu[e]l[ɨ]trɐ̃w̃	0
fotoelétrico	fɔtɔilɛtriku	futuɨlɛtriku	f[ɔ]tɔ[i]lɛtriku	f[u]tu[ɨ]lɛtriku	0
fotoelétron	fɔtɔilɛtrɔn	futuɨlɛtrõm	f[ɔ]tɔ[i]lɛtrɔn[]	f[u]tu[ɨ]lɛtrõ[m]	0
fotoemissão	fɔtɔimisɐ̃w̃	futuemisɐ̃w̃	f[ɔ]tɔ[i]misɐ̃w̃	f[u]tu[e]misɐ̃w̃	0
fotoemissor	fɔtɔimisor	futuemisor	f[ɔ]tɔ[i]misor	f[u]tu[e]misor	0
fotoenvelhecimento	fɔtɔẽvɨʎɨsimẽtu	futuẽnvɨʎesimẽntu	f[ɔ]tɔẽvɨ[ʎ]ɨsimẽtu[]	f[u]tuẽn[v]ɨʎesimẽnt[u]	0
fotoepilação	fɔtɔepilɐsɐ̃w̃	futuepilɐsɐ̃w̃	f[ɔ]t[ɔ]epilɐsɐ̃w̃	f[u]t[u]epilɐsɐ̃w̃	0
fotofobia	fɔtɔfubiɐ	futufubiɐ	f[ɔ]t[ɔ]fubiɐ	f[u]t[u]fubiɐ	0
fotofóbico	fɔtɔfɔbiku	futufɔbiku	f[ɔ]t[ɔ]fɔbiku	f[u]t[u]fɔbiku	0
fotofosforilação	fɔtɔfuʃfurilɐsɐ̃w̃	futufuʃfurilɐsɐ̃w̃	f[ɔ]t[ɔ]fuʃfurilɐsɐ̃w̃	f[u]t[u]fuʃfurilɐsɐ̃w̃	0
foto	fɔtɔ	fɔtu	fɔt[ɔ]	fɔt[u]	0
fotogaleria	fɔtɔɡɐlɨriɐ	futuɡɐlɨriɐ	f[ɔ]t[ɔ]ɡɐlɨriɐ	f[u]t[u]ɡɐlɨriɐ	0
fotogênese	fɔtɔʒenɨzɨ	futuʒenɨzɨ	f[ɔ]t[ɔ]ʒenɨzɨ	f[u]t[u]ʒenɨzɨ	0
fotogénese	fɔtɔʒɛnɨzɨ	futuʒɛnɨzɨ	f[ɔ]t[ɔ]ʒɛnɨzɨ	f[u]t[u]ʒɛnɨzɨ	0
fotogenia	fɔtɔʒɨniɐ	futuʒɨniɐ	f[ɔ]t[ɔ]ʒɨniɐ	f[u]t[u]ʒɨniɐ	0
fotogênico	fɔtɔʒeniku	futuʒeniku	f[ɔ]t[ɔ]ʒeniku	f[u]t[u]ʒeniku	0
fotogénico	fɔtɔʒɛniku	futuʒɛniku	f[ɔ]t[ɔ]ʒɛniku	f[u]t[u]ʒɛniku	0
fotógeno	fɔtɔʒɨnu	futɔʒɨnu	f[ɔ]tɔʒɨnu	f[u]tɔʒɨnu	0
fotogeologia	fɔtɔʒjuluʒiɐ	futuʒiuluʒiɐ	f[ɔ]t[ɔ]ʒ[j]uluʒiɐ	f[u]t[u]ʒ[i]uluʒiɐ	0
fotogeológico	fɔtɔʒjulɔʒiku	futuʒiulɔʒiku	f[ɔ]t[ɔ]ʒ[j]ulɔʒiku	f[u]t[u]ʒ[i]ulɔʒiku	0
fotogeólogo	fɔtɔʒjɔluɡu	futuʒɨɔluɡu	f[ɔ]t[ɔ]ʒ[j]ɔluɡu	f[u]t[u]ʒ[ɨ]ɔluɡu	0
fotograma	fɔtɔɡrɐmɐ	futuɡrɐ̃mɐ	f[ɔ]t[ɔ]ɡrɐ[]mɐ	f[u]t[u]ɡrɐ[̃]mɐ	0
fotogrametria	fɔtɔɡrɐmɨtriɐ	futuɡrɐmɨtriɐ	f[ɔ]t[ɔ]ɡrɐmɨtriɐ	f[u]t[u]ɡrɐmɨtriɐ	0
fotogramétrico	fɔtɔɡrɐmɛtriku	futuɡrɐmɛtriku	f[ɔ]t[ɔ]ɡrɐmɛtriku	f[u]t[u]ɡrɐmɛtriku	0
fotogravador	fɔtɔɡrɐvɐdor	futuɡrɐvɐdor	f[ɔ]t[ɔ]ɡrɐvɐdor	f[u]t[u]ɡrɐvɐdor	0
fotogravar	fɔtɔɡrɐvar	futuɡrɐvar	f[ɔ]t[ɔ]ɡrɐvar	f[u]t[u]ɡrɐvar	0
fotogravura	fɔtɔɡrɐvurɐ	futuɡrɐvurɐ	f[ɔ]t[ɔ]ɡrɐvurɐ	f[u]t[u]ɡrɐvurɐ	0
fotointerpretação	fɔtɔĩtɨrprɨtɐsɐ̃w̃	futuĩntɨrpretɐsɐ̃w̃	f[ɔ]tɔĩtɨr[p]rɨtɐ[s]ɐ̃[w]̃[]	f[u]tuĩnt[ɨ]rpre[t]ɐs[ɐ]̃w[̃]	0
fotoionização	fɔtɔiunizɐsɐ̃w̃	futujunizɐsɐ̃w̃	f[ɔ]tɔ[i]unizɐsɐ̃w̃	f[u]tu[j]unizɐsɐ̃w̃	0
fotojornalismo	fɔtɔjurnɐliʒmu	futuʒurnɐliʒmu	f[ɔ]tɔ[j]urnɐliʒmu	f[u]tu[ʒ]urnɐliʒmu	0
fotojornalista	fɔtɔʒurnɐliʃtɐ	futuʒurnɐliʃtɐ	f[ɔ]t[ɔ]ʒurnɐliʃtɐ	f[u]t[u]ʒurnɐliʃtɐ	0
fotojornalístico	fɔtɔʒurnɐliʃtiku	futuʒurnɐliʃtiku	f[ɔ]t[ɔ]ʒurnɐliʃtiku	f[u]t[u]ʒurnɐliʃtiku	0
fotolesão	fɔtɔlɨzɐ̃w̃	futulɨzɐ̃w̃	f[ɔ]t[ɔ]lɨzɐ̃w̃	f[u]t[u]lɨzɐ̃w̃	0
fotólise	fɔtɔlizɨ	futɔlizɨ	f[ɔ]tɔlizɨ	f[u]tɔlizɨ	0
fotolitar	fɔtɔlitar	futulitar	f[ɔ]t[ɔ]litar	f[u]t[u]litar	0
fotolítico	fɔtɔlitiku	futulitiku	f[ɔ]t[ɔ]litiku	f[u]t[u]litiku	0
fotolito	fɔtɔlitu	futulitu	f[ɔ]t[ɔ]litu	f[u]t[u]litu	0
fotólito	fɔtɔlitu	futɔlitu	f[ɔ]tɔlitu	f[u]tɔlitu	0
fotolitografar	fɔtɔlituɡrɐfar	futulituɡrɐfar	f[ɔ]t[ɔ]lituɡrɐfar	f[u]t[u]lituɡrɐfar	0
fotolitografia	fɔtɔlituɡrɐfiɐ	futulituɡrɐfiɐ	f[ɔ]t[ɔ]lituɡrɐfiɐ	f[u]t[u]lituɡrɐfiɐ	0
fotolitográfico	fɔtɔlituɡrafiku	futulituɡrafiku	f[ɔ]t[ɔ]lituɡrafiku	f[u]t[u]lituɡrafiku	0
fotolitógrafo	fɔtɔlitɔɡrɐfu	futulitɔɡrɐfu	f[ɔ]t[ɔ]litɔɡrɐfu	f[u]t[u]litɔɡrɐfu	0
fotoluminescência	fɔtɔluminɨʃsẽsjɐ	futuluminɨʃsẽnsjɐ	f[ɔ]t[ɔ]luminɨʃsẽsjɐ[]	f[u]t[u]luminɨʃsẽnsj[ɐ]	0
fotoluminescente	fɔtɔluminɨʃsẽtɨ	futuluminɨʃsẽntɨ	f[ɔ]t[ɔ]luminɨʃsẽtɨ[]	f[u]t[u]luminɨʃsẽnt[ɨ]	0
fotomagnético	fɔtɔmaɡnɛtiku	futumɐɡnɛtiku	f[ɔ]t[ɔ]m[a]ɡnɛtiku	f[u]t[u]m[ɐ]ɡnɛtiku	0
fotomagnetismo	fɔtɔmaɡnɨtiʒmu	futumɐɡnɨtiʒmu	f[ɔ]t[ɔ]m[a]ɡnɨtiʒmu	f[u]t[u]m[ɐ]ɡnɨtiʒmu	0
fotomecânica	fɔtɔmɨkɐnikɐ	futumɨkɐ̃nikɐ	f[ɔ]t[ɔ]mɨkɐ[]nikɐ	f[u]t[u]mɨkɐ[̃]nikɐ	0
fotomecânico	fɔtɔmɨkɐniku	futumɨkɐ̃niku	f[ɔ]t[ɔ]mɨkɐ[]niku	f[u]t[u]mɨkɐ[̃]niku	0
fotomesão	fɔtɔmɨzɐ̃w̃	futumɨzɐ̃w̃	f[ɔ]t[ɔ]mɨzɐ̃w̃	f[u]t[u]mɨzɐ̃w̃	0
fotoméson	fɔtɔmɛzon	futumɛzõm	f[ɔ]t[ɔ]mɛzon[]	f[u]t[u]mɛzõ[m]	0
fotometria	fɔtɔmɨtriɐ	futumɨtriɐ	f[ɔ]t[ɔ]mɨtriɐ	f[u]t[u]mɨtriɐ	0
fotométrico	fɔtɔmɛtriku	futumɛtriku	f[ɔ]t[ɔ]mɛtriku	f[u]t[u]mɛtriku	0
fotomicrografia	fɔtɔmikruɡrɐfiɐ	futumikruɡrɐfiɐ	f[ɔ]t[ɔ]mikruɡrɐfiɐ	f[u]t[u]mikruɡrɐfiɐ	0
fotomicrográfico	fɔtɔmikruɡrafiku	futumikruɡrafiku	f[ɔ]t[ɔ]mikruɡrafiku	f[u]t[u]mikruɡrafiku	0
fotomicrógrafo	fɔtɔmikrɔɡrɐfu	futumikrɔɡrɐfu	f[ɔ]t[ɔ]mikrɔɡrɐfu	f[u]t[u]mikrɔɡrɐfu	0
fotomicroscopia	fɔtɔmikrɔʃkupiɐ	futumikruʃkupiɐ	f[ɔ]t[ɔ]mikr[ɔ]ʃkupiɐ	f[u]t[u]mikr[u]ʃkupiɐ	0
fotomicroscópico	fɔtɔmikrɔʃkɔpiku	futumikruʃkɔpiku	f[ɔ]t[ɔ]mikr[ɔ]ʃkɔpiku	f[u]t[u]mikr[u]ʃkɔpiku	0
fotominiatura	fɔtɔminjɐturɐ	futuminiɐturɐ	f[ɔ]t[ɔ]min[j]ɐturɐ	f[u]t[u]min[i]ɐturɐ	0
fotominiaturista	fɔtɔminjɐturiʃtɐ	futuminiɐturiʃtɐ	f[ɔ]t[ɔ]min[j]ɐturiʃtɐ	f[u]t[u]min[i]ɐturiʃtɐ	0
fotomontagem	fɔtɔmõtaʒɐ̃j̃	futumõntaʒɐjn	f[ɔ]t[ɔ]mõtaʒɐ̃[]j[̃]	f[u]t[u]mõntaʒ[ɐ]j[n]	0
fotomultiplicador	fɔtɔmuɫtiplikɐdor	futumuɫtiplikɐdor	f[ɔ]t[ɔ]muɫtiplikɐdor	f[u]t[u]muɫtiplikɐdor	0
fotoneutrão	fɔtɔnewtrɐ̃w̃	futuneutrɐ̃w̃	f[ɔ]t[ɔ]ne[w]trɐ̃w̃	f[u]t[u]ne[u]trɐ̃w̃	0
fotonosia	fɔtɔnuziɐ	futunuziɐ	f[ɔ]t[ɔ]nuziɐ	f[u]t[u]nuziɐ	0
fotonovela	fɔtɔnuvɛlɐ	futunuvɛlɐ	f[ɔ]t[ɔ]nuvɛlɐ	f[u]t[u]nuvɛlɐ	0
fotonuclear	fɔtɔnukljar	futunukliar	f[ɔ]t[ɔ]nukl[j]ar	f[u]t[u]nukl[i]ar	0
fotoperíodo	fɔtɔpɨriudu	futupɨriwdu	f[ɔ]t[ɔ]pɨri[u]du	f[u]t[u]pɨri[w]du	0
fotopintura	fɔtɔpĩturɐ	futupĩnturɐ	f[ɔ]t[ɔ]pĩturɐ[]	f[u]t[u]pĩntur[ɐ]	0
fotopsia	fɔtɔpsiɐ	futupsiɐ	f[ɔ]t[ɔ]psiɐ	f[u]t[u]psiɐ	0
fotóptico	fɔtɔptiku	futɔptiku	f[ɔ]tɔptiku	f[u]tɔptiku	0
fotoquímica	fɔtɔkimikɐ	futukimikɐ	f[ɔ]t[ɔ]kimikɐ	f[u]t[u]kimikɐ	0
fotoquímico	fɔtɔkimiku	futukimiku	f[ɔ]t[ɔ]kimiku	f[u]t[u]kimiku	0
fotoquinese	fɔtɔkinɛsɨ	futukinɛzɨ	f[ɔ]t[ɔ]kinɛ[s]ɨ	f[u]t[u]kinɛ[z]ɨ	0
fotorrealismo	fɔtɔʀjɐliʒmu	futuʀiɐliʒmu	f[ɔ]t[ɔ]ʀ[j]ɐliʒmu	f[u]t[u]ʀ[i]ɐliʒmu	0
fotorreceptor	fɔtɔʀɨsɛptor	futuʀesɨptor	f[ɔ]t[ɔ]ʀ[ɨ]s[ɛ]ptor	f[u]t[u]ʀ[e]s[ɨ]ptor	0
fotorrecetor	fɔtɔʀɨsɛtor	futuʀesɨtor	f[ɔ]t[ɔ]ʀ[ɨ]s[ɛ]tor	f[u]t[u]ʀ[e]s[ɨ]tor	0
fotorrejuvenescimento	fɔtɔʀɨʒuvɨnɨʃsimẽtu	futuʀeʒuvenɨʃsimẽntu	f[ɔ]t[ɔ]ʀ[ɨ]ʒuv[ɨ]nɨʃsimẽtu[]	f[u]t[u]ʀ[e]ʒuv[e]nɨʃsimẽnt[u]	0
fotorreportagem	fɔtɔʀɨpurtaʒɐ̃j̃	futuʀepurtaʒɐjn	f[ɔ]t[ɔ]ʀ[ɨ]purtaʒɐ[̃]j[̃]	f[u]t[u]ʀ[e]purtaʒɐ[]j[n]	0
fotoscópico	fɔtɔʃkɔpiku	futuʃkɔpiku	f[ɔ]t[ɔ]ʃkɔpiku	f[u]t[u]ʃkɔpiku	0
fotoscultura	fɔtɔʃkuɫturɐ	futuʃkuɫturɐ	f[ɔ]t[ɔ]ʃkuɫturɐ	f[u]t[u]ʃkuɫturɐ	0
fotosfera	fɔtɔʃfɛrɐ	futuʃfɛrɐ	f[ɔ]t[ɔ]ʃfɛrɐ	f[u]t[u]ʃfɛrɐ	0
fotossensibilidade	fɔtɔsẽsibilidadɨ	futusẽnsibilidadɨ	f[ɔ]t[ɔ]sẽsi[b]i[l]id[a]dɨ[]	f[u]t[u]sẽn[s]i[b]il[i]dad[ɨ]	0
fotossensibilização	fɔtɔsẽsibilizɐsɐ̃w̃	futusẽnsibilizɐsɐ̃w̃	f[ɔ]t[ɔ]sẽsi[b]i[l]izɐ[s]ɐ̃[w]̃[]	f[u]t[u]sẽn[s]i[b]ili[z]ɐs[ɐ]̃w[̃]	0
fotossensibilizante	fɔtɔsẽsibilizɐ̃tɨ	futusẽnsibilizɐ̃ntɨ	f[ɔ]t[ɔ]sẽsi[b]i[l]izɐ̃tɨ[]	f[u]t[u]sẽn[s]i[b]ilizɐ̃nt[ɨ]	0
fotossensibilizar	fɔtɔsẽsibilizar	futusẽnsibilizar	f[ɔ]t[ɔ]sẽsi[b]i[l]izar[]	f[u]t[u]sẽn[s]i[b]iliza[r]	0
fotossensível	fɔtɔsẽsivɛɫ	futusẽnsivɛɫ	f[ɔ]t[ɔ]sẽsivɛɫ[]	f[u]t[u]sẽnsivɛ[ɫ]	0
fotossíntese	fɔtɔsĩtɨzɨ	futusĩntɨzɨ	f[ɔ]t[ɔ]sĩtɨ[z]ɨ[]	f[u]t[u]sĩn[t]ɨz[ɨ]	0
fotossintético	fɔtɔsĩtɛtiku	futusĩntɛtiku	f[ɔ]t[ɔ]sĩt[ɛ]tiku[]	f[u]t[u]sĩ[n]tɛtik[u]	0
fotossintetizante	fɔtɔsĩtɨtizɐ̃tɨ	futusĩntɨtizɐ̃ntɨ	f[ɔ]t[ɔ]sĩt[ɨ]tizɐ̃tɨ[]	f[u]t[u]sĩ[n]tɨtizɐ̃nt[ɨ]	0
fototáctico	fɔtɔtaktiku	fututatiku	f[ɔ]t[ɔ]ta[k]tiku	f[u]t[u]ta[]tiku	0
fototactismo	fɔtɔtɐktiʒmu	fututɐtiʒmu	f[ɔ]t[ɔ]tɐ[k]tiʒmu	f[u]t[u]tɐ[]tiʒmu	0
fototático	fɔtɔtatiku	fututatiku	f[ɔ]t[ɔ]tatiku	f[u]t[u]tatiku	0
fototatismo	fɔtɔtɐtiʒmu	fututɐtiʒmu	f[ɔ]t[ɔ]tɐtiʒmu	f[u]t[u]tɐtiʒmu	0
fototaxia	fɔtɔtaksiɐ	fututɐksiɐ	f[ɔ]t[ɔ]t[a]ksiɐ	f[u]t[u]t[ɐ]ksiɐ	0
fototeca	fɔtɔtɛkɐ	fututɛkɐ	f[ɔ]t[ɔ]tɛkɐ	f[u]t[u]tɛkɐ	0
fototelegrafia	fɔtɔtɨlɨɡrɐfiɐ	fututelɨɡrɐfiɐ	f[ɔ]t[ɔ]t[ɨ]lɨɡrɐfiɐ	f[u]t[u]t[e]lɨɡrɐfiɐ	0
fototelegráfico	fɔtɔtɨlɨɡrafiku	fututelɨɡrafiku	f[ɔ]t[ɔ]t[ɨ]lɨɡrafiku	f[u]t[u]t[e]lɨɡrafiku	0
fototerapia	fɔtɔtɨrɐpiɐ	fututerɐpiɐ	f[ɔ]t[ɔ]t[ɨ]rɐpiɐ	f[u]t[u]t[e]rɐpiɐ	0
fototerápico	fɔtɔtɨrapiku	fututɨrapiku	f[ɔ]t[ɔ]tɨrapiku	f[u]t[u]tɨrapiku	0
fotótico	fɔtɔtiku	futɔtiku	f[ɔ]tɔtiku	f[u]tɔtiku	0
fototipar	fɔtɔtipar	fututipar	f[ɔ]t[ɔ]tipar	f[u]t[u]tipar	0
fototipia	fɔtɔtipiɐ	fututipiɐ	f[ɔ]t[ɔ]tipiɐ	f[u]t[u]tipiɐ	0
fototipiar	fɔtɔtipjar	fututipiar	f[ɔ]t[ɔ]tip[j]ar	f[u]t[u]tip[i]ar	0
fototípico	fɔtɔtipiku	fututipiku	f[ɔ]t[ɔ]tipiku	f[u]t[u]tipiku	0
fotótipo	fɔtɔtipu	futɔtipu	f[ɔ]tɔtipu	f[u]tɔtipu	0
fototipografia	fɔtɔtipuɡrɐfiɐ	fututipuɡrɐfiɐ	f[ɔ]t[ɔ]tipuɡrɐfiɐ	f[u]t[u]tipuɡrɐfiɐ	0
fototipográfico	fɔtɔtipuɡrafiku	fututipuɡrafiku	f[ɔ]t[ɔ]tipuɡrafiku	f[u]t[u]tipuɡrafiku	0
fototipogravura	fɔtɔtipɔɡrɐvurɐ	fututipuɡrɐvurɐ	f[ɔ]t[ɔ]tip[ɔ]ɡrɐvurɐ	f[u]t[u]tip[u]ɡrɐvurɐ	0
fototopografia	fɔtɔtupuɡrɐfiɐ	fututupuɡrɐfiɐ	f[ɔ]t[ɔ]tupuɡrɐfiɐ	f[u]t[u]tupuɡrɐfiɐ	0
fototoxicidade	fɔtɔtɔksisidadɨ	fututuksisidadɨ	f[ɔ]t[ɔ]t[ɔ]ksisidadɨ	f[u]t[u]t[u]ksisidadɨ	0
fototrópico	fɔtɔtrɔpiku	fututrɔpiku	f[ɔ]t[ɔ]trɔpiku	f[u]t[u]trɔpiku	0
fototropismo	fɔtɔtrupiʒmu	fututrupiʒmu	f[ɔ]t[ɔ]trupiʒmu	f[u]t[u]trupiʒmu	0
fotovoltaico	fɔtɔvoɫtajku	futuvuɫtajku	f[ɔ]t[ɔ]v[o]ɫtajku	f[u]t[u]v[u]ɫtajku	0
fotozincografia	fɔtɔzĩkɔɡrɐfiɐ	futuzĩnkuɡrɐfiɐ	f[ɔ]t[ɔ]zĩkɔɡrɐf[i]ɐ[]	f[u]t[u]zĩnkuɡr[]ɐfi[ɐ]	0
fotozincográfico	fɔtɔzĩkuɡrafiku	futuzĩnkuɡrafiku	f[ɔ]t[ɔ]zĩkuɡrafiku[]	f[u]t[u]zĩnkuɡrafik[u]	0
fraseomania	frɐzjɔmɐniɐ	frɐziumɐniɐ	frɐzj[ɔ]mɐniɐ	frɐzi[u]mɐniɐ	0
frenocostal	frenɔkuʃtaɫ	frenukuʃtaɫ	fren[ɔ]kuʃtaɫ	fren[u]kuʃtaɫ	0
frenopata	frenɔpatɐ	frenupatɐ	fren[ɔ]patɐ	fren[u]patɐ	0
frenopatia	frenɔpɐtiɐ	frenupɐtiɐ	fren[ɔ]pɐtiɐ	fren[u]pɐtiɐ	0
frenopático	frenɔpatiku	frenupatiku	fren[ɔ]patiku	fren[u]patiku	0
frigoterapia	friɡɔtɨrɐpiɐ	friɡuterɐpiɐ	friɡ[ɔ]t[ɨ]rɐpiɐ	friɡ[u]t[e]rɐpiɐ	0
galaico-português	ɡɐlajkɔpurtuɡeʃ	ɡɐlajkupurtuɡeʃ	ɡɐlajk[ɔ]purtuɡeʃ	ɡɐlajk[u]purtuɡeʃ	0
galécio-português	ɡɐlɛsjɔpurtuɡeʃ	ɡɐlɛsɪupurtuɡeʃ	ɡɐlɛsj[ɔ]purtuɡeʃ	ɡɐlɛsɪ[u]purtuɡeʃ	0
galego-português	ɡɐleɡɔpurtuɡeʃ	ɡɐleɡupurtuɡeʃ	ɡɐleɡ[ɔ]purtuɡeʃ	ɡɐleɡ[u]purtuɡeʃ	0
galeofobia	ɡɐljɔfubiɐ	ɡɐliufubiɐ	ɡɐlj[ɔ]fubiɐ	ɡɐli[u]fubiɐ	0
galeopiteco	ɡɐljɔpitɛku	ɡɐliupitɛku	ɡɐlj[ɔ]pitɛku	ɡɐli[u]pitɛku	0
galofilia	ɡɐlɔfiliɐ	ɡɐlufiliɐ	ɡɐl[ɔ]filiɐ	ɡɐl[u]filiɐ	0
galofobia	ɡɐlɔfubiɐ	ɡɐlufubiɐ	ɡɐl[ɔ]fubiɐ	ɡɐl[u]fubiɐ	0
galo-hispano	ɡalɔiʃpɐnu	ɡaluiʃpɐ̃nu	ɡal[ɔ]iʃpɐ[]nu	ɡal[u]iʃpɐ[̃]nu	0
galomaníaco	ɡɐlɔmɐniɐku	ɡɐlumɐniɐku	ɡɐl[ɔ]mɐniɐku	ɡɐl[u]mɐniɐku	0
galomania	ɡɐlɔmɐniɐ	ɡɐlumɐniɐ	ɡɐl[ɔ]mɐniɐ	ɡɐl[u]mɐniɐ	0
galvanocáustica	ɡaɫvɐnɔkawʃtikɐ	ɡaɫvɐnukawʃtikɐ	ɡaɫvɐn[ɔ]kawʃtikɐ	ɡaɫvɐn[u]kawʃtikɐ	0
galvanocautério	ɡaɫvɐnɔkawtɛrju	ɡaɫvɐnukawtɛrju	ɡaɫvɐn[ɔ]kawtɛrju	ɡaɫvɐn[u]kawtɛrju	0
galvanografia	ɡaɫvɐnɔɡrɐfiɐ	ɡaɫvɐnuɡrɐfiɐ	ɡaɫvɐn[ɔ]ɡrɐfiɐ	ɡaɫvɐn[u]ɡrɐfiɐ	0
galvanogravura	ɡaɫvɐnɔɡrɐvurɐ	ɡaɫvɐnuɡrɐvurɐ	ɡaɫvɐn[ɔ]ɡrɐvurɐ	ɡaɫvɐn[u]ɡrɐvurɐ	0
galvanoluminescência	ɡaɫvɐnɔluminɨʃsẽsjɐ	ɡaɫvɐnuluminɨʃsẽnsjɐ	ɡaɫvɐn[ɔ]luminɨʃsẽsjɐ[]	ɡaɫvɐn[u]luminɨʃsẽnsj[ɐ]	0
galvanomagnético	ɡaɫvɐnɔmaɡnɛtiku	ɡaɫvɐnumɐɡnɛtiku	ɡaɫvɐn[ɔ]m[a]ɡnɛtiku	ɡaɫvɐn[u]m[ɐ]ɡnɛtiku	0
galvanomagnetismo	ɡaɫvɐnɔmaɡnɨtiʒmu	ɡaɫvɐnumɐɡnɨtiʒmu	ɡaɫvɐn[ɔ]m[a]ɡnɨtiʒmu	ɡaɫvɐn[u]m[ɐ]ɡnɨtiʒmu	0
galvanometria	ɡaɫvɐnɔmɨtriɐ	ɡaɫvɐnumɨtriɐ	ɡaɫvɐn[ɔ]mɨtriɐ	ɡaɫvɐn[u]mɨtriɐ	0
galvanoplastia	ɡaɫvɐnɔplɐʃtiɐ	ɡaɫvɐnuplɐʃtiɐ	ɡaɫvɐn[ɔ]plɐʃtiɐ	ɡaɫvɐn[u]plɐʃtiɐ	0
galvanoplástica	ɡaɫvɐnɔplaʃtikɐ	ɡaɫvɐnuplaʃtikɐ	ɡaɫvɐn[ɔ]plaʃtikɐ	ɡaɫvɐn[u]plaʃtikɐ	0
galvanoplástico	ɡaɫvɐnɔplaʃtiku	ɡaɫvɐnuplaʃtiku	ɡaɫvɐn[ɔ]plaʃtiku	ɡaɫvɐn[u]plaʃtiku	0
galvanopunctura	ɡaɫvɐnɔpũkturɐ	ɡaɫvɐnupũnkturɐ	ɡaɫvɐn[ɔ]pũkturɐ[]	ɡaɫvɐn[u]pũnktur[ɐ]	0
galvanopuntura	ɡaɫvɐnɔpũturɐ	ɡaɫvɐnupũnturɐ	ɡaɫvɐn[ɔ]pũturɐ[]	ɡaɫvɐn[u]pũntur[ɐ]	0
galvanoscópio	ɡaɫvɐnɔʃkɔpju	ɡaɫvɐnuʃkɔpju	ɡaɫvɐn[ɔ]ʃkɔpju	ɡaɫvɐn[u]ʃkɔpju	0
galvanostegia	ɡaɫvɐnɔʃtɨʒiɐ	ɡaɫvɐnuʃtɨʒiɐ	ɡaɫvɐn[ɔ]ʃtɨʒiɐ	ɡaɫvɐn[u]ʃtɨʒiɐ	0
galvanotaxia	ɡaɫvɐnɔtaksiɐ	ɡaɫvɐnutɐksiɐ	ɡaɫvɐn[ɔ]t[a]ksiɐ	ɡaɫvɐn[u]t[ɐ]ksiɐ	0
galvanoterapia	ɡaɫvɐnɔtɨrɐpiɐ	ɡaɫvɐnutɨrɐpiɐ	ɡaɫvɐn[ɔ]tɨrɐpiɐ	ɡaɫvɐn[u]tɨrɐpiɐ	0
galvanoterápico	ɡaɫvɐnɔtɨrapiku	ɡaɫvɐnutɨrapiku	ɡaɫvɐn[ɔ]tɨrapiku	ɡaɫvɐn[u]tɨrapiku	0
galvanotipia	ɡaɫvɐnɔtipiɐ	ɡaɫvɐnutipiɐ	ɡaɫvɐn[ɔ]tipiɐ	ɡaɫvɐn[u]tipiɐ	0
galvanotípico	ɡaɫvɐnɔtipiku	ɡaɫvɐnutipiku	ɡaɫvɐn[ɔ]tipiku	ɡaɫvɐn[u]tipiku	0
galvanotropismo	ɡaɫvɐnɔtrupiʒmu	ɡaɫvɐnutrupiʒmu	ɡaɫvɐn[ɔ]trupiʒmu	ɡaɫvɐn[u]trupiʒmu	0
gamaglobulina	ɡɐmɐɡlɔbulinɐ	ɡɐmɐɡlubulinɐ	ɡɐmɐɡl[ɔ]bulinɐ	ɡɐmɐɡl[u]bulinɐ	0
gamofilia	ɡɐmɔfiliɐ	ɡɐmufiliɐ	ɡɐm[ɔ]filiɐ	ɡɐm[u]filiɐ	0
gamofilo	ɡɐmɔfilu	ɡɐmufilu	ɡɐm[ɔ]filu	ɡɐm[u]filu	0
gamofobia	ɡɐmɔfubiɐ	ɡɐmufubiɐ	ɡɐm[ɔ]fubiɐ	ɡɐm[u]fubiɐ	0
gamogástreo	ɡɐmɔɡaʃtrju	ɡɐmuɡaʃtriw	ɡɐm[ɔ]ɡaʃtrj[u]	ɡɐm[u]ɡaʃtri[w]	0
gamomania	ɡɐmɔmɐniɐ	ɡɐmumɐniɐ	ɡɐm[ɔ]mɐniɐ	ɡɐm[u]mɐniɐ	0
gamopétalo	ɡɐmɔpɛtɐlu	ɡɐmupɛtɐlu	ɡɐm[ɔ]pɛtɐlu	ɡɐm[u]pɛtɐlu	0
gamossépalo	ɡɐmɔsɛpɐlu	ɡɐmusɛpɐlu	ɡɐm[ɔ]sɛpɐlu	ɡɐm[u]sɛpɐlu	0
gamostilo	ɡɐmɔʃtilu	ɡɐmuʃtilu	ɡɐm[ɔ]ʃtilu	ɡɐm[u]ʃtilu	0
gamotépalo	ɡɐmɔtɛpɐlu	ɡɐmutɛpɐlu	ɡɐm[ɔ]tɛpɐlu	ɡɐm[u]tɛpɐlu	0
gastroscópico	ɡɐʃtrɔʃkɔpiku	ɡɐʃtruʃkɔpiku	ɡɐʃtr[ɔ]ʃkɔpiku	ɡɐʃtr[u]ʃkɔpiku	0
gastrozoário	ɡɐʃtrɔzwarju	ɡɐʃtruzuarju	ɡɐʃtr[ɔ]z[w]arju	ɡɐʃtr[u]z[u]arju	0
geoanticlinal	ʒɛɔɐ̃tiklinaɫ	ʒiuɐ̃ntiklinaɫ	ʒɛ[ɔ]ɐ̃[]tiklinaɫ	ʒi[u]ɐ̃[n]tiklinaɫ	0
geobiologia	ʒɛɔbjuluʒiɐ	ʒiubiuluʒiɐ	ʒɛ[ɔ]b[j]uluʒiɐ	ʒi[u]b[i]uluʒiɐ	0
geobiológico	ʒɛɔbjulɔʒiku	ʒiubiulɔʒiku	ʒɛ[ɔ]b[j]ulɔʒiku	ʒi[u]b[i]ulɔʒiku	0
geobotânica	ʒɛɔbutɐnikɐ	ʒiubutɐ̃nikɐ	ʒɛ[ɔ]butɐ[]nikɐ	ʒi[u]butɐ[̃]nikɐ	0
geobotânico	ʒɛɔbutɐniku	ʒiubutɐ̃niku	ʒɛ[ɔ]butɐ[]niku	ʒi[u]butɐ[̃]niku	0
geocarpia	ʒɛɔkɐrpiɐ	ʒiukɐrpiɐ	ʒɛ[ɔ]kɐrpiɐ	ʒi[u]kɐrpiɐ	0
geocêntrico	ʒɛɔsẽtriku	ʒiusẽntriku	ʒɛ[ɔ]sẽtriku[]	ʒi[u]sẽntrik[u]	0
geocentrismo	ʒɛɔsẽtriʒmu	ʒiusẽntriʒmu	ʒɛ[ɔ]sẽtriʒmu[]	ʒi[u]sẽntriʒm[u]	0
geocentrista	ʒɛɔsẽtriʃtɐ	ʒiusẽntriʃtɐ	ʒɛ[ɔ]sẽtriʃtɐ[]	ʒi[u]sẽntriʃt[ɐ]	0
geocíclico	ʒɛɔsikliku	ʒiusikliku	ʒɛ[ɔ]sikliku	ʒi[u]sikliku	0
geociência	ʒɛɔsjẽnsjɐ	ʒiusjẽnsjɐ	ʒɛ[ɔ]sjẽ[]nsjɐ	ʒi[u]sje[̃]nsjɐ	0
geocientista	ʒɛɔsjẽtiʃtɐ	ʒiusiẽntiʃtɐ	ʒɛ[ɔ]sjẽti[ʃ]tɐ[]	ʒi[u]siẽn[]tiʃt[ɐ]	0
geocinese	ʒɛɔsinɛzɨ	ʒiusinɛzɨ	ʒɛ[ɔ]sinɛzɨ	ʒi[u]sinɛzɨ	0
geocinético	ʒɛɔsinɛtiku	ʒiusinɛtiku	ʒɛ[ɔ]sinɛtiku	ʒi[u]sinɛtiku	0
geoclimático	ʒɛɔklimatiku	ʒiuklimatiku	ʒɛ[ɔ]klimatiku	ʒi[u]klimatiku	0
geoclimatologia	ʒɛɔklimɐtuluʒiɐ	ʒiuklimɐtuluʒiɐ	ʒɛ[ɔ]klimɐtuluʒiɐ	ʒi[u]klimɐtuluʒiɐ	0
geoclimatológico	ʒɛɔklimɐtulɔʒiku	ʒiuklimɐtulɔʒiku	ʒɛ[ɔ]klimɐtulɔʒiku	ʒi[u]klimɐtulɔʒiku	0
geocronologia	ʒɛɔkrunuluʒiɐ	ʒiukrunuluʒiɐ	ʒɛ[ɔ]krunuluʒiɐ	ʒi[u]krunuluʒiɐ	0
geocronológico	ʒɛɔkrunulɔʒiku	ʒiukrunulɔʒiku	ʒɛ[ɔ]krunulɔʒiku	ʒi[u]krunulɔʒiku	0
geocronologista	ʒɛɔkrunuluʒiʃtɐ	ʒiukrunuluʒiʃtɐ	ʒɛ[ɔ]krunuluʒiʃtɐ	ʒi[u]krunuluʒiʃtɐ	0
geodesia	ʒɛɔdɨziɐ	ʒiudɨziɐ	ʒɛ[ɔ]dɨziɐ	ʒi[u]dɨziɐ	0
geodésico	ʒɛɔdɛziku	ʒiudɛziku	ʒɛ[ɔ]dɛziku	ʒi[u]dɛziku	0
geodesígrafo	ʒɛɔdɨziɡrɐfu	ʒiudɨziɡrɐfu	ʒɛ[ɔ]dɨziɡrɐfu	ʒi[u]dɨziɡrɐfu	0
geodesimetria	ʒɛɔdɨzimɨtriɐ	ʒiudɨzimɨtriɐ	ʒɛ[ɔ]dɨzimɨtriɐ	ʒi[u]dɨzimɨtriɐ	0
geodesista	ʒɛɔdɨziʃtɐ	ʒiudɨziʃtɐ	ʒɛ[ɔ]dɨziʃtɐ	ʒi[u]dɨziʃtɐ	0
geodinâmica	ʒɛɔdinɐmikɐ	ʒiudinɐ̃mikɐ	ʒɛ[ɔ]dinɐ[]mikɐ	ʒi[u]dinɐ[̃]mikɐ	0
geodinâmico	ʒɛɔdinɐmiku	ʒiudinɐ̃miku	ʒɛ[ɔ]dinɐ[]miku	ʒi[u]dinɐ[̃]miku	0
geofagia	ʒɛɔfɐʒiɐ	ʒiufɐʒiɐ	ʒɛ[ɔ]fɐʒiɐ	ʒi[u]fɐʒiɐ	0
geofísica	ʒɛɔfizikɐ	ʒiufizikɐ	ʒɛ[ɔ]fizikɐ	ʒi[u]fizikɐ	0
geofísico	ʒɛɔfiziku	ʒiufiziku	ʒɛ[ɔ]fiziku	ʒi[u]fiziku	0
geofone	ʒɛɔfɔnɨ	ʒiufonɨ	ʒɛ[ɔ]f[ɔ]nɨ	ʒi[u]f[o]nɨ	0
geogenia	ʒɛɔʒɨniɐ	ʒiuʒɨniɐ	ʒɛ[ɔ]ʒɨniɐ	ʒi[u]ʒɨniɐ	0
geognosia	ʒɛɔɡnuziɐ	ʒiuɡnuziɐ	ʒɛ[ɔ]ɡnuziɐ	ʒi[u]ɡnuziɐ	0
geognóstico	ʒɛɔɡnɔʃtiku	ʒiuɡnɔʃtiku	ʒɛ[ɔ]ɡnɔʃtiku	ʒi[u]ɡnɔʃtiku	0
geolítico	ʒɛɔlitiku	ʒiulitiku	ʒɛ[ɔ]litiku	ʒi[u]litiku	0
geolitologia	ʒɛɔlituluʒiɐ	ʒiulituluʒiɐ	ʒɛ[ɔ]lituluʒiɐ	ʒi[u]lituluʒiɐ	0
geolitológico	ʒɛɔlitulɔʒiku	ʒiulitulɔʒiku	ʒɛ[ɔ]litulɔʒiku	ʒi[u]litulɔʒiku	0
geomagnético	ʒɛɔmaɡnɛtiku	ʒiumɐɡnɛtiku	ʒɛ[ɔ]m[a]ɡnɛtiku	ʒi[u]m[ɐ]ɡnɛtiku	0
geomagnetismo	ʒɛɔmaɡnɨtiʒmu	ʒiumɐɡnɨtiʒmu	ʒɛ[ɔ]m[a]ɡnɨtiʒmu	ʒi[u]m[ɐ]ɡnɨtiʒmu	0
geomancia	ʒɛɔmɐ̃siɐ	ʒiumɐ̃nsiɐ	ʒɛ[ɔ]mɐ̃[]siɐ	ʒi[u]mɐ̃[n]siɐ	0
geometrografia	ʒɛɔmɛtrɔɡrɐfiɐ	ʒiumetruɡrɐfiɐ	ʒɛ[ɔ]m[ɛ]tr[ɔ]ɡrɐfiɐ	ʒi[u]m[e]tr[u]ɡrɐfiɐ	0
geometrográfico	ʒɛɔmɛtrɔɡrafiku	ʒiumetruɡrafiku	ʒɛ[ɔ]m[ɛ]tr[ɔ]ɡrafiku	ʒi[u]m[e]tr[u]ɡrafiku	0
geomorfogenia	ʒɛɔmɔrfɔʒɨniɐ	ʒiumurfuʒɨniɐ	ʒɛ[ɔ]m[ɔ]rf[ɔ]ʒɨniɐ	ʒi[u]m[u]rf[u]ʒɨniɐ	0
geomorfogênico	ʒɛɔmɔrfɔʒeniku	ʒiumurfuʒeniku	ʒɛ[ɔ]m[ɔ]rf[ɔ]ʒeniku	ʒi[u]m[u]rf[u]ʒeniku	0
geomorfogénico	ʒɛɔmɔrfɔʒɛniku	ʒiumurfuʒɛniku	ʒɛ[ɔ]m[ɔ]rf[ɔ]ʒɛniku	ʒi[u]m[u]rf[u]ʒɛniku	0
geomorfologia	ʒɛɔmurfuluʒiɐ	ʒiumurfuluʒiɐ	ʒɛ[ɔ]murfuluʒiɐ	ʒi[u]murfuluʒiɐ	0
geomorfológico	ʒɛɔmurfulɔʒiku	ʒiumurfulɔʒiku	ʒɛ[ɔ]murfulɔʒiku	ʒi[u]murfulɔʒiku	0
geomorfologista	ʒɛɔmurfuluʒiʃtɐ	ʒiumurfuluʒiʃtɐ	ʒɛ[ɔ]murfuluʒiʃtɐ	ʒi[u]murfuluʒiʃtɐ	0
geonemia	ʒɛɔnɨmiɐ	ʒiunɨmiɐ	ʒɛ[ɔ]nɨmiɐ	ʒi[u]nɨmiɐ	0
geonomástica	ʒɛɔnumaʃtikɐ	ʒiunumaʃtikɐ	ʒɛ[ɔ]numaʃtikɐ	ʒi[u]numaʃtikɐ	0
geonomia	ʒɛɔnumiɐ	ʒiunumiɐ	ʒɛ[ɔ]numiɐ	ʒi[u]numiɐ	0
geopiteco	ʒɛɔpitɛku	ʒiupitɛku	ʒɛ[ɔ]pitɛku	ʒi[u]pitɛku	0
geopolítica	ʒɛɔpulitikɐ	ʒiupulitikɐ	ʒɛ[ɔ]pulitikɐ	ʒi[u]pulitikɐ	0
geopolítico	ʒɛɔpulitiku	ʒiupulitiku	ʒɛ[ɔ]pulitiku	ʒi[u]pulitiku	0
geopsicologia	ʒɛɔpsikuluʒiɐ	ʒiupsikuluʒiɐ	ʒɛ[ɔ]psikuluʒiɐ	ʒi[u]psikuluʒiɐ	0
geoquímica	ʒɛɔkimikɐ	ʒiukimikɐ	ʒɛ[ɔ]kimikɐ	ʒi[u]kimikɐ	0
geoquímico	ʒɛɔkimiku	ʒiukimiku	ʒɛ[ɔ]kimiku	ʒi[u]kimiku	0
georama	ʒɛɔrɐmɐ	ʒiurɐ̃mɐ	ʒɛ[ɔ]rɐ[]mɐ	ʒi[u]rɐ[̃]mɐ	0
georradar	ʒɛɔʀadar	ʒiuʀɐdar	ʒɛ[ɔ]ʀ[a]dar	ʒi[u]ʀ[ɐ]dar	0
georreferenciação	ʒɛɔʀɨfɨrẽsjɐsɐ̃w̃	ʒiuʀefɨrẽnsiɐsɐ̃w̃	ʒɛ[ɔ]ʀ[ɨ]fɨrẽsj[ɐ]s[]ɐ̃[w]̃[]	ʒi[u]ʀ[e]fɨrẽn[]s[i]ɐs[ɐ]̃w[̃]	0
georreferenciar	ʒɛɔʀɨfɨrẽsjar	ʒiuʀefɨrẽnsiar	ʒɛ[ɔ]ʀ[ɨ]fɨrẽsjar[]	ʒi[u]ʀ[e]fɨrẽnsia[r]	0
georreferência	ʒɛɔʀɨfɨrẽsjɐ	ʒiuʀefɨrẽnsjɐ	ʒɛ[ɔ]ʀ[ɨ]fɨrẽsjɐ[]	ʒi[u]ʀ[e]fɨrẽnsj[ɐ]	0
geoscopia	ʒɛɔʃkupiɐ	ʒiuʃkupiɐ	ʒɛ[ɔ]ʃkupiɐ	ʒi[u]ʃkupiɐ	0
geoscópico	ʒɛɔʃkɔpiku	ʒiuʃkɔpiku	ʒɛ[ɔ]ʃkɔpiku	ʒi[u]ʃkɔpiku	0
geosfera	ʒɛɔʃfɛrɐ	ʒiuʃfɛrɐ	ʒɛ[ɔ]ʃfɛrɐ	ʒi[u]ʃfɛrɐ	0
geosférico	ʒɛɔʃfɛriku	ʒiuʃfɛriku	ʒɛ[ɔ]ʃfɛriku	ʒi[u]ʃfɛriku	0
geossinclinal	ʒɛɔsĩklinaɫ	ʒiusĩnklinaɫ	ʒɛ[ɔ]sĩklinaɫ[]	ʒi[u]sĩnklina[ɫ]	0
geostacionário	ʒɛɔʃtɐsjunarju	ʒiuʃtɐsjunarju	ʒɛ[ɔ]ʃtɐsjunarju	ʒi[u]ʃtɐsjunarju	0
geostática	ʒɛɔʃtatikɐ	ʒiuʃtatikɐ	ʒɛ[ɔ]ʃtatikɐ	ʒi[u]ʃtatikɐ	0
geostático	ʒɛɔʃtatiku	ʒiuʃtatiku	ʒɛ[ɔ]ʃtatiku	ʒi[u]ʃtatiku	0
geostratégia	ʒɛɔʃtrɐtɛʒjɐ	ʒiuʃtrɐtɛʒjɐ	ʒɛ[ɔ]ʃtrɐtɛʒjɐ	ʒi[u]ʃtrɐtɛʒjɐ	0
geostratégico	ʒɛɔʃtrɐtɛʒiku	ʒiuʃtrɐtɛʒiku	ʒɛ[ɔ]ʃtrɐtɛʒiku	ʒi[u]ʃtrɐtɛʒiku	0
geostrófico	ʒɛɔʃtrɔfiku	ʒiuʃtrɔfiku	ʒɛ[ɔ]ʃtrɔfiku	ʒi[u]ʃtrɔfiku	0
geotáctico	ʒɛɔtaktiku	ʒiutatiku	ʒɛ[ɔ]ta[k]tiku	ʒi[u]ta[]tiku	0
geotactismo	ʒɛɔtɐktiʒmu	ʒiutɐtiʒmu	ʒɛ[ɔ]tɐ[k]tiʒmu	ʒi[u]tɐ[]tiʒmu	0
geotático	ʒɛɔtatiku	ʒiutatiku	ʒɛ[ɔ]tatiku	ʒi[u]tatiku	0
geotatismo	ʒɛɔtɐtiʒmu	ʒiutɐtiʒmu	ʒɛ[ɔ]tɐtiʒmu	ʒi[u]tɐtiʒmu	0
geotaxia	ʒɛɔtɐksiɐ	ʒiutɐksiɐ	ʒɛ[ɔ]tɐksiɐ	ʒi[u]tɐksiɐ	0
geotecnia	ʒɛɔtɛkniɐ	ʒiutɛkniɐ	ʒɛ[ɔ]tɛkniɐ	ʒi[u]tɛkniɐ	0
geotécnico	ʒɛɔtɛkniku	ʒiutɛkniku	ʒɛ[ɔ]tɛkniku	ʒi[u]tɛkniku	0
geotectônica	ʒɛɔtɛktonikɐ	ʒiutɛtonikɐ	ʒɛ[ɔ]tɛ[k]tonikɐ	ʒi[u]tɛ[]tonikɐ	0
geotectónica	ʒɛɔtɛktɔnikɐ	ʒiutɛtɔnikɐ	ʒɛ[ɔ]tɛ[k]tɔnikɐ	ʒi[u]tɛ[]tɔnikɐ	0
geotermal	ʒɛɔtɨrmaɫ	ʒiutɨrmaɫ	ʒɛ[ɔ]tɨrmaɫ	ʒi[u]tɨrmaɫ	0
geotermia	ʒɛɔtɨrmiɐ	ʒiutɨrmiɐ	ʒɛ[ɔ]tɨrmiɐ	ʒi[u]tɨrmiɐ	0
geotérmico	ʒɛɔtɛrmiku	ʒiutɛrmiku	ʒɛ[ɔ]tɛrmiku	ʒi[u]tɛrmiku	0
geotermismo	ʒɛɔtɨrmiʒmu	ʒiutɨrmiʒmu	ʒɛ[ɔ]tɨrmiʒmu	ʒi[u]tɨrmiʒmu	0
geotermômetro	ʒɛɔtɨrmomɨtru	ʒiutɨrmomɨtru	ʒɛ[ɔ]tɨrmomɨtru	ʒi[u]tɨrmomɨtru	0
geotermómetro	ʒɛɔtɨrmɔmɨtru	ʒiutɨrmɔmɨtru	ʒɛ[ɔ]tɨrmɔmɨtru	ʒi[u]tɨrmɔmɨtru	0
geotêxtil	ɡɛɔtɐjʃtiɫ	ʒiuteʃtiɫ	ɡɛ[ɔ]tɐ[j]ʃtiɫ	ʒi[u]te[]ʃtiɫ	0
geotrópico	ʒɛɔtrɔpiku	ʒiutrɔpiku	ʒɛ[ɔ]trɔpiku	ʒi[u]trɔpiku	0
geotropismo	ʒɛɔtrupiʒmu	ʒiutrupiʒmu	ʒɛ[ɔ]trupiʒmu	ʒi[u]trupiʒmu	0
gimnocarpo	ʒimnɔkarpu	ʒimnukarpu	ʒimn[ɔ]karpu	ʒimn[u]karpu	0
gimnocéfalo	ʒimnɔsɛfɐlu	ʒimnusɛfɐlu	ʒimn[ɔ]sɛfɐlu	ʒimn[u]sɛfɐlu	0
gimnofiónio	ʒimnɔfjɔnju	ʒimnufiɔnju	ʒimn[ɔ]f[j]ɔnju	ʒimn[u]f[i]ɔnju	0
gimnofobia	ʒimnɔfubiɐ	ʒimnufubiɐ	ʒimn[ɔ]fubiɐ	ʒimn[u]fubiɐ	0
gimnonoto	ʒimnɔnotu	ʒimnunɔtu	ʒimn[ɔ]n[o]tu	ʒimn[u]n[ɔ]tu	0
gimnosofia	ʒimnɔzufiɐ	ʒimnuzufiɐ	ʒimn[ɔ]zufiɐ	ʒimn[u]zufiɐ	0
gimnosofismo	ʒimnɔzufiʒmu	ʒimnuzufiʒmu	ʒimn[ɔ]zufiʒmu	ʒimn[u]zufiʒmu	0
gimnosofista	ʒimnɔzufiʃtɐ	ʒimnuzufiʃtɐ	ʒimn[ɔ]zufiʃtɐ	ʒimn[u]zufiʃtɐ	0
gimnosperma	ʒimnɔʃpɛrmɐ	ʒimnuʃpɛrmɐ	ʒimn[ɔ]ʃpɛrmɐ	ʒimn[u]ʃpɛrmɐ	0
gimnospermia	ʒimnɔʃpɨrmiɐ	ʒimnuʃpɨrmiɐ	ʒimn[ɔ]ʃpɨrmiɐ	ʒimn[u]ʃpɨrmiɐ	0
gimnospérmica	ʒimnɔʃpɛrmikɐ	ʒimnuʃpɛrmikɐ	ʒimn[ɔ]ʃpɛrmikɐ	ʒimn[u]ʃpɛrmikɐ	0
gimnospérmico	ʒimnɔʃpɛrmiku	ʒimnuʃpɛrmiku	ʒimn[ɔ]ʃpɛrmiku	ʒimn[u]ʃpɛrmiku	0
ginecomastia	ʒinɨkɔmɐʃtiɐ	ʒinɨkumɐʃtiɐ	ʒinɨk[ɔ]mɐʃtiɐ	ʒinɨk[u]mɐʃtiɐ	0
ginocracia	ʒinɔkrɐsiɐ	ʒinukrɐsiɐ	ʒin[ɔ]krɐsiɐ	ʒin[u]krɐsiɐ	0
ginocrático	ʒinɔkratiku	ʒinukratiku	ʒin[ɔ]kratiku	ʒin[u]kratiku	0
ginofobia	ʒinɔfubiɐ	ʒinufubiɐ	ʒin[ɔ]fubiɐ	ʒin[u]fubiɐ	0
ginostema	ʒinɔʃtemɐ	ʒinuʃtemɐ	ʒin[ɔ]ʃtemɐ	ʒin[u]ʃtemɐ	0
ginostêmio	ʒinɔʃtemju	ʒinuʃtemju	ʒin[ɔ]ʃtemju	ʒin[u]ʃtemju	0
ginostémio	ʒinɔʃtɛmju	ʒinuʃtɛmju	ʒin[ɔ]ʃtɛmju	ʒin[u]ʃtɛmju	0
girogirar	ʒirɔʒirar	ʒiruʒirar	ʒir[ɔ]ʒirar	ʒir[u]ʒirar	0
giromagnético	ʒirɔmaɡnɛtiku	ʒirumɐɡnɛtiku	ʒir[ɔ]m[a]ɡnɛtiku	ʒir[u]m[ɐ]ɡnɛtiku	0
giromancia	ʒirɔmɐ̃siɐ	ʒirumɐ̃nsiɐ	ʒir[ɔ]mɐ̃[]siɐ	ʒir[u]mɐ̃[n]siɐ	0
giroplano	ʒirɔplɐnu	ʒiruplɐ̃nu	ʒir[ɔ]plɐ[]nu	ʒir[u]plɐ[̃]nu	0
giroscópio	ʒirɔʃkɔpju	ʒiruʃkɔpju	ʒir[ɔ]ʃkɔpju	ʒir[u]ʃkɔpju	0
girostática	ʒirɔʃtatikɐ	ʒiruʃtatikɐ	ʒir[ɔ]ʃtatikɐ	ʒir[u]ʃtatikɐ	0
girostático	ʒirɔʃtatiku	ʒiruʃtatiku	ʒir[ɔ]ʃtatiku	ʒir[u]ʃtatiku	0
girovagar	ʒirɔvɐɡar	ʒiruvɐɡar	ʒir[ɔ]vɐɡar	ʒir[u]vɐɡar	0
glaucofilo	ɡlawkɔfilu	ɡlawkufilu	ɡlawk[ɔ]filu	ɡlawk[u]filu	0
glicerofosfato	ɡlisɨrɔfuʃfatu	ɡlisɨrufuʃfatu	ɡlisɨr[ɔ]fuʃfatu	ɡlisɨr[u]fuʃfatu	0
glicerofosfórico	ɡlisɨrɔfuʃfɔriku	ɡlisɨrufuʃfɔriku	ɡlisɨr[ɔ]fuʃfɔriku	ɡlisɨr[u]fuʃfɔriku	0
glicocálice	ɡlikɔkalisɨ	ɡlikukalisɨ	ɡlik[ɔ]kalisɨ	ɡlik[u]kalisɨ	0
glicogênese	ɡlikɔʒenɨzɨ	ɡlikuʒenɨzɨ	ɡlik[ɔ]ʒenɨzɨ	ɡlik[u]ʒenɨzɨ	0
glicogénese	ɡlikɔʒɛnɨzɨ	ɡlikuʒɛnɨzɨ	ɡlik[ɔ]ʒɛnɨzɨ	ɡlik[u]ʒɛnɨzɨ	0
glicogenia	ɡlikɔʒɨniɐ	ɡlikuʒɨniɐ	ɡlik[ɔ]ʒɨniɐ	ɡlik[u]ʒɨniɐ	0
glicogênico	ɡlikɔʒeniku	ɡlikuʒeniku	ɡlik[ɔ]ʒeniku	ɡlik[u]ʒeniku	0
glicogénico	ɡlikɔʒɛniku	ɡlikuʒɛniku	ɡlik[ɔ]ʒɛniku	ɡlik[u]ʒɛniku	0
glicogênio	ɡlikɔʒenju	ɡlikuʒenju	ɡlik[ɔ]ʒenju	ɡlik[u]ʒenju	0
glicogénio	ɡlikɔʒɛnju	ɡlikuʒɛnju	ɡlik[ɔ]ʒɛnju	ɡlik[u]ʒɛnju	0
glicolipídeo	ɡlikɔlipidju	ɡlikulipidiw	ɡlik[ɔ]lipidj[u]	ɡlik[u]lipidi[w]	0
glicolipídio	ɡlikɔlipidju	ɡlikulipidju	ɡlik[ɔ]lipidju	ɡlik[u]lipidju	0
glicolítico	ɡlikɔlitiku	ɡlikulitiku	ɡlik[ɔ]litiku	ɡlik[u]litiku	0
gliconeogênese	ɡlikɔnɛɔʒenɨzɨ	ɡlikuniuʒenɨzɨ	ɡlik[ɔ]nɛ[ɔ]ʒenɨzɨ	ɡlik[u]ni[u]ʒenɨzɨ	0
gliconeogénese	ɡlikɔnɛɔʒɛnɨzɨ	ɡlikuniuʒɛnɨzɨ	ɡlik[ɔ]nɛ[ɔ]ʒɛnɨzɨ	ɡlik[u]ni[u]ʒɛnɨzɨ	0
glicoproteico	ɡlikɔprɔtɐjku	ɡlikuprutɐjku	ɡlik[ɔ]pr[ɔ]tɐjku	ɡlik[u]pr[u]tɐjku	0
glicoprotéico	ɡlikɔprɔtɐjku	ɡlikuprutɛjku	ɡlik[ɔ]pr[ɔ]t[ɐ]jku	ɡlik[u]pr[u]t[ɛ]jku	0
glicoproteína	ɡlikɔprɔtɐinɐ	ɡlikuprutɨinɐ	ɡlik[ɔ]pr[ɔ]t[ɐ]inɐ	ɡlik[u]pr[u]t[ɨ]inɐ	0
glicosúria	ɡlikɔzurjɐ	ɡlikuzurjɐ	ɡlik[ɔ]zurjɐ	ɡlik[u]zurjɐ	0
glicosúrico	ɡlikɔzuriku	ɡlikuzuriku	ɡlik[ɔ]zuriku	ɡlik[u]zuriku	0
glioblastoma	ɡljɔblɐʃtomɐ	ɡliublɐʃtomɐ	ɡlj[ɔ]blɐʃtomɐ	ɡli[u]blɐʃtomɐ	0
glioxal	ɡliɔksaɫ	ɡliuksaɫ	ɡli[ɔ]ksaɫ	ɡli[u]ksaɫ	0
gliptodonte	ɡliptɔdõtɨ	ɡliptudõntɨ	ɡlipt[ɔ]dõtɨ[]	ɡlipt[u]dõnt[ɨ]	0
gliptodontídeo	ɡliptɔdõtidju	ɡliptudõntidiw	ɡlipt[ɔ]dõtidju[]	ɡlipt[u]dõntidi[w]	0
gliptodontídeos	ɡliptɔdõtidjuʃ	ɡliptudõntidiwʃ	ɡlipt[ɔ]dõtidjuʃ[]	ɡlipt[u]dõntidiw[ʃ]	0
gliptogênese	ɡliptɔʒenɨzɨ	ɡliptuʒenɨzɨ	ɡlipt[ɔ]ʒenɨzɨ	ɡlipt[u]ʒenɨzɨ	0
gliptogénese	ɡliptɔʒɛnɨzɨ	ɡliptuʒɛnɨzɨ	ɡlipt[ɔ]ʒɛnɨzɨ	ɡlipt[u]ʒɛnɨzɨ	0
gliptognosia	ɡliptɔɡnuziɐ	ɡliptuɡnuziɐ	ɡlipt[ɔ]ɡnuziɐ	ɡlipt[u]ɡnuziɐ	0
gliptognóstico	ɡliptɔɡnɔʃtiku	ɡliptuɡnɔʃtiku	ɡlipt[ɔ]ɡnɔʃtiku	ɡlipt[u]ɡnɔʃtiku	0
gliptografia	ɡliptɔɡrɐfiɐ	ɡliptuɡrɐfiɐ	ɡlipt[ɔ]ɡrɐfiɐ	ɡlipt[u]ɡrɐfiɐ	0
gliptográfico	ɡliptɔɡrafiku	ɡliptuɡrafiku	ɡlipt[ɔ]ɡrafiku	ɡlipt[u]ɡrafiku	0
gliptoteca	ɡliptɔtɛkɐ	ɡliptutɛkɐ	ɡlipt[ɔ]tɛkɐ	ɡlipt[u]tɛkɐ	0
glossiano	ɡlusjɐnu	ɡlɔsiɐ̃nu	ɡl[u]s[j]ɐ[]nu	ɡl[ɔ]s[i]ɐ[̃]nu	0
glossina	ɡlɔsinɐ	ɡlusinɐ	ɡl[ɔ]sinɐ	ɡl[u]sinɐ	0
glotite	ɡlɔtitɨ	ɡlutitɨ	ɡl[ɔ]titɨ	ɡl[u]titɨ	0
gloxínia	ɡlɔksinjɐ	ɡluksinjɐ	ɡl[ɔ]ksinjɐ	ɡl[u]ksinjɐ	0
glucocorticoide	ɡlukɔkurtikɔjdɨ	ɡlukukurtikɔjdɨ	ɡluk[ɔ]kurtikɔjdɨ	ɡluk[u]kurtikɔjdɨ	0
glucocorticóide	ɡlukɔkurtikɔjdɨ	ɡlukukurtikɔjdɨ	ɡluk[ɔ]kurtikɔjdɨ	ɡluk[u]kurtikɔjdɨ	0
glucogênese	ɡlukɔʒenɨzɨ	ɡlukuʒenɨzɨ	ɡluk[ɔ]ʒenɨzɨ	ɡluk[u]ʒenɨzɨ	0
glucogénese	ɡlukɔʒɛnɨzɨ	ɡlukuʒɛnɨzɨ	ɡluk[ɔ]ʒɛnɨzɨ	ɡluk[u]ʒɛnɨzɨ	0
gnosticismo	ɡnɔʃtisiʒmu	ɡnuʃtisiʒmu	ɡn[ɔ]ʃtisiʒmu	ɡn[u]ʃtisiʒmu	0
gobelim	ɡɔbɨlĩ	ɡubɨlĩn	ɡ[ɔ]bɨlĩ[]	ɡ[u]bɨlĩ[n]	0
gobelina	ɡɔbɨlinɐ	ɡubɨlinɐ	ɡ[ɔ]bɨlinɐ	ɡ[u]bɨlinɐ	0
godê	ɡɔde	ɡude	ɡ[ɔ]de	ɡ[u]de	0
godé	ɡɔdɛ	ɡudɛ	ɡ[ɔ]dɛ	ɡ[u]dɛ	0
gogó	ɡɔɡɔ	ɡuɡɔ	ɡ[ɔ]ɡɔ	ɡ[u]ɡɔ	0
golfístico	ɡɔɫfiʃtiku	ɡuɫfiʃtiku	ɡ[ɔ]ɫfiʃtiku	ɡ[u]ɫfiʃtiku	0
golpada	ɡɔɫpadɐ	ɡuɫpadɐ	ɡ[ɔ]ɫpadɐ	ɡ[u]ɫpadɐ	0
golpázio	ɡɔɫpazju	ɡuɫpazju	ɡ[ɔ]ɫpazju	ɡ[u]ɫpazju	0
golpeado	ɡɔɫpjadu	ɡuɫpiadu	ɡ[ɔ]ɫp[j]adu	ɡ[u]ɫp[i]adu	0
golpeadura	ɡɔɫpjɐdurɐ	ɡuɫpiɐdurɐ	ɡ[ɔ]ɫp[j]ɐdurɐ	ɡ[u]ɫp[i]ɐdurɐ	0
golpeamento	ɡɔɫpjɐmẽtu	ɡuɫpiɐmẽntu	ɡ[ɔ]ɫp[j]ɐmẽtu[]	ɡ[u]ɫp[i]ɐmẽnt[u]	0
golpeante	ɡɔɫpjɐ̃tɨ	ɡuɫpiɐ̃ntɨ	ɡ[ɔ]ɫp[j]ɐ̃[]tɨ	ɡ[u]ɫp[i]ɐ̃[n]tɨ	0
golpear	ɡɔɫpjar	ɡuɫpiar	ɡ[ɔ]ɫp[j]ar	ɡ[u]ɫp[i]ar	0
golpista	ɡɔɫpiʃtɐ	ɡuɫpiʃtɐ	ɡ[ɔ]ɫpiʃtɐ	ɡ[u]ɫpiʃtɐ	0
gonadotrofina	ɡɔnɐdɔtrufinɐ	ɡunɐdutrufinɐ	ɡ[ɔ]nɐd[ɔ]trufinɐ	ɡ[u]nɐd[u]trufinɐ	0
goniometria	ɡunjɔmɨtriɐ	ɡuniumɨtriɐ	ɡunj[ɔ]mɨtriɐ	ɡuni[u]mɨtriɐ	0
gonocele	ɡɔnɔsɛlɨ	ɡunusɛlɨ	ɡ[ɔ]n[ɔ]sɛlɨ	ɡ[u]n[u]sɛlɨ	0
gonococia	ɡɔnɔkusiɐ	ɡunukusiɐ	ɡ[ɔ]n[ɔ]kusiɐ	ɡ[u]n[u]kusiɐ	0
gonococo	ɡɔnɔkɔku	ɡunukoku	ɡ[ɔ]n[ɔ]k[ɔ]ku	ɡ[u]n[u]k[o]ku	0
gonocórico	ɡɔnɔkɔriku	ɡunukɔriku	ɡ[ɔ]n[ɔ]kɔriku	ɡ[u]n[u]kɔriku	0
gonocorismo	ɡɔnɔkuriʒmu	ɡunukuriʒmu	ɡ[ɔ]n[ɔ]kuriʒmu	ɡ[u]n[u]kuriʒmu	0
gonoteca	ɡɔnɔtɛkɐ	ɡunutɛkɐ	ɡ[ɔ]n[ɔ]tɛkɐ	ɡ[u]n[u]tɛkɐ	0
gonozoide	ɡɔnɔzɔjdɨ	ɡunuzɔjdɨ	ɡ[ɔ]n[ɔ]zɔjdɨ	ɡ[u]n[u]zɔjdɨ	0
gonozóide	ɡɔnɔzɔjdɨ	ɡunuzɔjdɨ	ɡ[ɔ]n[ɔ]zɔjdɨ	ɡ[u]n[u]zɔjdɨ	0
gordiano	ɡɔrdjɐnu	ɡurdiɐ̃nu	ɡ[ɔ]rd[j]ɐ[]nu	ɡ[u]rd[i]ɐ[̃]nu	0
gororoba	ɡɔrɔrɔbɐ	ɡururɔbɐ	ɡ[ɔ]r[ɔ]rɔbɐ	ɡ[u]r[u]rɔbɐ	0
gororobinha	ɡɔrɔrɔbiɲɐ	ɡururubiɲɐ	ɡ[ɔ]r[ɔ]r[ɔ]biɲɐ	ɡ[u]r[u]r[u]biɲɐ	0
gotlandiano	ɡɔtlɐ̃djɐnu	ɡutlɐ̃ndiɐ̃nu	ɡ[ɔ]tlɐ̃[]d[j]ɐ[]nu	ɡ[u]tlɐ̃[n]d[i]ɐ[̃]nu	0
grafofone	ɡrɐfɔfɔnɨ	ɡrɐfufonɨ	ɡrɐf[ɔ]f[ɔ]nɨ	ɡrɐf[u]f[o]nɨ	0
grafomaníaco	ɡrɐfɔmɐniɐku	ɡrɐfumɐniɐku	ɡrɐf[ɔ]mɐniɐku	ɡrɐf[u]mɐniɐku	0
gramofone	ɡrɐmɔfɔnɨ	ɡrɐmufonɨ	ɡrɐm[ɔ]f[ɔ]nɨ	ɡrɐm[u]f[o]nɨ	0
granoblástico	ɡrɐnɔblaʃtiku	ɡrɐnublaʃtiku	ɡrɐn[ɔ]blaʃtiku	ɡrɐn[u]blaʃtiku	0
granodiorito	ɡrɐnɔdjuritu	ɡrɐnudiuritu	ɡrɐn[ɔ]d[j]uritu	ɡrɐn[u]d[i]uritu	0
granulocitopenia	ɡrɐnulɔsitɔpɨniɐ	ɡrɐnulusitupɨniɐ	ɡrɐnul[ɔ]sit[ɔ]pɨniɐ	ɡrɐnul[u]sit[u]pɨniɐ	0
granulométrico	ɡrɐnulɔmɛtriku	ɡrɐnulumɛtriku	ɡrɐnul[ɔ]mɛtriku	ɡrɐnul[u]mɛtriku	0
greco-latino	ɡrɛkɔlɐtinu	ɡrɛkulɐtinu	ɡrɛk[ɔ]lɐtinu	ɡrɛk[u]lɐtinu	0
greco-romano	ɡrɛkɔʀumɐnu	ɡrɛkuʀumɐ̃nu	ɡrɛk[ɔ]ʀumɐ[]nu	ɡrɛk[u]ʀumɐ[̃]nu	0
groselha	ɡrɔzeʎɐ	ɡruzɛʎɐ	ɡr[ɔ]z[e]ʎɐ	ɡr[u]z[ɛ]ʎɐ	0
groselheira	ɡrɔzɨʎɐjrɐ	ɡruzɨʎɐjrɐ	ɡr[ɔ]zɨʎɐjrɐ	ɡr[u]zɨʎɐjrɐ	0
groselheira-negra	ɡrɔzɨʎɐjrɐneɡrɐ	ɡruzɨʎɐjrɐneɡrɐ	ɡr[ɔ]zɨʎɐjrɐneɡrɐ	ɡr[u]zɨʎɐjrɐneɡrɐ	0
groselheira-vermelha	ɡrɔzɨʎɐjrɐvɨrmɐjʎɐ	ɡruzɨʎɐjrɐvermeʎɐ	ɡr[ɔ]zɨʎɐjrɐv[ɨ]rmɐ[j]ʎɐ	ɡr[u]zɨʎɐjrɐv[e]rme[]ʎɐ	0
groselheiro	ɡrɔzɨʎɐjru	ɡruzɨʎɐjru	ɡr[ɔ]zɨʎɐjru	ɡr[u]zɨʎɐjru	0
grossagrana	ɡrɔsɐɡrɐnɐ	ɡrusɐɡrɐ̃nɐ	ɡr[ɔ]sɐɡrɐ[]nɐ	ɡr[u]sɐɡrɐ[̃]nɐ	0
guarda-nocturno	ɡwardɐnɔturnu	ɡwardɐnuturnu	ɡwardɐn[ɔ]turnu	ɡwardɐn[u]turnu	0
guarda-noturno	ɡwardɐnɔturnu	ɡwardɐnuturnu	ɡwardɐn[ɔ]turnu	ɡwardɐn[u]turnu	0
gulosinha	ɡuluziɲɐ	ɡulɔziɲɐ	ɡul[u]ziɲɐ	ɡul[ɔ]ziɲɐ	0
gunigobó	ɡuniɡɔbɔ	ɡuniɡubɔ	ɡuniɡ[ɔ]bɔ	ɡuniɡ[u]bɔ	0
guturotetania	ɡuturɔtɨtɐniɐ	ɡuturutɨtɐniɐ	ɡutur[ɔ]tɨtɐniɐ	ɡutur[u]tɨtɐniɐ	0
hagiossemantro	ɐʒjɔsɨmɐ̃tru	ɐʒiusɨmɐ̃ntru	ɐʒj[ɔ]sɨmɐ̃[]tru	ɐʒi[u]sɨmɐ̃[n]tru	0
hagiotoponímia	ɐʒjɔtupunimiɐ	ɐʒiutupunimjɐ	ɐʒj[ɔ]tupunim[i]ɐ	ɐʒi[u]tupunim[j]ɐ	0
hagiotopônimo	ɐʒjɔtuponimu	ɐʒiutuponimu	ɐʒj[ɔ]tuponimu	ɐʒi[u]tuponimu	0
hagiotopónimo	ɐʒjɔtupɔnimu	ɐʒiutupɔnimu	ɐʒj[ɔ]tupɔnimu	ɐʒi[u]tupɔnimu	0
halocromia	ɐlɔkrumiɐ	ɐlukrumiɐ	ɐl[ɔ]krumiɐ	ɐl[u]krumiɐ	0
halogenação	ɐlɔʒɨnɐsɐ̃w̃	ɐluʒenɐsɐ̃w̃	ɐl[ɔ]ʒ[ɨ]nɐsɐ̃w̃	ɐl[u]ʒ[e]nɐsɐ̃w̃	0
halogenado	ɐlɔʒɨnadu	ɐluʒɨnadu	ɐl[ɔ]ʒɨnadu	ɐl[u]ʒɨnadu	0
halogenar	ɐlɔʒɨnar	ɐluʒɨnar	ɐl[ɔ]ʒɨnar	ɐl[u]ʒɨnar	0
halogêneo	ɐlɔʒenju	ɐluʒeniw	ɐl[ɔ]ʒenj[u]	ɐl[u]ʒeni[w]	0
halogéneo	ɐlɔʒɛnju	ɐluʒɛniw	ɐl[ɔ]ʒɛnj[u]	ɐl[u]ʒɛni[w]	0
halogeneto	ɐlɔʒɨnetu	ɐluʒɨnetu	ɐl[ɔ]ʒɨnetu	ɐl[u]ʒɨnetu	0
halogênico	ɐlɔʒeniku	ɐluʒeniku	ɐl[ɔ]ʒeniku	ɐl[u]ʒeniku	0
halogénico	ɐlɔʒɛniku	ɐluʒɛniku	ɐl[ɔ]ʒɛniku	ɐl[u]ʒɛniku	0
halogênio	ɐlɔʒenju	ɐluʒenju	ɐl[ɔ]ʒenju	ɐl[u]ʒenju	0
halogénio	ɐlɔʒɛnju	ɐluʒɛnju	ɐl[ɔ]ʒɛnju	ɐl[u]ʒɛnju	0
halografia	ɐlɔɡrɐfiɐ	ɐluɡrɐfiɐ	ɐl[ɔ]ɡrɐfiɐ	ɐl[u]ɡrɐfiɐ	0
halográfico	ɐlɔɡrafiku	ɐluɡrafiku	ɐl[ɔ]ɡrafiku	ɐl[u]ɡrafiku	0
halomancia	ɐlɔmɐ̃siɐ	ɐlumɐ̃nsiɐ	ɐl[ɔ]mɐ̃[]siɐ	ɐl[u]mɐ̃[n]siɐ	0
halomante	ɐlɔmɐ̃tɨ	ɐlumɐ̃ntɨ	ɐl[ɔ]mɐ̃[]tɨ	ɐl[u]mɐ̃[n]tɨ	0
halomântico	ɐlɔmɐ̃tiku	ɐlumɐ̃ntiku	ɐl[ɔ]mɐ̃[]tiku	ɐl[u]mɐ̃[n]tiku	0
halometria	ɐlɔmɨtriɐ	ɐlumɨtriɐ	ɐl[ɔ]mɨtriɐ	ɐl[u]mɨtriɐ	0
halométrico	ɐlɔmɛtriku	ɐlumɛtriku	ɐl[ɔ]mɛtriku	ɐl[u]mɛtriku	0
halorragácea	ɐlɔʀɐɡasjɐ	ɐluʀɐɡasiɐ	ɐl[ɔ]ʀɐɡas[j]ɐ	ɐl[u]ʀɐɡas[i]ɐ	0
halorragáceas	ɐlɔʀɐɡasjɐʃ	ɐluʀɐɡasiɐʃ	ɐl[ɔ]ʀɐɡas[j]ɐʃ	ɐl[u]ʀɐɡas[i]ɐʃ	0
halotecnia	ɐlɔtɛkniɐ	ɐlutɛkniɐ	ɐl[ɔ]tɛkniɐ	ɐl[u]tɛkniɐ	0
halotécnico	ɐlɔtɛkniku	ɐlutɛkniku	ɐl[ɔ]tɛkniku	ɐl[u]tɛkniku	0
haplobionte	ɐplɔbjõtɨ	ɐplubiõntɨ	ɐpl[ɔ]bjõtɨ[]	ɐpl[u]biõnt[ɨ]	0
haplodiplobionte	ɐplɔdiplɔbjõtɨ	ɐpludiplubiõntɨ	ɐpl[ɔ]dipl[ɔ]bjõtɨ[]	ɐpl[u]dipl[u]biõnt[ɨ]	0
haplodiplonte	ɐplɔdiplõtɨ	ɐpludiplõntɨ	ɐpl[ɔ]diplõtɨ[]	ɐpl[u]diplõnt[ɨ]	0
haplodonte	ɐplɔdõtɨ	ɐpludõntɨ	ɐpl[ɔ]dõtɨ[]	ɐpl[u]dõnt[ɨ]	0
haplopatia	ɐplɔpɐtiɐ	ɐplupɐtiɐ	ɐpl[ɔ]pɐtiɐ	ɐpl[u]pɐtiɐ	0
haplopétalo	ɐplɔpɛtɐlu	ɐplupɛtɐlu	ɐpl[ɔ]pɛtɐlu	ɐpl[u]pɛtɐlu	0
haptoglobina	ɐptɔɡlubinɐ	ɐptuɡlubinɐ	ɐpt[ɔ]ɡlubinɐ	ɐpt[u]ɡlubinɐ	0
haptotáctico	ɐptɔtatiku	ɐptutatiku	ɐpt[ɔ]tatiku	ɐpt[u]tatiku	0
haptotactismo	ɐptɔtɐktiʒmu	ɐptutɐtiʒmu	ɐpt[ɔ]tɐ[k]tiʒmu	ɐpt[u]tɐ[]tiʒmu	0
haptotático	ɐptɔtatiku	ɐptutatiku	ɐpt[ɔ]tatiku	ɐpt[u]tatiku	0
haptotatismo	ɐptɔtɐtiʒmu	ɐptutɐtiʒmu	ɐpt[ɔ]tɐtiʒmu	ɐpt[u]tɐtiʒmu	0
haptotrópico	ɐptɔtrɔpiku	ɐptutrɔpiku	ɐpt[ɔ]trɔpiku	ɐpt[u]trɔpiku	0
haptotropismo	ɐptɔtrupiʒmu	ɐptutrupiʒmu	ɐpt[ɔ]trupiʒmu	ɐpt[u]trupiʒmu	0
hedonofobia	edɔnɔfubiɐ	edunufubiɐ	ed[ɔ]n[ɔ]fubiɐ	ed[u]n[u]fubiɐ	0
hedrocele	edrɔsɛlɨ	edrusɛlɨ	edr[ɔ]sɛlɨ	edr[u]sɛlɨ	0
heleno-latino	elenɔlɐtinu	elenulɐtinu	elen[ɔ]lɐtinu	elen[u]lɐtinu	0
hematoblasto	emɐtɔblaʃtu	emɐtublaʃtu	emɐt[ɔ]blaʃtu	emɐt[u]blaʃtu	0
hematocarpo	emɐtɔkarpu	emɐtukarpu	emɐt[ɔ]karpu	emɐt[u]karpu	0
hematocolpo	emɐtɔkɔɫpu	emɐtukoɫpu	emɐt[ɔ]k[ɔ]ɫpu	emɐt[u]k[o]ɫpu	0
hematofilo	emɐtɔfilu	emɐtufilu	emɐt[ɔ]filu	emɐt[u]filu	0
hematofobia	emɐtɔfubiɐ	emɐtufubiɐ	emɐt[ɔ]fubiɐ	emɐt[u]fubiɐ	0
hematolinfangioma	emɐtɔlĩfɐ̃ʒjomɐ	emɐtulĩnfɐ̃nʒiomɐ	emɐt[ɔ]lĩfɐ̃ʒjomɐ[]	emɐt[u]lĩnfɐ̃nʒiom[ɐ]	0
hematolítico	emɐtɔlitiku	emɐtulitiku	emɐt[ɔ]litiku	emɐt[u]litiku	0
hematometria	emɐtɔmɨtriɐ	emɐtumɨtriɐ	emɐt[ɔ]mɨtriɐ	emɐt[u]mɨtriɐ	0
hematopoese	emɐtɔpwɛzɨ	emɐtupuɛzɨ	emɐt[ɔ]p[w]ɛzɨ	emɐt[u]p[u]ɛzɨ	0
hematopoético	emɐtɔpwɛtiku	emɐtupuɛtiku	emɐt[ɔ]p[w]ɛtiku	emɐt[u]p[u]ɛtiku	0
hematopoiese	emɐtɔpojɛzɨ	emɐtupujɛzɨ	emɐt[ɔ]p[o]jɛzɨ	emɐt[u]p[u]jɛzɨ	0
hematopoiético	emɐtɔpojɛtiku	emɐtupujɛtiku	emɐt[ɔ]p[o]jɛtiku	emɐt[u]p[u]jɛtiku	0
hematospermia	emɐtɔʃpɨrmiɐ	emɐtuʃpɨrmiɐ	emɐt[ɔ]ʃpɨrmiɐ	emɐt[u]ʃpɨrmiɐ	0
hematospérmico	emɐtɔʃpɛrmiku	emɐtuʃpɛrmiku	emɐt[ɔ]ʃpɛrmiku	emɐt[u]ʃpɛrmiku	0
hematoxilina	emɐtɔksilinɐ	emɐtuksilinɐ	emɐt[ɔ]ksilinɐ	emɐt[u]ksilinɐ	0
hemeranopsia	emɨrɐnɔpsiɐ	emɨrɐnupsiɐ	emɨrɐn[ɔ]psiɐ	emɨrɐn[u]psiɐ	0
hemeropata	emɨrɔpatɐ	emɨrupatɐ	emɨr[ɔ]patɐ	emɨr[u]patɐ	0
hemeropatia	emɨrɔpɐtiɐ	emɨrupɐtiɐ	emɨr[ɔ]pɐtiɐ	emɨr[u]pɐtiɐ	0
hemeropático	emɨrɔpatiku	emɨrupatiku	emɨr[ɔ]patiku	emɨr[u]patiku	0
hemolinfangioma	emɔlĩfɐ̃ʒjomɐ	emulĩnfɐ̃nʒiomɐ	em[ɔ]lĩfɐ̃ʒjomɐ[]	em[u]lĩnfɐ̃nʒiom[ɐ]	0
heortonímia	ɛɔrtɔnimjɐ	iurtunimjɐ	ɛ[ɔ]rt[ɔ]nimjɐ	i[u]rt[u]nimjɐ	0
heortonímico	ɛɔrtɔnimiku	iurtunimiku	ɛ[ɔ]rt[ɔ]nimiku	i[u]rt[u]nimiku	0
heortônimo	ɛɔrtonimu	iurtonimu	ɛ[ɔ]rtonimu	i[u]rtonimu	0
heortónimo	ɛɔrtɔnimu	iurtɔnimu	ɛ[ɔ]rtɔnimu	i[u]rtɔnimu	0
hepatorragia	epɐtɔʀɐʒiɐ	epɐtuʀɐʒiɐ	epɐt[ɔ]ʀɐʒiɐ	epɐt[u]ʀɐʒiɐ	0
hepatotectomia	epɐtɔtɛktumiɐ	epɐtutɛtumiɐ	epɐt[ɔ]tɛ[k]tumiɐ	epɐt[u]tɛ[]tumiɐ	0
hétero	ɛtɨrɔ	ɛtɨru	ɛtɨr[ɔ]	ɛtɨr[u]	0
hidatidocele	idɐtidɔsɛlɨ	idɐtidusɛlɨ	idɐtid[ɔ]sɛlɨ	idɐtid[u]sɛlɨ	0
hidatogênico	idɐtɔʒenju	idɐtuʒeniku	idɐt[ɔ]ʒenj[]u	idɐt[u]ʒeni[k]u	0
hidatogénico	idɐtɔʒɛnju	idɐtuʒɛniku	idɐt[ɔ]ʒɛnj[]u	idɐt[u]ʒɛni[k]u	0
hidatoscopia	idɐtɔʃkupiɐ	idɐtuʃkupiɐ	idɐt[ɔ]ʃkupiɐ	idɐt[u]ʃkupiɐ	0
hidroacústica	idrɔɐkuʃtikɐ	idruɐkuʃtikɐ	idr[ɔ]ɐkuʃtikɐ	idr[u]ɐkuʃtikɐ	0
hidroaéreo	idrɔɐɛrju	idruɐɛriw	idr[ɔ]ɐɛrj[u]	idr[u]ɐɛri[w]	0
hidroaeródromo	idrɔɐɛrɔdrumu	idruɐɨrɔdrumu	idr[ɔ]ɐ[ɛ]rɔdrumu	idr[u]ɐ[ɨ]rɔdrumu	0
hidroaeroplano	idrɔɐɛrɔplɐnu	idruɐɨruplɐ̃nu	idr[ɔ]ɐ[ɛ]r[ɔ]plɐ[]nu	idr[u]ɐ[ɨ]r[u]plɐ[̃]nu	0
hidroavião	idrɔɐvjɐ̃w̃	idruɐviɐ̃w̃	idr[ɔ]ɐv[j]ɐ̃w̃	idr[u]ɐv[i]ɐ̃w̃	0
hidrobiologia	idrɔbjuluʒiɐ	idrubiuluʒiɐ	idr[ɔ]b[j]uluʒiɐ	idr[u]b[i]uluʒiɐ	0
hidrobiológico	idrɔbjulɔʒiku	idrubiulɔʒiku	idr[ɔ]b[j]ulɔʒiku	idr[u]b[i]ulɔʒiku	0
hidrocarbonado	idrɔkɐrbunadu	idrukɐrbunadu	idr[ɔ]kɐrbunadu	idr[u]kɐrbunadu	0
hidrocarboneto	idrɔkɐrbunetu	idrukɐrbunetu	idr[ɔ]kɐrbunetu	idr[u]kɐrbunetu	0
hidrocaritácea	idrɔkɐritasjɐ	idrukɐritasiɐ	idr[ɔ]kɐritas[j]ɐ	idr[u]kɐritas[i]ɐ	0
hidrocaritáceas	idrɔkɐritasjɐʃ	idrukɐritasiɐʃ	idr[ɔ]kɐritas[j]ɐʃ	idr[u]kɐritas[i]ɐʃ	0
hidrocaule	idrɔkawlɨ	idrukawlɨ	idr[ɔ]kawlɨ	idr[u]kawlɨ	0
hidrocefalia	idrɔsɨfɐliɐ	idrusefɐliɐ	idr[ɔ]s[ɨ]fɐliɐ	idr[u]s[e]fɐliɐ	0
hidrocefálico	idrɔsɨfaliku	idrusɨfaliku	idr[ɔ]sɨfaliku	idr[u]sɨfaliku	0
hidrocéfalo	idrɔsɛfɐlu	idrusɛfɐlu	idr[ɔ]sɛfɐlu	idr[u]sɛfɐlu	0
hidrocele	idrɔsɛlɨ	idrusɛlɨ	idr[ɔ]sɛlɨ	idr[u]sɛlɨ	0
hidrocisto	idrɔsiʃtu	idrusiʃtu	idr[ɔ]siʃtu	idr[u]siʃtu	0
hidrocoraliário	idrɔkurɐljarju	idrukurɐliarju	idr[ɔ]kurɐl[j]arju	idr[u]kurɐl[i]arju	0
hidrocussão	idrɔkusɐ̃w̃	idrukusɐ̃w̃	idr[ɔ]kusɐ̃w̃	idr[u]kusɐ̃w̃	0
hidrodinâmica	idrɔdinɐmikɐ	idrudinɐ̃mikɐ	idr[ɔ]dinɐ[]mikɐ	idr[u]dinɐ[̃]mikɐ	0
hidrodinâmico	idrɔdinɐmiku	idrudinɐ̃miku	idr[ɔ]dinɐ[]miku	idr[u]dinɐ[̃]miku	0
hidrofânio	idrɔfɐnju	idrufɐ̃nju	idr[ɔ]fɐ[]nju	idr[u]fɐ[̃]nju	0
hidrofilia	idrɔfiliɐ	idrufiliɐ	idr[ɔ]filiɐ	idr[u]filiɐ	0
hidrofílida	idrɔfilidɐ	idrufilidɐ	idr[ɔ]filidɐ	idr[u]filidɐ	0
hidrofílidas	idrɔfilidɐʃ	idrufilidɐʃ	idr[ɔ]filidɐʃ	idr[u]filidɐʃ	0
hidrofilídeo	idrɔfilidju	idrufilidiw	idr[ɔ]filidj[u]	idr[u]filidi[w]	0
hidrofilídeos	idrɔfilidjuʃ	idrufilidiwʃ	idr[ɔ]filidj[u]ʃ	idr[u]filidi[w]ʃ	0
hidroflutuador	idrɔflutwador	idruflutuɐdor	idr[ɔ]flutw[a]dor	idr[u]flutu[ɐ]dor	0
hidrofobia	idrɔfubiɐ	idrufubiɐ	idr[ɔ]fubiɐ	idr[u]fubiɐ	0
hidrofóbico	idrɔfɔbiku	idrufɔbiku	idr[ɔ]fɔbiku	idr[u]fɔbiku	0
hidrofólio	idrɔfɔlju	idrufɔlju	idr[ɔ]fɔlju	idr[u]fɔlju	0
hidrofone	idrɔfɔnɨ	idrufonɨ	idr[ɔ]f[ɔ]nɨ	idr[u]f[o]nɨ	0
hidroformação	idrɔfurmɐsɐ̃w̃	idrufurmɐsɐ̃w̃	idr[ɔ]furmɐsɐ̃w̃	idr[u]furmɐsɐ̃w̃	0
hidroftalmia	idrɔftaɫmiɐ	idruftaɫmiɐ	idr[ɔ]ftaɫmiɐ	idr[u]ftaɫmiɐ	0
hidroftalmo	idrɔftaɫmu	idruftaɫmu	idr[ɔ]ftaɫmu	idr[u]ftaɫmu	0
hidrogel	idrɔʒɛɫ	idruʒɛɫ	idr[ɔ]ʒɛɫ	idr[u]ʒɛɫ	0
hidrogenação	idrɔʒɨnɐsɐ̃w̃	idruʒenɐsɐ̃w̃	idr[ɔ]ʒ[ɨ]nɐsɐ̃w̃	idr[u]ʒ[e]nɐsɐ̃w̃	0
hidrogenado	idrɔʒɨnadu	idruʒɨnadu	idr[ɔ]ʒɨnadu	idr[u]ʒɨnadu	0
hidrogenar	idrɔʒɨnar	idruʒɨnar	idr[ɔ]ʒɨnar	idr[u]ʒɨnar	0
hidrogenia	idrɔʒɨniɐ	idruʒɨniɐ	idr[ɔ]ʒɨniɐ	idr[u]ʒɨniɐ	0
hidrogenião	idrɔʒɨnjɐ̃w̃	idruʒeniɐ̃w̃	idr[ɔ]ʒ[ɨ]n[j]ɐ̃w̃	idr[u]ʒ[e]n[i]ɐ̃w̃	0
hidrogênico	idrɔʒeniku	idruʒeniku	idr[ɔ]ʒeniku	idr[u]ʒeniku	0
hidrogénico	idrɔʒɛniku	idruʒɛniku	idr[ɔ]ʒɛniku	idr[u]ʒɛniku	0
hidrogênio	idrɔʒenju	idruʒenju	idr[ɔ]ʒenju	idr[u]ʒenju	0
hidrogénio	idrɔʒɛnju	idruʒɛnju	idr[ɔ]ʒɛnju	idr[u]ʒɛnju	0
hidrogeniônico	idrɔʒɨnjoniku	idruʒɨnjoniku	idr[ɔ]ʒɨnjoniku	idr[u]ʒɨnjoniku	0
hidrogeniónico	idrɔʒɨnjɔniku	idruʒeniɔniku	idr[ɔ]ʒ[ɨ]n[j]ɔniku	idr[u]ʒ[e]n[i]ɔniku	0
hidrogenocarbonato	idrɔʒɛnɔkɐrbunatu	idruʒenukɐrbunatu	idr[ɔ]ʒ[ɛ]n[ɔ]kɐrbunatu	idr[u]ʒ[e]n[u]kɐrbunatu	0
hidrogenossulfato	idrɔʒɛnɔsuɫfatu	idruʒenusuɫfatu	idr[ɔ]ʒ[ɛ]n[ɔ]suɫfatu	idr[u]ʒ[e]n[u]suɫfatu	0
hidrogenossulfito	idrɔʒɛnɔsuɫfitu	idruʒenusuɫfitu	idr[ɔ]ʒ[ɛ]n[ɔ]suɫfitu	idr[u]ʒ[e]n[u]suɫfitu	0
hidrogenossulfureto	idrɔʒɛnɔsuɫfuretu	idruʒenusuɫfurɛtu	idr[ɔ]ʒ[ɛ]n[ɔ]suɫfur[e]tu	idr[u]ʒ[e]n[u]suɫfur[ɛ]tu	0
hidrogeologia	idrɔʒjuluʒiɐ	idruʒiuluʒiɐ	idr[ɔ]ʒ[j]uluʒiɐ	idr[u]ʒ[i]uluʒiɐ	0
hidrogeológico	idrɔʒjulɔʒiku	idruʒiulɔʒiku	idr[ɔ]ʒ[j]ulɔʒiku	idr[u]ʒ[i]ulɔʒiku	0
hidroginástica	idrɔʒinaʃtikɐ	idruʒinaʃtikɐ	idr[ɔ]ʒinaʃtikɐ	idr[u]ʒinaʃtikɐ	0
hidrognomonia	idrɔɡnumiɐ	idruɡnumuniɐ	idr[ɔ]ɡnumiɐ[]	idr[u]ɡnumuni[ɐ]	0
hidrognosia	idrɔɡnuziɐ	idruɡnuziɐ	idr[ɔ]ɡnuziɐ	idr[u]ɡnuziɐ	0
hidrolatria	idrɔlɐtriɐ	idrulɐtriɐ	idr[ɔ]lɐtriɐ	idr[u]lɐtriɐ	0
hidrolátrico	idrɔlatriku	idrulatriku	idr[ɔ]latriku	idr[u]latriku	0
hidrolisação	idrɔlizɐsɐ̃w̃	idrulizɐsɐ̃w̃	idr[ɔ]lizɐsɐ̃w̃	idr[u]lizɐsɐ̃w̃	0
hidrolisado	idrɔlizadu	idrulizadu	idr[ɔ]lizadu	idr[u]lizadu	0
hidrolisante	idrɔlizɐ̃tɨ	idrulizɐ̃ntɨ	idr[ɔ]lizɐ̃[]tɨ	idr[u]lizɐ̃[n]tɨ	0
hidrolisar	idrɔlizar	idrulizar	idr[ɔ]lizar	idr[u]lizar	0
hidrolisável	idrɔlizavɛɫ	idrulizavɛɫ	idr[ɔ]lizavɛɫ	idr[u]lizavɛɫ	0
hidrolítico	idrɔlitiku	idrulitiku	idr[ɔ]litiku	idr[u]litiku	0
hidromancia	idrɔmɐ̃siɐ	idrumɐ̃nsiɐ	idr[ɔ]mɐ̃[]siɐ	idr[u]mɐ̃[n]siɐ	0
hidromania	idrɔmɐniɐ	idrumɐniɐ	idr[ɔ]mɐniɐ	idr[u]mɐniɐ	0
hidromante	idrɔmɐ̃tɨ	idrumɐ̃ntɨ	idr[ɔ]mɐ̃[]tɨ	idr[u]mɐ̃[n]tɨ	0
hidromântico	idrɔmɐ̃tiku	idrumɐ̃ntiku	idr[ɔ]mɐ̃[]tiku	idr[u]mɐ̃[n]tiku	0
hidromassagem	idrɔmɐsaʒɐ̃j̃	idrumɐsaʒɐjn	idr[ɔ]mɐsaʒɐ[̃]j[̃]	idr[u]mɐsaʒɐ[]j[n]	0
hidromecânica	idrɔmɨkɐnikɐ	idrumɨkɐ̃nikɐ	idr[ɔ]mɨkɐ[]nikɐ	idr[u]mɨkɐ[̃]nikɐ	0
hidromecânico	idrɔmɨkɐniku	idrumɨkɐ̃niku	idr[ɔ]mɨkɐ[]niku	idr[u]mɨkɐ[̃]niku	0
hidromedusas	idrɔmɨduzɐʃ	idrumɨduzɐʃ	idr[ɔ]mɨduzɐʃ	idr[u]mɨduzɐʃ	0
hidromel	idrɔmɛɫ	idrumɛɫ	idr[ɔ]mɛɫ	idr[u]mɛɫ	0
hidrometeoro	idrɔmɨtjɔru	idrumetiɔru	idr[ɔ]m[ɨ]t[j]ɔru	idr[u]m[e]t[i]ɔru	0
hidrometria	idrɔmɨtriɐ	idrumɨtriɐ	idr[ɔ]mɨtriɐ	idr[u]mɨtriɐ	0
hidrométrico	idrɔmɛtriku	idrumɛtriku	idr[ɔ]mɛtriku	idr[u]mɛtriku	0
hidrométrida	idrɔmɛtridɐ	idrumɛtridɐ	idr[ɔ]mɛtridɐ	idr[u]mɛtridɐ	0
hidrométridas	idrɔmɛtridɐʃ	idrumɛtridɐʃ	idr[ɔ]mɛtridɐʃ	idr[u]mɛtridɐʃ	0
hidrometrídeo	idrɔmɨtridju	idrumɨtridiw	idr[ɔ]mɨtridj[u]	idr[u]mɨtridi[w]	0
hidrometrídeos	idrɔmɨtridjuʃ	idrumɨtridiwʃ	idr[ɔ]mɨtridj[u]ʃ	idr[u]mɨtridi[w]ʃ	0
hidromica	idrɔmikɐ	idrumikɐ	idr[ɔ]mikɐ	idr[u]mikɐ	0
hidromineral	idrɔminɨraɫ	idruminɨraɫ	idr[ɔ]minɨraɫ	idr[u]minɨraɫ	0
hidromotor	idrɔmutor	idrumutor	idr[ɔ]mutor	idr[u]mutor	0
hidronefrose	idrɔnɨfrɔzɨ	idrunɨfrɔzɨ	idr[ɔ]nɨfrɔzɨ	idr[u]nɨfrɔzɨ	0
hidronefrótico	idrɔnɨfrɔtiku	idrunɨfrɔtiku	idr[ɔ]nɨfrɔtiku	idr[u]nɨfrɔtiku	0
hidropata	idrɔpatɐ	idrupatɐ	idr[ɔ]patɐ	idr[u]patɐ	0
hidropatia	idrɔpɐtiɐ	idrupɐtiɐ	idr[ɔ]pɐtiɐ	idr[u]pɐtiɐ	0
hidropático	idrɔpatiku	idrupatiku	idr[ɔ]patiku	idr[u]patiku	0
hidropirético	idrɔpirɛtiku	idrupirɛtiku	idr[ɔ]pirɛtiku	idr[u]pirɛtiku	0
hidropírico	idrɔpiriku	idrupiriku	idr[ɔ]piriku	idr[u]piriku	0
hidropisia	idrɔpiziɐ	idrupiziɐ	idr[ɔ]piziɐ	idr[u]piziɐ	0
hidropisina	idrɔpizinɐ	idrupizinɐ	idr[ɔ]pizinɐ	idr[u]pizinɐ	0
hidroplanador	idrɔplɐnɐdor	idruplɐnɐdor	idr[ɔ]plɐnɐdor	idr[u]plɐnɐdor	0
hidroplano	idrɔplɐnu	idruplɐ̃nu	idr[ɔ]plɐ[]nu	idr[u]plɐ[̃]nu	0
hidropneumática	idrɔpnewmatikɐ	idrupnewmatikɐ	idr[ɔ]pnewmatikɐ	idr[u]pnewmatikɐ	0
hidropneumático	idrɔpnewmatiku	idrupnewmatiku	idr[ɔ]pnewmatiku	idr[u]pnewmatiku	0
hidroponia	idrɔpuniɐ	idrupuniɐ	idr[ɔ]puniɐ	idr[u]puniɐ	0
hidropônica	idrɔponikɐ	idruponikɐ	idr[ɔ]ponikɐ	idr[u]ponikɐ	0
hidropónica	idrɔpɔnikɐ	idrupɔnikɐ	idr[ɔ]pɔnikɐ	idr[u]pɔnikɐ	0
hidropônico	idrɔponiku	idruponiku	idr[ɔ]poniku	idr[u]poniku	0
hidropónico	idrɔpɔniku	idrupɔniku	idr[ɔ]pɔniku	idr[u]pɔniku	0
hidropúlvis	idrɔpuɫviʃ	idrupuɫviʃ	idr[ɔ]puɫviʃ	idr[u]puɫviʃ	0
hidroquinona	idrɔkinonɐ	idrukinonɐ	idr[ɔ]kinonɐ	idr[u]kinonɐ	0
hidroquisto	idrɔkiʃtu	idrukiʃtu	idr[ɔ]kiʃtu	idr[u]kiʃtu	0
hidrorragia	idrɔʀɐʒiɐ	idruʀɐʒiɐ	idr[ɔ]ʀɐʒiɐ	idr[u]ʀɐʒiɐ	0
hidrorreia	idrɔʀɐjɐ	idruʀɛjɐ	idr[ɔ]ʀ[ɐ]jɐ	idr[u]ʀ[ɛ]jɐ	0
hidrorréia	idrɔʀɐjɐ	idruʀɛjɐ	idr[ɔ]ʀ[ɐ]jɐ	idr[u]ʀ[ɛ]jɐ	0
hidrorreico	idrɔʀɐjku	idruʀɐjku	idr[ɔ]ʀɐjku	idr[u]ʀɐjku	0
hidrorréico	idrɔʀɐjku	idruʀɛjku	idr[ɔ]ʀ[ɐ]jku	idr[u]ʀ[ɛ]jku	0
hidrorrepelente	idrɔʀɨpɨlẽtɨ	idruʀepɨlẽntɨ	idr[ɔ]ʀ[ɨ]pɨlẽtɨ[]	idr[u]ʀ[e]pɨlẽnt[ɨ]	0
hidroscopia	idrɔʃkupiɐ	idruʃkupiɐ	idr[ɔ]ʃkupiɐ	idr[u]ʃkupiɐ	0
hidroscópico	idrɔʃkɔpiku	idruʃkɔpiku	idr[ɔ]ʃkɔpiku	idr[u]ʃkɔpiku	0
hidroscópio	idrɔʃkɔpju	idruʃkɔpju	idr[ɔ]ʃkɔpju	idr[u]ʃkɔpju	0
hidrosfera	idrɔʃfɛrɐ	idruʃfɛrɐ	idr[ɔ]ʃfɛrɐ	idr[u]ʃfɛrɐ	0
hidrosférico	idrɔʃfɛriku	idruʃfɛriku	idr[ɔ]ʃfɛriku	idr[u]ʃfɛriku	0
hidrossol	idrɔsɔɫ	idrusɔɫ	idr[ɔ]sɔɫ	idr[u]sɔɫ	0
hidrossolúvel	idrɔsuluvɛɫ	idrusuluvɛɫ	idr[ɔ]suluvɛɫ	idr[u]suluvɛɫ	0
hidrostática	idrɔʃtatikɐ	idruʃtatikɐ	idr[ɔ]ʃtatikɐ	idr[u]ʃtatikɐ	0
hidrostático	idrɔʃtatiku	idruʃtatiku	idr[ɔ]ʃtatiku	idr[u]ʃtatiku	0
hidrotactismo	idrɔtɐktiʒmu	idrutɐtiʒmu	idr[ɔ]tɐ[k]tiʒmu	idr[u]tɐ[]tiʒmu	0
hidrotatismo	idrɔtɐtiʒmu	idrutɐtiʒmu	idr[ɔ]tɐtiʒmu	idr[u]tɐtiʒmu	0
hidrotecnia	idrɔtɛkniɐ	idrutɛkniɐ	idr[ɔ]tɛkniɐ	idr[u]tɛkniɐ	0
hidrotécnico	idrɔtɛkniku	idrutɛkniku	idr[ɔ]tɛkniku	idr[u]tɛkniku	0
hidroterapeuta	idrɔtɨrɐpewtɐ	idruterɐpewtɐ	idr[ɔ]t[ɨ]rɐpewtɐ	idr[u]t[e]rɐpewtɐ	0
hidroterapêutica	idrɔtɨrɐpewtikɐ	idruterɐpewtikɐ	idr[ɔ]t[ɨ]rɐpewtikɐ	idr[u]t[e]rɐpewtikɐ	0
hidroterapêutico	idrɔtɨrɐpewtiku	idruterɐpewtiku	idr[ɔ]t[ɨ]rɐpewtiku	idr[u]t[e]rɐpewtiku	0
hidroterapia	idrɔtɨrɐpiɐ	idruterɐpiɐ	idr[ɔ]t[ɨ]rɐpiɐ	idr[u]t[e]rɐpiɐ	0
hidroterápico	idrɔtɨrapiku	idrutɨrapiku	idr[ɔ]tɨrapiku	idr[u]tɨrapiku	0
hidrotermal	idrɔtɨrmaɫ	idrutɨrmaɫ	idr[ɔ]tɨrmaɫ	idr[u]tɨrmaɫ	0
hidrotérmico	idrɔtɛrmiku	idrutɛrmiku	idr[ɔ]tɛrmiku	idr[u]tɛrmiku	0
hidrotimetria	idrɔtimɨtriɐ	idrutimɨtriɐ	idr[ɔ]timɨtriɐ	idr[u]timɨtriɐ	0
hidrotimétrico	idrɔtimɛtriku	idrutimɛtriku	idr[ɔ]timɛtriku	idr[u]timɛtriku	0
hidrotímetro	idrɔtimɨtru	idrutimɨtru	idr[ɔ]timɨtru	idr[u]timɨtru	0
hidrotórax	idrɔtɔraks	idrutɔrɐks	idr[ɔ]tɔr[a]ks	idr[u]tɔr[ɐ]ks	0
hidrotropismo	idrɔtrupiʒmu	idrutrupiʒmu	idr[ɔ]trupiʒmu	idr[u]trupiʒmu	0
hidrovia	idrɔviɐ	idruviɐ	idr[ɔ]viɐ	idr[u]viɐ	0
hidroviário	idrɔvjarju	idruviarju	idr[ɔ]v[j]arju	idr[u]v[i]arju	0
hidroxilado	idrɔksiladu	idruksiladu	idr[ɔ]ksiladu	idr[u]ksiladu	0
hidroxilamina	idrɔksilɐminɐ	idruksilɐminɐ	idr[ɔ]ksilɐminɐ	idr[u]ksilɐminɐ	0
hidroxilião	idrɔksiljɐ̃w̃	idruksiliɐ̃w̃	idr[ɔ]ksil[j]ɐ̃w̃	idr[u]ksil[i]ɐ̃w̃	0
hidroxilo	idrɔksilu	idruksilu	idr[ɔ]ksilu	idr[u]ksilu	0
hidrozoário	idrɔzwarju	idruzuarju	idr[ɔ]z[w]arju	idr[u]z[u]arju	0
higioterapia	iʒjɔtɨrɐpiɐ	iʒiutɨrɐpiɐ	iʒj[ɔ]tɨrɐpiɐ	iʒi[u]tɨrɐpiɐ	0
higioterápico	iʒjɔtɨrapiku	iʒiutɨrapiku	iʒj[ɔ]tɨrapiku	iʒi[u]tɨrapiku	0
higrofilia	iɡrɔfiliɐ	iɡrufiliɐ	iɡr[ɔ]filiɐ	iɡr[u]filiɐ	0
higrofobia	iɡrɔfubiɐ	iɡrufubiɐ	iɡr[ɔ]fubiɐ	iɡr[u]fubiɐ	0
higrometria	iɡrɔmɨtriɐ	iɡrumɨtriɐ	iɡr[ɔ]mɨtriɐ	iɡr[u]mɨtriɐ	0
higrometricidade	iɡrɔmɨtrisidadɨ	iɡrumetrisidadɨ	iɡr[ɔ]m[ɨ]trisidadɨ	iɡr[u]m[e]trisidadɨ	0
higroscopia	iɡrɔʃkupiɐ	iɡruʃkupiɐ	iɡr[ɔ]ʃkupiɐ	iɡr[u]ʃkupiɐ	0
higroscopicidade	iɡrɔʃkɔpisidadɨ	iɡruʃkupisidadɨ	iɡr[ɔ]ʃk[ɔ]pisidadɨ	iɡr[u]ʃk[u]pisidadɨ	0
higroscópico	iɡrɔʃkɔpiku	iɡruʃkɔpiku	iɡr[ɔ]ʃkɔpiku	iɡr[u]ʃkɔpiku	0
higroscópio	iɡrɔʃkɔpju	iɡruʃkɔpju	iɡr[ɔ]ʃkɔpju	iɡr[u]ʃkɔpju	0
higrotropismo	iɡrɔtrupiʒmu	iɡrutrupiʒmu	iɡr[ɔ]trupiʒmu	iɡr[u]trupiʒmu	0
hilobátida	ilɔbatidɐ	ilubatidɐ	il[ɔ]batidɐ	il[u]batidɐ	0
hilobátidas	ilɔbatidɐʃ	ilubatidɐʃ	il[ɔ]batidɐʃ	il[u]batidɐʃ	0
hilobatídeo	ilɔbɐtidju	ilubɐtidiw	il[ɔ]bɐtidj[u]	il[u]bɐtidi[w]	0
hilobatídeos	ilɔbɐtidjuʃ	ilubɐtidiwʃ	il[ɔ]bɐtidj[u]ʃ	il[u]bɐtidi[w]ʃ	0
hilofagia	ilɔfɐʒiɐ	ilufɐʒiɐ	il[ɔ]fɐʒiɐ	il[u]fɐʒiɐ	0
hilogenia	ilɔʒɨniɐ	iluʒɨniɐ	il[ɔ]ʒɨniɐ	il[u]ʒɨniɐ	0
hilogênico	ilɔʒeniku	iluʒeniku	il[ɔ]ʒeniku	il[u]ʒeniku	0
hilogénico	ilɔʒɛniku	iluʒɛniku	il[ɔ]ʒɛniku	il[u]ʒɛniku	0
hilozoico	ilɔzɔjku	iluzɔjku	il[ɔ]zɔjku	il[u]zɔjku	0
hilozóico	ilɔzɔjku	iluzɔjku	il[ɔ]zɔjku	il[u]zɔjku	0
hilozoísmo	ilɔzwiʒmu	iluzuiʒmu	il[ɔ]z[w]iʒmu	il[u]z[u]iʒmu	0
hilozoísta	ilɔzwiʃtɐ	iluzuiʃtɐ	il[ɔ]z[w]iʃtɐ	il[u]z[u]iʃtɐ	0
himenocarpo	imɨnɔkarpu	imɨnukarpu	imɨn[ɔ]karpu	imɨn[u]karpu	0
himenofilácea	imɨnɔfilasjɐ	imɨnufilasiɐ	imɨn[ɔ]filas[j]ɐ	imɨn[u]filas[i]ɐ	0
himenofiláceas	imɨnɔfilasjɐʃ	imɨnufilasiɐʃ	imɨn[ɔ]filas[j]ɐʃ	imɨn[u]filas[i]ɐʃ	0
himenotomia	imɨnɔtumiɐ	imɨnutumiɐ	imɨn[ɔ]tumiɐ	imɨn[u]tumiɐ	0
himenotômico	imɨnɔtomiku	imɨnutomiku	imɨn[ɔ]tomiku	imɨn[u]tomiku	0
himenotómico	imɨnɔtɔmiku	imɨnutɔmiku	imɨn[ɔ]tɔmiku	imɨn[u]tɔmiku	0
hioglosso	iɔɡlɔsu	iuɡlɔsu	i[ɔ]ɡlɔsu	i[u]ɡlɔsu	0
hiomandibular	iɔmɐ̃dibular	iumɐ̃ndibular	i[ɔ]mɐ̃[]dibular	i[u]mɐ̃[n]dibular	0
hiosciamina	iɔʃsjɐminɐ	iuʃsiɐminɐ	i[ɔ]ʃs[j]ɐminɐ	i[u]ʃs[i]ɐminɐ	0
hiostílico	iɔʃtiliku	iuʃtiliku	i[ɔ]ʃtiliku	i[u]ʃtiliku	0
hiperafrodisia	ipɛrɐfrɔdiziɐ	ipɛrɐfrudiziɐ	ipɛrɐfr[ɔ]diziɐ	ipɛrɐfr[u]diziɐ	0
hiperorexia	ipɛrɔrɛksiɐ	ipɛrurɨksiɐ	ipɛr[ɔ]r[ɛ]ksiɐ	ipɛr[u]r[ɨ]ksiɐ	0
hiperortografismo	ipɛrɔrtuɡrɐfiʒmu	ipɛrurtuɡrɐfiʒmu	ipɛr[ɔ]rtuɡrɐfiʒmu	ipɛr[u]rtuɡrɐfiʒmu	0
hiperosmia	ipɛrɔʒmiɐ	ipɛruʒmiɐ	ipɛr[ɔ]ʒmiɐ	ipɛr[u]ʒmiɐ	0
hiperosteose	ipɛrɔʃtjɔzɨ	ipɛruʃtiɔzɨ	ipɛr[ɔ]ʃt[j]ɔzɨ	ipɛr[u]ʃt[i]ɔzɨ	0
hipnoanálise	ipnɔɐnalizɨ	ipnuɐnalizɨ	ipn[ɔ]ɐnalizɨ	ipn[u]ɐnalizɨ	0
hipnofobia	ipnɔfubiɐ	ipnufubiɐ	ipn[ɔ]fubiɐ	ipn[u]fubiɐ	0
hipnografia	ipnɔɡrɐfiɐ	ipnuɡrɐfiɐ	ipn[ɔ]ɡrɐfiɐ	ipn[u]ɡrɐfiɐ	0
hipnográfico	ipnɔɡrafiku	ipnuɡrafiku	ipn[ɔ]ɡrafiku	ipn[u]ɡrafiku	0
hipnolepsia	ipnɔlɛpsiɐ	ipnulɨpsiɐ	ipn[ɔ]l[ɛ]psiɐ	ipn[u]l[ɨ]psiɐ	0
hipnoléptico	ipnɔlɛptiku	ipnulɛptiku	ipn[ɔ]lɛptiku	ipn[u]lɛptiku	0
hipnolético	ipnɔlɛtiku	ipnulɛtiku	ipn[ɔ]lɛtiku	ipn[u]lɛtiku	0
hipnomania	ipnɔmɐniɐ	ipnumɐniɐ	ipn[ɔ]mɐniɐ	ipn[u]mɐniɐ	0
hipnopatia	ipnɔpɐtiɐ	ipnupɐtiɐ	ipn[ɔ]pɐtiɐ	ipn[u]pɐtiɐ	0
hipnopedia	ipnɔpɨdiɐ	ipnupɨdiɐ	ipn[ɔ]pɨdiɐ	ipn[u]pɨdiɐ	0
hipnosia	ipnɔziɐ	ipnuziɐ	ipn[ɔ]ziɐ	ipn[u]ziɐ	0
hipnoterapia	ipnɔtɨrɐpiɐ	ipnuterɐpiɐ	ipn[ɔ]t[ɨ]rɐpiɐ	ipn[u]t[e]rɐpiɐ	0
hipnoterápico	ipnɔtɨrapiku	ipnutɨrapiku	ipn[ɔ]tɨrapiku	ipn[u]tɨrapiku	0
hipnotismo	ipnɔtiʒmu	ipnutiʒmu	ipn[ɔ]tiʒmu	ipn[u]tiʒmu	0
hipnotista	ipnɔtiʃtɐ	ipnutiʃtɐ	ipn[ɔ]tiʃtɐ	ipn[u]tiʃtɐ	0
hipnotização	ipnɔtizɐsɐ̃w̃	ipnutizɐsɐ̃w̃	ipn[ɔ]tizɐsɐ̃w̃	ipn[u]tizɐsɐ̃w̃	0
hipnotizador	ipnɔtizɐdor	ipnutizɐdor	ipn[ɔ]tizɐdor	ipn[u]tizɐdor	0
hipnotizante	ipnɔtizɐ̃tɨ	ipnutizɐ̃ntɨ	ipn[ɔ]tizɐ̃[]tɨ	ipn[u]tizɐ̃[n]tɨ	0
hipnotizar	ipnɔtizar	ipnutizar	ipn[ɔ]tizar	ipn[u]tizar	0
hipnotizável	ipnɔtizavɛɫ	ipnutizavɛɫ	ipn[ɔ]tizavɛɫ	ipn[u]tizavɛɫ	0
hipocraz	ipɔkraʃ	ipukraʃ	ip[ɔ]kraʃ	ip[u]kraʃ	0
hipogeia	ipɔʒɐjɐ	ipuʒɛjɐ	ip[ɔ]ʒ[ɐ]jɐ	ip[u]ʒ[ɛ]jɐ	0
hipogeu	ipɔʒew	ipuʒew	ip[ɔ]ʒew	ip[u]ʒew	0
hipoglobulia	ipɔɡlɔbuliɐ	ipɔɡlubuliɐ	ipɔɡl[ɔ]buliɐ	ipɔɡl[u]buliɐ	0
hipopotâmida	ipɔpɔtɐmidɐ	ipɔputɐ̃midɐ	ipɔp[ɔ]tɐ[]midɐ	ipɔp[u]tɐ[̃]midɐ	0
hipopotâmidas	ipɔpɔtɐmidɐʃ	ipɔputɐ̃midɐʃ	ipɔp[ɔ]tɐ[]midɐʃ	ipɔp[u]tɐ[̃]midɐʃ	0
hipopotamídeo	ipɔpɔtɐmidju	ipɔputɐmidiw	ipɔp[ɔ]tɐmidj[u]	ipɔp[u]tɐmidi[w]	0
hipopotamídeos	ipɔpɔtɐmidjuʃ	ipɔputɐmidiwʃ	ipɔp[ɔ]tɐmidj[u]ʃ	ipɔp[u]tɐmidi[w]ʃ	0
hiposmia	ipɔʒmiɐ	ipuʒmiɐ	ip[ɔ]ʒmiɐ	ip[u]ʒmiɐ	0
hipotecnia	ipɔtɛkniɐ	iputɛkniɐ	ip[ɔ]tɛkniɐ	ip[u]tɛkniɐ	0
hipotético-dedutivo	iputɛtikɔdɨdutivu	iputɛtikudɨdutivu	iputɛtik[ɔ]dɨdutivu	iputɛtik[u]dɨdutivu	0
hipoxia	ipɔksiɐ	ipuksiɐ	ip[ɔ]ksiɐ	ip[u]ksiɐ	0
hipsobatimetria	ipsɔbɐtimɨtriɐ	ipsubɐtimɨtriɐ	ips[ɔ]bɐtimɨtriɐ	ips[u]bɐtimɨtriɐ	0
hipsobatimétrico	ipsɔbɐtimɛtriku	ipsubɐtimɛtriku	ips[ɔ]bɐtimɛtriku	ips[u]bɐtimɛtriku	0
hipsocefalia	ipsɔsɨfɐliɐ	ipsusefɐliɐ	ips[ɔ]s[ɨ]fɐliɐ	ips[u]s[e]fɐliɐ	0
hipsocéfalo	ipsɔsɛfɐlu	ipsusɛfɐlu	ips[ɔ]sɛfɐlu	ips[u]sɛfɐlu	0
hipsografia	ipsɔɡrɐfiɐ	ipsuɡrɐfiɐ	ips[ɔ]ɡrɐfiɐ	ips[u]ɡrɐfiɐ	0
hipsográfico	ipsɔɡrafiku	ipsuɡrafiku	ips[ɔ]ɡrafiku	ips[u]ɡrafiku	0
hipsometria	ipsɔmɨtriɐ	ipsumɨtriɐ	ips[ɔ]mɨtriɐ	ips[u]mɨtriɐ	0
hipsométrico	ipsɔmɛtriku	ipsumɛtriku	ips[ɔ]mɛtriku	ips[u]mɛtriku	0
hispanofilia	iʃpɐnɔfiliɐ	iʃpɐnufiliɐ	iʃpɐn[ɔ]filiɐ	iʃpɐn[u]filiɐ	0
histerocele	iʃtɨrɔsɛlɨ	iʃtɨrusɛlɨ	iʃtɨr[ɔ]sɛlɨ	iʃtɨr[u]sɛlɨ	0
histerofisa	iʃtɨrɔfizɐ	iʃtɨrufizɐ	iʃtɨr[ɔ]fizɐ	iʃtɨr[u]fizɐ	0
histerografia	iʃtɨrɔɡrɐfiɐ	iʃtɨruɡrɐfiɐ	iʃtɨr[ɔ]ɡrɐfiɐ	iʃtɨr[u]ɡrɐfiɐ	0
histerográfico	iʃtɨrɔɡrafiku	iʃtɨruɡrafiku	iʃtɨr[ɔ]ɡrafiku	iʃtɨr[u]ɡrafiku	0
histeroloxia	iʃtɨrɔlɔksiɐ	iʃtɨruluksiɐ	iʃtɨr[ɔ]l[ɔ]ksiɐ	iʃtɨr[u]l[u]ksiɐ	0
histeromania	iʃtɨrɔmɐniɐ	iʃtɨrumɐniɐ	iʃtɨr[ɔ]mɐniɐ	iʃtɨr[u]mɐniɐ	0
histeropatia	iʃtɨrɔpɐtiɐ	iʃtɨrupɐtiɐ	iʃtɨr[ɔ]pɐtiɐ	iʃtɨr[u]pɐtiɐ	0
histeroptose	iʃtɨrɔptɔzɨ	iʃtɨruptɔzɨ	iʃtɨr[ɔ]ptɔzɨ	iʃtɨr[u]ptɔzɨ	0
histeroscopia	iʃtɨrɔʃkupiɐ	iʃtɨruʃkupiɐ	iʃtɨr[ɔ]ʃkupiɐ	iʃtɨr[u]ʃkupiɐ	0
histeroscópio	iʃtɨrɔʃkɔpju	iʃtɨruʃkɔpju	iʃtɨr[ɔ]ʃkɔpju	iʃtɨr[u]ʃkɔpju	0
histerotomia	iʃtɨrɔtumiɐ	iʃtɨrutumiɐ	iʃtɨr[ɔ]tumiɐ	iʃtɨr[u]tumiɐ	0
histerotômico	iʃtɨrɔtomiku	iʃtɨrutomiku	iʃtɨr[ɔ]tomiku	iʃtɨr[u]tomiku	0
histerotómico	iʃtɨrɔtɔmiku	iʃtɨrutɔmiku	iʃtɨr[ɔ]tɔmiku	iʃtɨr[u]tɔmiku	0
histocompatibilidade	iʃtɔkõpɐtibilidadɨ	iʃtukõmpɐtibilidadɨ	iʃt[ɔ]kõpɐti[b]i[l]id[a]dɨ[]	iʃt[u]kõmpɐ[t]i[b]il[i]dad[ɨ]	0
histocompatível	iʃtɔkõpɐtivɛɫ	iʃtukõmpɐtivɛɫ	iʃt[ɔ]kõpɐtivɛɫ[]	iʃt[u]kõmpɐtivɛ[ɫ]	0
histofisiologia	iʃtɔfizjuluʒiɐ	iʃtufiziuluʒiɐ	iʃt[ɔ]fiz[j]uluʒiɐ	iʃt[u]fiz[i]uluʒiɐ	0
histofisiológico	iʃtɔfizjulɔʒiku	iʃtufiziulɔʒiku	iʃt[ɔ]fiz[j]ulɔʒiku	iʃt[u]fiz[i]ulɔʒiku	0
histogêneo	iʃtɔʒenju	iʃtuʒeniw	iʃt[ɔ]ʒenj[u]	iʃt[u]ʒeni[w]	0
histogéneo	iʃtɔʒɛnju	iʃtuʒɛniw	iʃt[ɔ]ʒɛnj[u]	iʃt[u]ʒɛni[w]	0
histogênese	iʃtɔʒenɨzɨ	iʃtuʒenɨzɨ	iʃt[ɔ]ʒenɨzɨ	iʃt[u]ʒenɨzɨ	0
histogénese	iʃtɔʒɛnɨzɨ	iʃtuʒɛnɨzɨ	iʃt[ɔ]ʒɛnɨzɨ	iʃt[u]ʒɛnɨzɨ	0
histogenético	iʃtɔʒɨnɛtiku	iʃtuʒɨnɛtiku	iʃt[ɔ]ʒɨnɛtiku	iʃt[u]ʒɨnɛtiku	0
histogenia	iʃtɔʒɨniɐ	iʃtuʒɨniɐ	iʃt[ɔ]ʒɨniɐ	iʃt[u]ʒɨniɐ	0
histogênico	iʃtɔʒeniku	iʃtuʒeniku	iʃt[ɔ]ʒeniku	iʃt[u]ʒeniku	0
histogénico	iʃtɔʒɛniku	iʃtuʒɛniku	iʃt[ɔ]ʒɛniku	iʃt[u]ʒɛniku	0
histograma	iʃtɔɡrɐmɐ	iʃtuɡrɐ̃mɐ	iʃt[ɔ]ɡrɐ[]mɐ	iʃt[u]ɡrɐ[̃]mɐ	0
histoneurologia	iʃtɔnewruluʒiɐ	iʃtunewruluʒiɐ	iʃt[ɔ]newruluʒiɐ	iʃt[u]newruluʒiɐ	0
histoneurológico	iʃtɔnewrulɔʒiku	iʃtunewrulɔʒiku	iʃt[ɔ]newrulɔʒiku	iʃt[u]newrulɔʒiku	0
histopatologia	iʃtɔpɐtuluʒiɐ	iʃtupɐtuluʒiɐ	iʃt[ɔ]pɐtuluʒiɐ	iʃt[u]pɐtuluʒiɐ	0
histopatológico	iʃtɔpɐtulɔʒiku	iʃtupɐtulɔʒiku	iʃt[ɔ]pɐtulɔʒiku	iʃt[u]pɐtulɔʒiku	0
histoplasma	iʃtɔplaʒmɐ	iʃtuplaʒmɐ	iʃt[ɔ]plaʒmɐ	iʃt[u]plaʒmɐ	0
histoplasmose	iʃtɔplɐʒmɔzɨ	iʃtuplɐʒmɔzɨ	iʃt[ɔ]plɐʒmɔzɨ	iʃt[u]plɐʒmɔzɨ	0
histoquímica	iʃtɔkimikɐ	iʃtukimikɐ	iʃt[ɔ]kimikɐ	iʃt[u]kimikɐ	0
histoquímico	iʃtɔkimiku	iʃtukimiku	iʃt[ɔ]kimiku	iʃt[u]kimiku	0
historicidade	iʃtɔrisidadɨ	iʃturisidadɨ	iʃt[ɔ]risidadɨ	iʃt[u]risidadɨ	0
historicismo	iʃtɔrisiʒmu	iʃturisiʒmu	iʃt[ɔ]risiʒmu	iʃt[u]risiʒmu	0
historicista	iʃtɔrisiʃtɐ	iʃturisiʃtɐ	iʃt[ɔ]risiʃtɐ	iʃt[u]risiʃtɐ	0
historicístico	iʃtɔrisiʃtiku	iʃturisiʃtiku	iʃt[ɔ]risiʃtiku	iʃt[u]risiʃtiku	0
histórico-comparativo	iʃtɔrikɔkõpɐrɐtivu	iʃtɔrikukõmpɐrɐtivu	iʃtɔrik[ɔ]kõpɐ[r]ɐtivu[]	iʃtɔrik[u]kõm[p]ɐrɐtiv[u]	0
histórico-geográfico	iʃtɔrikɔʒjuɡrafiku	iʃtɔrikuʒiuɡrafiku	iʃtɔrik[ɔ]ʒ[j]uɡrafiku	iʃtɔrik[u]ʒ[i]uɡrafiku	0
histórico-linguístico	iʃtɔrikɔlĩɡwiʃtiku	iʃtɔrikulĩnɡwiʃtiku	iʃtɔrik[ɔ]lĩɡwiʃ[t]iku[]	iʃtɔrik[u]lĩnɡw[]iʃtik[u]	0
histórico-lingüístico	iʃtɔrikɔlĩɡwiʃtiku	iʃtɔrikulĩnɡuiʃtiku	iʃtɔrik[ɔ]lĩɡwiʃ[t]iku[]	iʃtɔrik[u]lĩnɡu[]iʃtik[u]	0
histórico-natural	iʃtɔrikɔnɐturaɫ	iʃtɔrikunɐturaɫ	iʃtɔrik[ɔ]nɐturaɫ	iʃtɔrik[u]nɐturaɫ	0
histotomia	iʃtɔtumiɐ	iʃtutumiɐ	iʃt[ɔ]tumiɐ	iʃt[u]tumiɐ	0
histotômico	iʃtɔtomiku	iʃtutomiku	iʃt[ɔ]tomiku	iʃt[u]tomiku	0
histotómico	iʃtɔtɔmiku	iʃtutɔmiku	iʃt[ɔ]tɔmiku	iʃt[u]tɔmiku	0
histotomista	iʃtɔtumiʃtɐ	iʃtutumiʃtɐ	iʃt[ɔ]tumiʃtɐ	iʃt[u]tumiʃtɐ	0
histotripsia	iʃtɔtripsiɐ	iʃtutripsiɐ	iʃt[ɔ]tripsiɐ	iʃt[u]tripsiɐ	0
histotromia	iʃtɔtrumiɐ	iʃtutrumiɐ	iʃt[ɔ]trumiɐ	iʃt[u]trumiɐ	0
hodiernamente	ɔdjɛrnɐmẽtɨ	udiɛrnɐmẽntɨ	[ɔ]d[j]ɛrnɐmẽtɨ[]	[u]d[i]ɛrnɐmẽnt[ɨ]	0
hodiernidade	ɔdjɛrnidadɨ	udiernidadɨ	[ɔ]dj[ɛ]rnidadɨ	[u]di[e]rnidadɨ	0
hodierno	ɔdjɛrnu	udiɛrnu	[ɔ]d[j]ɛrnu	[u]d[i]ɛrnu	0
hodógrafo	ɔdɔɡrɐfu	udɔɡrɐfu	[ɔ]dɔɡrɐfu	[u]dɔɡrɐfu	0
hodometria	ɔdɔmɨtriɐ	udumɨtriɐ	[ɔ]d[ɔ]mɨtriɐ	[u]d[u]mɨtriɐ	0
hodométrico	ɔdɔmɛtriku	udumɛtriku	[ɔ]d[ɔ]mɛtriku	[u]d[u]mɛtriku	0
hodômetro	ɔdomɨtru	udomɨtru	[ɔ]domɨtru	[u]domɨtru	0
hodómetro	ɔdɔmɨtru	udɔmɨtru	[ɔ]dɔmɨtru	[u]dɔmɨtru	0
hodoscópio	ɔdɔʃkɔpju	uduʃkɔpju	[ɔ]d[ɔ]ʃkɔpju	[u]d[u]ʃkɔpju	0
hoffmânnico	ɔfmɐniku	ufmɐ̃niku	[ɔ]fmɐ[]niku	[u]fmɐ[̃]niku	0
holanda	ɔlɐ̃dɐ	ulɐ̃ndɐ	[ɔ]lɐ̃[]dɐ	[u]lɐ̃[n]dɐ	0
holandês	ɔlɐ̃deʃ	ulɐ̃ndeʃ	[ɔ]lɐ̃[]deʃ	[u]lɐ̃[n]deʃ	0
holandilha	ɔlɐ̃diʎɐ	ulɐ̃ndiʎɐ	[ɔ]lɐ̃[]diʎɐ	[u]lɐ̃[n]diʎɐ	0
holandilheiro	ɔlɐ̃diʎɐjru	ulɐ̃ndiʎɐjru	[ɔ]lɐ̃[]diʎɐjru	[u]lɐ̃[n]diʎɐjru	0
holandizar	ɔlɐ̃dizar	ulɐ̃ndizar	[ɔ]lɐ̃[]dizar	[u]lɐ̃[n]dizar	0
holárctico	ɔlartiku	ularktiku	[ɔ]lar[]tiku	[u]lar[k]tiku	0
holártico	ɔlartiku	ulartiku	[ɔ]lartiku	[u]lartiku	0
holerite	ɔleritɨ	ulɨritɨ	[ɔ]l[e]ritɨ	[u]l[ɨ]ritɨ	0
holicismo	ɔlisiʒmu	ulisiʒmu	[ɔ]lisiʒmu	[u]lisiʒmu	0
holismo	ɔliʒmu	uliʒmu	[ɔ]liʒmu	[u]liʒmu	0
holístico	ɔliʃtiku	uliʃtiku	[ɔ]liʃtiku	[u]liʃtiku	0
hollywoodesco	ɔljudeʃku	uliwuudeʃku	[ɔ]lj[]u[]deʃku	[u]li[w]u[u]deʃku	0
holoblástico	ɔlɔblaʃtiku	ulublaʃtiku	[ɔ]l[ɔ]blaʃtiku	[u]l[u]blaʃtiku	0
holobrânquio	ɔlɔbrɐ̃kju	ulubrɐ̃nkiw	[ɔ]l[ɔ]brɐ̃[]kj[u]	[u]l[u]brɐ̃[n]ki[w]	0
holocarpo	ɔlɔkarpu	ulukarpu	[ɔ]l[ɔ]karpu	[u]l[u]karpu	0
holocausto	ɔlɔkawʃtu	ulukawʃtu	[ɔ]l[ɔ]kawʃtu	[u]l[u]kawʃtu	0
holocéfalo	ɔlɔsɛfɐlu	ulusɛfɐlu	[ɔ]l[ɔ]sɛfɐlu	[u]l[u]sɛfɐlu	0
holocênico	ɔlɔseniku	uluseniku	[ɔ]l[ɔ]seniku	[u]l[u]seniku	0
holocénico	ɔlɔsɛniku	ulusɛniku	[ɔ]l[ɔ]sɛniku	[u]l[u]sɛniku	0
holocrínico	ɔlɔkriniku	ulukriniku	[ɔ]l[ɔ]kriniku	[u]l[u]kriniku	0
holócrino	ɔlɔkrinu	ulɔkrinu	[ɔ]lɔkrinu	[u]lɔkrinu	0
holocristalino	ɔlɔkriʃtɐlinu	ulukriʃtɐlinu	[ɔ]l[ɔ]kriʃtɐlinu	[u]l[u]kriʃtɐlinu	0
holoedria	ɔlɔɛdriɐ	uluɨdriɐ	[ɔ]lɔ[ɛ]driɐ	[u]lu[ɨ]driɐ	0
holoédrico	ɔlɔɛdriku	uluɛdriku	[ɔ]l[ɔ]ɛdriku	[u]l[u]ɛdriku	0
holoedro	ɔlɔɛdru	uluɛdru	[ɔ]l[ɔ]ɛdru	[u]l[u]ɛdru	0
holoenzima	ɔlɔẽzimɐ	uluẽnzimɐ	[ɔ]lɔẽzimɐ[]	[u]luẽnzim[ɐ]	0
holófita	ɔlɔfitɐ	ulɔfitɐ	[ɔ]lɔfitɐ	[u]lɔfitɐ	0
holofítico	ɔlɔfitiku	ulufitiku	[ɔ]l[ɔ]fitiku	[u]l[u]fitiku	0
holofote	ɔlɔfɔtɨ	ulufɔtɨ	[ɔ]l[ɔ]fɔtɨ	[u]l[u]fɔtɨ	0
holófrase	ɔlɔfrɐzɨ	ulɔfrɐzɨ	[ɔ]lɔfrɐzɨ	[u]lɔfrɐzɨ	0
holofrástico	ɔlɔfraʃtiku	ulufraʃtiku	[ɔ]l[ɔ]fraʃtiku	[u]l[u]fraʃtiku	0
hologamia	ɔlɔɡɐmiɐ	uluɡɐmiɐ	[ɔ]l[ɔ]ɡɐmiɐ	[u]l[u]ɡɐmiɐ	0
hologênese	ɔlɔʒenɨzɨ	uluʒenɨzɨ	[ɔ]l[ɔ]ʒenɨzɨ	[u]l[u]ʒenɨzɨ	0
hologénese	ɔlɔʒɛnɨzɨ	uluʒɛnɨzɨ	[ɔ]l[ɔ]ʒɛnɨzɨ	[u]l[u]ʒɛnɨzɨ	0
hologenético	ɔlɔʒɨnɛtiku	uluʒɨnɛtiku	[ɔ]l[ɔ]ʒɨnɛtiku	[u]l[u]ʒɨnɛtiku	0
holografia	ɔlɔɡrɐfiɐ	uluɡrɐfiɐ	[ɔ]l[ɔ]ɡrɐfiɐ	[u]l[u]ɡrɐfiɐ	0
holográfico	ɔlɔɡrafiku	uluɡrafiku	[ɔ]l[ɔ]ɡrafiku	[u]l[u]ɡrafiku	0
hológrafo	ɔlɔɡrɐfu	ulɔɡrɐfu	[ɔ]lɔɡrɐfu	[u]lɔɡrɐfu	0
holograma	ɔlɔɡrɐmɐ	uluɡrɐ̃mɐ	[ɔ]l[ɔ]ɡrɐ[]mɐ	[u]l[u]ɡrɐ[̃]mɐ	0
holometabólico	ɔlɔmɨtɐbɔliku	ulumetɐbɔliku	[ɔ]l[ɔ]m[ɨ]tɐbɔliku	[u]l[u]m[e]tɐbɔliku	0
holométrico	ɔlɔmɛtriku	ulumɛtriku	[ɔ]l[ɔ]mɛtriku	[u]l[u]mɛtriku	0
holômetro	ɔlomɨtru	ulomɨtru	[ɔ]lomɨtru	[u]lomɨtru	0
holómetro	ɔlɔmɨtru	ulɔmɨtru	[ɔ]lɔmɨtru	[u]lɔmɨtru	0
holomórfico	ɔlɔmɔrfiku	ulumɔrfiku	[ɔ]l[ɔ]mɔrfiku	[u]l[u]mɔrfiku	0
holomorfismo	ɔlɔmurfiʒmu	ulumurfiʒmu	[ɔ]l[ɔ]murfiʒmu	[u]l[u]murfiʒmu	0
holonímia	ɔlɔnimjɐ	ulunimjɐ	[ɔ]l[ɔ]nimjɐ	[u]l[u]nimjɐ	0
holônimo	ɔlonimu	ulonimu	[ɔ]lonimu	[u]lonimu	0
holónimo	ɔlɔnimu	ulɔnimu	[ɔ]lɔnimu	[u]lɔnimu	0
holonomia	ɔlɔnumiɐ	ulunumiɐ	[ɔ]l[ɔ]numiɐ	[u]l[u]numiɐ	0
holonômico	ɔlɔnomiku	ulunomiku	[ɔ]l[ɔ]nomiku	[u]l[u]nomiku	0
holonómico	ɔlɔnɔmiku	ulunɔmiku	[ɔ]l[ɔ]nɔmiku	[u]l[u]nɔmiku	0
holônomo	ɔlonumu	ulonumu	[ɔ]lonumu	[u]lonumu	0
holónomo	ɔlɔnumu	ulɔnumu	[ɔ]lɔnumu	[u]lɔnumu	0
holopatia	ɔlɔpɐtiɐ	ulupɐtiɐ	[ɔ]l[ɔ]pɐtiɐ	[u]l[u]pɐtiɐ	0
holósido	ɔlɔzidu	ulɔzidu	[ɔ]lɔzidu	[u]lɔzidu	0
holótipo	ɔlɔtipu	ulɔtipu	[ɔ]lɔtipu	[u]lɔtipu	0
holotomia	ɔlɔtumiɐ	ulutumiɐ	[ɔ]l[ɔ]tumiɐ	[u]l[u]tumiɐ	0
holótrico	ɔlɔtriku	ulɔtriku	[ɔ]lɔtriku	[u]lɔtriku	0
holotúria	ɔlɔturjɐ	uluturjɐ	[ɔ]l[ɔ]turjɐ	[u]l[u]turjɐ	0
holoturídeos	ɔlɔturidjuʃ	uluturidiwʃ	[ɔ]l[ɔ]turidj[u]ʃ	[u]l[u]turidi[w]ʃ	0
holoturioide	ɔlɔturjɔjdɨ	uluturiɔjdɨ	[ɔ]l[ɔ]tur[j]ɔjdɨ	[u]l[u]tur[i]ɔjdɨ	0
holoturióide	ɔlɔturjɔjdɨ	uluturiɔjdɨ	[ɔ]l[ɔ]tur[j]ɔjdɨ	[u]l[u]tur[i]ɔjdɨ	0
holozoico	ɔlɔzɔjku	uluzɔjku	[ɔ]l[ɔ]zɔjku	[u]l[u]zɔjku	0
holozóico	ɔlɔzɔjku	uluzɔjku	[ɔ]l[ɔ]zɔjku	[u]l[u]zɔjku	0
homalofilo	ɔmɐlɔfilu	umɐlufilu	[ɔ]mɐl[ɔ]filu	[u]mɐl[u]filu	0
homalográfico	ɔmɐluɡrafiku	umɐluɡrafiku	[ɔ]mɐluɡrafiku	[u]mɐluɡrafiku	0
homaloidal	ɔmɐlɔjdaɫ	umɐlojdaɫ	[ɔ]mɐl[ɔ]jdaɫ	[u]mɐl[o]jdaɫ	0
homaloide	ɔmɐlɔjdɨ	umɐlɔjdɨ	[ɔ]mɐlɔjdɨ	[u]mɐlɔjdɨ	0
homalóide	ɔmɐlɔjdɨ	umɐlɔjdɨ	[ɔ]mɐlɔjdɨ	[u]mɐlɔjdɨ	0
homenzarrão	ɔmɐ̃j̃zɐʀɐ̃w̃	umẽnzɐʀɐ̃w̃	[ɔ]m[ɐ]̃j[̃]zɐʀɐ̃w̃	[u]m[e]̃n[]zɐʀɐ̃w̃	0
homenzinho	ɔmɐ̃j̃ziɲu	umẽnziɲu	[ɔ]m[ɐ]̃j[̃]ziɲu	[u]m[e]̃n[]ziɲu	0
homeografia	ɔmjuɡrɐfiɐ	ɔmjɔɡrɐfiɐ	ɔmj[u]ɡrɐfiɐ	ɔmj[ɔ]ɡrɐfiɐ	0
homeográfico	ɔmjuɡrafiku	ɔmjɔɡrafiku	ɔmj[u]ɡrafiku	ɔmj[ɔ]ɡrafiku	0
homérico	ɔmɛriku	umɛriku	[ɔ]mɛriku	[u]mɛriku	0
homessa	ɔmɛsɐ	umɛsɐ	[ɔ]mɛsɐ	[u]mɛsɐ	0
homilética	ɔmilɛtikɐ	umilɛtikɐ	[ɔ]milɛtikɐ	[u]milɛtikɐ	0
homilético	ɔmilɛtiku	umilɛtiku	[ɔ]milɛtiku	[u]milɛtiku	0
hominalidade	ɔminɐlidadɨ	uminɐlidadɨ	[ɔ]minɐlidadɨ	[u]minɐlidadɨ	0
hominal	ɔminaɫ	uminaɫ	[ɔ]minaɫ	[u]minaɫ	0
hominícola	ɔminikulɐ	uminikulɐ	[ɔ]minikulɐ	[u]minikulɐ	0
hominicultura	ɔminikuɫturɐ	uminikuɫturɐ	[ɔ]minikuɫturɐ	[u]minikuɫturɐ	0
homínidas	ɔminidɐʃ	uminidɐʃ	[ɔ]minidɐʃ	[u]minidɐʃ	0
hominídeo	ɔminidju	uminidiw	[ɔ]minidj[u]	[u]minidi[w]	0
hominídeos	ɔminidjuʃ	uminidiwʃ	[ɔ]minidj[u]ʃ	[u]minidi[w]ʃ	0
hominívoro	ɔminivuru	uminivuru	[ɔ]minivuru	[u]minivuru	0
hominização	ɔminizɐsɐ̃w̃	uminizɐsɐ̃w̃	[ɔ]minizɐsɐ̃w̃	[u]minizɐsɐ̃w̃	0
hominizado	ɔminizadu	uminizadu	[ɔ]minizadu	[u]minizadu	0
hominizar	ɔminizar	uminizar	[ɔ]minizar	[u]minizar	0
homiziação	ɔmizjɐsɐ̃w̃	umiziɐsɐ̃w̃	[ɔ]miz[j]ɐsɐ̃w̃	[u]miz[i]ɐsɐ̃w̃	0
homiziado	ɔmizjadu	umiziadu	[ɔ]miz[j]adu	[u]miz[i]adu	0
homiziar	ɔmizjar	umiziar	[ɔ]miz[j]ar	[u]miz[i]ar	0
homizio	ɔmiziu	umiziw	[ɔ]mizi[u]	[u]mizi[w]	0
homum	ɔmũ	umũm	[ɔ]mũ[]	[u]mũ[m]	0
homúnculo	ɔmũkulu	umũnkulu	[ɔ]mũku[l]u[]	[u]mũn[k]ul[u]	0
hoplita	ɔplitɐ	uplitɐ	[ɔ]plitɐ	[u]plitɐ	0
hoplômaco	ɔplomɐku	uplomɐku	[ɔ]plomɐku	[u]plomɐku	0
hoplómaco	ɔplɔmɐku	uplɔmɐku	[ɔ]plɔmɐku	[u]plɔmɐku	0
hoquista	ɔkiʃtɐ	ukiʃtɐ	[ɔ]kiʃtɐ	[u]kiʃtɐ	0
horal	ɔraɫ	uraɫ	[ɔ]raɫ	[u]raɫ	0
horar	ɔrar	urar	[ɔ]rar	[u]rar	0
hordeácea	ɔrdjasjɐ	urdɨasiɐ	[ɔ]rd[j]as[j]ɐ	[u]rd[ɨ]as[i]ɐ	0
hordeáceo	ɔrdjasju	urdɨasiw	[ɔ]rd[j]asj[u]	[u]rd[ɨ]asi[w]	0
hordéolo	urdɛulu	urdɛɔlu	urdɛ[u]lu	urdɛ[ɔ]lu	0
horizontalidade	ɔrizõtɐlidadɨ	urizõntɐlidadɨ	[ɔ]rizõtɐlid[a]dɨ[]	[u]rizõntɐl[i]dad[ɨ]	0
horizontalmente	ɔrizõtaɫmẽtɨ	urizõntaɫmẽntɨ	[ɔ]rizõtaɫmẽtɨ[]	[u]rizõntaɫmẽnt[ɨ]	0
horizontal	ɔrizõtaɫ	urizõntaɫ	[ɔ]rizõtaɫ[]	[u]rizõnta[ɫ]	0
horizonte	ɔrizõtɨ	urizõntɨ	[ɔ]rizõtɨ[]	[u]rizõnt[ɨ]	0
hormogônio	ɔrmɔɡonju	urmuɡonju	[ɔ]rm[ɔ]ɡonju	[u]rm[u]ɡonju	0
hormogónio	ɔrmɔɡɔnju	urmuɡɔnju	[ɔ]rm[ɔ]ɡɔnju	[u]rm[u]ɡɔnju	0
hormonal	ɔrmunaɫ	urmunaɫ	[ɔ]rmunaɫ	[u]rmunaɫ	0
hormona	ɔrmonɐ	urmonɐ	[ɔ]rmonɐ	[u]rmonɐ	0
hormônico	ɔrmoniku	urmoniku	[ɔ]rmoniku	[u]rmoniku	0
hormónico	ɔrmɔniku	urmɔniku	[ɔ]rmɔniku	[u]rmɔniku	0
hormônio	ɔrmonju	urmonju	[ɔ]rmonju	[u]rmonju	0
hormonogênese	ɔrmonɔʒenɨzɨ	urmunuʒenɨzɨ	[ɔ]rm[o]n[ɔ]ʒenɨzɨ	[u]rm[u]n[u]ʒenɨzɨ	0
hormonogénese	ɔrmonɔʒɛnɨzɨ	urmunuʒɛnɨzɨ	[ɔ]rm[o]n[ɔ]ʒɛnɨzɨ	[u]rm[u]n[u]ʒɛnɨzɨ	0
hormonogenia	ɔrmonɔʒɨniɐ	urmunuʒɨniɐ	[ɔ]rm[o]n[ɔ]ʒɨniɐ	[u]rm[u]n[u]ʒɨniɐ	0
hormonopexia	ɔrmonɔpɛksiɐ	urmunupɨksiɐ	[ɔ]rm[o]n[ɔ]p[ɛ]ksiɐ	[u]rm[u]n[u]p[ɨ]ksiɐ	0
hormonopoiese	ɔrmonɔpojɛzɨ	urmunupujɛzɨ	[ɔ]rm[o]n[ɔ]p[o]jɛzɨ	[u]rm[u]n[u]p[u]jɛzɨ	0
hormonoterapia	ɔrmonɔtɨrɐpiɐ	urmunutɨrɐpiɐ	[ɔ]rm[o]n[ɔ]tɨrɐpiɐ	[u]rm[u]n[u]tɨrɐpiɐ	0
hormonoterápico	ɔrmonɔtɨrapiku	urmunutɨrapiku	[ɔ]rm[o]n[ɔ]tɨrapiku	[u]rm[u]n[u]tɨrapiku	0
hornaveque	ɔrnɐvɛkɨ	urnɐvɛkɨ	[ɔ]rnɐvɛkɨ	[u]rnɐvɛkɨ	0
horneblenda	ɔrnɨblẽdɐ	urnɨblẽndɐ	[ɔ]rnɨblẽdɐ[]	[u]rnɨblẽnd[ɐ]	0
horografia	ɔruɡrɐfiɐ	uruɡrɐfiɐ	[ɔ]ruɡrɐfiɐ	[u]ruɡrɐfiɐ	0
horográfico	ɔruɡrafiku	uruɡrafiku	[ɔ]ruɡrafiku	[u]ruɡrafiku	0
horologial	ɔruluʒjaɫ	uruluʒiaɫ	[ɔ]ruluʒ[j]aɫ	[u]ruluʒ[i]aɫ	0
horológio	ɔrulɔʒju	urulɔʒju	[ɔ]rulɔʒju	[u]rulɔʒju	0
horometria	ɔrɔmɨtriɐ	urumɨtriɐ	[ɔ]r[ɔ]mɨtriɐ	[u]r[u]mɨtriɐ	0
horométrico	ɔrɔmɛtriku	urumɛtriku	[ɔ]r[ɔ]mɛtriku	[u]r[u]mɛtriku	0
horoscopado	ɔrɔʃkupadu	uruʃkupadu	[ɔ]r[ɔ]ʃkupadu	[u]r[u]ʃkupadu	0
horoscopar	ɔrɔʃkupar	uruʃkupar	[ɔ]r[ɔ]ʃkupar	[u]r[u]ʃkupar	0
horoscopia	ɔrɔʃkupiɐ	uruʃkupiɐ	[ɔ]r[ɔ]ʃkupiɐ	[u]r[u]ʃkupiɐ	0
horoscópico	ɔrɔʃkɔpiku	uruʃkɔpiku	[ɔ]r[ɔ]ʃkɔpiku	[u]r[u]ʃkɔpiku	0
horoscópio	ɔrɔʃkɔpju	uruʃkɔpju	[ɔ]r[ɔ]ʃkɔpju	[u]r[u]ʃkɔpju	0
horóscopo	ɔrɔʃkupu	urɔʃkupu	[ɔ]rɔʃkupu	[u]rɔʃkupu	0
horseball	ɔrsɨbɔl	ursɨbaɫ	[ɔ]rsɨbɔ[l]	[u]rsɨba[ɫ]	0
hortaliça	ɔrtɐlisɐ	urtɐlisɐ	[ɔ]rtɐlisɐ	[u]rtɐlisɐ	0
hortaliceiro	ɔrtɐlisɐjru	urtɐlisɐjru	[ɔ]rtɐlisɐjru	[u]rtɐlisɐjru	0
hortar	ɔrtar	urtar	[ɔ]rtar	[u]rtar	0
hortativo	ɔrtɐtivu	urtɐtivu	[ɔ]rtɐtivu	[u]rtɐtivu	0
hortejo	ɔrtɐjʒu	urteʒu	[ɔ]rtɐ[j]ʒu	[u]rte[]ʒu	0
hortelã-francesa	ɔrtɨlɐ̃frɐ̃sezɐ	urtɨlɐ̃frɐ̃nsezɐ	[ɔ]rtɨlɐ̃frɐ̃[]sezɐ	[u]rtɨlɐ̃frɐ̃[n]sezɐ	0
hortelão	ɔrtɨlɐ̃w̃	urtɨlɐ̃w̃	[ɔ]rtɨlɐ̃w̃	[u]rtɨlɐ̃w̃	0
hortelã	ɔrtɨlɐ̃	urtɨlɐ̃	[ɔ]rtɨlɐ̃	[u]rtɨlɐ̃	0
hortelã-pimenta	ɔrtɨlɐ̃pimẽtɐ	urtɨlɐ̃pimẽntɐ	[ɔ]rtɨlɐ̃pimẽtɐ[]	[u]rtɨlɐ̃pimẽnt[ɐ]	0
horteloa	ɔrtɨloɐ	urtɨloɐ	[ɔ]rtɨloɐ	[u]rtɨloɐ	0
hortênsia	ɔrtẽsjɐ	urtẽnsjɐ	[ɔ]rtẽsjɐ[]	[u]rtẽnsj[ɐ]	0
hortícola	ɔrtikulɐ	urtikulɐ	[ɔ]rtikulɐ	[u]rtikulɐ	0
horticultor	ɔrtikuɫtor	urtikuɫtor	[ɔ]rtikuɫtor	[u]rtikuɫtor	0
horticultura	ɔrtikuɫturɐ	urtikuɫturɐ	[ɔ]rtikuɫturɐ	[u]rtikuɫturɐ	0
hortifruticultura	ɔrtifrutikuɫturɐ	urtifrutikuɫturɐ	[ɔ]rtifrutikuɫturɐ	[u]rtifrutikuɫturɐ	0
hortofloricultura	ɔrtɔflurikuɫturɐ	urtuflurikuɫturɐ	[ɔ]rt[ɔ]flurikuɫturɐ	[u]rt[u]flurikuɫturɐ	0
hortulana	ɔrtulɐnɐ	urtulɐ̃nɐ	[ɔ]rtulɐ[]nɐ	[u]rtulɐ[̃]nɐ	0
hosana	ɔzɐnɐ	uzɐ̃nɐ	[ɔ]zɐ[]nɐ	[u]zɐ[̃]nɐ	0
hospedador	ɔʃpɨdɐdor	uʃpɨdɐdor	[ɔ]ʃpɨdɐdor	[u]ʃpɨdɐdor	0
hospedagem	ɔʃpɨdaʒɐ̃j̃	uʃpɨdaʒɐjn	[ɔ]ʃpɨdaʒɐ[̃]j[̃]	[u]ʃpɨdaʒɐ[]j[n]	0
hospedal	ɔʃpɨdaɫ	uʃpɨdaɫ	[ɔ]ʃpɨdaɫ	[u]ʃpɨdaɫ	0
hospedamento	ɔʃpɨdɐmẽtu	uʃpɨdɐmẽntu	[ɔ]ʃpɨdɐmẽtu[]	[u]ʃpɨdɐmẽnt[u]	0
hospedaria	ɔʃpɨdɐriɐ	uʃpɨdɐriɐ	[ɔ]ʃpɨdɐriɐ	[u]ʃpɨdɐriɐ	0
hospedar	ɔʃpɨdar	uʃpɨdar	[ɔ]ʃpɨdar	[u]ʃpɨdar	0
hospedável	ɔʃpɨdavɛɫ	uʃpɨdavɛɫ	[ɔ]ʃpɨdavɛɫ	[u]ʃpɨdavɛɫ	0
hospedeira	ɔʃpɨdɐjrɐ	uʃpɨdɐjrɐ	[ɔ]ʃpɨdɐjrɐ	[u]ʃpɨdɐjrɐ	0
hospedeiro	ɔʃpɨdɐjru	uʃpɨdɐjru	[ɔ]ʃpɨdɐjru	[u]ʃpɨdɐjru	0
hospedoso	ɔʃpɨdozu	uʃpɨdozu	[ɔ]ʃpɨdozu	[u]ʃpɨdozu	0
hospício	ɔʃpisju	uʃpisju	[ɔ]ʃpisju	[u]ʃpisju	0
hospitação	ɔʃpitɐsɐ̃w̃	uʃpitɐsɐ̃w̃	[ɔ]ʃpitɐsɐ̃w̃	[u]ʃpitɐsɐ̃w̃	0
hospitalário	ɔʃpitɐlarju	uʃpitɐlarju	[ɔ]ʃpitɐlarju	[u]ʃpitɐlarju	0
hospitalar	ɔʃpitɐlar	uʃpitɐlar	[ɔ]ʃpitɐlar	[u]ʃpitɐlar	0
hospitaleira	ɔʃpitɐlɐjrɐ	uʃpitɐlɐjrɐ	[ɔ]ʃpitɐlɐjrɐ	[u]ʃpitɐlɐjrɐ	0
hospitaleiro	ɔʃpitɐlɐjru	uʃpitɐlɐjru	[ɔ]ʃpitɐlɐjru	[u]ʃpitɐlɐjru	0
hospitalidade	ɔʃpitɐlidadɨ	uʃpitɐlidadɨ	[ɔ]ʃpitɐlidadɨ	[u]ʃpitɐlidadɨ	0
hospitalização	ɔʃpitɐlizɐsɐ̃w̃	uʃpitɐlizɐsɐ̃w̃	[ɔ]ʃpitɐlizɐsɐ̃w̃	[u]ʃpitɐlizɐsɐ̃w̃	0
hospitalizado	ɔʃpitɐlizadu	uʃpitɐlizadu	[ɔ]ʃpitɐlizadu	[u]ʃpitɐlizadu	0
hospitalizar	ɔʃpitɐlizar	uʃpitɐlizar	[ɔ]ʃpitɐlizar	[u]ʃpitɐlizar	0
hospital	ɔʃpitaɫ	uʃpitaɫ	[ɔ]ʃpitaɫ	[u]ʃpitaɫ	0
hospodarato	ɔʃpudɐratu	uʃpudɐratu	[ɔ]ʃpudɐratu	[u]ʃpudɐratu	0
hospodar	ɔʃpudar	uʃpudar	[ɔ]ʃpudar	[u]ʃpudar	0
hossana	ɔsɐnɐ	usɐ̃nɐ	[ɔ]sɐ[]nɐ	[u]sɐ[̃]nɐ	0
hostal	ɔʃtaɫ	uʃtaɫ	[ɔ]ʃtaɫ	[u]ʃtaɫ	0
hostau	ɔʃtaw	uʃtaw	[ɔ]ʃtaw	[u]ʃtaw	0
hostiário	ɔʃtjarju	uʃtiarju	[ɔ]ʃt[j]arju	[u]ʃt[i]arju	0
hostilidade	ɔʃtilidadɨ	uʃtilidadɨ	[ɔ]ʃtilidadɨ	[u]ʃtilidadɨ	0
hostilização	ɔʃtilizɐsɐ̃w̃	uʃtilizɐsɐ̃w̃	[ɔ]ʃtilizɐsɐ̃w̃	[u]ʃtilizɐsɐ̃w̃	0
hostilizar	ɔʃtilizar	uʃtilizar	[ɔ]ʃtilizar	[u]ʃtilizar	0
hostilmente	ɔʃtiɫmẽtɨ	uʃtiɫmẽntɨ	[ɔ]ʃtiɫmẽtɨ[]	[u]ʃtiɫmẽnt[ɨ]	0
hostil	ɔʃtiɫ	uʃtiɫ	[ɔ]ʃtiɫ	[u]ʃtiɫ	0
hotelaria	ɔtɨlɐriɐ	utɨlɐriɐ	[ɔ]tɨlɐriɐ	[u]tɨlɐriɐ	0
hoteleiro	ɔtɨlɐjru	utɨlɐjru	[ɔ]tɨlɐjru	[u]tɨlɐjru	0
hotel	ɔtɛɫ	utɛɫ	[ɔ]tɛɫ	[u]tɛɫ	0
ibero-americano	ibɛrɔɐmɨrikɐnu	ibɛruɐmerikɐ̃nu	ibɛr[ɔ]ɐm[ɨ]rikɐ[]nu	ibɛr[u]ɐm[e]rikɐ[̃]nu	0
ibero-romano	ibɛrɔʀumɐnu	ibɛruʀumɐ̃nu	ibɛr[ɔ]ʀumɐ[]nu	ibɛr[u]ʀumɐ[̃]nu	0
ibogaína	ibɔɡɐinɐ	ibuɡɐinɐ	ib[ɔ]ɡɐinɐ	ib[u]ɡɐinɐ	0
icnêumone	iknewmɔnɨ	iknewmunɨ	iknewm[ɔ]nɨ	iknewm[u]nɨ	0
icnografia	iknɔɡrɐfiɐ	iknuɡrɐfiɐ	ikn[ɔ]ɡrɐfiɐ	ikn[u]ɡrɐfiɐ	0
icnográfico	iknɔɡrafiku	iknuɡrafiku	ikn[ɔ]ɡrafiku	ikn[u]ɡrafiku	0
iconoclasia	ikɔnɔklɐziɐ	ikunuklɐziɐ	ik[ɔ]n[ɔ]klɐziɐ	ik[u]n[u]klɐziɐ	0
iconoclasmo	ikɔnɔklaʒmu	ikunuklaʒmu	ik[ɔ]n[ɔ]klaʒmu	ik[u]n[u]klaʒmu	0
iconoclasta	ikɔnɔklaʃtɐ	ikunuklaʃtɐ	ik[ɔ]n[ɔ]klaʃtɐ	ik[u]n[u]klaʃtɐ	0
iconoclastia	ikɔnɔklɐʃtiɐ	ikunuklɐʃtiɐ	ik[ɔ]n[ɔ]klɐʃtiɐ	ik[u]n[u]klɐʃtiɐ	0
iconoclástico	ikɔnɔklaʃtiku	ikunuklaʃtiku	ik[ɔ]n[ɔ]klaʃtiku	ik[u]n[u]klaʃtiku	0
iconogênio	ikɔnɔʒenju	ikunuʒenju	ik[ɔ]n[ɔ]ʒenju	ik[u]n[u]ʒenju	0
iconogénio	ikɔnɔʒɛnju	ikunuʒɛnju	ik[ɔ]n[ɔ]ʒɛnju	ik[u]n[u]ʒɛnju	0
iconomania	ikunɔmɐniɐ	ikunumɐniɐ	ikun[ɔ]mɐniɐ	ikun[u]mɐniɐ	0
iconometria	ikunɔmɨtriɐ	ikunumɨtriɐ	ikun[ɔ]mɨtriɐ	ikun[u]mɨtriɐ	0
iconométrico	ikunɔmɛtriku	ikunumɛtriku	ikun[ɔ]mɛtriku	ikun[u]mɛtriku	0
iconoscópio	ikunɔʃkɔpju	ikunuʃkɔpju	ikun[ɔ]ʃkɔpju	ikun[u]ʃkɔpju	0
iconoteca	ikɔnɔtɛkɐ	ikunutɛkɐ	ik[ɔ]n[ɔ]tɛkɐ	ik[u]n[u]tɛkɐ	0
icoságono	ikɔzaɡunu	ikuzaɡunu	ik[ɔ]zaɡunu	ik[u]zaɡunu	0
icosandria	ikɔzɐ̃driɐ	ikuzɐ̃ndriɐ	ik[ɔ]zɐ̃[]driɐ	ik[u]zɐ̃[n]driɐ	0
icosândria	ikɔzɐ̃drjɐ	ikuzɐ̃ndriɐ	ik[ɔ]zɐ̃[]dr[j]ɐ	ik[u]zɐ̃[n]dr[i]ɐ	0
icosandro	ikɔzɐ̃dru	ikuzɐ̃ndru	ik[ɔ]zɐ̃[]dru	ik[u]zɐ̃[n]dru	0
icositetraedro	ikɔzitɛtrɐɛdru	ikuzitɨtrɐɛdru	ik[ɔ]zit[ɛ]trɐɛdru	ik[u]zit[ɨ]trɐɛdru	0
ideofrenia	idjɔfrɨniɐ	idiufrɨniɐ	idj[ɔ]frɨniɐ	idi[u]frɨniɐ	0
ideofrênico	idjɔfreniku	idiufreniku	idj[ɔ]freniku	idi[u]freniku	0
ideofrénico	idjɔfrɛniku	idiufrɛniku	idj[ɔ]frɛniku	idi[u]frɛniku	0
ideogenia	idjɔʒɨniɐ	idiuʒɨniɐ	idj[ɔ]ʒɨniɐ	idi[u]ʒɨniɐ	0
ideogênico	idjɔʒeniku	idiuʒeniku	idj[ɔ]ʒeniku	idi[u]ʒeniku	0
ideogénico	idjɔʒɛniku	idiuʒɛniku	idj[ɔ]ʒɛniku	idi[u]ʒɛniku	0
ideografia	idjɔɡrɐfiɐ	idiuɡrɐfiɐ	idj[ɔ]ɡrɐfiɐ	idi[u]ɡrɐfiɐ	0
ideográfico	idjɔɡrafiku	idiuɡrafiku	idj[ɔ]ɡrafiku	idi[u]ɡrafiku	0
ideografismo	idjɔɡrɐfiʒmu	idiuɡrɐfiʒmu	idj[ɔ]ɡrɐfiʒmu	idi[u]ɡrɐfiʒmu	0
ideograma	idjɔɡrɐmɐ	idiuɡrɐ̃mɐ	idj[ɔ]ɡrɐ[]mɐ	idi[u]ɡrɐ[̃]mɐ	0
idioblástico	idjɔblaʃtiku	idiublaʃtiku	idj[ɔ]blaʃtiku	idi[u]blaʃtiku	0
idioblasto	idjɔblaʃtu	idiublaʃtu	idj[ɔ]blaʃtu	idi[u]blaʃtu	0
idiocromático	idjɔkrɔmatiku	idiukrumatiku	idj[ɔ]kr[ɔ]matiku	idi[u]kr[u]matiku	0
idiocromossoma	idjɔkrɔmɔsomɐ	idiukrumusomɐ	idj[ɔ]kr[ɔ]m[ɔ]somɐ	idi[u]kr[u]m[u]somɐ	0
idiocromossomo	idjɔkrɔmɔsomu	idiukrumusomu	idj[ɔ]kr[ɔ]m[ɔ]somu	idi[u]kr[u]m[u]somu	0
idiofone	idjɔfɔnɨ	idiufonɨ	idj[ɔ]f[ɔ]nɨ	idi[u]f[o]nɨ	0
idioginia	idjɔʒiniɐ	idiuʒiniɐ	idj[ɔ]ʒiniɐ	idi[u]ʒiniɐ	0
idiolecto	idjɔlɛktu	idiulɛtu	idj[ɔ]lɛ[k]tu	idi[u]lɛ[]tu	0
idioleto	idjɔlɛtu	idiulɛtu	idj[ɔ]lɛtu	idi[u]lɛtu	0
idiomórfico	idjɔmɔrfiku	idiumɔrfiku	idj[ɔ]mɔrfiku	idi[u]mɔrfiku	0
idiomorfo	idjɔmɔrfu	idiumorfu	idj[ɔ]m[ɔ]rfu	idi[u]m[o]rfu	0
idiopatia	idjɔpɐtiɐ	idiupɐtiɐ	idj[ɔ]pɐtiɐ	idi[u]pɐtiɐ	0
idiopático	idjɔpatiku	idiupatiku	idj[ɔ]patiku	idi[u]patiku	0
idioplasma	idjɔplaʒmɐ	idiuplaʒmɐ	idj[ɔ]plaʒmɐ	idi[u]plaʒmɐ	0
idioscópico	idjɔʃkɔpju	idiuʃkɔpiku	idj[ɔ]ʃkɔpj[]u	idi[u]ʃkɔpi[k]u	0
idiossincrasia	idjɔsĩkrɐziɐ	idiusĩnkrɐziɐ	idj[ɔ]sĩkrɐz[i]ɐ[]	idi[u]sĩnkr[]ɐzi[ɐ]	0
idiossincrásico	idjɔsĩkraziku	idiusĩnkraziku	idj[ɔ]sĩkraziku[]	idi[u]sĩnkrazik[u]	0
idiossincrático	idjɔsĩkratiku	idiusĩnkratiku	idj[ɔ]sĩkratiku[]	idi[u]sĩnkratik[u]	0
idoneidade	idɔnɐjdadɨ	idunɐjdadɨ	id[ɔ]nɐjdadɨ	id[u]nɐjdadɨ	0
idoneísmo	idɔnɐiʒmu	idunɨiʒmu	id[ɔ]n[ɐ]iʒmu	id[u]n[ɨ]iʒmu	0
ileocecal	iljɔsɨkaɫ	iliusɨkaɫ	ilj[ɔ]sɨkaɫ	ili[u]sɨkaɫ	0
ileocolite	iljɔkɔlitɨ	iliukulitɨ	ilj[ɔ]k[ɔ]litɨ	ili[u]k[u]litɨ	0
ileostomia	iljɔʃtumia	iliuʃtumiɐ	ilj[ɔ]ʃtumi[a]	ili[u]ʃtumi[ɐ]	0
ilioabdominal	iljɔɐbduminaɫ	iliuɐbduminaɫ	ilj[ɔ]ɐbduminaɫ	ili[u]ɐbduminaɫ	0
iliocostal	iljɔkuʃtaɫ	iliukuʃtaɫ	ilj[ɔ]kuʃtaɫ	ili[u]kuʃtaɫ	0
iliofemoral	iljɔfɨmuraɫ	iliufɨmuraɫ	ilj[ɔ]fɨmuraɫ	ili[u]fɨmuraɫ	0
iliolombar	iljɔlõbar	iliulõmbar	ilj[ɔ]lõbar[]	ili[u]lõmba[r]	0
iliopélvico	iljɔpɛɫviku	iliupɛɫviku	ilj[ɔ]pɛɫviku	ili[u]pɛɫviku	0
iliospinal	iljɔʃpinaɫ	iliuʃpinaɫ	ilj[ɔ]ʃpinaɫ	ili[u]ʃpinaɫ	0
iliosquiático	iljɔʃkjatiku	iliuʃkiatiku	ilj[ɔ]ʃk[j]atiku	ili[u]ʃk[i]atiku	0
iliossacro	iljɔsakru	iliusakru	ilj[ɔ]sakru	ili[u]sakru	0
iliossagrado	iljɔsaɡradu	iliusɐɡradu	ilj[ɔ]s[a]ɡradu	ili[u]s[ɐ]ɡradu	0
iliotibial	iljɔtibjaɫ	iliutibiaɫ	ilj[ɔ]tib[j]aɫ	ili[u]tib[i]aɫ	0
iliotrocanteriano	iljɔtrukɐ̃tɨrjɐnu	iliutrukɐ̃ntɨriɐ̃nu	ilj[ɔ]trukɐ̃[]tɨr[j]ɐ[]nu	ili[u]trukɐ̃[n]tɨr[i]ɐ[̃]nu	0
iliotrocantiniano	iljɔtrukɐ̃tinjɐnu	iliutrukɐ̃ntiniɐ̃nu	ilj[ɔ]trukɐ̃[]tin[j]ɐ[]nu	ili[u]trukɐ̃[n]tin[i]ɐ[̃]nu	0
imunocompetência	imunɔkõpɨtẽsjɐ	imunukõmpɨtẽnsjɐ	imun[ɔ]kõpɨtẽsjɐ[]	imun[u]kõmpɨtẽnsj[ɐ]	0
imunocompetente	imunɔkõpɨtẽtɨ	imunukõmpɨtẽntɨ	imun[ɔ]kõpɨt[ẽ]tɨ[]	imun[u]kõmp[ɨ]tẽnt[ɨ]	0
imunodeficiência	imunɔdɨfisjẽsjɐ	imunudɨfisjẽnsjɐ	imun[ɔ]dɨfisjẽsjɐ[]	imun[u]dɨfisjẽnsj[ɐ]	0
imunodepressão	imunɔdɨprɨsɐ̃w̃	imunudɨprɨsɐ̃w̃	imun[ɔ]dɨprɨsɐ̃w̃	imun[u]dɨprɨsɐ̃w̃	0
imunodepressor	imunɔdɨprɨsor	imunudɨprɨsor	imun[ɔ]dɨprɨsor	imun[u]dɨprɨsor	0
imunodeprimido	imunɔdɨprimidu	imunudɨprimidu	imun[ɔ]dɨprimidu	imun[u]dɨprimidu	0
imunofluorescência	imunɔflwurɨʃsẽsjɐ	imunufluurɨʃsẽnsjɐ	imun[ɔ]fl[w]urɨʃsẽsjɐ[]	imun[u]fl[u]urɨʃsẽnsj[ɐ]	0
imunofluorescente	imunɔflwurɨʃsẽtɨ	imunufluurɨʃsẽntɨ	imun[ɔ]fl[w]urɨʃsẽtɨ[]	imun[u]fl[u]urɨʃsẽnt[ɨ]	0
imunogenicidade	imunɔʒɨnisidadɨ	imunuʒɨnisidadɨ	imun[ɔ]ʒɨnisidadɨ	imun[u]ʒɨnisidadɨ	0
imunogênico	imunɔʒeniku	imunuʒeniku	imun[ɔ]ʒeniku	imun[u]ʒeniku	0
imunogénico	imunɔʒɛniku	imunuʒɛniku	imun[ɔ]ʒɛniku	imun[u]ʒɛniku	0
imunoglobulina	imunɔɡlubulinɐ	imunuɡlubulinɐ	imun[ɔ]ɡlubulinɐ	imun[u]ɡlubulinɐ	0
imunopatologia	imunɔpɐtuluʒiɐ	imunupɐtuluʒiɐ	imun[ɔ]pɐtuluʒiɐ	imun[u]pɐtuluʒiɐ	0
imunopatológico	imunɔpɐtulɔʒiku	imunupɐtulɔʒiku	imun[ɔ]pɐtulɔʒiku	imun[u]pɐtulɔʒiku	0
imunopatologista	imunɔpɐtuluʒiʃtɐ	imunupɐtuluʒiʃtɐ	imun[ɔ]pɐtuluʒiʃtɐ	imun[u]pɐtuluʒiʃtɐ	0
imunoquímica	imunɔkimikɐ	imunukimikɐ	imun[ɔ]kimikɐ	imun[u]kimikɐ	0
imunoquímico	imunɔkimiku	imunukimiku	imun[ɔ]kimiku	imun[u]kimiku	0
imunorreação	imunɔʀjasɐ̃w̃	imunuʀiɐsɐ̃w̃	imun[ɔ]ʀj[a]sɐ̃w̃	imun[u]ʀi[ɐ]sɐ̃w̃	0
imunorreacção	imunɔʀjasɐ̃w̃	imunuʀiɐsɐ̃w̃	imun[ɔ]ʀj[a]sɐ̃w̃	imun[u]ʀi[ɐ]sɐ̃w̃	0
imunorreactivo	imunɔʀjativu	imunuʀiɐtivu	imun[ɔ]ʀj[a]tivu	imun[u]ʀi[ɐ]tivu	0
imunorreativo	imunɔʀjativu	imunuʀiɐtivu	imun[ɔ]ʀj[a]tivu	imun[u]ʀi[ɐ]tivu	0
imunorregulação	imunɔʀɨɡulɐsɐ̃w̃	imunuʀɨɡulɐsɐ̃w̃	imun[ɔ]ʀɨɡulɐsɐ̃w̃	imun[u]ʀɨɡulɐsɐ̃w̃	0
imunossupressão	imunɔsuprɨsɐ̃w̃	imunusuprɨsɐ̃w̃	imun[ɔ]suprɨsɐ̃w̃	imun[u]suprɨsɐ̃w̃	0
imunossupressor	imunɔsuprɨsor	imunusuprɨsor	imun[ɔ]suprɨsor	imun[u]suprɨsor	0
imunoterapia	imunɔtɨrɐpiɐ	imunutɨrɐpiɐ	imun[ɔ]tɨrɐpiɐ	imun[u]tɨrɐpiɐ	0
imunoterápico	imunɔtɨrapiku	imunutɨrapiku	imun[ɔ]tɨrapiku	imun[u]tɨrapiku	0
inadotável	inɐdɔtavɛɫ	inɐdutavɛɫ	inɐd[ɔ]tavɛɫ	inɐd[u]tavɛɫ	0
inobediência	inɔbɨdjẽsjɐ	inubɨdjẽnsjɐ	in[ɔ]bɨdjẽsjɐ[]	in[u]bɨdjẽnsj[ɐ]	0
inobediente	inɔbɨdjẽtɨ	inubediẽntɨ	in[ɔ]b[ɨ]djẽtɨ[]	in[u]b[e]diẽnt[ɨ]	0
inobjectividade	inɔbʒɛtividadɨ	inubʒɛtividadɨ	in[ɔ]bʒɛtividadɨ	in[u]bʒɛtividadɨ	0
inobjetividade	inɔbʒɛtividadɨ	inubʒetividadɨ	in[ɔ]bʒ[ɛ]tividadɨ	in[u]bʒ[e]tividadɨ	0
inobliterável	inɔblitɨravɛɫ	inublitɨravɛɫ	in[ɔ]blitɨravɛɫ	in[u]blitɨravɛɫ	0
inobscurecível	inɔbʃkurɨsivɛɫ	inubʃkurɨsivɛɫ	in[ɔ]bʃkurɨsivɛɫ	in[u]bʃkurɨsivɛɫ	0
inobservado	inɔbsɨrvadu	inubsɨrvadu	in[ɔ]bsɨrvadu	in[u]bsɨrvadu	0
inobservância	inɔbsɨrvɐ̃sjɐ	inubsɨrvɐ̃nsjɐ	in[ɔ]bsɨrvɐ̃[]sjɐ	in[u]bsɨrvɐ̃[n]sjɐ	0
inobservante	inɔbsɨrvɐ̃tɨ	inubsɨrvɐ̃ntɨ	in[ɔ]bsɨrvɐ̃[]tɨ	in[u]bsɨrvɐ̃[n]tɨ	0
inobservável	inɔbsɨrvavɛɫ	inubsɨrvavɛɫ	in[ɔ]bsɨrvavɛɫ	in[u]bsɨrvavɛɫ	0
inoclusão	inɔkluzɐ̃w̃	inukluzɐ̃w̃	in[ɔ]kluzɐ̃w̃	in[u]kluzɐ̃w̃	0
inocuidade	inɔkwidadɨ	inukujdadɨ	in[ɔ]kw[i]dadɨ	in[u]ku[j]dadɨ	0
inoculabilidade	inɔkulɐbilidadɨ	inukulɐbilidadɨ	in[ɔ]kulɐbilidadɨ	in[u]kulɐbilidadɨ	0
inoculação	inɔkulɐsɐ̃w̃	inukulɐsɐ̃w̃	in[ɔ]kulɐsɐ̃w̃	in[u]kulɐsɐ̃w̃	0
inoculador	inɔkulɐdor	inukulɐdor	in[ɔ]kulɐdor	in[u]kulɐdor	0
inocular	inɔkular	inukular	in[ɔ]kular	in[u]kular	0
inoculável	inɔkulavɛɫ	inukulavɛɫ	in[ɔ]kulavɛɫ	in[u]kulavɛɫ	0
inocultável	inɔkuɫtavɛɫ	inukuɫtavɛɫ	in[ɔ]kuɫtavɛɫ	in[u]kuɫtavɛɫ	0
inocupado	inɔkupadu	inukupadu	in[ɔ]kupadu	in[u]kupadu	0
inoficiosidade	inɔfisjuzidadɨ	inufisiuzidadɨ	in[ɔ]fis[j]uzidadɨ	in[u]fis[i]uzidadɨ	0
inoficioso	inɔfisjozu	inufisiozu	in[ɔ]fis[j]ozu	in[u]fis[i]ozu	0
inofuscável	inɔfuʃkavɛɫ	inufuʃkavɛɫ	in[ɔ]fuʃkavɛɫ	in[u]fuʃkavɛɫ	0
inolente	inɔlẽtɨ	inulẽntɨ	in[ɔ]lẽtɨ[]	in[u]lẽnt[ɨ]	0
inolvidável	inɔɫvidavɛɫ	inuɫvidavɛɫ	in[ɔ]ɫvidavɛɫ	in[u]ɫvidavɛɫ	0
inoperação	inɔpɨrɐsɐ̃w̃	inuperɐsɐ̃w̃	in[ɔ]p[ɨ]rɐsɐ̃w̃	in[u]p[e]rɐsɐ̃w̃	0
inoperância	inɔpɨrɐ̃sjɐ	inupɨrɐ̃nsjɐ	in[ɔ]pɨrɐ̃[]sjɐ	in[u]pɨrɐ̃[n]sjɐ	0
inoperante	inɔpɨrɐ̃tɨ	inupɨrɐ̃ntɨ	in[ɔ]pɨrɐ̃[]tɨ	in[u]pɨrɐ̃[n]tɨ	0
inoperável	inɔpɨravɛɫ	inupɨravɛɫ	in[ɔ]pɨravɛɫ	in[u]pɨravɛɫ	0
inopexia	inɔpɛksiɐ	inupɨksiɐ	in[ɔ]p[ɛ]ksiɐ	in[u]p[ɨ]ksiɐ	0
inopinado	inɔpinadu	inupinadu	in[ɔ]pinadu	in[u]pinadu	0
inopinável	inɔpinavɛɫ	inupinavɛɫ	in[ɔ]pinavɛɫ	in[u]pinavɛɫ	0
inopino	inɔpinu	inupinu	in[ɔ]pinu	in[u]pinu	0
inoportunamente	inɔpurtunɐmẽtɨ	inupurtunɐmẽntɨ	in[ɔ]purtunɐmẽtɨ[]	in[u]purtunɐmẽnt[ɨ]	0
inoportunidade	inɔpurtunidadɨ	inupurtunidadɨ	in[ɔ]purtunidadɨ	in[u]purtunidadɨ	0
inoportuno	inɔpurtunu	inupurtunu	in[ɔ]purtunu	in[u]purtunu	0
inorgânico	inɔrɡɐniku	inurɡɐ̃niku	in[ɔ]rɡɐ[]niku	in[u]rɡɐ[̃]niku	0
inorganismo	inɔrɡɐniʒmu	inurɡɐniʒmu	in[ɔ]rɡɐniʒmu	in[u]rɡɐniʒmu	0
inorganizado	inɔrɡɐnizadu	inurɡɐnizadu	in[ɔ]rɡɐnizadu	in[u]rɡɐnizadu	0
inortodoxo	inɔrtɔdɔksu	inurtudɔksu	in[ɔ]rt[ɔ]dɔksu	in[u]rt[u]dɔksu	0
inosculação	inɔʃkulɐsɐ̃w̃	inuʃkulɐsɐ̃w̃	in[ɔ]ʃkulɐsɐ̃w̃	in[u]ʃkulɐsɐ̃w̃	0
inosite	inɔzitɨ	inuzitɨ	in[ɔ]zitɨ	in[u]zitɨ	0
inositol	inɔzitɔɫ	inuzitɔɫ	in[ɔ]zitɔɫ	in[u]zitɔɫ	0
inositúria	inɔziturjɐ	inuziturjɐ	in[ɔ]ziturjɐ	in[u]ziturjɐ	0
inospitaleiro	inɔʃpitɐlɐjru	inuʃpitɐlɐjru	in[ɔ]ʃpitɐlɐjru	in[u]ʃpitɐlɐjru	0
inospitalidade	inɔʃpitɐlidadɨ	inuʃpitɐlidadɨ	in[ɔ]ʃpitɐlidadɨ	in[u]ʃpitɐlidadɨ	0
inossilicato	inɔsilikatu	inusilikatu	in[ɔ]silikatu	in[u]silikatu	0
inosúria	inɔzurjɐ	inuzurjɐ	in[ɔ]zurjɐ	in[u]zurjɐ	0
inotrópico	inɔtrɔpiku	inutrɔpiku	in[ɔ]trɔpiku	in[u]trɔpiku	0
inoxidável	inɔksidavɛɫ	inuksidavɛɫ	in[ɔ]ksidavɛɫ	in[u]ksidavɛɫ	0
iofobia	jɔfubiɐ	iufubiɐ	j[ɔ]fubiɐ	i[u]fubiɐ	0
iogurteira	jɔɡurtɐjrɐ	iuɡurtɐjrɐ	j[ɔ]ɡurtɐjrɐ	i[u]ɡurtɐjrɐ	0
iogurte	jɔɡurtɨ	iuɡurtɨ	j[ɔ]ɡurtɨ	i[u]ɡurtɨ	0
ioió	jɔjɔ	iujɔ	j[ɔ]jɔ	i[u]jɔ	0
ionosfera	jɔnɔʃfɛrɐ	junuʃfɛrɐ	j[ɔ]n[ɔ]ʃfɛrɐ	j[u]n[u]ʃfɛrɐ	0
iorquino	jɔrkinu	iurkinu	j[ɔ]rkinu	i[u]rkinu	0
ioruba	jɔrubɐ	iurubɐ	j[ɔ]rubɐ	i[u]rubɐ	0
iorubas	jɔrubɐʃ	iurubɐʃ	j[ɔ]rubɐʃ	i[u]rubɐʃ	0
iotacismo	jɔtɐsiʒmu	iutɐsiʒmu	j[ɔ]tɐsiʒmu	i[u]tɐsiʒmu	0
iotização	jɔtizɐsɐ̃w̃	iutizɐsɐ̃w̃	j[ɔ]tizɐsɐ̃w̃	i[u]tizɐsɐ̃w̃	0
iotizar	jɔtizar	iutizar	j[ɔ]tizar	i[u]tizar	0
iridocoroidite	iridɔkurɔjditɨ	iridukurojditɨ	irid[ɔ]kur[ɔ]jditɨ	irid[u]kur[o]jditɨ	0
iridotomia	iridɔtumiɐ	iridutumiɐ	irid[ɔ]tumiɐ	irid[u]tumiɐ	0
iridotômico	iridɔtomiku	iridutomiku	irid[ɔ]tomiku	irid[u]tomiku	0
iridotómico	iridɔtɔmiku	iridutɔmiku	irid[ɔ]tɔmiku	irid[u]tɔmiku	0
isalotérmico	izɐlɔtɛrmiku	izɐlutɛrmiku	izɐl[ɔ]tɛrmiku	izɐl[u]tɛrmiku	0
iscariotista	iʃkɐrjɔtiʃtɐ	iʃkɐriutiʃtɐ	iʃkɐrj[ɔ]tiʃtɐ	iʃkɐri[u]tiʃtɐ	0
isoalina	izɔɐlinɐ	izuɐlinɐ	iz[ɔ]ɐlinɐ	iz[u]ɐlinɐ	0
isobárica	izɔbarikɐ	izubarikɐ	iz[ɔ]barikɐ	iz[u]barikɐ	0
isobárico	izɔbariku	izubariku	iz[ɔ]bariku	iz[u]bariku	0
isobarométrico	izɔbɐrumɛtriku	izubɐrumɛtriku	iz[ɔ]bɐrumɛtriku	iz[u]bɐrumɛtriku	0
isobático	izɔbatiku	izubatiku	iz[ɔ]batiku	iz[u]batiku	0
isocianato	izɔsjɐnatu	izusiɐnatu	iz[ɔ]s[j]ɐnatu	iz[u]s[i]ɐnatu	0
isoclinal	izɔklinaɫ	izuklinaɫ	iz[ɔ]klinaɫ	iz[u]klinaɫ	0
isoclínico	izɔkliniku	izukliniku	iz[ɔ]kliniku	iz[u]kliniku	0
isocoloide	izɔkulɔjdɨ	izukulɔjdɨ	iz[ɔ]kulɔjdɨ	iz[u]kulɔjdɨ	0
isocolóide	izɔkulɔjdɨ	izukulɔjdɨ	iz[ɔ]kulɔjdɨ	iz[u]kulɔjdɨ	0
isocolo	izɔkɔlu	izukɔlu	iz[ɔ]kɔlu	iz[u]kɔlu	0
isocólon	izɔkɔlɔn	izukɔlõm	iz[ɔ]kɔlɔn[]	iz[u]kɔlõ[m]	0
isocórico	izɔkɔriku	izukɔriku	iz[ɔ]kɔriku	iz[u]kɔriku	0
isocromático	izɔkrɔmatiku	izukrumatiku	iz[ɔ]kr[ɔ]matiku	iz[u]kr[u]matiku	0
isocromia	izɔkrumiɐ	izukrumiɐ	iz[ɔ]krumiɐ	iz[u]krumiɐ	0
isocrômico	izɔkromiku	izukromiku	iz[ɔ]kromiku	iz[u]kromiku	0
isocrómico	izɔkrɔmiku	izukrɔmiku	iz[ɔ]krɔmiku	iz[u]krɔmiku	0
isocromo	izɔkrumu	izukromu	iz[ɔ]kr[u]mu	iz[u]kr[o]mu	0
isocronia	izɔkruniɐ	izukruniɐ	iz[ɔ]kruniɐ	iz[u]kruniɐ	0
isocronismo	izɔkruniʒmu	izukruniʒmu	iz[ɔ]kruniʒmu	iz[u]kruniʒmu	0
isodactilia	izɔdɐktiliɐ	izudɐtiliɐ	iz[ɔ]dɐ[k]tiliɐ	iz[u]dɐ[]tiliɐ	0
isodáctilo	izɔdaktilu	izudatilu	iz[ɔ]da[k]tilu	iz[u]da[]tilu	0
isodatilia	izɔdɐtiliɐ	izudɐtiliɐ	iz[ɔ]dɐtiliɐ	iz[u]dɐtiliɐ	0
isodátilo	izɔdatilu	izudatilu	iz[ɔ]datilu	iz[u]datilu	0
isodiáforo	izɔdjafuru	izudiafuru	iz[ɔ]d[j]afuru	iz[u]d[i]afuru	0
isodinamia	izɔdinɐmiɐ	izudinɐmiɐ	iz[ɔ]dinɐmiɐ	iz[u]dinɐmiɐ	0
isodinâmico	izɔdinɐmiku	izudinɐ̃miku	iz[ɔ]dinɐ[]miku	iz[u]dinɐ[̃]miku	0
isoédrico	izɔɛdriku	izuɛdriku	iz[ɔ]ɛdriku	iz[u]ɛdriku	0
isoetes	izɔɛtɨʃ	izuɛtɨʃ	iz[ɔ]ɛtɨʃ	iz[u]ɛtɨʃ	0
isofilia	izɔfiliɐ	izufiliɐ	iz[ɔ]filiɐ	iz[u]filiɐ	0
isofílico	izɔfiliku	izufiliku	iz[ɔ]filiku	iz[u]filiku	0
isofilo	izɔfilu	izufilu	iz[ɔ]filu	iz[u]filu	0
isogamia	izɔɡɐmiɐ	izuɡɐmiɐ	iz[ɔ]ɡɐmiɐ	iz[u]ɡɐmiɐ	0
isogâmico	izɔɡɐmiku	izuɡɐ̃miku	iz[ɔ]ɡɐ[]miku	iz[u]ɡɐ[̃]miku	0
isogeoterma	izɔʒɛɔtɛrmɐ	izuʒiutermɐ	iz[ɔ]ʒɛ[ɔ]t[ɛ]rmɐ	iz[u]ʒi[u]t[e]rmɐ	0
isogeotérmico	izɔʒɛɔtɛrmiku	izuʒiutɛrmiku	iz[ɔ]ʒɛ[ɔ]tɛrmiku	iz[u]ʒi[u]tɛrmiku	0
isogeotermo	izɔʒɛɔtɛrmu	izuʒiutermu	iz[ɔ]ʒɛ[ɔ]t[ɛ]rmu	iz[u]ʒi[u]t[e]rmu	0
isoglossa	izɔɡlɔsɐ	izuɡlɔsɐ	iz[ɔ]ɡlɔsɐ	iz[u]ɡlɔsɐ	0
isoglóssico	izɔɡlɔsiku	izuɡlɔsiku	iz[ɔ]ɡlɔsiku	iz[u]ɡlɔsiku	0
isoglosso	izɔɡlosu	izuɡlɔsu	iz[ɔ]ɡl[o]su	iz[u]ɡl[ɔ]su	0
isogonal	izɔɡunaɫ	izuɡunaɫ	iz[ɔ]ɡunaɫ	iz[u]ɡunaɫ	0
isogônico	izɔɡoniku	izuɡoniku	iz[ɔ]ɡoniku	iz[u]ɡoniku	0
isogónico	izɔɡɔniku	izuɡɔniku	iz[ɔ]ɡɔniku	iz[u]ɡɔniku	0
isogonismo	izɔɡuniʒmu	izuɡuniʒmu	iz[ɔ]ɡuniʒmu	iz[u]ɡuniʒmu	0
isografia	izɔɡrɐfiɐ	izuɡrɐfiɐ	iz[ɔ]ɡrɐfiɐ	iz[u]ɡrɐfiɐ	0
isográfico	izɔɡrafiku	izuɡrafiku	iz[ɔ]ɡrafiku	iz[u]ɡrafiku	0
isoieta	izɔjetɐ	izujɛtɐ	iz[ɔ]j[e]tɐ	iz[u]j[ɛ]tɐ	0
isoiética	izɔjɛtikɐ	izujɛtikɐ	iz[ɔ]jɛtikɐ	iz[u]jɛtikɐ	0
isoiético	izɔjɛtiku	izujɛtiku	iz[ɔ]jɛtiku	iz[u]jɛtiku	0
isoípsa	izɔipsɐ	izuipsɐ	iz[ɔ]ipsɐ	iz[u]ipsɐ	0
isoípso	izɔipsu	izuipsu	iz[ɔ]ipsu	iz[u]ipsu	0
isomagnética	izɔmaɡnɛtikɐ	izumɐɡnɛtikɐ	iz[ɔ]m[a]ɡnɛtikɐ	iz[u]m[ɐ]ɡnɛtikɐ	0
isomagnético	izɔmaɡnɛtiku	izumɐɡnɛtiku	iz[ɔ]m[a]ɡnɛtiku	iz[u]m[ɐ]ɡnɛtiku	0
isomeria	izɔmɨriɐ	izumɨriɐ	iz[ɔ]mɨriɐ	iz[u]mɨriɐ	0
isomérico	izɔmɛriku	izumɛriku	iz[ɔ]mɛriku	iz[u]mɛriku	0
isomerismo	izɔmɨriʒmu	izumɨriʒmu	iz[ɔ]mɨriʒmu	iz[u]mɨriʒmu	0
isomerização	izɔmɨrizɐsɐ̃w̃	izumerizɐsɐ̃w̃	iz[ɔ]m[ɨ]rizɐsɐ̃w̃	iz[u]m[e]rizɐsɐ̃w̃	0
isomerizar	izɔmɨrizar	izumerizar	iz[ɔ]m[ɨ]rizar	iz[u]m[e]rizar	0
isometria	izɔmɨtriɐ	izumɨtriɐ	iz[ɔ]mɨtriɐ	iz[u]mɨtriɐ	0
isométrico	izɔmɛtriku	izumɛtriku	iz[ɔ]mɛtriku	iz[u]mɛtriku	0
isomorfia	izɔmurfiɐ	izumurfiɐ	iz[ɔ]murfiɐ	iz[u]murfiɐ	0
isomorfismo	izɔmurfiʒmu	izumurfiʒmu	iz[ɔ]murfiʒmu	iz[u]murfiʒmu	0
isomorfo	izɔmɔrfu	izumorfu	iz[ɔ]m[ɔ]rfu	iz[u]m[o]rfu	0
isonomia	izɔnumiɐ	izunumiɐ	iz[ɔ]numiɐ	iz[u]numiɐ	0
isopata	izɔpatɐ	izupatɐ	iz[ɔ]patɐ	iz[u]patɐ	0
isopatia	izɔpɐtiɐ	izupɐtiɐ	iz[ɔ]pɐtiɐ	iz[u]pɐtiɐ	0
isopétalo	izɔpɛtɐlu	izupɛtɐlu	iz[ɔ]pɛtɐlu	iz[u]pɛtɐlu	0
isopícnica	izɔpiknikɐ	izupiknikɐ	iz[ɔ]piknikɐ	iz[u]piknikɐ	0
isopícnico	izɔpikniku	izupikniku	iz[ɔ]pikniku	iz[u]pikniku	0
isopiéstico	izɔpjɛʃtiku	izupjɛʃtiku	iz[ɔ]pjɛʃtiku	iz[u]pjɛʃtiku	0
isopórica	izɔpɔrikɐ	izupɔrikɐ	iz[ɔ]pɔrikɐ	iz[u]pɔrikɐ	0
isopor	izɔpor	izupor	iz[ɔ]por	iz[u]por	0
isopreno	izɔprenu	izuprenu	iz[ɔ]prenu	iz[u]prenu	0
isoquímena	izɔkimɨnɐ	izukimɨnɐ	iz[ɔ]kimɨnɐ	iz[u]kimɨnɐ	0
isoquimênica	izɔkimenikɐ	izukimenikɐ	iz[ɔ]kimenikɐ	iz[u]kimenikɐ	0
isoquiménica	izɔkimɛnikɐ	izukimɛnikɐ	iz[ɔ]kimɛnikɐ	iz[u]kimɛnikɐ	0
isoquimênico	izɔkimeniku	izukimeniku	iz[ɔ]kimeniku	iz[u]kimeniku	0
isoquiménico	izɔkimɛniku	izukimɛniku	iz[ɔ]kimɛniku	iz[u]kimɛniku	0
isospórico	izɔʃpɔriku	izuʃpɔriku	iz[ɔ]ʃpɔriku	iz[u]ʃpɔriku	0
isossilábico	izɔsilabiku	izusilabiku	iz[ɔ]silabiku	iz[u]silabiku	0
isossista	izɔsiʃtɐ	izusiʃtɐ	iz[ɔ]siʃtɐ	iz[u]siʃtɐ	0
isostasia	izɔʃtɐziɐ	izuʃtɐziɐ	iz[ɔ]ʃtɐziɐ	iz[u]ʃtɐziɐ	0
isostático	izɔʃtatiku	izuʃtatiku	iz[ɔ]ʃtatiku	iz[u]ʃtatiku	0
isostêmone	izɔʃtemunɨ	izuʃtemunɨ	iz[ɔ]ʃtemunɨ	iz[u]ʃtemunɨ	0
isostémone	izɔʃtɛmunɨ	izuʃtɛmunɨ	iz[ɔ]ʃtɛmunɨ	iz[u]ʃtɛmunɨ	0
isotérica	izɔtɛrikɐ	izutɛrikɐ	iz[ɔ]tɛrikɐ	iz[u]tɛrikɐ	0
isotérico	izɔtɛriku	izutɛriku	iz[ɔ]tɛriku	iz[u]tɛriku	0
isotérmica	izɔtɛrmikɐ	izutɛrmikɐ	iz[ɔ]tɛrmikɐ	iz[u]tɛrmikɐ	0
isotérmico	izɔtɛrmiku	izutɛrmiku	iz[ɔ]tɛrmiku	iz[u]tɛrmiku	0
isotonia	izɔtuniɐ	izutuniɐ	iz[ɔ]tuniɐ	iz[u]tuniɐ	0
isotônico	izɔtoniku	izutoniku	iz[ɔ]toniku	iz[u]toniku	0
isotónico	izɔtɔniku	izutɔniku	iz[ɔ]tɔniku	iz[u]tɔniku	0
isotopia	izɔtupiɐ	izutupiɐ	iz[ɔ]tupiɐ	iz[u]tupiɐ	0
isotópico	izɔtɔpiku	izutɔpiku	iz[ɔ]tɔpiku	iz[u]tɔpiku	0
isotropia	izɔtrupiɐ	izutrupiɐ	iz[ɔ]trupiɐ	iz[u]trupiɐ	0
isotrópico	izɔtrɔpiku	izutrɔpiku	iz[ɔ]trɔpiku	iz[u]trɔpiku	0
isquioanal	iʃkjɔɐnaɫ	iʃkiuɐ̃naɫ	iʃkj[ɔ]ɐ[]naɫ	iʃki[u]ɐ[̃]naɫ	0
isquiofemoral	iʃkjɔfɨmuraɫ	iʃkiufɨmuraɫ	iʃkj[ɔ]fɨmuraɫ	iʃki[u]fɨmuraɫ	0
isquioperineal	iʃkjɔpɨrinjaɫ	iʃkiupɨriniaɫ	iʃkj[ɔ]pɨrin[j]aɫ	iʃki[u]pɨrin[i]aɫ	0
isquiopúbico	iʃkjɔpubiku	iʃkiupubiku	iʃkj[ɔ]pubiku	iʃki[u]pubiku	0
isquiorrectal	iʃkjɔʀɛtaɫ	iʃkiuʀɛtaɫ	iʃkj[ɔ]ʀɛtaɫ	iʃki[u]ʀɛtaɫ	0
isquiorretal	iʃkjɔʀɛtaɫ	iʃkiuʀɨtaɫ	iʃkj[ɔ]ʀ[ɛ]taɫ	iʃki[u]ʀ[ɨ]taɫ	0
itacolumite	itɐkɔlumitɨ	itɐkulumitɨ	itɐk[ɔ]lumitɨ	itɐk[u]lumitɨ	0
jeová	ʒɛɔva	ʒiuva	ʒɛ[ɔ]va	ʒi[u]va	0
jeovismo	ʒɛɔviʒmu	ʒiuviʒmu	ʒɛ[ɔ]viʒmu	ʒi[u]viʒmu	0
jeovista	ʒɛɔviʃtɐ	ʒiuviʃtɐ	ʒɛ[ɔ]viʃtɐ	ʒi[u]viʃtɐ	0
jipoúba	ʒipɔubɐ	ʒipuubɐ	ʒip[ɔ]ubɐ	ʒip[u]ubɐ	0
jobar	ʒɔbar	ʒubar	ʒ[ɔ]bar	ʒ[u]bar	0
jocó	ʒɔkɔ	ʒukɔ	ʒ[ɔ]kɔ	ʒ[u]kɔ	0
jogó	ʒɔɡɔ	ʒuɡɔ	ʒ[ɔ]ɡɔ	ʒ[u]ɡɔ	0
jojoba	ʒɔʒɔbɐ	ʒuʒobɐ	ʒ[ɔ]ʒ[ɔ]bɐ	ʒ[u]ʒ[o]bɐ	0
joker	ʒɔkɛr	ʒuker	ʒ[ɔ]k[ɛ]r	ʒ[u]k[e]r	0
judaico-cristão	ʒudajkɔkriʃtɐ̃w̃	ʒudajkukriʃtɐ̃w̃	ʒudajk[ɔ]kriʃtɐ̃w̃	ʒudajk[u]kriʃtɐ̃w̃	0
júnior	ʒunjɔr	ʒuniur	ʒunj[ɔ]r	ʒuni[u]r	0
karbovanet	kɐrbɔvanɛt	kɐrbuvɐ̃nɛt	kɐrb[ɔ]va[]nɛt	kɐrb[u]vɐ[̃]nɛt	0
kickboxer	kikbɔksɐr	kikbukser	kikb[ɔ]ks[ɐ]r	kikb[u]ks[e]r	0
kilojoule	kilɔʒulɨ	kiluʒowlɨ	kil[ɔ]ʒu[]lɨ	kil[u]ʒo[w]lɨ	0
kilotonelada	kilɔtunɨladɐ	kilutunɨladɐ	kil[ɔ]tunɨladɐ	kil[u]tunɨladɐ	0
kilovolt-ampere	kilɔvɔɫtɐ̃pɛrɨ	kiluvoɫtɐ̃mpɛrɨ	kil[ɔ]v[ɔ]ɫtɐ̃[]pɛrɨ	kil[u]v[o]ɫtɐ̃[m]pɛrɨ	0
kilovolt	kilɔvɔɫt	kiluvoɫt	kil[ɔ]v[ɔ]ɫt	kil[u]v[o]ɫt	0
kosovar	kɔzovar	kuzuvar	k[ɔ]z[o]var	k[u]z[u]var	0
lacrimogêneo	lɐkrimɔʒenju	lɐkrimuʒeniw	lɐkrim[ɔ]ʒenj[u]	lɐkrim[u]ʒeni[w]	0
lacrimogéneo	lɐkrimɔʒɛnju	lɐkrimuʒɛniw	lɐkrim[ɔ]ʒɛnj[u]	lɐkrim[u]ʒɛni[w]	0
lacrimolabial	lɐkrimɔlɐbjaɫ	lɐkrimulɐbiaɫ	lɐkrim[ɔ]lɐb[j]aɫ	lɐkrim[u]lɐb[i]aɫ	0
lacrimonasal	lɐkrimɔnɐzaɫ	lɐkrimunɐzaɫ	lɐkrim[ɔ]nɐzaɫ	lɐkrim[u]nɐzaɫ	0
lacrimotomia	lɐkrimɔtumiɐ	lɐkrimutumiɐ	lɐkrim[ɔ]tumiɐ	lɐkrim[u]tumiɐ	0
lacrimotômico	lɐkrimɔtomiku	lɐkrimutomiku	lɐkrim[ɔ]tomiku	lɐkrim[u]tomiku	0
lacrimotómico	lɐkrimɔtɔmiku	lɐkrimutɔmiku	lɐkrim[ɔ]tɔmiku	lɐkrim[u]tɔmiku	0
lagocéfalo	lɐɡɔsɛfɐlu	lɐɡusɛfɐlu	lɐɡ[ɔ]sɛfɐlu	lɐɡ[u]sɛfɐlu	0
lagoftalmia	lɐɡɔftaɫmiɐ	lɐɡuftaɫmiɐ	lɐɡ[ɔ]ftaɫmiɐ	lɐɡ[u]ftaɫmiɐ	0
lagoftalmo	lɐɡɔftaɫmu	lɐɡuftaɫmu	lɐɡ[ɔ]ftaɫmu	lɐɡ[u]ftaɫmu	0
lalopatia	lɐlɔpɐtiɐ	lɐlupɐtiɐ	lɐl[ɔ]pɐtiɐ	lɐl[u]pɐtiɐ	0
laparoscopia	lɐpɐrɔʃkupiɐ	lɐpɐruʃkupiɐ	lɐpɐr[ɔ]ʃkupiɐ	lɐpɐr[u]ʃkupiɐ	0
laparotomia	lɐpɐrɔtumiɐ	lɐpɐrutumiɐ	lɐpɐr[ɔ]tumiɐ	lɐpɐr[u]tumiɐ	0
laparotômico	lɐpɐrɔtomiku	lɐpɐrutomiku	lɐpɐr[ɔ]tomiku	lɐpɐr[u]tomiku	0
laparotómico	lɐpɐrɔtɔmiku	lɐpɐrutɔmiku	lɐpɐr[ɔ]tɔmiku	lɐpɐr[u]tɔmiku	0
lateroversão	lɐtɨrɔvɨrsɐ̃w̃	lɐtɨruvɨrsɐ̃w̃	lɐtɨr[ɔ]vɨrsɐ̃w̃	lɐtɨr[u]vɨrsɐ̃w̃	0
latino-americano	lɐtinɔɐmɨrikɐnu	lɐtinuɐmerikɐ̃nu	lɐtin[ɔ]ɐm[ɨ]rikɐ[]nu	lɐtin[u]ɐm[e]rikɐ[̃]nu	0
lauréola	lawrɛulɐ	lawrɛɔlɐ	lawrɛ[u]lɐ	lawrɛ[ɔ]lɐ	0
lés-nordeste	lɛʒnɔrdɛʃtɨ	lɛʒnurdɛʃtɨ	lɛʒn[ɔ]rdɛʃtɨ	lɛʒn[u]rdɛʃtɨ	0
leso-patriotismo	lɛzɔpɐtrjutiʒmu	lɛzupɐtriutiʒmu	lɛz[ɔ]pɐtr[j]utiʒmu	lɛz[u]pɐtr[i]utiʒmu	0
leso-sentimento	lɛzɔsẽtimẽtu	lɛzusẽntimẽntu	lɛz[ɔ]sẽtimẽtu[]	lɛz[u]sẽntimẽnt[u]	0
leucocéfalo	lewkɔsɛfɐlu	lewkusɛfɐlu	lewk[ɔ]sɛfɐlu	lewk[u]sɛfɐlu	0
leucocitário	lewkɔsitarju	lewkusitarju	lewk[ɔ]sitarju	lewk[u]sitarju	0
leucocitemia	lewkɔsitɨmiɐ	lewkusitɨmiɐ	lewk[ɔ]sitɨmiɐ	lewk[u]sitɨmiɐ	0
leucocitometria	lewkɔsitumɨtriɐ	lewkusitumɨtriɐ	lewk[ɔ]situmɨtriɐ	lewk[u]situmɨtriɐ	0
leucocitopoese	lewkɔsitɔpwɛzɨ	lewkusitupuɛzɨ	lewk[ɔ]sit[ɔ]p[w]ɛzɨ	lewk[u]sit[u]p[u]ɛzɨ	0
leucocitopoético	lewkɔsitɔpwɛtiku	lewkusitupuɛtiku	lewk[ɔ]sit[ɔ]p[w]ɛtiku	lewk[u]sit[u]p[u]ɛtiku	0
leucocitopoiese	lewkɔsitɔpojɛzɨ	lewkusitupujɛzɨ	lewk[ɔ]sit[ɔ]p[o]jɛzɨ	lewk[u]sit[u]p[u]jɛzɨ	0
leucocitopoiético	lewkɔsitɔpojɛtiku	lewkusitupujɛtiku	lewk[ɔ]sit[ɔ]p[o]jɛtiku	lewk[u]sit[u]p[u]jɛtiku	0
leucocitose	lewkɔsitɔzɨ	lewkusitɔzɨ	lewk[ɔ]sitɔzɨ	lewk[u]sitɔzɨ	0
leucocrático	lewkɔkratiku	lewkukratiku	lewk[ɔ]kratiku	lewk[u]kratiku	0
leucodermia	lewkɔdɨrmiɐ	lewkudɨrmiɐ	lewk[ɔ]dɨrmiɐ	lewk[u]dɨrmiɐ	0
leucoflegmasia	lewkɔflɛɡmɐziɐ	lewkufleɡmɐziɐ	lewk[ɔ]fl[ɛ]ɡmɐziɐ	lewk[u]fl[e]ɡmɐziɐ	0
leucomielopatia	lewkɔmjɛlɔpɐtiɐ	lewkumiɨlupɐtiɐ	lewk[ɔ]mj[ɛ]l[ɔ]pɐtiɐ	lewk[u]mi[ɨ]l[u]pɐtiɐ	0
leucopenia	lewkɔpɨniɐ	lewkupɨniɐ	lewk[ɔ]pɨniɐ	lewk[u]pɨniɐ	0
leucopênico	lewkɔpeniku	lewkupeniku	lewk[ɔ]peniku	lewk[u]peniku	0
leucopénico	lewkɔpɛniku	lewkupɛniku	lewk[ɔ]pɛniku	lewk[u]pɛniku	0
leucoplasia	lewkɔplɐziɐ	lewkuplɐziɐ	lewk[ɔ]plɐziɐ	lewk[u]plɐziɐ	0
leucoplásico	lewkɔplaziku	lewkuplaziku	lewk[ɔ]plaziku	lewk[u]plaziku	0
leucoplasto	lewkɔplaʃtu	lewkuplaʃtu	lewk[ɔ]plaʃtu	lewk[u]plaʃtu	0
leucopoese	lewkɔpwɛzɨ	lewkupuɛzɨ	lewk[ɔ]p[w]ɛzɨ	lewk[u]p[u]ɛzɨ	0
leucopoético	lewkɔpwɛtiku	lewkupuɛtiku	lewk[ɔ]p[w]ɛtiku	lewk[u]p[u]ɛtiku	0
leucopoiese	lewkɔpojɛzɨ	lewkupujɛzɨ	lewk[ɔ]p[o]jɛzɨ	lewk[u]p[u]jɛzɨ	0
leucopoiético	lewkɔpojɛtiku	lewkupujɛtiku	lewk[ɔ]p[o]jɛtiku	lewk[u]p[u]jɛtiku	0
leucotomia	lewkɔtumiɐ	lewkutumiɐ	lewk[ɔ]tumiɐ	lewk[u]tumiɐ	0
leucovírus	lewkɔviruʃ	lewkuviruʃ	lewk[ɔ]viruʃ	lewk[u]viruʃ	0
leucoxena	lewkɔksenɐ	lewkuksenɐ	lewk[ɔ]ksenɐ	lewk[u]ksenɐ	0
liberolenhoso	libɨrɔlɨɲozu	libɨrulɨɲozu	libɨr[ɔ]lɨɲozu	libɨr[u]lɨɲozu	0
líbero-lenhoso	libɨrɔlɨɲozu	libɨruleɲozu	libɨr[ɔ]l[ɨ]ɲozu	libɨr[u]l[e]ɲozu	0
licopeno	likɔpenu	likupenu	lik[ɔ]penu	lik[u]penu	0
licopina	likɔpinɐ	likupinɐ	lik[ɔ]pinɐ	lik[u]pinɐ	0
lidocaína	lidɔkɐinɐ	lidukɐinɐ	lid[ɔ]kɐinɐ	lid[u]kɐinɐ	0
limnoplâncton	limnɔplɐ̃ktɔn	limnuplɐ̃nktõm	limn[ɔ]plɐ̃[]ktɔn[]	limn[u]plɐ̃[n]ktõ[m]	0
linoleico	linɔlɐjku	linulɐjku	lin[ɔ]lɐjku	lin[u]lɐjku	0
linoléico	linɔlɐjku	linulɛjku	lin[ɔ]l[ɐ]jku	lin[u]l[ɛ]jku	0
linotipar	linɔtipar	linutipar	lin[ɔ]tipar	lin[u]tipar	0
linotipia	linɔtipiɐ	linutipiɐ	lin[ɔ]tipiɐ	lin[u]tipiɐ	0
linotípico	linɔtipiku	linutipiku	lin[ɔ]tipiku	lin[u]tipiku	0
linotipista	linɔtipiʃtɐ	linutipiʃtɐ	lin[ɔ]tipiʃtɐ	lin[u]tipiʃtɐ	0
liocarpo	liɔkarpu	liukarpu	li[ɔ]karpu	li[u]karpu	0
liodermo	liɔdɛrmu	liudermu	li[ɔ]d[ɛ]rmu	li[u]d[e]rmu	0
liofilização	ljɔfilizɐsɐ̃w̃	liufilizɐsɐ̃w̃	lj[ɔ]filizɐsɐ̃w̃	li[u]filizɐsɐ̃w̃	0
liofilizado	ljɔfilizadu	liufilizadu	lj[ɔ]filizadu	li[u]filizadu	0
liofilizar	ljɔfilizar	liufilizar	lj[ɔ]filizar	li[u]filizar	0
liparocele	lipɐrɔsɛlɨ	lipɐrusɛlɨ	lipɐr[ɔ]sɛlɨ	lipɐr[u]sɛlɨ	0
lipoaspiração	lipɔɐʃpirɐsɐ̃w̃	lipuɐʃpirɐsɐ̃w̃	lip[ɔ]ɐʃpirɐsɐ̃w̃	lip[u]ɐʃpirɐsɐ̃w̃	0
lipoaspirado	lipɔɐʃpiradu	lipuɐʃpiradu	lip[ɔ]ɐʃpiradu	lip[u]ɐʃpiradu	0
lipoaspirar	lipɔɐʃpirar	lipuɐʃpirar	lip[ɔ]ɐʃpirar	lip[u]ɐʃpirar	0
lipofrenia	lipɔfrɨniɐ	lipufrɨniɐ	lip[ɔ]frɨniɐ	lip[u]frɨniɐ	0
lipogênese	lipɔʒenɨzɨ	lipuʒenɨzɨ	lip[ɔ]ʒenɨzɨ	lip[u]ʒenɨzɨ	0
lipogénese	lipɔʒɛnɨzɨ	lipuʒɛnɨzɨ	lip[ɔ]ʒɛnɨzɨ	lip[u]ʒɛnɨzɨ	0
lipograma	lipɔɡrɐmɐ	lipuɡrɐ̃mɐ	lip[ɔ]ɡrɐ[]mɐ	lip[u]ɡrɐ[̃]mɐ	0
lipogramático	lipɔɡrɐmatiku	lipuɡrɐmatiku	lip[ɔ]ɡrɐmatiku	lip[u]ɡrɐmatiku	0
lipolisar	lipɔlizar	lipulizar	lip[ɔ]lizar	lip[u]lizar	0
lipolítico	lipɔlitiku	lipulitiku	lip[ɔ]litiku	lip[u]litiku	0
lipomatose	lipɔmɐtɔzɨ	lipumɐtɔzɨ	lip[ɔ]mɐtɔzɨ	lip[u]mɐtɔzɨ	0
lipomatoso	lipɔmɐtozu	lipumɐtozu	lip[ɔ]mɐtozu	lip[u]mɐtozu	0
lipoproteína	lipɔprɔtɐinɐ	lipuprutɨinɐ	lip[ɔ]pr[ɔ]t[ɐ]inɐ	lip[u]pr[u]t[ɨ]inɐ	0
lipossolúvel	lipɔsuluvɛɫ	lipusuluvɛɫ	lip[ɔ]suluvɛɫ	lip[u]suluvɛɫ	0
lipossoma	lipɔsomɐ	lipusomɐ	lip[ɔ]somɐ	lip[u]somɐ	0
lipossomo	lipɔsomu	lipusomu	lip[ɔ]somu	lip[u]somu	0
lipossucção	lipɔsuksɐ̃w̃	lipususɐ̃w̃	lip[ɔ]su[k]sɐ̃w̃	lip[u]su[]sɐ̃w̃	0
lipotimia	lipɔtimiɐ	liputimiɐ	lip[ɔ]timiɐ	lip[u]timiɐ	0
lírico-dramático	lirikɔdrɐmatiku	lirikudrɐmatiku	lirik[ɔ]drɐmatiku	lirik[u]drɐmatiku	0
liriodendro	lirjɔdẽdru	liriudẽndru	lirj[ɔ]dẽdru[]	liri[u]dẽndr[u]	0
lisogenia	lizɔʒɨniɐ	lizuʒɨniɐ	liz[ɔ]ʒɨniɐ	liz[u]ʒɨniɐ	0
lisossoma	lizɔsomɐ	lizusomɐ	liz[ɔ]somɐ	liz[u]somɐ	0
lisozima	lizɔzimɐ	lizuzimɐ	liz[ɔ]zimɐ	liz[u]zimɐ	0
lissofobia	lisɔfubiɐ	lisufubiɐ	lis[ɔ]fubiɐ	lis[u]fubiɐ	0
lissofóbico	lisɔfɔbiku	lisufɔbiku	lis[ɔ]fɔbiku	lis[u]fɔbiku	0
litobíidas	litɔbiidɐʃ	litubiidɐʃ	lit[ɔ]biidɐʃ	lit[u]biidɐʃ	0
litobiídeos	litɔbiidjuʃ	litubjidiwʃ	lit[ɔ]b[i]idj[u]ʃ	lit[u]b[j]idi[w]ʃ	0
litocarpo	litɔkarpu	litukarpu	lit[ɔ]karpu	lit[u]karpu	0
litoclastia	litɔklɐʃtiɐ	lituklɐʃtiɐ	lit[ɔ]klɐʃtiɐ	lit[u]klɐʃtiɐ	0
litoclasto	litɔklaʃtu	lituklaʃtu	lit[ɔ]klaʃtu	lit[u]klaʃtu	0
litocola	litɔkɔlɐ	litukɔlɐ	lit[ɔ]kɔlɐ	lit[u]kɔlɐ	0
litocromia	litɔkrumiɐ	litukrumiɐ	lit[ɔ]krumiɐ	lit[u]krumiɐ	0
litocrômico	litɔkromiku	litukromiku	lit[ɔ]kromiku	lit[u]kromiku	0
litocrómico	litɔkrɔmiku	litukrɔmiku	lit[ɔ]krɔmiku	lit[u]krɔmiku	0
litocromista	litɔkrumiʃtɐ	litukrumiʃtɐ	lit[ɔ]krumiʃtɐ	lit[u]krumiʃtɐ	0
litodiálise	litɔdjalizɨ	litudializɨ	lit[ɔ]d[j]alizɨ	lit[u]d[i]alizɨ	0
litofácies	litɔfasjɛʃ	litufasɪɨʃ	lit[ɔ]fasj[ɛ]ʃ	lit[u]fasɪ[ɨ]ʃ	0
litofania	litɔfɐniɐ	litufɐniɐ	lit[ɔ]fɐniɐ	lit[u]fɐniɐ	0
litogênese	litɔʒenɨzɨ	lituʒenɨzɨ	lit[ɔ]ʒenɨzɨ	lit[u]ʒenɨzɨ	0
litogénese	litɔʒɛnɨzɨ	lituʒɛnɨzɨ	lit[ɔ]ʒɛnɨzɨ	lit[u]ʒɛnɨzɨ	0
litogenesia	litɔʒɨnɨziɐ	lituʒenɨziɐ	lit[ɔ]ʒ[ɨ]nɨziɐ	lit[u]ʒ[e]nɨziɐ	0
litoglifia	litɔɡlifiɐ	lituɡlifiɐ	lit[ɔ]ɡlifiɐ	lit[u]ɡlifiɐ	0
litosfera	litɔʃfɛrɐ	lituʃfɛrɐ	lit[ɔ]ʃfɛrɐ	lit[u]ʃfɛrɐ	0
litosférico	litɔʃfɛriku	lituʃfɛriku	lit[ɔ]ʃfɛriku	lit[u]ʃfɛriku	0
litospermo	litɔʃpɛrmu	lituʃpermu	lit[ɔ]ʃp[ɛ]rmu	lit[u]ʃp[e]rmu	0
litotâmnio	litɔtɐmnju	litutɐ̃mnju	lit[ɔ]tɐ[]mnju	lit[u]tɐ[̃]mnju	0
lítotes	litɔtɨʃ	litutɨʃ	lit[ɔ]tɨʃ	lit[u]tɨʃ	0
litotipografia	litɔtipuɡrɐfiɐ	litutipuɡrɐfiɐ	lit[ɔ]tipuɡrɐfiɐ	lit[u]tipuɡrɐfiɐ	0
litotipográfico	litɔtipuɡrafiku	litutipuɡrafiku	lit[ɔ]tipuɡrafiku	lit[u]tipuɡrafiku	0
litotomia	litɔtumiɐ	litutumiɐ	lit[ɔ]tumiɐ	lit[u]tumiɐ	0
litotômico	litɔtomiku	litutomiku	lit[ɔ]tomiku	lit[u]tomiku	0
litotómico	litɔtɔmiku	litutɔmiku	lit[ɔ]tɔmiku	lit[u]tɔmiku	0
litotomista	litɔtumiʃtɐ	litutumiʃtɐ	lit[ɔ]tumiʃtɐ	lit[u]tumiʃtɐ	0
litotrícia	litɔtrisjɐ	litutrisjɐ	lit[ɔ]trisjɐ	lit[u]trisjɐ	0
litotripsia	litɔtripsiɐ	litutripsiɐ	lit[ɔ]tripsiɐ	lit[u]tripsiɐ	0
litotritor	litɔtritor	litutritor	lit[ɔ]tritor	lit[u]tritor	0
lobista	lɔbiʃtɐ	lubiʃtɐ	l[ɔ]biʃtɐ	l[u]biʃtɐ	0
lobotomia	lɔbutumiɐ	lubutumiɐ	l[ɔ]butumiɐ	l[u]butumiɐ	0
lobotomizar	lɔbutumizar	lubutumizar	l[ɔ]butumizar	l[u]butumizar	0
lobulação	lɔbulɐsɐ̃w̃	lubulɐsɐ̃w̃	l[ɔ]bulɐsɐ̃w̃	l[u]bulɐsɐ̃w̃	0
lobulado	lɔbuladu	lubuladu	l[ɔ]buladu	l[u]buladu	0
lobular	lɔbular	lubular	l[ɔ]bular	l[u]bular	0
lobuloso	lɔbulozu	lubulozu	l[ɔ]bulozu	l[u]bulozu	0
loculicida	lɔkulisidɐ	lukulisidɐ	l[ɔ]kulisidɐ	l[u]kulisidɐ	0
locupletar	lɔkuplɨtar	lukuplɨtar	l[ɔ]kuplɨtar	l[u]kuplɨtar	0
loess	lɔɛs	luɛs	l[ɔ]ɛs	l[u]ɛs	0
lofobrânquio	lɔfɔbrɐ̃kju	lufubrɐ̃nkiw	l[ɔ]f[ɔ]brɐ̃[]kj[u]	l[u]f[u]brɐ̃[n]ki[w]	0
lofócomo	lɔfɔkumu	lufɔkumu	l[ɔ]fɔkumu	l[u]fɔkumu	0
lofodonte	lɔfɔdõtɨ	lufudõntɨ	l[ɔ]f[ɔ]dõtɨ[]	l[u]f[u]dõnt[ɨ]	0
logado	lɔɡadu	luɡadu	l[ɔ]ɡadu	l[u]ɡadu	0
logaédico	lɔɡɐɛdiku	luɡɐɛdiku	l[ɔ]ɡɐɛdiku	l[u]ɡɐɛdiku	0
logar	lɔɡar	luɡar	l[ɔ]ɡar	l[u]ɡar	0
logicismo	lɔʒisiʒmu	luʒisiʒmu	l[ɔ]ʒisiʒmu	l[u]ʒisiʒmu	0
logoclonia	lɔɡɔkluniɐ	luɡukluniɐ	l[ɔ]ɡ[ɔ]kluniɐ	l[u]ɡ[u]kluniɐ	0
logofobia	lɔɡɔfubiɐ	luɡufubiɐ	l[ɔ]ɡ[ɔ]fubiɐ	l[u]ɡ[u]fubiɐ	0
logografia	lɔɡɔɡrɐfiɐ	luɡuɡrɐfiɐ	l[ɔ]ɡ[ɔ]ɡrɐfiɐ	l[u]ɡ[u]ɡrɐfiɐ	0
logográfico	lɔɡɔɡrafiku	luɡuɡrafiku	l[ɔ]ɡ[ɔ]ɡrafiku	l[u]ɡ[u]ɡrafiku	0
logógrafo	lɔɡɔɡrɐfu	luɡɔɡrɐfu	l[ɔ]ɡɔɡrɐfu	l[u]ɡɔɡrɐfu	0
logograma	lɔɡɔɡrɐmɐ	luɡuɡrɐ̃mɐ	l[ɔ]ɡ[ɔ]ɡrɐ[]mɐ	l[u]ɡ[u]ɡrɐ[̃]mɐ	0
logogrífico	lɔɡɔɡrifiku	luɡuɡrifiku	l[ɔ]ɡ[ɔ]ɡrifiku	l[u]ɡ[u]ɡrifiku	0
logogrifo	lɔɡɔɡrifu	luɡuɡrifu	l[ɔ]ɡ[ɔ]ɡrifu	l[u]ɡ[u]ɡrifu	0
logomaquia	lɔɡɔmɐkiɐ	luɡumɐkiɐ	l[ɔ]ɡ[ɔ]mɐkiɐ	l[u]ɡ[u]mɐkiɐ	0
logomarca	lɔɡɔmarkɐ	luɡumarkɐ	l[ɔ]ɡ[ɔ]markɐ	l[u]ɡ[u]markɐ	0
logopedia	lɔɡɔpɨdiɐ	luɡupɨdiɐ	l[ɔ]ɡ[ɔ]pɨdiɐ	l[u]ɡ[u]pɨdiɐ	0
logos	lɔɡɔʃ	lɔɡuʃ	lɔɡ[ɔ]ʃ	lɔɡ[u]ʃ	0
logotecnia	lɔɡɔtɛkniɐ	luɡutɛkniɐ	l[ɔ]ɡ[ɔ]tɛkniɐ	l[u]ɡ[u]tɛkniɐ	0
logotécnico	lɔɡɔtɛkniku	luɡutɛkniku	l[ɔ]ɡ[ɔ]tɛkniku	l[u]ɡ[u]tɛkniku	0
logotipo	lɔɡɔtipu	luɡutipu	l[ɔ]ɡ[ɔ]tipu	l[u]ɡ[u]tipu	0
logótipo	lɔɡɔtipu	luɡɔtipu	l[ɔ]ɡɔtipu	l[u]ɡɔtipu	0
loligínidas	lɔliʒinidɐʃ	luliʒinidɐʃ	l[ɔ]liʒinidɐʃ	l[u]liʒinidɐʃ	0
loliginídeos	lɔliʒinidjuʃ	luliʒinidiwʃ	l[ɔ]liʒinidj[u]ʃ	l[u]liʒinidi[w]ʃ	0
loló	lɔlɔ	lulɔ	l[ɔ]lɔ	l[u]lɔ	0
lopé	lɔpɛ	lupɛ	l[ɔ]pɛ	l[u]pɛ	0
lorisídeo	lɔrizidju	lurizidiw	l[ɔ]rizidj[u]	l[u]rizidi[w]	0
lorisídeos	lɔrizidjuʃ	lurizidiwʃ	l[ɔ]rizidj[u]ʃ	l[u]rizidi[w]ʃ	0
lornhão	lɔrɲɐ̃w̃	lurɲɐ̃w̃	l[ɔ]rɲɐ̃w̃	l[u]rɲɐ̃w̃	0
loti	lɔti	luti	l[ɔ]ti	l[u]ti	0
ludloviano	ludlɔvjɐnu	ludluviɐ̃nu	ludl[ɔ]v[j]ɐ[]nu	ludl[u]v[i]ɐ[̃]nu	0
ludomania	ludɔmɐniɐ	ludumɐniɐ	lud[ɔ]mɐniɐ	lud[u]mɐniɐ	0
ludoteca	ludɔtɛkɐ	ludutɛkɐ	lud[ɔ]tɛkɐ	lud[u]tɛkɐ	0
ludoterapia	ludɔtɨrɐpiɐ	luduterɐpiɐ	lud[ɔ]t[ɨ]rɐpiɐ	lud[u]t[e]rɐpiɐ	0
luminotecnia	luminɔtɛkniɐ	luminutɛkniɐ	lumin[ɔ]tɛkniɐ	lumin[u]tɛkniɐ	0
luminotécnico	luminɔtɛkniku	luminutɛkniku	lumin[ɔ]tɛkniku	lumin[u]tɛkniku	0
luminoterapia	luminɔtɨrɐpiɐ	luminutɨrɐpiɐ	lumin[ɔ]tɨrɐpiɐ	lumin[u]tɨrɐpiɐ	0
luso-africano	luzɔɐfrikɐnu	luzuɐfrikɐ̃nu	luz[ɔ]ɐfrikɐ[]nu	luz[u]ɐfrikɐ[̃]nu	0
luso-brasileiro	luzɔbrɐzilɐjru	luzubrɐzilɐjru	luz[ɔ]brɐzilɐjru	luz[u]brɐzilɐjru	0
luso-castelhano	luzɔkɐʃtɨʎɐnu	luzukɐʃtɨʎɐ̃nu	luz[ɔ]kɐʃtɨʎɐ[]nu	luz[u]kɐʃtɨʎɐ[̃]nu	0
luso-descendente	luzɔdɨʃsẽdẽtɨ	luzudɨʃsẽndẽntɨ	luz[ɔ]dɨʃsẽdẽtɨ[]	luz[u]dɨʃsẽndẽnt[ɨ]	0
lusodescendente	luzɔdɨʃsẽdẽtɨ	luzudɨʃsẽndẽntɨ	luz[ɔ]dɨʃsẽdẽtɨ[]	luz[u]dɨʃsẽndẽnt[ɨ]	0
lusofalante	luzɔfɐlɐ̃tɨ	luzufɐlɐ̃ntɨ	luz[ɔ]fɐlɐ̃[]tɨ	luz[u]fɐlɐ̃[n]tɨ	0
lusofilia	luzɔfiliɐ	luzufiliɐ	luz[ɔ]filiɐ	luz[u]filiɐ	0
lusofobia	luzɔfubiɐ	luzufubiɐ	luz[ɔ]fubiɐ	luz[u]fubiɐ	0
lusofonia	luzɔfuniɐ	luzufuniɐ	luz[ɔ]funiɐ	luz[u]funiɐ	0
macrobia	mɐkrɔbiɐ	mɐkrubiɐ	mɐkr[ɔ]biɐ	mɐkr[u]biɐ	0
macro	makrɔ	makru	makr[ɔ]	makr[u]	0
macrosporofilo	makrɔʃpurɔfilu	makrɔʃpurufilu	makrɔʃpur[ɔ]filu	makrɔʃpur[u]filu	0
majorete	mɐʒɔrɛtɨ	mɐʒurɛtɨ	mɐʒ[ɔ]rɛtɨ	mɐʒ[u]rɛtɨ	0
malacodermo	mɐlɐkɔdɛrmu	mɐlɐkudermu	mɐlɐk[ɔ]d[ɛ]rmu	mɐlɐk[u]d[e]rmu	0
malacopterígio	mɐlɐkɔptɨriʒju	mɐlɐkuptɨriʒju	mɐlɐk[ɔ]ptɨriʒju	mɐlɐk[u]ptɨriʒju	0
malacozoário	mɐlɐkɔzwarju	mɐlɐkuzuarju	mɐlɐk[ɔ]z[w]arju	mɐlɐk[u]z[u]arju	0
maléolo	mɐlɛulu	mɐlɛɔlu	mɐlɛ[u]lu	mɐlɛ[ɔ]lu	0
mamoplastia	mɐmɔplɐʃtiɐ	mɐmuplɐʃtiɐ	mɐm[ɔ]plɐʃtiɐ	mɐm[u]plɐʃtiɐ	0
maníaco-depressivo	mɐniɐkɔdɨprɨsivu	mɐniɐkudɨprɨsivu	mɐniɐk[ɔ]dɨprɨsivu	mɐniɐk[u]dɨprɨsivu	0
manometria	mɐnɔmɨtriɐ	mɐnumɨtriɐ	mɐn[ɔ]mɨtriɐ	mɐn[u]mɨtriɐ	0
manorexia	mɐnɔrɛksiɐ	mɐnurɨksiɐ	mɐn[ɔ]r[ɛ]ksiɐ	mɐn[u]r[ɨ]ksiɐ	0
manoscópio	mɐnɔʃkɔpju	mɐnuʃkɔpju	mɐn[ɔ]ʃkɔpju	mɐn[u]ʃkɔpju	0
maori	maɔri	mɐuri	ma[ɔ]ri	mɐ[u]ri	0
maoris	maɔriʃ	mɐuriʃ	ma[ɔ]riʃ	mɐ[u]riʃ	0
mareograma	mɐrjɔɡrɐmɐ	mɐriuɡrɐ̃mɐ	mɐrj[ɔ]ɡrɐ[]mɐ	mɐri[u]ɡrɐ[̃]mɐ	0
mareorama	mɐrjɔrɐmɐ	mɐriurɐ̃mɐ	mɐrj[ɔ]rɐ[]mɐ	mɐri[u]rɐ[̃]mɐ	0
maruorana	mɐruɔrɐnɐ	mɐruurɐ̃nɐ	mɐru[ɔ]rɐ[]nɐ	mɐru[u]rɐ[̃]nɐ	0
mastoplastia	mɐʃtɔplɐʃtiɐ	mɐʃtuplɐʃtiɐ	mɐʃt[ɔ]plɐʃtiɐ	mɐʃt[u]plɐʃtiɐ	0
mastotomia	mɐʃtɔtumiɐ	mɐʃtutumiɐ	mɐʃt[ɔ]tumiɐ	mɐʃt[u]tumiɐ	0
mateotecnia	mɐtjɔtɛkniɐ	mɐtiutɛkniɐ	mɐtj[ɔ]tɛkniɐ	mɐti[u]tɛkniɐ	0
médico-cirúrgico	mɛdikɔsirurʒiku	mɛdikusirurʒiku	mɛdik[ɔ]sirurʒiku	mɛdik[u]sirurʒiku	0
médico-dentário	mɛdikɔdẽtarju	mɛdikudentarju	mɛdik[ɔ]dẽ[]tarju	mɛdik[u]de[n]tarju	0
médico-legal	mɛdikɔlɨɡaɫ	mɛdikulɨɡaɫ	mɛdik[ɔ]lɨɡaɫ	mɛdik[u]lɨɡaɫ	0
médico-psicológico	mɛdikɔpsikulɔʒiku	mɛdikupsikulɔʒiku	mɛdik[ɔ]psikulɔʒiku	mɛdik[u]psikulɔʒiku	0
médico-social	mɛdikɔsusjaɫ	mɛdikususiaɫ	mɛdik[ɔ]sus[j]aɫ	mɛdik[u]sus[i]aɫ	0
médio-palatal	mɛdjɔpɐlɐtaɫ	mɛdɪupɐlɐtaɫ	mɛdj[ɔ]pɐlɐtaɫ	mɛdɪ[u]pɐlɐtaɫ	0
médio-passivo	mɛdjɔpɐsivu	mɛdɪupɐsivu	mɛdj[ɔ]pɐsivu	mɛdɪ[u]pɐsivu	0
megaloblástico	mɛɡɐlɔblaʃtiku	mɛɡɐlublaʃtiku	mɛɡɐl[ɔ]blaʃtiku	mɛɡɐl[u]blaʃtiku	0
megaloblasto	mɛɡɐlɔblaʃtu	mɛɡɐlublaʃtu	mɛɡɐl[ɔ]blaʃtu	mɛɡɐl[u]blaʃtu	0
megalocardia	mɛɡɐlɔkɐrdiɐ	mɛɡɐlukɐrdiɐ	mɛɡɐl[ɔ]kɐrdiɐ	mɛɡɐl[u]kɐrdiɐ	0
megalocefalia	mɛɡɐlɔsɨfɐliɐ	mɛɡɐlusɨfɐliɐ	mɛɡɐl[ɔ]sɨfɐliɐ	mɛɡɐl[u]sɨfɐliɐ	0
megalocéfalo	mɛɡɐlɔsɛfɐlu	mɛɡɐlusɛfɐlu	mɛɡɐl[ɔ]sɛfɐlu	mɛɡɐl[u]sɛfɐlu	0
megalocele	mɛɡɐlɔsɛlɨ	mɛɡɐlusɛlɨ	mɛɡɐl[ɔ]sɛlɨ	mɛɡɐl[u]sɛlɨ	0
megalocélio	mɛɡɐlɔsɛlju	mɛɡɐlusɛlju	mɛɡɐl[ɔ]sɛlju	mɛɡɐl[u]sɛlju	0
megalodactilia	mɛɡɐlɔdɐktiliɐ	mɛɡɐludɐtiliɐ	mɛɡɐl[ɔ]dɐ[k]tiliɐ	mɛɡɐl[u]dɐ[]tiliɐ	0
megalodáctilo	mɛɡɐlɔdaktilu	mɛɡɐludatilu	mɛɡɐl[ɔ]da[k]tilu	mɛɡɐl[u]da[]tilu	0
megalografia	mɛɡɐlɔɡrɐfiɐ	mɛɡɐluɡrɐfiɐ	mɛɡɐl[ɔ]ɡrɐfiɐ	mɛɡɐl[u]ɡrɐfiɐ	0
megalográfico	mɛɡɐlɔɡrafiku	mɛɡɐluɡrafiku	mɛɡɐl[ɔ]ɡrafiku	mɛɡɐl[u]ɡrafiku	0
megalomaníaco	mɛɡɐlɔmɐniɐku	mɛɡɐlumɐniɐku	mɛɡɐl[ɔ]mɐniɐku	mɛɡɐl[u]mɐniɐku	0
megalomania	mɛɡɐlɔmɐniɐ	mɛɡɐlumɐniɐ	mɛɡɐl[ɔ]mɐniɐ	mɛɡɐl[u]mɐniɐ	0
megalopsia	mɛɡɐlɔpsiɐ	mɛɡɐlupsiɐ	mɛɡɐl[ɔ]psiɐ	mɛɡɐl[u]psiɐ	0
megalosplenia	mɛɡɐlɔʃplɨniɐ	mɛɡɐluʃplɨniɐ	mɛɡɐl[ɔ]ʃplɨniɐ	mɛɡɐl[u]ʃplɨniɐ	0
megalosplênico	mɛɡɐlɔʃpleniku	mɛɡɐluʃpleniku	mɛɡɐl[ɔ]ʃpleniku	mɛɡɐl[u]ʃpleniku	0
megalosplénico	mɛɡɐlɔʃplɛniku	mɛɡɐluʃplɛniku	mɛɡɐl[ɔ]ʃplɛniku	mɛɡɐl[u]ʃplɛniku	0
megalossauros	mɛɡɐlɔsawruʃ	mɛɡɐlusawruʃ	mɛɡɐl[ɔ]sawruʃ	mɛɡɐl[u]sawruʃ	0
megaoperação	mɛɡɐɔpɨrɐsɐ̃w̃	mɛɡɐupɨrɐsɐ̃w̃	mɛɡɐ[ɔ]pɨrɐsɐ̃w̃	mɛɡɐ[u]pɨrɐsɐ̃w̃	0
megasporofilo	mɛɡɐʃpurɔfilu	mɛɡɐʃpurufilu	mɛɡɐʃpur[ɔ]filu	mɛɡɐʃpur[u]filu	0
micobactéria	mikɔbɐktɛrjɐ	mikubɐtɛrjɐ	mik[ɔ]bɐ[k]tɛrjɐ	mik[u]bɐ[]tɛrjɐ	0
micocó	mikɔkɔ	mikukɔ	mik[ɔ]kɔ	mik[u]kɔ	0
micoderma	mikɔdɛrmɐ	mikudermɐ	mik[ɔ]d[ɛ]rmɐ	mik[u]d[e]rmɐ	0
micogenia	mikɔʒɨniɐ	mikuʒɨniɐ	mik[ɔ]ʒɨniɐ	mik[u]ʒɨniɐ	0
micogênico	mikɔʒeniku	mikuʒeniku	mik[ɔ]ʒeniku	mik[u]ʒeniku	0
micogénico	mikɔʒɛniku	mikuʒɛniku	mik[ɔ]ʒɛniku	mik[u]ʒɛniku	0
micoplasma	mikɔplaʒmɐ	mikuplaʒmɐ	mik[ɔ]plaʒmɐ	mik[u]plaʒmɐ	0
micorriza	mikɔʀizɐ	mikuʀizɐ	mik[ɔ]ʀizɐ	mik[u]ʀizɐ	0
micorrizas	mikɔʀizɐʃ	mikuʀizɐʃ	mik[ɔ]ʀizɐʃ	mik[u]ʀizɐʃ	0
micorrizos	mikɔʀizuʃ	mikuʀizuʃ	mik[ɔ]ʀizuʃ	mik[u]ʀizuʃ	0
micoterapia	mikɔtɨrɐpiɐ	mikuterɐpiɐ	mik[ɔ]t[ɨ]rɐpiɐ	mik[u]t[e]rɐpiɐ	0
microadenopatia	mikrɔɐdɨnɔpɐtiɐ	mikrɔɐdɨnupɐtiɐ	mikrɔɐdɨn[ɔ]pɐtiɐ	mikrɔɐdɨn[u]pɐtiɐ	0
microbar	mikrɔbar	mikrubar	mikr[ɔ]bar	mikr[u]bar	0
microbial	mikrɔbjaɫ	mikrubiaɫ	mikr[ɔ]b[j]aɫ	mikr[u]b[i]aɫ	0
microglia	mikrɔɡliɐ	mikruɡliɐ	mikr[ɔ]ɡliɐ	mikr[u]ɡliɐ	0
micrometria	mikrɔmɨtriɐ	mikrumɨtriɐ	mikr[ɔ]mɨtriɐ	mikr[u]mɨtriɐ	0
microorganismo	mikrɔɔrɡɐniʒmu	mikrɔurɡɐniʒmu	mikrɔ[ɔ]rɡɐniʒmu	mikrɔ[u]rɡɐniʒmu	0
micropsia	mikrɔpsiɐ	mikrupsiɐ	mikr[ɔ]psiɐ	mikr[u]psiɐ	0
microscopia	mikrɔʃkupiɐ	mikruʃkupiɐ	mikr[ɔ]ʃkupiɐ	mikr[u]ʃkupiɐ	0
microscopista	mikrɔʃkupiʃtɐ	mikruʃkupiʃtɐ	mikr[ɔ]ʃkupiʃtɐ	mikr[u]ʃkupiʃtɐ	0
microsporofilo	mikrɔʃpurɔfilu	mikrɔʃpurufilu	mikrɔʃpur[ɔ]filu	mikrɔʃpur[u]filu	0
militofobia	militɔfubjɐ	militufubiɐ	milit[ɔ]fub[j]ɐ	milit[u]fub[i]ɐ	0
mimeografagem	mimjɔɡrɐfaʒɐ̃j̃	mimiuɡrɐfaʒɐjn	mimj[ɔ]ɡrɐfaʒɐ[̃]j[̃]	mimi[u]ɡrɐfaʒɐ[]j[n]	0
mimeografar	mimjɔɡrɐfar	mimiuɡrɐfar	mimj[ɔ]ɡrɐfar	mimi[u]ɡrɐfar	0
mimeografia	mimjɔɡrɐfiɐ	mimiuɡrɐfiɐ	mimj[ɔ]ɡrɐfiɐ	mimi[u]ɡrɐfiɐ	0
mimeográfico	mimjɔɡrafiku	mimiuɡrafiku	mimj[ɔ]ɡrafiku	mimi[u]ɡrafiku	0
mimodrama	mimɔdrɐmɐ	mimudrɐ̃mɐ	mim[ɔ]drɐ[]mɐ	mim[u]drɐ[̃]mɐ	0
minerogenia	minɨrɔʒɨniɐ	minɨruʒɨniɐ	minɨr[ɔ]ʒɨniɐ	minɨr[u]ʒɨniɐ	0
minerografia	minɨrɔɡrɐfiɐ	minɨruɡrɐfiɐ	minɨr[ɔ]ɡrɐfiɐ	minɨr[u]ɡrɐfiɐ	0
minerográfico	minɨrɔɡrafiku	minɨruɡrafiku	minɨr[ɔ]ɡrafiku	minɨr[u]ɡrafiku	0
minhococultura	miɲɔkɔkuɫturɐ	miɲukukuɫturɐ	miɲ[ɔ]k[ɔ]kuɫturɐ	miɲ[u]k[u]kuɫturɐ	0
minhoquices	miɲɔkisɨʃ	miɲukisɨʃ	miɲ[ɔ]kisɨʃ	miɲ[u]kisɨʃ	0
minorquino	minɔrkinu	minurkinu	min[ɔ]rkinu	min[u]rkinu	0
minotaurizado	minɔtawrizadu	minutawrizadu	min[ɔ]tawrizadu	min[u]tawrizadu	0
minotaurizar	minɔtawrizar	minutawrizar	min[ɔ]tawrizar	min[u]tawrizar	0
minotauro	minɔtawru	minutawru	min[ɔ]tawru	min[u]tawru	0
miocárdio	miɔkardju	miukardju	mi[ɔ]kardju	mi[u]kardju	0
miocardiopatia	miɔkardjɔpɐtiɐ	miukɐrdjupɐtiɐ	mi[ɔ]k[a]rdj[ɔ]pɐtiɐ	mi[u]k[ɐ]rdj[u]pɐtiɐ	0
miocardite	miɔkɐrditɨ	miukɐrditɨ	mi[ɔ]kɐrditɨ	mi[u]kɐrditɨ	0
miocele	miɔsɛlɨ	miusɛlɨ	mi[ɔ]sɛlɨ	mi[u]sɛlɨ	0
miocelialgia	mjɔsɨlaɫʒiɐ	miuseliaɫʒiɐ	mj[ɔ]s[ɨ]l[]aɫʒiɐ	mi[u]s[e]l[i]aɫʒiɐ	0
miocênico	miɔseniku	miuseniku	mi[ɔ]seniku	mi[u]seniku	0
miocénico	miɔsɛniku	miusɛniku	mi[ɔ]sɛniku	mi[u]sɛniku	0
miocénio	miɔsɛnju	miusɛnju	mi[ɔ]sɛnju	mi[u]sɛnju	0
mioceno	miɔsenu	miusenu	mi[ɔ]senu	mi[u]senu	0
mioclonia	miɔkluniɐ	miukluniɐ	mi[ɔ]kluniɐ	mi[u]kluniɐ	0
miocoma	miɔkomɐ	miukomɐ	mi[ɔ]komɐ	mi[u]komɐ	0
mioepitelial	miɔepitɨljaɫ	miuepiteliaɫ	mi[ɔ]epit[ɨ]l[j]aɫ	mi[u]epit[e]l[i]aɫ	0
miofibrila	miɔfibrilɐ	miufibrilɐ	mi[ɔ]fibrilɐ	mi[u]fibrilɐ	0
miofibrilar	miɔfibrilar	miufibrilar	mi[ɔ]fibrilar	mi[u]fibrilar	0
miofilamento	miɔfilɐmẽtu	miufilɐmẽntu	mi[ɔ]filɐmẽtu[]	mi[u]filɐmẽnt[u]	0
mioglobina	miɔɡlubinɐ	miuɡlubinɐ	mi[ɔ]ɡlubinɐ	mi[u]ɡlubinɐ	0
miografia	miɔɡrɐfiɐ	miuɡrɐfiɐ	mi[ɔ]ɡrɐfiɐ	mi[u]ɡrɐfiɐ	0
miograma	miɔɡrɐmɐ	miuɡrɐ̃mɐ	mi[ɔ]ɡrɐ[]mɐ	mi[u]ɡrɐ[̃]mɐ	0
miomatoso	miɔmɐtozu	miumɐtozu	mi[ɔ]mɐtozu	mi[u]mɐtozu	0
miometrite	miɔmɨtritɨ	miumɨtritɨ	mi[ɔ]mɨtritɨ	mi[u]mɨtritɨ	0
mioneural	miɔnewraɫ	mjunewraɫ	mi[ɔ]newraɫ	mj[u]newraɫ	0
mionevralgia	mjɔnɨvraɫʒiɐ	mjunɨvraɫʒiɐ	mj[ɔ]nɨvraɫʒiɐ	mj[u]nɨvraɫʒiɐ	0
miopatia	miɔpɐtiɐ	miupɐtiɐ	mi[ɔ]pɐtiɐ	mi[u]pɐtiɐ	0
miopático	miɔpatiku	miupatiku	mi[ɔ]patiku	mi[u]patiku	0
mioplasma	miɔplaʒmɐ	miuplaʒmɐ	mi[ɔ]plaʒmɐ	mi[u]plaʒmɐ	0
mioplastia	miɔplɐʃtiɐ	miuplɐʃtiɐ	mi[ɔ]plɐʃtiɐ	mi[u]plɐʃtiɐ	0
mioplástico	miɔplaʃtiku	miuplaʃtiku	mi[ɔ]plaʃtiku	mi[u]plaʃtiku	0
mioporácea	miɔpurasjɐ	miupurasiɐ	mi[ɔ]puras[j]ɐ	mi[u]puras[i]ɐ	0
mioporáceas	miɔpurasjɐʃ	miupurasiɐʃ	mi[ɔ]puras[j]ɐʃ	mi[u]puras[i]ɐʃ	0
mioporíneo	miɔpurinju	miupuriniw	mi[ɔ]purinj[u]	mi[u]purini[w]	0
miopótamo	miɔpɔtɐmu	miupɔtɐmu	mi[ɔ]pɔtɐmu	mi[u]pɔtɐmu	0
miopresbita	miɔprɨʒbitɐ	miuprɨʒbitɐ	mi[ɔ]prɨʒbitɐ	mi[u]prɨʒbitɐ	0
miorragia	miɔʀɐʒiɐ	miuʀɐʒiɐ	mi[ɔ]ʀɐʒiɐ	mi[u]ʀɐʒiɐ	0
miosalgia	miɔzaɫʒiɐ	miuzaɫʒiɐ	mi[ɔ]zaɫʒiɐ	mi[u]zaɫʒiɐ	0
miosina	miɔzinɐ	miuzinɐ	mi[ɔ]zinɐ	mi[u]zinɐ	0
miosite	miɔzitɨ	miuzitɨ	mi[ɔ]zitɨ	mi[u]zitɨ	0
miosota	miɔzɔtɐ	miuzɔtɐ	mi[ɔ]zɔtɐ	mi[u]zɔtɐ	0
miosótide	miɔzɔtidɨ	miuzɔtidɨ	mi[ɔ]zɔtidɨ	mi[u]zɔtidɨ	0
miosótis	miɔzɔtiʃ	miuzɔtiʃ	mi[ɔ]zɔtiʃ	mi[u]zɔtiʃ	0
miotomia	miɔtumiɐ	miutumiɐ	mi[ɔ]tumiɐ	mi[u]tumiɐ	0
miotômico	miɔtomiku	miutomiku	mi[ɔ]tomiku	mi[u]tomiku	0
miotómico	miɔtɔmiku	miutɔmiku	mi[ɔ]tɔmiku	mi[u]tɔmiku	0
miotonia	miɔtuniɐ	miutuniɐ	mi[ɔ]tuniɐ	mi[u]tuniɐ	0
miriofilo	mirjɔfilu	miriufilu	mirj[ɔ]filu	miri[u]filu	0
mirmecofilia	mirmɨkɔfiliɐ	mirmɨkufiliɐ	mirmɨk[ɔ]filiɐ	mirmɨk[u]filiɐ	0
mirmecofílico	mirmɨkɔfiliku	mirmɨkufiliku	mirmɨk[ɔ]filiku	mirmɨk[u]filiku	0
mirospermina	mirɔʃpɨrminɐ	miruʃpɨrminɐ	mir[ɔ]ʃpɨrminɐ	mir[u]ʃpɨrminɐ	0
mirospermo	mirɔʃpɛrmu	miruʃpermu	mir[ɔ]ʃp[ɛ]rmu	mir[u]ʃp[e]rmu	0
miroxilina	mirɔksilinɐ	miruksilinɐ	mir[ɔ]ksilinɐ	mir[u]ksilinɐ	0
misofobia	mizɔfubiɐ	mizufubiɐ	miz[ɔ]fubiɐ	miz[u]fubiɐ	0
misogamia	mizɔɡɐmiɐ	mizuɡɐmiɐ	miz[ɔ]ɡɐmiɐ	miz[u]ɡɐmiɐ	0
misoginia	mizɔʒiniɐ	mizuʒiniɐ	miz[ɔ]ʒiniɐ	miz[u]ʒiniɐ	0
misoneísmo	mizɔnɐiʒmu	mizunɨiʒmu	miz[ɔ]n[ɐ]iʒmu	miz[u]n[ɨ]iʒmu	0
misoneísta	mizɔnɐiʃtɐ	mizunɨiʃtɐ	miz[ɔ]n[ɐ]iʃtɐ	miz[u]n[ɨ]iʃtɐ	0
misopedia	mizɔpɨdiɐ	mizupɨdiɐ	miz[ɔ]pɨdiɐ	miz[u]pɨdiɐ	0
mitocondrial	mitɔkõdrjaɫ	mitukõndriaɫ	mit[ɔ]kõdrjaɫ[]	mit[u]kõndria[ɫ]	0
mitocôndria	mitɔkõdrjɐ	mitukõndriɐ	mit[ɔ]kõdrjɐ[]	mit[u]kõndri[ɐ]	0
mitocôndrico	mitɔkõdriku	mitukõndriku	mit[ɔ]kõdriku[]	mit[u]kõndrik[u]	0
mitofobia	mitɔfubiɐ	mitufubiɐ	mit[ɔ]fubiɐ	mit[u]fubiɐ	0
mitomaníaco	mitɔmɐniɐku	mitumɐniɐku	mit[ɔ]mɐniɐku	mit[u]mɐniɐku	0
mitomania	mitɔmɐniɐ	mitumɐniɐ	mit[ɔ]mɐniɐ	mit[u]mɐniɐ	0
mitopoese	mitɔpwɛzɨ	mitupuɛzɨ	mit[ɔ]p[w]ɛzɨ	mit[u]p[u]ɛzɨ	0
mitopoética	mitɔpwɛtikɐ	mitupuɛtikɐ	mit[ɔ]p[w]ɛtikɐ	mit[u]p[u]ɛtikɐ	0
mitopoético	mitɔpwɛtiku	mitupuɛtiku	mit[ɔ]p[w]ɛtiku	mit[u]p[u]ɛtiku	0
mixomatose	miksɔmɐtɔzɨ	miksumɐtɔzɨ	miks[ɔ]mɐtɔzɨ	miks[u]mɐtɔzɨ	0
mixomatoso	miksɔmɐtozu	miksumɐtozu	miks[ɔ]mɐtozu	miks[u]mɐtozu	0
mixomicetes	miksɔmisɛtɨʃ	miksumisɛtɨʃ	miks[ɔ]misɛtɨʃ	miks[u]misɛtɨʃ	0
mixovírus	miksɔviruʃ	miksuviruʃ	miks[ɔ]viruʃ	miks[u]viruʃ	0
mizocéfalo	mizɔsɛfɐlu	mizusɛfɐlu	miz[ɔ]sɛfɐlu	miz[u]sɛfɐlu	0
mocada	mɔkadɐ	mukadɐ	m[ɔ]kadɐ	m[u]kadɐ	0
mocado	mɔkadu	mukadu	m[ɔ]kadu	m[u]kadu	0
mocar	mɔkar	mukar	m[ɔ]kar	m[u]kar	0
mocassim	mɔkasɐ̃	mukɐsĩn	m[ɔ]k[a]s[ɐ]̃[]	m[u]k[ɐ]s[i]̃[n]	0
mocim	mɔsĩ	musĩn	m[ɔ]sĩ[]	m[u]sĩ[n]	0
modelismo	mudɨliʒmu	mɔdeliʒmu	m[u]d[ɨ]liʒmu	m[ɔ]d[e]liʒmu	0
modelista	mudɨliʃtɐ	mɔdeliʃtɐ	m[u]d[ɨ]liʃtɐ	m[ɔ]d[e]liʃtɐ	0
modinha	mɔdiɲɐ	mudiɲɐ	m[ɔ]diɲɐ	m[u]diɲɐ	0
molguir	mɔɫɡir	muɫɡir	m[ɔ]ɫɡir	m[u]ɫɡir	0
molhada	mɔʎadɐ	muʎadɐ	m[ɔ]ʎadɐ	m[u]ʎadɐ	0
molibdenita	mɔlibdɨnitɐ	mulibdɨnitɐ	m[ɔ]libdɨnitɐ	m[u]libdɨnitɐ	0
molibdenite	mɔlibdɨnitɨ	mulibdɨnitɨ	m[ɔ]libdɨnitɨ	m[u]libdɨnitɨ	0
molibdeno	mɔlibdenu	mulibdenu	m[ɔ]libdenu	m[u]libdenu	0
molieresco	mɔljɛreʃku	muliɨreʃku	m[ɔ]lj[ɛ]reʃku	m[u]li[ɨ]reʃku	0
moli	mɔli	muli	m[ɔ]li	m[u]li	0
molina	mɔlinɐ	mulinɐ	m[ɔ]linɐ	m[u]linɐ	0
molinismo	mɔliniʒmu	muliniʒmu	m[ɔ]liniʒmu	m[u]liniʒmu	0
molinista	mɔliniʃtɐ	muliniʃtɐ	m[ɔ]liniʃtɐ	m[u]liniʃtɐ	0
moluene	mɔlwɛnɨ	muluenɨ	m[ɔ]lw[ɛ]nɨ	m[u]lu[e]nɨ	0
monadismo	mɔnɐdiʒmu	munɐdiʒmu	m[ɔ]nɐdiʒmu	m[u]nɐdiʒmu	0
monadista	mɔnɐdiʃtɐ	munɐdiʃtɐ	m[ɔ]nɐdiʃtɐ	m[u]nɐdiʃtɐ	0
monauricular	mɔnawrikular	munawrikular	m[ɔ]nawrikular	m[u]nawrikular	0
moni	mɔni	muni	m[ɔ]ni	m[u]ni	0
monoácido	mɔnɔasidu	munuasidu	m[ɔ]n[ɔ]asidu	m[u]n[u]asidu	0
monoamina	mɔnɔɐminɐ	munuɐminɐ	m[ɔ]n[ɔ]ɐminɐ	m[u]n[u]ɐminɐ	0
monoatômico	mɔnɔɐtomiku	munuɐtomiku	m[ɔ]n[ɔ]ɐtomiku	m[u]n[u]ɐtomiku	0
monoatómico	mɔnɔɐtɔmiku	munuɐtɔmiku	m[ɔ]n[ɔ]ɐtɔmiku	m[u]n[u]ɐtɔmiku	0
monobásico	mɔnɔbaziku	munubaziku	m[ɔ]n[ɔ]baziku	m[u]n[u]baziku	0
monoblepsia	mɔnɔblɛpsiɐ	munublɨpsiɐ	m[ɔ]n[ɔ]bl[ɛ]psiɐ	m[u]n[u]bl[ɨ]psiɐ	0
monobloco	mɔnɔblɔku	munublɔku	m[ɔ]n[ɔ]blɔku	m[u]n[u]blɔku	0
monocameralismo	mɔnɔkɐmɨrɐliʒmu	munukɐmerɐliʒmu	m[ɔ]n[ɔ]kɐm[ɨ]rɐliʒmu	m[u]n[u]kɐm[e]rɐliʒmu	0
monocameral	mɔnɔkɐmɨraɫ	munukɐmɨraɫ	m[ɔ]n[ɔ]kɐmɨraɫ	m[u]n[u]kɐmɨraɫ	0
monocamerismo	mɔnɔkɐmɨriʒmu	munukɐmɨriʒmu	m[ɔ]n[ɔ]kɐmɨriʒmu	m[u]n[u]kɐmɨriʒmu	0
monocarpelar	mɔnɔkɐrpɨlar	munukɐrpɨlar	m[ɔ]n[ɔ]kɐrpɨlar	m[u]n[u]kɐrpɨlar	0
monocárpico	mɔnɔkarpiku	munukarpiku	m[ɔ]n[ɔ]karpiku	m[u]n[u]karpiku	0
monocarpo	mɔnɔkarpu	munukarpu	m[ɔ]n[ɔ]karpu	m[u]n[u]karpu	0
monocarril	mɔnɔkɐʀiɫ	munukɐʀiɫ	m[ɔ]n[ɔ]kɐʀiɫ	m[u]n[u]kɐʀiɫ	0
monocefalia	mɔnɔsɨfɐliɐ	munusefɐliɐ	m[ɔ]n[ɔ]s[ɨ]fɐliɐ	m[u]n[u]s[e]fɐliɐ	0
monocéfalo	mɔnɔsɛfɐlu	munusɛfɐlu	m[ɔ]n[ɔ]sɛfɐlu	m[u]n[u]sɛfɐlu	0
monocelular	mɔnɔsɨlular	munuselular	m[ɔ]n[ɔ]s[ɨ]lular	m[u]n[u]s[e]lular	0
monócero	mɔnɔsɨru	munɔsɨru	m[ɔ]nɔsɨru	m[u]nɔsɨru	0
monoceronte	mɔnɔsɨrõtɨ	munusɨrõntɨ	m[ɔ]n[ɔ]sɨrõtɨ[]	m[u]n[u]sɨrõnt[ɨ]	0
monociclo	mɔnɔsiklu	munusiklu	m[ɔ]n[ɔ]siklu	m[u]n[u]siklu	0
monocilíndrico	mɔnɔsilĩdriku	munusilĩndriku	m[ɔ]n[ɔ]silĩdriku[]	m[u]n[u]silĩndrik[u]	0
monócito	mɔnɔsitu	munɔsitu	m[ɔ]nɔsitu	m[u]nɔsitu	0
monoclamídeo	mɔnɔklɐmidju	munuklɐmidiw	m[ɔ]n[ɔ]klɐmidj[u]	m[u]n[u]klɐmidi[w]	0
monoclinal	mɔnɔklinaɫ	munuklinaɫ	m[ɔ]n[ɔ]klinaɫ	m[u]n[u]klinaɫ	0
monoclínico	mɔnɔkliniku	munukliniku	m[ɔ]n[ɔ]kliniku	m[u]n[u]kliniku	0
monoclino	mɔnɔklinu	munuklinu	m[ɔ]n[ɔ]klinu	m[u]n[u]klinu	0
monoclonal	mɔnɔklunaɫ	munuklunaɫ	m[ɔ]n[ɔ]klunaɫ	m[u]n[u]klunaɫ	0
monocolor	mɔnɔkulor	munukulor	m[ɔ]n[ɔ]kulor	m[u]n[u]kulor	0
monocórdico	mɔnɔkɔrdiku	munukɔrdiku	m[ɔ]n[ɔ]kɔrdiku	m[u]n[u]kɔrdiku	0
monocórdio	mɔnɔkɔrdju	munukɔrdju	m[ɔ]n[ɔ]kɔrdju	m[u]n[u]kɔrdju	0
monocordo	mɔnɔkɔrdu	munukordu	m[ɔ]n[ɔ]k[ɔ]rdu	m[u]n[u]k[o]rdu	0
monocotiledôneas	mɔnɔkutilɨdonjɐʃ	munukutilɨdoniɐʃ	m[ɔ]n[ɔ]kutilɨdon[j]ɐʃ	m[u]n[u]kutilɨdon[i]ɐʃ	0
monocotiledóneas	mɔnɔkutilɨdɔnjɐʃ	munukutilɨdɔniɐʃ	m[ɔ]n[ɔ]kutilɨdɔn[j]ɐʃ	m[u]n[u]kutilɨdɔn[i]ɐʃ	0
monocotiledôneo	mɔnɔkutilɨdonju	munukutilɨdoniw	m[ɔ]n[ɔ]kutilɨdonj[u]	m[u]n[u]kutilɨdoni[w]	0
monocotiledóneo	mɔnɔkutilɨdɔnju	munukutilɨdɔniw	m[ɔ]n[ɔ]kutilɨdɔnj[u]	m[u]n[u]kutilɨdɔni[w]	0
monocromador	mɔnɔkrumɐdor	munukrumɐdor	m[ɔ]n[ɔ]krumɐdor	m[u]n[u]krumɐdor	0
monocromático	mɔnɔkrɔmatiku	munukrumatiku	m[ɔ]n[ɔ]kr[ɔ]matiku	m[u]n[u]kr[u]matiku	0
monocromatismo	mɔnɔkrɔmɐtiʒmu	munukrumɐtiʒmu	m[ɔ]n[ɔ]kr[ɔ]mɐtiʒmu	m[u]n[u]kr[u]mɐtiʒmu	0
monocromia	mɔnɔkrumiɐ	munukrumiɐ	m[ɔ]n[ɔ]krumiɐ	m[u]n[u]krumiɐ	0
monocrômico	mɔnɔkromiku	munukromiku	m[ɔ]n[ɔ]kromiku	m[u]n[u]kromiku	0
monocrómico	mɔnɔkrɔmiku	munukrɔmiku	m[ɔ]n[ɔ]krɔmiku	m[u]n[u]krɔmiku	0
monocromo	mɔnɔkrɔmu	munukromu	m[ɔ]n[ɔ]kr[ɔ]mu	m[u]n[u]kr[o]mu	0
monocular	mɔnɔkular	munukular	m[ɔ]n[ɔ]kular	m[u]n[u]kular	0
monoculizar	mɔnɔkulizar	munukulizar	m[ɔ]n[ɔ]kulizar	m[u]n[u]kulizar	0
monocultura	mɔnɔkuɫturɐ	munukuɫturɐ	m[ɔ]n[ɔ]kuɫturɐ	m[u]n[u]kuɫturɐ	0
monodáctilo	mɔnɔdaktilu	munudatilu	m[ɔ]n[ɔ]da[k]tilu	m[u]n[u]da[]tilu	0
monodátilo	mɔnɔdatilu	munudatilu	m[ɔ]n[ɔ]datilu	m[u]n[u]datilu	0
monodelfo	mɔnɔdɛɫfu	munudeɫfu	m[ɔ]n[ɔ]d[ɛ]ɫfu	m[u]n[u]d[e]ɫfu	0
monodiar	munɔdjar	munudiar	mun[ɔ]d[j]ar	mun[u]d[i]ar	0
monodisciplinar	mɔnɔdiʃsiplinar	munudiʃsiplinar	m[ɔ]n[ɔ]diʃsiplinar	m[u]n[u]diʃsiplinar	0
monodisperso	mɔnɔdiʃpɛrsu	munudiʃpɛrsu	m[ɔ]n[ɔ]diʃpɛrsu	m[u]n[u]diʃpɛrsu	0
monodocência	mɔnɔdusẽsjɐ	munudusẽnsjɐ	m[ɔ]n[ɔ]dusẽsjɐ[]	m[u]n[u]dusẽnsj[ɐ]	0
monodonte	mɔnɔdõtɨ	munudõntɨ	m[ɔ]n[ɔ]dõtɨ[]	m[u]n[u]dõnt[ɨ]	0
monodrama	mɔnɔdrɐmɐ	munudrɐ̃mɐ	m[ɔ]n[ɔ]drɐ[]mɐ	m[u]n[u]drɐ[̃]mɐ	0
monodramático	mɔnɔdrɐmatiku	munudrɐmatiku	m[ɔ]n[ɔ]drɐmatiku	m[u]n[u]drɐmatiku	0
monofagia	mɔnɔfɐʒiɐ	munufɐʒiɐ	m[ɔ]n[ɔ]fɐʒiɐ	m[u]n[u]fɐʒiɐ	0
monofágico	mɔnɔfaʒiku	munufaʒiku	m[ɔ]n[ɔ]faʒiku	m[u]n[u]faʒiku	0
monófago	mɔnɔfɐɡu	munɔfɐɡu	m[ɔ]nɔfɐɡu	m[u]nɔfɐɡu	0
monofásico	mɔnɔfaziku	munufaziku	m[ɔ]n[ɔ]faziku	m[u]n[u]faziku	0
monofilético	mɔnɔfilɛtiku	munufilɛtiku	m[ɔ]n[ɔ]filɛtiku	m[u]n[u]filɛtiku	0
monofilo	mɔnɔfilu	munufilu	m[ɔ]n[ɔ]filu	m[u]n[u]filu	0
monofiodonte	mɔnɔfjɔdõtɨ	munufiudõntɨ	m[ɔ]n[ɔ]fj[ɔ]dõtɨ[]	m[u]n[u]fi[u]dõnt[ɨ]	0
monofisismo	mɔnɔfiziʒmu	munufiziʒmu	m[ɔ]n[ɔ]fiziʒmu	m[u]n[u]fiziʒmu	0
monofisita	mɔnɔfizitɐ	munufizitɐ	m[ɔ]n[ɔ]fizitɐ	m[u]n[u]fizitɐ	0
monofobia	mɔnɔfubiɐ	munufubiɐ	m[ɔ]n[ɔ]fubiɐ	m[u]n[u]fubiɐ	0
monofonia	mɔnɔfuniɐ	munufuniɐ	m[ɔ]n[ɔ]funiɐ	m[u]n[u]funiɐ	0
monofônico	mɔnɔfoniku	munufoniku	m[ɔ]n[ɔ]foniku	m[u]n[u]foniku	0
monofónico	mɔnɔfɔniku	munufɔniku	m[ɔ]n[ɔ]fɔniku	m[u]n[u]fɔniku	0
monoftalmo	mɔnɔftaɫmu	munuftaɫmu	m[ɔ]n[ɔ]ftaɫmu	m[u]n[u]ftaɫmu	0
monogamia	mɔnɔɡɐmiɐ	munuɡɐmiɐ	m[ɔ]n[ɔ]ɡɐmiɐ	m[u]n[u]ɡɐmiɐ	0
monogâmico	mɔnɔɡɐmiku	munuɡɐ̃miku	m[ɔ]n[ɔ]ɡɐ[]miku	m[u]n[u]ɡɐ[̃]miku	0
monogástrico	mɔnɔɡaʃtriku	munuɡaʃtriku	m[ɔ]n[ɔ]ɡaʃtriku	m[u]n[u]ɡaʃtriku	0
monogênese	mɔnɔʒenɨzɨ	munuʒenɨzɨ	m[ɔ]n[ɔ]ʒenɨzɨ	m[u]n[u]ʒenɨzɨ	0
monogénese	mɔnɔʒɛnɨzɨ	munuʒɛnɨzɨ	m[ɔ]n[ɔ]ʒɛnɨzɨ	m[u]n[u]ʒɛnɨzɨ	0
monogenético	mɔnɔʒɨnɛtiku	munuʒɨnɛtiku	m[ɔ]n[ɔ]ʒɨnɛtiku	m[u]n[u]ʒɨnɛtiku	0
monogenia	mɔnɔʒɨniɐ	munuʒɨniɐ	m[ɔ]n[ɔ]ʒɨniɐ	m[u]n[u]ʒɨniɐ	0
monogênico	mɔnɔʒeniku	munuʒeniku	m[ɔ]n[ɔ]ʒeniku	m[u]n[u]ʒeniku	0
monogénico	mɔnɔʒɛniku	munuʒɛniku	m[ɔ]n[ɔ]ʒɛniku	m[u]n[u]ʒɛniku	0
monogenismo	mɔnɔʒɨniʒmu	munuʒɨniʒmu	m[ɔ]n[ɔ]ʒɨniʒmu	m[u]n[u]ʒɨniʒmu	0
monogenista	mɔnɔʒɨniʃtɐ	munuʒɨniʃtɐ	m[ɔ]n[ɔ]ʒɨniʃtɐ	m[u]n[u]ʒɨniʃtɐ	0
monoginia	mɔnɔʒiniɐ	munuʒiniɐ	m[ɔ]n[ɔ]ʒiniɐ	m[u]n[u]ʒiniɐ	0
monógino	mɔnɔʒinu	munɔʒinu	m[ɔ]nɔʒinu	m[u]nɔʒinu	0
monoglota	mɔnɔɡlɔtɐ	munuɡlɔtɐ	m[ɔ]n[ɔ]ɡlɔtɐ	m[u]n[u]ɡlɔtɐ	0
monoglótico	mɔnɔɡlɔtiku	munuɡlɔtiku	m[ɔ]n[ɔ]ɡlɔtiku	m[u]n[u]ɡlɔtiku	0
monograma	mɔnɔɡrɐmɐ	munuɡrɐ̃mɐ	m[ɔ]n[ɔ]ɡrɐ[]mɐ	m[u]n[u]ɡrɐ[̃]mɐ	0
monogramático	mɔnɔɡrɐmatiku	munuɡrɐmatiku	m[ɔ]n[ɔ]ɡrɐmatiku	m[u]n[u]ɡrɐmatiku	0
monogramista	mɔnɔɡrɐmiʃtɐ	munuɡrɐmiʃtɐ	m[ɔ]n[ɔ]ɡrɐmiʃtɐ	m[u]n[u]ɡrɐmiʃtɐ	0
monogramo	mɔnɔɡrɐmu	munuɡrɐ̃mu	m[ɔ]n[ɔ]ɡrɐ[]mu	m[u]n[u]ɡrɐ[̃]mu	0
monoibridismo	mɔnɔibridiʒmu	munuibridiʒmu	m[ɔ]n[ɔ]ibridiʒmu	m[u]n[u]ibridiʒmu	0
monoideísmo	mɔnɔjdɐiʒmu	munojdɨiʒmu	m[ɔ]n[ɔ]jd[ɐ]iʒmu	m[u]n[o]jd[ɨ]iʒmu	0
monolatria	mɔnɔlɐtriɐ	munulɐtriɐ	m[ɔ]n[ɔ]lɐtriɐ	m[u]n[u]lɐtriɐ	0
monolátrico	mɔnɔlatriku	munulatriku	m[ɔ]n[ɔ]latriku	m[u]n[u]latriku	0
monolépide	mɔnɔlɛpidɨ	munulɛpidɨ	m[ɔ]n[ɔ]lɛpidɨ	m[u]n[u]lɛpidɨ	0
monolépido	mɔnɔlɛpidu	munulɛpidu	m[ɔ]n[ɔ]lɛpidu	m[u]n[u]lɛpidu	0
monolingue	mɔnɔlĩɡɨ	munulĩnɡɨ	m[ɔ]n[ɔ]lĩɡɨ[]	m[u]n[u]lĩnɡ[ɨ]	0
monolíngue	mɔnɔlĩɡɨ	munulĩnɡwɨ	m[ɔ]n[ɔ]lĩɡɨ[]	m[u]n[u]lĩnɡw[ɨ]	0
monolíngüe	mɔnɔlĩɡwɨ	munulĩnɡuɨ	m[ɔ]n[ɔ]lĩɡwɨ[]	m[u]n[u]lĩnɡu[ɨ]	0
monolinguismo	mɔnɔlĩɡwiʒmu	munulĩnɡwiʒmu	m[ɔ]n[ɔ]lĩɡwiʒmu[]	m[u]n[u]lĩnɡwiʒm[u]	0
monolingüismo	mɔnɔlĩɡwiʒmu	munulĩnɡuiʒmu	m[ɔ]n[ɔ]lĩɡwiʒmu[]	m[u]n[u]lĩnɡuiʒm[u]	0
monolítico	mɔnɔlitiku	munulitiku	m[ɔ]n[ɔ]litiku	m[u]n[u]litiku	0
monolitismo	mɔnɔlitiʒmu	munulitiʒmu	m[ɔ]n[ɔ]litiʒmu	m[u]n[u]litiʒmu	0
monolugar	mɔnɔluɡar	munuluɡar	m[ɔ]n[ɔ]luɡar	m[u]n[u]luɡar	0
monomaníaco	mɔnɔmɐniɐku	munumɐniɐku	m[ɔ]n[ɔ]mɐniɐku	m[u]n[u]mɐniɐku	0
monomania	mɔnɔmɐniɐ	munumɐniɐ	m[ɔ]n[ɔ]mɐniɐ	m[u]n[u]mɐniɐ	0
monômano	mɔnomɐnu	munomɐnu	m[ɔ]nomɐnu	m[u]nomɐnu	0
monómano	mɔnɔmɐnu	munɔmɐnu	m[ɔ]nɔmɐnu	m[u]nɔmɐnu	0
monomaquia	mɔnɔmɐkiɐ	munumɐkiɐ	m[ɔ]n[ɔ]mɐkiɐ	m[u]n[u]mɐkiɐ	0
monomérico	mɔnɔmɛriku	munumɛriku	m[ɔ]n[ɔ]mɛriku	m[u]n[u]mɛriku	0
monometalismo	mɔnɔmɨtɐliʒmu	munumetɐliʒmu	m[ɔ]n[ɔ]m[ɨ]tɐliʒmu	m[u]n[u]m[e]tɐliʒmu	0
monometalista	mɔnɔmɨtɐliʃtɐ	munumetɐliʃtɐ	m[ɔ]n[ɔ]m[ɨ]tɐliʃtɐ	m[u]n[u]m[e]tɐliʃtɐ	0
monomórfico	mɔnɔmɔrfiku	munumɔrfiku	m[ɔ]n[ɔ]mɔrfiku	m[u]n[u]mɔrfiku	0
monomotapa	mɔnɔmutapɐ	munumutapɐ	m[ɔ]n[ɔ]mutapɐ	m[u]n[u]mutapɐ	0
monomotor	mɔnɔmutor	munumutor	m[ɔ]n[ɔ]mutor	m[u]n[u]mutor	0
mononfalia	mɔnõfɐliɐ	munõnfɐliɐ	m[ɔ]nõfɐl[i]ɐ[]	m[u]nõnf[]ɐli[ɐ]	0
mononuclear	mɔnɔnukljar	mununukliar	m[ɔ]n[ɔ]nukl[j]ar	m[u]n[u]nukl[i]ar	0
mononucleose	mɔnɔnukljɔzɨ	mununukliɔzɨ	m[ɔ]n[ɔ]nukl[j]ɔzɨ	m[u]n[u]nukl[i]ɔzɨ	0
monoparentalidade	mɔnɔpɐrẽtɐlidadɨ	munupɐrẽntɐlidadɨ	m[ɔ]n[ɔ]pɐrẽtɐlid[a]dɨ[]	m[u]n[u]pɐrẽntɐl[i]dad[ɨ]	0
monoparental	mɔnɔpɐrẽtaɫ	munupɐrẽntaɫ	m[ɔ]n[ɔ]pɐrẽtaɫ[]	m[u]n[u]pɐrẽnta[ɫ]	0
monopartidário	mɔnɔpɐrtidarju	munupɐrtidarju	m[ɔ]n[ɔ]pɐrtidarju	m[u]n[u]pɐrtidarju	0
monope	mɔnɔpɨ	munɔpɨ	m[ɔ]nɔpɨ	m[u]nɔpɨ	0
monopétalo	mɔnɔpɛtɐlu	munupɛtɐlu	m[ɔ]n[ɔ]pɛtɐlu	m[u]n[u]pɛtɐlu	0
monoplano	mɔnɔplɐnu	munuplɐ̃nu	m[ɔ]n[ɔ]plɐ[]nu	m[u]n[u]plɐ[̃]nu	0
monoplástico	mɔnɔplaʃtiku	munuplaʃtiku	m[ɔ]n[ɔ]plaʃtiku	m[u]n[u]plaʃtiku	0
monoplegia	mɔnɔplɛʒiɐ	munuplɨʒiɐ	m[ɔ]n[ɔ]pl[ɛ]ʒiɐ	m[u]n[u]pl[ɨ]ʒiɐ	0
monopnêumone	mɔnɔpnewmunɨ	munupnewmunɨ	m[ɔ]n[ɔ]pnewmunɨ	m[u]n[u]pnewmunɨ	0
monopodial	mɔnɔpudjaɫ	munupudiaɫ	m[ɔ]n[ɔ]pud[j]aɫ	m[u]n[u]pud[i]aɫ	0
monopodia	mɔnɔpudiɐ	munupudiɐ	m[ɔ]n[ɔ]pudiɐ	m[u]n[u]pudiɐ	0
monopódico	mɔnɔpɔdiku	munupɔdiku	m[ɔ]n[ɔ]pɔdiku	m[u]n[u]pɔdiku	0
monopódio	mɔnɔpɔdju	munupɔdju	m[ɔ]n[ɔ]pɔdju	m[u]n[u]pɔdju	0
monopsônio	mɔnɔpsonju	munupsonju	m[ɔ]n[ɔ]psonju	m[u]n[u]psonju	0
monopsónio	mɔnɔpsɔnju	munupsɔnju	m[ɔ]n[ɔ]psɔnju	m[u]n[u]psɔnju	0
monoquíni	mɔnɔkini	munukini	m[ɔ]n[ɔ]kini	m[u]n[u]kini	0
monorrimo	mɔnɔʀimu	munuʀimu	m[ɔ]n[ɔ]ʀimu	m[u]n[u]ʀimu	0
monorrítmico	mɔnɔʀitmiku	munuʀitmiku	m[ɔ]n[ɔ]ʀitmiku	m[u]n[u]ʀitmiku	0
monospermia	mɔnɔʃpɨrmiɐ	munuʃpɨrmiɐ	m[ɔ]n[ɔ]ʃpɨrmiɐ	m[u]n[u]ʃpɨrmiɐ	0
monospérmico	mɔnɔʃpɛrmiku	munuʃpɛrmiku	m[ɔ]n[ɔ]ʃpɛrmiku	m[u]n[u]ʃpɛrmiku	0
monospermo	mɔnɔʃpɛrmu	munuʃpermu	m[ɔ]n[ɔ]ʃp[ɛ]rmu	m[u]n[u]ʃp[e]rmu	0
monossábio	mɔnɔsabju	munusabju	m[ɔ]n[ɔ]sabju	m[u]n[u]sabju	0
monossacarídeo	mɔnɔsɐkɐridju	munusɐkɐridiw	m[ɔ]n[ɔ]sɐkɐridj[u]	m[u]n[u]sɐkɐridi[w]	0
monossacárido	mɔnɔsɐkaridu	munusɐkaridu	m[ɔ]n[ɔ]sɐkaridu	m[u]n[u]sɐkaridu	0
monossemia	mɔnɔsɨmiɐ	munusɨmiɐ	m[ɔ]n[ɔ]sɨmiɐ	m[u]n[u]sɨmiɐ	0
monossépalo	mɔnɔsɛpɐlu	munusɛpɐlu	m[ɔ]n[ɔ]sɛpɐlu	m[u]n[u]sɛpɐlu	0
monosseriado	mɔnɔsɨrjadu	munuseriadu	m[ɔ]n[ɔ]s[ɨ]r[j]adu	m[u]n[u]s[e]r[i]adu	0
monossilábico	mɔnɔsilabiku	munusilabiku	m[ɔ]n[ɔ]silabiku	m[u]n[u]silabiku	0
monossilabismo	mɔnɔsilɐbiʒmu	munusilɐbiʒmu	m[ɔ]n[ɔ]silɐbiʒmu	m[u]n[u]silɐbiʒmu	0
monossílabo	mɔnɔsilɐbu	munusilɐbu	m[ɔ]n[ɔ]silɐbu	m[u]n[u]silɐbu	0
monossomia	mɔnɔsumiɐ	munusumiɐ	m[ɔ]n[ɔ]sumiɐ	m[u]n[u]sumiɐ	0
monossômico	mɔnɔsomiku	munusomiku	m[ɔ]n[ɔ]somiku	m[u]n[u]somiku	0
monossómico	mɔnɔsɔmiku	munusɔmiku	m[ɔ]n[ɔ]sɔmiku	m[u]n[u]sɔmiku	0
monostela	mɔnɔʃtɛlɐ	munuʃtɛlɐ	m[ɔ]n[ɔ]ʃtɛlɐ	m[u]n[u]ʃtɛlɐ	0
monostélico	mɔnɔʃtɛliku	munuʃtɛliku	m[ɔ]n[ɔ]ʃtɛliku	m[u]n[u]ʃtɛliku	0
monostilo	mɔnɔʃtilu	munuʃtilu	m[ɔ]n[ɔ]ʃtilu	m[u]n[u]ʃtilu	0
monóstrofe	mɔnɔʃtrufɨ	munɔʃtrufɨ	m[ɔ]nɔʃtrufɨ	m[u]nɔʃtrufɨ	0
monóstrofo	mɔnɔʃtrufu	munɔʃtrufu	m[ɔ]nɔʃtrufu	m[u]nɔʃtrufu	0
monotalâmico	mɔnɔtɐlɐmiku	munutɐlɐ̃miku	m[ɔ]n[ɔ]tɐlɐ[]miku	m[u]n[u]tɐlɐ[̃]miku	0
monotálamo	mɔnɔtalɐmu	munutalɐmu	m[ɔ]n[ɔ]talɐmu	m[u]n[u]talɐmu	0
monoteico	mɔnɔtɐjku	munutɐjku	m[ɔ]n[ɔ]tɐjku	m[u]n[u]tɐjku	0
monotéico	mɔnɔtɐjku	munutɛjku	m[ɔ]n[ɔ]t[ɐ]jku	m[u]n[u]t[ɛ]jku	0
monoteísmo	mɔnɔtɐiʒmu	munutɨiʒmu	m[ɔ]n[ɔ]t[ɐ]iʒmu	m[u]n[u]t[ɨ]iʒmu	0
monoteísta	mɔnɔtɐiʃtɐ	munutɨiʃtɐ	m[ɔ]n[ɔ]t[ɐ]iʃtɐ	m[u]n[u]t[ɨ]iʃtɐ	0
monoteístico	mɔnɔtɐiʃtiku	munutɨiʃtiku	m[ɔ]n[ɔ]t[ɐ]iʃtiku	m[u]n[u]t[ɨ]iʃtiku	0
monotelismo	mɔnɔtɨliʒmu	munutɨliʒmu	m[ɔ]n[ɔ]tɨliʒmu	m[u]n[u]tɨliʒmu	0
monotelita	mɔnɔtɨlitɐ	munutɨlitɐ	m[ɔ]n[ɔ]tɨlitɐ	m[u]n[u]tɨlitɐ	0
monotelitismo	mɔnɔtɨlitiʒmu	munutelitiʒmu	m[ɔ]n[ɔ]t[ɨ]litiʒmu	m[u]n[u]t[e]litiʒmu	0
monotípico	mɔnɔtipiku	munutipiku	m[ɔ]n[ɔ]tipiku	m[u]n[u]tipiku	0
monotipista	mɔnɔtipiʃtɐ	munutipiʃtɐ	m[ɔ]n[ɔ]tipiʃtɐ	m[u]n[u]tipiʃtɐ	0
monotipo	mɔnɔtipu	munutipu	m[ɔ]n[ɔ]tipu	m[u]n[u]tipu	0
monótipo	mɔnɔtipu	munɔtipu	m[ɔ]nɔtipu	m[u]nɔtipu	0
monotongação	mɔnɔtõɡɐsɐ̃w̃	munutõnɡɐsɐ̃w̃	m[ɔ]n[ɔ]tõɡɐ[s]ɐ̃[w]̃[]	m[u]n[u]tõn[ɡ]ɐs[ɐ]̃w[̃]	0
monotongar	mɔnɔtõɡar	munutõnɡar	m[ɔ]n[ɔ]tõɡar[]	m[u]n[u]tõnɡa[r]	0
monotongo	mɔnɔtõɡu	munutõnɡu	m[ɔ]n[ɔ]tõɡu[]	m[u]n[u]tõnɡ[u]	0
monotrêmato	mɔnɔtremɐtu	munutremɐtu	m[ɔ]n[ɔ]tremɐtu	m[u]n[u]tremɐtu	0
monotrémato	mɔnɔtrɛmɐtu	munutrɛmɐtu	m[ɔ]n[ɔ]trɛmɐtu	m[u]n[u]trɛmɐtu	0
monotremo	mɔnɔtremu	munutremu	m[ɔ]n[ɔ]tremu	m[u]n[u]tremu	0
monotrilho	mɔnɔtriʎu	munutriʎu	m[ɔ]n[ɔ]triʎu	m[u]n[u]triʎu	0
monotrópico	mɔnɔtrɔpiku	munutrɔpiku	m[ɔ]n[ɔ]trɔpiku	m[u]n[u]trɔpiku	0
monovalência	mɔnɔvɐlẽsjɐ	munuvɐlẽnsjɐ	m[ɔ]n[ɔ]vɐlẽsjɐ[]	m[u]n[u]vɐlẽnsj[ɐ]	0
monovalente	mɔnɔvɐlẽtɨ	munuvɐlẽntɨ	m[ɔ]n[ɔ]vɐlẽtɨ[]	m[u]n[u]vɐlẽnt[ɨ]	0
monovitelino	mɔnɔvitɨlinu	munuvitɨlinu	m[ɔ]n[ɔ]vitɨlinu	m[u]n[u]vitɨlinu	0
monovolume	mɔnɔvulumɨ	munuvulumɨ	m[ɔ]n[ɔ]vulumɨ	m[u]n[u]vulumɨ	0
monóxeno	mɔnɔksɨnu	munɔksɨnu	m[ɔ]nɔksɨnu	m[u]nɔksɨnu	0
monóxido	mɔnɔksidu	munɔksidu	m[ɔ]nɔksidu	m[u]nɔksidu	0
monóxilo	mɔnɔksilu	munɔksilu	m[ɔ]nɔksilu	m[u]nɔksilu	0
monozigótico	mɔnɔziɡɔtiku	munuziɡɔtiku	m[ɔ]n[ɔ]ziɡɔtiku	m[u]n[u]ziɡɔtiku	0
monozigoto	mɔnɔziɡotu	munuziɡotu	m[ɔ]n[ɔ]ziɡotu	m[u]n[u]ziɡotu	0
monozoicidade	mɔnɔzɔjsidadɨ	munuzojsidadɨ	m[ɔ]n[ɔ]z[ɔ]jsidadɨ	m[u]n[u]z[o]jsidadɨ	0
monozoico	mɔnɔzɔjku	munuzɔjku	m[ɔ]n[ɔ]zɔjku	m[u]n[u]zɔjku	0
monozóico	mɔnɔzɔjku	munuzɔjku	m[ɔ]n[ɔ]zɔjku	m[u]n[u]zɔjku	0
morfinomaníaco	murfinɔmɐniɐku	murfinumɐniɐku	murfin[ɔ]mɐniɐku	murfin[u]mɐniɐku	0
morfinomania	murfinɔmɐniɐ	murfinumɐniɐ	murfin[ɔ]mɐniɐ	murfin[u]mɐniɐ	0
morfogênese	mɔrfɔʒenɨzɨ	murfuʒenɨzɨ	m[ɔ]rf[ɔ]ʒenɨzɨ	m[u]rf[u]ʒenɨzɨ	0
morfogénese	mɔrfɔʒɛnɨzɨ	murfuʒɛnɨzɨ	m[ɔ]rf[ɔ]ʒɛnɨzɨ	m[u]rf[u]ʒɛnɨzɨ	0
morfogenia	mɔrfɔʒɨniɐ	murfuʒɨniɐ	m[ɔ]rf[ɔ]ʒɨniɐ	m[u]rf[u]ʒɨniɐ	0
morfogênico	mɔrfɔʒeniku	murfuʒeniku	m[ɔ]rf[ɔ]ʒeniku	m[u]rf[u]ʒeniku	0
morfogénico	mɔrfɔʒɛniku	murfuʒɛniku	m[ɔ]rf[ɔ]ʒɛniku	m[u]rf[u]ʒɛniku	0
morfografia	mɔrfɔɡrɐfiɐ	murfuɡrɐfiɐ	m[ɔ]rf[ɔ]ɡrɐfiɐ	m[u]rf[u]ɡrɐfiɐ	0
morfopsicologia	mɔrfɔpsikuluʒiɐ	murfupsikuluʒiɐ	m[ɔ]rf[ɔ]psikuluʒiɐ	m[u]rf[u]psikuluʒiɐ	0
morfoscopia	mɔrfoʃkupiɐ	murfuʃkupiɐ	m[ɔ]rf[o]ʃkupiɐ	m[u]rf[u]ʃkupiɐ	0
morfossintáctico	mɔrfɔsĩtatiku	murfusĩntatiku	m[ɔ]rf[ɔ]sĩt[a]tiku[]	m[u]rf[u]sĩ[n]tatik[u]	0
morfossintático	mɔrfɔsĩtatiku	murfusĩntatiku	m[ɔ]rf[ɔ]sĩt[a]tiku[]	m[u]rf[u]sĩ[n]tatik[u]	0
morfossintaxe	mɔrfɔsĩtasɨ	murfusĩntaksɨ	m[ɔ]rf[ɔ]sĩtasɨ[]	m[u]rf[u]sĩntaks[ɨ]	0
morgadelho	mɔrɡɐdɐjʎu	murɡɐdeʎu	m[ɔ]rɡɐdɐ[j]ʎu	m[u]rɡɐde[]ʎu	0
morgadete	mɔrɡɐdetɨ	murɡɐdɛtɨ	m[ɔ]rɡɐd[e]tɨ	m[u]rɡɐd[ɛ]tɨ	0
morgadia	mɔrɡɐdiɐ	murɡɐdiɐ	m[ɔ]rɡɐdiɐ	m[u]rɡɐdiɐ	0
morgadio	mɔrɡɐdiu	murɡɐdiw	m[ɔ]rɡɐdi[u]	m[u]rɡɐdi[w]	0
morgado	mɔrɡadu	murɡadu	m[ɔ]rɡadu	m[u]rɡadu	0
morganaticamente	mɔrɡɐnatikɐmẽtɨ	murɡɐnatikɐmẽntɨ	m[ɔ]rɡɐnatikɐmẽtɨ[]	m[u]rɡɐnatikɐmẽnt[ɨ]	0
morganático	mɔrɡɐnatiku	murɡɐnatiku	m[ɔ]rɡɐnatiku	m[u]rɡɐnatiku	0
morremorrer	mɔʀɨmuʀer	muʀɨmuʀer	m[ɔ]ʀɨmuʀer	m[u]ʀɨmuʀer	0
mortaguense	mɔrtɐɡwẽsɨ	murtɐɡẽnsɨ	m[ɔ]rtɐɡwẽ[]sɨ	m[u]rtɐɡẽ[n]sɨ	0
mortinatalidade	mɔrtinɐtɐlidadɨ	murtinɐtɐlidadɨ	m[ɔ]rtinɐtɐlidadɨ	m[u]rtinɐtɐlidadɨ	0
morubixaba	mɔrubiʃabɐ	murubiʃabɐ	m[ɔ]rubiʃabɐ	m[u]rubiʃabɐ	0
morula	mɔrulɐ	murulɐ	m[ɔ]rulɐ	m[u]rulɐ	0
mosassaurídeo	mɔzɐsawridju	muzɐsawridiw	m[ɔ]zɐsawridj[u]	m[u]zɐsawridi[w]	0
mosassaurídeos	mɔzɐsawridjuʃ	muzɐsawridiwʃ	m[ɔ]zɐsawridj[u]ʃ	m[u]zɐsawridi[w]ʃ	0
mosassauro	mɔzɐsawru	muzɐsawru	m[ɔ]zɐsawru	m[u]zɐsawru	0
moscou	mɔʃku	muʃkow	m[ɔ]ʃku[]	m[u]ʃko[w]	0
mossado	mɔsadu	musadu	m[ɔ]sadu	m[u]sadu	0
mossar	mɔsar	musar	m[ɔ]sar	m[u]sar	0
motacílida	mɔtɐsilidɐ	mutɐsilidɐ	m[ɔ]tɐsilidɐ	m[u]tɐsilidɐ	0
motacílidas	mɔtɐsilidɐʃ	mutɐsilidɐʃ	m[ɔ]tɐsilidɐʃ	m[u]tɐsilidɐʃ	0
motacilídeo	mɔtɐsilidju	mutɐsilidiw	m[ɔ]tɐsilidj[u]	m[u]tɐsilidi[w]	0
motacilídeos	mɔtɐsilidjuʃ	mutɐsilidiwʃ	m[ɔ]tɐsilidj[u]ʃ	m[u]tɐsilidi[w]ʃ	0
motard	mɔtar	mutard	m[ɔ]tar[]	m[u]tar[d]	0
motar	mɔtar	mutar	m[ɔ]tar	m[u]tar	0
motel	mɔtɛɫ	mutɛɫ	m[ɔ]tɛɫ	m[u]tɛɫ	0
motobomba	mɔtɔbõbɐ	mutubõmbɐ	m[ɔ]t[ɔ]bõbɐ[]	m[u]t[u]bõmb[ɐ]	0
motocicleta	mɔtɔsiklɛtɐ	mutusiklɛtɐ	m[ɔ]t[ɔ]siklɛtɐ	m[u]t[u]siklɛtɐ	0
motociclismo	mɔtɔsikliʒmu	mutusikliʒmu	m[ɔ]t[ɔ]sikliʒmu	m[u]t[u]sikliʒmu	0
motociclista	mɔtɔsikliʃtɐ	mutusikliʃtɐ	m[ɔ]t[ɔ]sikliʃtɐ	m[u]t[u]sikliʃtɐ	0
motociclo	mɔtɔsiklu	mutusiklu	m[ɔ]t[ɔ]siklu	m[u]t[u]siklu	0
motocrosse	mɔtɔkrɔsɨ	mutukrɔsɨ	m[ɔ]t[ɔ]krɔsɨ	m[u]t[u]krɔsɨ	0
motocultivador	mɔtɔkuɫtivɐdor	mutukuɫtivɐdor	m[ɔ]t[ɔ]kuɫtivɐdor	m[u]t[u]kuɫtivɐdor	0
motocultor	mɔtɔkuɫtor	mutukuɫtor	m[ɔ]t[ɔ]kuɫtor	m[u]t[u]kuɫtor	0
motocultura	mɔtɔkuɫturɐ	mutukuɫturɐ	m[ɔ]t[ɔ]kuɫturɐ	m[u]t[u]kuɫturɐ	0
motódromo	mɔtɔdrumu	mutɔdrumu	m[ɔ]tɔdrumu	m[u]tɔdrumu	0
motonáutica	mɔtɔnawtikɐ	mutunawtikɐ	m[ɔ]t[ɔ]nawtikɐ	m[u]t[u]nawtikɐ	0
motonáutico	mɔtɔnawtiku	mutunawtiku	m[ɔ]t[ɔ]nawtiku	m[u]t[u]nawtiku	0
motoneta	mɔtɔnɛtɐ	mutunetɐ	m[ɔ]t[ɔ]n[ɛ]tɐ	m[u]t[u]n[e]tɐ	0
motoniveladora	mɔtɔnivɨlɐdorɐ	mutunivɨlɐdorɐ	m[ɔ]t[ɔ]nivɨlɐdorɐ	m[u]t[u]nivɨlɐdorɐ	0
motopropulsor	mɔtɔprupuɫsor	mutuprupuɫsor	m[ɔ]t[ɔ]prupuɫsor	m[u]t[u]prupuɫsor	0
motoqueiro	mɔtɔkɐjru	mutukɐjru	m[ɔ]t[ɔ]kɐjru	m[u]t[u]kɐjru	0
motosserra	mɔtɔsɛʀɐ	mutusɛʀɐ	m[ɔ]t[ɔ]sɛʀɐ	m[u]t[u]sɛʀɐ	0
mucocutâneo	mukɔkutɐnju	mukukutɐ̃niw	muk[ɔ]kutɐ[]nj[u]	muk[u]kutɐ[̃]ni[w]	0
mucopurulento	mukɔpurulẽtu	mukupurulẽntu	muk[ɔ]purulẽtu[]	muk[u]purulẽnt[u]	0
mucosseroso	mukɔsɨrozu	mukusɨrozu	muk[ɔ]sɨrozu	muk[u]sɨrozu	0
musculoadiposo	muʃkulɔɐdipozu	muʃkuluɐdipozu	muʃkul[ɔ]ɐdipozu	muʃkul[u]ɐdipozu	0
musculocartilaginoso	muʃkulɔkɐrtilɐʒinozu	muʃkulukɐrtilɐʒinozu	muʃkul[ɔ]kɐrtilɐʒinozu	muʃkul[u]kɐrtilɐʒinozu	0
musculomembranoso	muʃkulɔmẽbrɐnozu	muʃkulumẽmbrɐnozu	muʃkul[ɔ]mẽbrɐnozu[]	muʃkul[u]mẽmbrɐnoz[u]	0
musculosquelético	muʃkulɔʃkɨlɛtiku	muʃkuluʃkɨlɛtiku	muʃkul[ɔ]ʃkɨlɛtiku	muʃkul[u]ʃkɨlɛtiku	0
museotecnia	muzɛɔtɛkniɐ	muziutɛkniɐ	muzɛ[ɔ]tɛkniɐ	muzi[u]tɛkniɐ	0
museotécnico	muzɛɔtɛkniku	muziutɛkniku	muzɛ[ɔ]tɛkniku	muzi[u]tɛkniku	0
musicofilia	muzikɔfiliɐ	muzikufiliɐ	muzik[ɔ]filiɐ	muzik[u]filiɐ	0
musicofílico	muzikɔfiliku	muzikufiliku	muzik[ɔ]filiku	muzik[u]filiku	0
musicofobia	muzikɔfubiɐ	muzikufubiɐ	muzik[ɔ]fubiɐ	muzik[u]fubiɐ	0
musicofóbico	muzikɔfɔbiku	muzikufɔbiku	muzik[ɔ]fɔbiku	muzik[u]fɔbiku	0
musicografia	muzikɔɡrɐfiɐ	muzikuɡrɐfiɐ	muzik[ɔ]ɡrɐfiɐ	muzik[u]ɡrɐfiɐ	0
musicográfico	muzikɔɡrafiku	muzikuɡrafiku	muzik[ɔ]ɡrafiku	muzik[u]ɡrafiku	0
musicomaníaco	muzikɔmɐniɐku	muzikumɐniɐku	muzik[ɔ]mɐniɐku	muzik[u]mɐniɐku	0
musicomania	muzikɔmɐniɐ	muzikumɐniɐ	muzik[ɔ]mɐniɐ	muzik[u]mɐniɐ	0
musicomorfo	muzikɔmɔrfu	muzikumorfu	muzik[ɔ]m[ɔ]rfu	muzik[u]m[o]rfu	0
musicoterapeuta	muzikɔtɨrɐpewtɐ	muzikutɨrɐpewtɐ	muzik[ɔ]tɨrɐpewtɐ	muzik[u]tɨrɐpewtɐ	0
musicoterapia	muzikɔtɨrɐpiɐ	muzikutɨrɐpiɐ	muzik[ɔ]tɨrɐpiɐ	muzik[u]tɨrɐpiɐ	0
musicoterápico	muzikɔtɨrapiku	muzikutɨrapiku	muzik[ɔ]tɨrapiku	muzik[u]tɨrapiku	0
musofágida	muzɔfaʒidɐ	muzufaʒidɐ	muz[ɔ]faʒidɐ	muz[u]faʒidɐ	0
musofágidas	muzɔfaʒidɐʃ	muzufaʒidɐʃ	muz[ɔ]faʒidɐʃ	muz[u]faʒidɐʃ	0
musofagídeo	muzɔfɐʒidju	muzufɐʒidiw	muz[ɔ]fɐʒidj[u]	muz[u]fɐʒidi[w]	0
musofagídeos	muzɔfɐʒidjuʃ	muzufɐʒidiwʃ	muz[ɔ]fɐʒidj[u]ʃ	muz[u]fɐʒidi[w]ʃ	0
nanocefalia	nɐnɔsɨfɐliɐ	nɐnusɨfɐliɐ	nɐn[ɔ]sɨfɐliɐ	nɐn[u]sɨfɐliɐ	0
nanocéfalo	nɐnɔsɛfɐlu	nɐnusɛfɐlu	nɐn[ɔ]sɛfɐlu	nɐn[u]sɛfɐlu	0
nanocormia	nɐnɔkurmiɐ	nɐnukurmiɐ	nɐn[ɔ]kurmiɐ	nɐn[u]kurmiɐ	0
nanocormo	nɐnɔkɔrmu	nɐnukormu	nɐn[ɔ]k[ɔ]rmu	nɐn[u]k[o]rmu	0
nanomelia	nɐnɔmɨliɐ	nɐnumɨliɐ	nɐn[ɔ]mɨliɐ	nɐn[u]mɨliɐ	0
nanoplâncton	nɐnɔplɐ̃ktɔn	nɐnuplɐ̃nktõm	nɐn[ɔ]plɐ̃[]ktɔn[]	nɐn[u]plɐ̃[n]ktõ[m]	0
nanossomia	nɐnɔsumiɐ	nɐnusumiɐ	nɐn[ɔ]sumiɐ	nɐn[u]sumiɐ	0
nanotecnologia	nɐnɔtɛknuluʒiɐ	nɐnutɛknuluʒiɐ	nɐn[ɔ]tɛknuluʒiɐ	nɐn[u]tɛknuluʒiɐ	0
naturopata	nɐturɔpatɐ	nɐturupatɐ	nɐtur[ɔ]patɐ	nɐtur[u]patɐ	0
naturopatia	nɐturɔpɐtiɐ	nɐturupɐtiɐ	nɐtur[ɔ]pɐtiɐ	nɐtur[u]pɐtiɐ	0
naturopático	nɐturɔpatiku	nɐturupatiku	nɐtur[ɔ]patiku	nɐtur[u]patiku	0
neoárico	nɛɔariku	nɛuariku	nɛ[ɔ]ariku	nɛ[u]ariku	0
neobarroco	nɛɔbɐʀoku	nɛubɐʀɔku	nɛ[ɔ]bɐʀ[o]ku	nɛ[u]bɐʀ[ɔ]ku	0
neobarroquismo	nɛɔbɐʀukiʒmu	nɛubɐʀukiʒmu	nɛ[ɔ]bɐʀukiʒmu	nɛ[u]bɐʀukiʒmu	0
neocalamitas	nɛɔkɐlɐmitɐʃ	nɛukɐlɐmitɐʃ	nɛ[ɔ]kɐlɐmitɐʃ	nɛ[u]kɐlɐmitɐʃ	0
neocaledônio	nɛɔkɐlɨdonju	nɛukɐlɨdonju	nɛ[ɔ]kɐlɨdonju	nɛ[u]kɐlɨdonju	0
neocaledónio	nɛɔkɐlɨdɔnju	nɛukɐlɨdɔnju	nɛ[ɔ]kɐlɨdɔnju	nɛ[u]kɐlɨdɔnju	0
neocapitalismo	nɛɔkɐpitɐliʒmu	nɛukɐpitɐliʒmu	nɛ[ɔ]kɐpitɐliʒmu	nɛ[u]kɐpitɐliʒmu	0
neocapitalista	nɛɔkɐpitɐliʃtɐ	nɛukɐpitɐliʃtɐ	nɛ[ɔ]kɐpitɐliʃtɐ	nɛ[u]kɐpitɐliʃtɐ	0
neocatolicismo	nɛɔkɐtulisiʒmu	nɛukɐtulisiʒmu	nɛ[ɔ]kɐtulisiʒmu	nɛ[u]kɐtulisiʒmu	0
neocatólico	nɛɔkɐtɔliku	nɛukɐtɔliku	nɛ[ɔ]kɐtɔliku	nɛ[u]kɐtɔliku	0
neocéltico	nɛɔsɛɫtiku	nɛusɛɫtiku	nɛ[ɔ]sɛɫtiku	nɛ[u]sɛɫtiku	0
neoceratódio	nɛɔsɨrɐtɔdju	nɛuserɐtɔdju	nɛ[ɔ]s[ɨ]rɐtɔdju	nɛ[u]s[e]rɐtɔdju	0
neoclassicismo	nɛɔklɐsisiʒmu	nɛuklɐsisiʒmu	nɛ[ɔ]klɐsisiʒmu	nɛ[u]klɐsisiʒmu	0
neoclássico	nɛɔklasiku	nɛuklasiku	nɛ[ɔ]klasiku	nɛ[u]klasiku	0
neocolonialismo	nɛɔkulunjɐliʒmu	nɛukuluniɐliʒmu	nɛ[ɔ]kulun[j]ɐliʒmu	nɛ[u]kulun[i]ɐliʒmu	0
neocolonialista	nɛɔkulunjɐliʃtɐ	nɛukuluniɐliʃtɐ	nɛ[ɔ]kulun[j]ɐliʃtɐ	nɛ[u]kulun[i]ɐliʃtɐ	0
neocolonial	nɛɔkulunjaɫ	nɛukuluniaɫ	nɛ[ɔ]kulun[j]aɫ	nɛ[u]kulun[i]aɫ	0
neocomiano	nɛɔkumjɐnu	nɛukumiɐ̃nu	nɛ[ɔ]kum[j]ɐ[]nu	nɛ[u]kum[i]ɐ[̃]nu	0
neocriticismo	nɛɔkritisiʒmu	nɛukritisiʒmu	nɛ[ɔ]kritisiʒmu	nɛ[u]kritisiʒmu	0
neodarwinismo	nɛɔdarwiniʒmu	nɛudɐrwiniʒmu	nɛ[ɔ]d[a]rwiniʒmu	nɛ[u]d[ɐ]rwiniʒmu	0
neodarwinista	nɛɔdarwiniʃtɐ	nɛudɐrwiniʃtɐ	nɛ[ɔ]d[a]rwiniʃtɐ	nɛ[u]d[ɐ]rwiniʃtɐ	0
neodarwinístico	nɛɔdarwiniʃtiku	nɛudɐrwiniʃtiku	nɛ[ɔ]d[a]rwiniʃtiku	nɛ[u]d[ɐ]rwiniʃtiku	0
neodímio	nɛɔdimju	nɛudimju	nɛ[ɔ]dimju	nɛ[u]dimju	0
neofascismo	nɛɔfaʃsiʒmu	nɛufɐʃsiʒmu	nɛ[ɔ]f[a]ʃsiʒmu	nɛ[u]f[ɐ]ʃsiʒmu	0
neofascista	nɛɔfaʃsiʃtɐ	nɛufɐʃsiʃtɐ	nɛ[ɔ]f[a]ʃsiʃtɐ	nɛ[u]f[ɐ]ʃsiʃtɐ	0
neofilia	nɛɔfiliɐ	nɛufiliɐ	nɛ[ɔ]filiɐ	nɛ[u]filiɐ	0
neofobia	nɛɔfubiɐ	nɛufubiɐ	nɛ[ɔ]fubiɐ	nɛ[u]fubiɐ	0
neoformação	nɛɔfurmɐsɐ̃w̃	nɛufurmɐsɐ̃w̃	nɛ[ɔ]furmɐsɐ̃w̃	nɛ[u]furmɐsɐ̃w̃	0
neoformado	nɛɔfurmadu	nɛufurmadu	nɛ[ɔ]furmadu	nɛ[u]furmadu	0
neogarrettiano	nɛɔɡaʀɨtjɐnu	nɛuɡɐʀɨtiɐ̃nu	nɛ[ɔ]ɡ[a]ʀɨt[j]ɐ[]nu	nɛ[u]ɡ[ɐ]ʀɨt[i]ɐ[̃]nu	0
neogarrettismo	nɛɔɡaʀɨtiʒmu	nɛuɡɐʀɨtiʒmu	nɛ[ɔ]ɡ[a]ʀɨtiʒmu	nɛ[u]ɡ[ɐ]ʀɨtiʒmu	0
neogêneo	nɛɔʒenju	nɛuʒeniw	nɛ[ɔ]ʒenj[u]	nɛ[u]ʒeni[w]	0
neogéneo	nɛɔʒɛnju	nɛuʒɛniw	nɛ[ɔ]ʒɛnj[u]	nɛ[u]ʒɛni[w]	0
neogênese	nɛɔʒenɨzɨ	nɛuʒenɨzɨ	nɛ[ɔ]ʒenɨzɨ	nɛ[u]ʒenɨzɨ	0
neogénese	nɛɔʒɛnɨzɨ	nɛuʒɛnɨzɨ	nɛ[ɔ]ʒɛnɨzɨ	nɛ[u]ʒɛnɨzɨ	0
neogenético	nɛɔʒɨnɛtiku	nɛuʒɨnɛtiku	nɛ[ɔ]ʒɨnɛtiku	nɛ[u]ʒɨnɛtiku	0
neogênico	nɛɔʒeniku	nɛuʒeniku	nɛ[ɔ]ʒeniku	nɛ[u]ʒeniku	0
neogénico	nɛɔʒɛniku	nɛuʒɛniku	nɛ[ɔ]ʒɛniku	nɛ[u]ʒɛniku	0
neoglicogênese	nɛɔɡlikɔʒenɨzɨ	nɛuɡlikuʒenɨzɨ	nɛ[ɔ]ɡlik[ɔ]ʒenɨzɨ	nɛ[u]ɡlik[u]ʒenɨzɨ	0
neoglicogénese	nɛɔɡlikɔʒɛnɨzɨ	nɛuɡlikuʒɛnɨzɨ	nɛ[ɔ]ɡlik[ɔ]ʒɛnɨzɨ	nɛ[u]ɡlik[u]ʒɛnɨzɨ	0
neogótico	nɛɔɡɔtiku	nɛuɡɔtiku	nɛ[ɔ]ɡɔtiku	nɛ[u]ɡɔtiku	0
neografia	nɛɔɡrɐfiɐ	nɛuɡrɐfiɐ	nɛ[ɔ]ɡrɐfiɐ	nɛ[u]ɡrɐfiɐ	0
neográfico	nɛɔɡrafiku	nɛuɡrafiku	nɛ[ɔ]ɡrafiku	nɛ[u]ɡrafiku	0
neogrego	nɛɔɡreɡu	nɛuɡrɛɡu	nɛ[ɔ]ɡr[e]ɡu	nɛ[u]ɡr[ɛ]ɡu	0
neokantismo	nɛɔkɐ̃tiʒmu	nɛukɐ̃ntiʒmu	nɛ[ɔ]kɐ̃[]tiʒmu	nɛ[u]kɐ̃[n]tiʒmu	0
neokantista	nɛɔkɐ̃tiʃtɐ	nɛukɐ̃ntiʃtɐ	nɛ[ɔ]kɐ̃[]tiʃtɐ	nɛ[u]kɐ̃[n]tiʃtɐ	0
neolamarckismo	nɛɔlamarkiʒmu	nɛulɐmɐrkiʒmu	nɛ[ɔ]l[a]m[a]rkiʒmu	nɛ[u]l[ɐ]m[ɐ]rkiʒmu	0
neolamarckista	nɛɔlamarkiʃtɐ	nɛulɐmɐrkiʃtɐ	nɛ[ɔ]l[a]m[a]rkiʃtɐ	nɛ[u]l[ɐ]m[ɐ]rkiʃtɐ	0
neolatino	nɛɔlɐtinu	nɛulɐtinu	nɛ[ɔ]lɐtinu	nɛ[u]lɐtinu	0
neoliberalismo	nɛɔlibɨrɐliʒmu	nɛulibɨrɐliʒmu	nɛ[ɔ]libɨrɐliʒmu	nɛ[u]libɨrɐliʒmu	0
neoliberalista	nɛɔlibɨrɐliʃtɐ	nɛulibɨrɐliʃtɐ	nɛ[ɔ]libɨrɐliʃtɐ	nɛ[u]libɨrɐliʃtɐ	0
neoliberal	nɛɔlibɨraɫ	nɛulibɨraɫ	nɛ[ɔ]libɨraɫ	nɛ[u]libɨraɫ	0
neolítica	nɛɔlitikɐ	nɛulitikɐ	nɛ[ɔ]litikɐ	nɛ[u]litikɐ	0
neolítico	nɛɔlitiku	nɛulitiku	nɛ[ɔ]litiku	nɛ[u]litiku	0
neolitização	nɛɔlitizɐsɐ̃w̃	nɛulitizɐsɐ̃w̃	nɛ[ɔ]litizɐsɐ̃w̃	nɛ[u]litizɐsɐ̃w̃	0
neomênia	nɛɔmenjɐ	nɛumenjɐ	nɛ[ɔ]menjɐ	nɛ[u]menjɐ	0
neoménia	nɛɔmɛnjɐ	nɛumɛnjɐ	nɛ[ɔ]mɛnjɐ	nɛ[u]mɛnjɐ	0
neomênias	nɛɔmenjɐʃ	nɛumenɪɐʃ	nɛ[ɔ]men[j]ɐʃ	nɛ[u]men[ɪ]ɐʃ	0
neoménias	nɛɔmɛnjɐʃ	nɛumɛnɪɐʃ	nɛ[ɔ]mɛn[j]ɐʃ	nɛ[u]mɛn[ɪ]ɐʃ	0
neonatal	nɛɔnɐtaɫ	nɛunɐtaɫ	nɛ[ɔ]nɐtaɫ	nɛ[u]nɐtaɫ	0
neonatologia	nɛɔnɐtuluʒiɐ	nɛunɐtuluʒiɐ	nɛ[ɔ]nɐtuluʒiɐ	nɛ[u]nɐtuluʒiɐ	0
neonatológico	nɛɔnɐtulɔʒiku	nɛunɐtulɔʒiku	nɛ[ɔ]nɐtulɔʒiku	nɛ[u]nɐtulɔʒiku	0
neonato	nɛɔnatu	nɛunatu	nɛ[ɔ]natu	nɛ[u]natu	0
neonazi	nɛɔnazi	nɛunɐzi	nɛ[ɔ]n[a]zi	nɛ[u]n[ɐ]zi	0
neonazismo	nɛɔnaziʒmu	nɛunɐziʒmu	nɛ[ɔ]n[a]ziʒmu	nɛ[u]n[ɐ]ziʒmu	0
neonazista	nɛɔnaziʃtɐ	nɛunɐziʃtɐ	nɛ[ɔ]n[a]ziʃtɐ	nɛ[u]n[ɐ]ziʃtɐ	0
neopilina	njɔpilinɐ	nɛupilinɐ	nj[ɔ]pilinɐ	nɛ[u]pilinɐ	0
neopitagórico	nɛɔpitɐɡɔriku	nɛupitɐɡɔriku	nɛ[ɔ]pitɐɡɔriku	nɛ[u]pitɐɡɔriku	0
neopitagorismo	nɛɔpitɐɡuriʒmu	nɛupitɐɡuriʒmu	nɛ[ɔ]pitɐɡuriʒmu	nɛ[u]pitɐɡuriʒmu	0
neoplasia	nɛɔplɐziɐ	nɛuplɐziɐ	nɛ[ɔ]plɐziɐ	nɛ[u]plɐziɐ	0
neoplásico	nɛɔplaziku	nɛuplaziku	nɛ[ɔ]plaziku	nɛ[u]plaziku	0
neoplasma	nɛɔplaʒmɐ	nɛuplaʒmɐ	nɛ[ɔ]plaʒmɐ	nɛ[u]plaʒmɐ	0
neoplastia	nɛɔplɐʃtiɐ	nɛuplɐʃtiɐ	nɛ[ɔ]plɐʃtiɐ	nɛ[u]plɐʃtiɐ	0
neoplástico	nɛɔplaʃtiku	nɛuplaʃtiku	nɛ[ɔ]plaʃtiku	nɛ[u]plaʃtiku	0
neoplatônico	nɛɔplɐtoniku	nɛuplɐtoniku	nɛ[ɔ]plɐtoniku	nɛ[u]plɐtoniku	0
neoplatónico	nɛɔplɐtɔniku	nɛuplɐtɔniku	nɛ[ɔ]plɐtɔniku	nɛ[u]plɐtɔniku	0
neoplatonismo	nɛɔplɐtuniʒmu	nɛuplɐtuniʒmu	nɛ[ɔ]plɐtuniʒmu	nɛ[u]plɐtuniʒmu	0
neopositivismo	nɛɔpuzitiviʒmu	nɛupuzitiviʒmu	nɛ[ɔ]puzitiviʒmu	nɛ[u]puzitiviʒmu	0
neopreno	nɛɔprenu	nɛuprenu	nɛ[ɔ]prenu	nɛ[u]prenu	0
neoquinhentismo	nɛɔkiɲẽtiʒmu	nɛukiɲẽntiʒmu	nɛ[ɔ]kiɲẽtiʒmu[]	nɛ[u]kiɲẽntiʒm[u]	0
neoquinhentista	nɛɔkiɲẽtiʃtɐ	nɛukiɲẽntiʃtɐ	nɛ[ɔ]kiɲẽti[ʃ]tɐ[]	nɛ[u]kiɲẽn[]tiʃt[ɐ]	0
neorama	nɛɔrɐmɐ	nɛurɐ̃mɐ	nɛ[ɔ]rɐ[]mɐ	nɛ[u]rɐ[̃]mɐ	0
neorrealismo	nɛɔʀjɐliʒmu	nɛuʀiɐliʒmu	nɛ[ɔ]ʀ[j]ɐliʒmu	nɛ[u]ʀ[i]ɐliʒmu	0
neorrealista	nɛɔʀjɐliʃtɐ	nɛuʀiɐliʃtɐ	nɛ[ɔ]ʀ[j]ɐliʃtɐ	nɛ[u]ʀ[i]ɐliʃtɐ	0
neorromântico	nɛɔʀumɐ̃tiku	nɛuʀumɐ̃ntiku	nɛ[ɔ]ʀumɐ̃[]tiku	nɛ[u]ʀumɐ̃[n]tiku	0
neorromantismo	nɛɔʀumɐ̃tiʒmu	nɛuʀumɐ̃ntiʒmu	nɛ[ɔ]ʀumɐ̃[]tiʒmu	nɛ[u]ʀumɐ̃[n]tiʒmu	0
neotenia	nɛɔtɨniɐ	nɛutɨniɐ	nɛ[ɔ]tɨniɐ	nɛ[u]tɨniɐ	0
neotênico	nɛɔteniku	nɛuteniku	nɛ[ɔ]teniku	nɛ[u]teniku	0
neoténico	nɛɔtɛniku	nɛutɛniku	nɛ[ɔ]tɛniku	nɛ[u]tɛniku	0
neotérico	nɛɔtɛriku	nɛutɛriku	nɛ[ɔ]tɛriku	nɛ[u]tɛriku	0
neoterismo	nɛɔtɨriʒmu	nɛutɨriʒmu	nɛ[ɔ]tɨriʒmu	nɛ[u]tɨriʒmu	0
neotestamentário	nɛɔtɨʃtɐmẽtarju	nɛuteʃtɐmẽntarju	nɛ[ɔ]t[ɨ]ʃtɐmẽtarju[]	nɛ[u]t[e]ʃtɐmẽntarj[u]	0
neotomismo	nɛɔtumiʒmu	nɛutumiʒmu	nɛ[ɔ]tumiʒmu	nɛ[u]tumiʒmu	0
neotomista	nɛɔtumiʃtɐ	nɛutumiʃtɐ	nɛ[ɔ]tumiʃtɐ	nɛ[u]tumiʃtɐ	0
neovascularização	nɛɔvɐʃkulɐrizɐsɐ̃w̃	nɛuvɐʃkulɐrizɐsɐ̃w̃	nɛ[ɔ]vɐʃkulɐrizɐsɐ̃w̃	nɛ[u]vɐʃkulɐrizɐsɐ̃w̃	0
neovitalismo	nɛɔvitɐliʒmu	nɛuvitɐliʒmu	nɛ[ɔ]vitɐliʒmu	nɛ[u]vitɐliʒmu	0
neovitalista	nɛɔvitɐliʃtɐ	nɛuvitɐliʃtɐ	nɛ[ɔ]vitɐliʃtɐ	nɛ[u]vitɐliʃtɐ	0
neozelandês	nɛɔzɨlɐ̃deʃ	nɛuzelɐ̃ndeʃ	nɛ[ɔ]z[ɨ]lɐ̃[]deʃ	nɛ[u]z[e]lɐ̃[n]deʃ	0
neozoico	nɛɔzɔjku	nɛuzɔjku	nɛ[ɔ]zɔjku	nɛ[u]zɔjku	0
neozóico	nɛɔzɔjku	nɛuzɔjku	nɛ[ɔ]zɔjku	nɛ[u]zɔjku	0
neuroanatomia	newrɔɐnɐtumiɐ	newruɐnɐtumiɐ	newr[ɔ]ɐnɐtumiɐ	newr[u]ɐnɐtumiɐ	0
neuroanatômico	newrɔɐnɐtomiku	newruɐnɐtomiku	newr[ɔ]ɐnɐtomiku	newr[u]ɐnɐtomiku	0
neuroanatómico	newrɔɐnɐtɔmiku	newruɐnɐtɔmiku	newr[ɔ]ɐnɐtɔmiku	newr[u]ɐnɐtɔmiku	0
neuroanatomista	newrɔɐnɐtumiʃtɐ	newruɐnɐtumiʃtɐ	newr[ɔ]ɐnɐtumiʃtɐ	newr[u]ɐnɐtumiʃtɐ	0
neurobiologia	newrɔbjuluʒiɐ	newrubiuluʒiɐ	newr[ɔ]b[j]uluʒiɐ	newr[u]b[i]uluʒiɐ	0
neurobiológico	newrɔbjulɔʒiku	newrubiulɔʒiku	newr[ɔ]b[j]ulɔʒiku	newr[u]b[i]ulɔʒiku	0
neurobiologista	newrɔbjuluʒiʃtɐ	newrubiuluʒiʃtɐ	newr[ɔ]b[j]uluʒiʃtɐ	newr[u]b[i]uluʒiʃtɐ	0
neurobiólogo	newrɔbjɔluɡu	newrubiɔluɡu	newr[ɔ]b[j]ɔluɡu	newr[u]b[i]ɔluɡu	0
neuroblastoma	newrɔblɐʃtomɐ	newrublɐʃtomɐ	newr[ɔ]blɐʃtomɐ	newr[u]blɐʃtomɐ	0
neuroblasto	newrɔblaʃtu	newrublaʃtu	newr[ɔ]blaʃtu	newr[u]blaʃtu	0
neurociência	newrɔsjẽnsjɐ	newrusjẽnsjɐ	newr[ɔ]sjẽ[]nsjɐ	newr[u]sje[̃]nsjɐ	0
neurocientífico	newrɔsjẽtifiku	newrusiẽntifiku	newr[ɔ]sjẽti[f]iku[]	newr[u]siẽn[t]ifik[u]	0
neurocientista	newrɔsjẽtiʃtɐ	newrusiẽntiʃtɐ	newr[ɔ]sjẽti[ʃ]tɐ[]	newr[u]siẽn[]tiʃt[ɐ]	0
neurocirurgia	newrɔsirurʒiɐ	newrusirurʒiɐ	newr[ɔ]sirurʒiɐ	newr[u]sirurʒiɐ	0
neurocirurgião	newrɔsirurʒjɐ̃w̃	newrusirurʒiɐ̃w̃	newr[ɔ]sirurʒ[j]ɐ̃w̃	newr[u]sirurʒ[i]ɐ̃w̃	0
neurocirúrgico	newrɔsirurʒiku	newrusirurʒiku	newr[ɔ]sirurʒiku	newr[u]sirurʒiku	0
neurocoroidite	newrɔkurɔjditɨ	newrukurojditɨ	newr[ɔ]kur[ɔ]jditɨ	newr[u]kur[o]jditɨ	0
neurodermatite	newrɔdɛrmɐtitɨ	newrudɨrmɐtitɨ	newr[ɔ]d[ɛ]rmɐtitɨ	newr[u]d[ɨ]rmɐtitɨ	0
neuroepitelial	newrɔepitɨljaɫ	newruepiteliaɫ	newr[ɔ]epit[ɨ]l[j]aɫ	newr[u]epit[e]l[i]aɫ	0
neuroepitélio	newrɔepitɛlju	newruepitɛlju	newr[ɔ]epitɛlju	newr[u]epitɛlju	0
neurofibrila	newrɔfibrilɐ	newrufibrilɐ	newr[ɔ]fibrilɐ	newr[u]fibrilɐ	0
neurofibrilar	newrɔfibrilar	newrufibrilar	newr[ɔ]fibrilar	newr[u]fibrilar	0
neurofibroma	newrɔfibromɐ	newrufibromɐ	newr[ɔ]fibromɐ	newr[u]fibromɐ	0
neurofibromatose	newrɔfibrumɐtɔzɨ	newrufibrumɐtɔzɨ	newr[ɔ]fibrumɐtɔzɨ	newr[u]fibrumɐtɔzɨ	0
neurofilamento	newrɔfilɐmẽtu	newrufilɐmẽntu	newr[ɔ]filɐmẽtu[]	newr[u]filɐmẽnt[u]	0
neurofisiologia	newrɔfizjuluʒiɐ	newrufiziuluʒiɐ	newr[ɔ]fiz[j]uluʒiɐ	newr[u]fiz[i]uluʒiɐ	0
neurofisiológico	newrɔfizjulɔʒiku	newrufiziulɔʒiku	newr[ɔ]fiz[j]ulɔʒiku	newr[u]fiz[i]ulɔʒiku	0
neurofrenia	newrɔfrɨniɐ	newrufrɨniɐ	newr[ɔ]frɨniɐ	newr[u]frɨniɐ	0
neurogênese	newrɔʒenɨzɨ	newruʒenɨzɨ	newr[ɔ]ʒenɨzɨ	newr[u]ʒenɨzɨ	0
neurogénese	newrɔʒɛnɨzɨ	newruʒɛnɨzɨ	newr[ɔ]ʒɛnɨzɨ	newr[u]ʒɛnɨzɨ	0
neurogenia	newrɔʒɨniɐ	newruʒɨniɐ	newr[ɔ]ʒɨniɐ	newr[u]ʒɨniɐ	0
neuroglioma	newrɔɡljomɐ	newruɡliomɐ	newr[ɔ]ɡl[j]omɐ	newr[u]ɡl[i]omɐ	0
neuro-hipofisário	newrɔipɔfizarju	newruipɔfizarju	newr[ɔ]ipɔfizarju	newr[u]ipɔfizarju	0
neuro-hipófise	newrɔipɔfizɨ	newruipɔfizɨ	newr[ɔ]ipɔfizɨ	newr[u]ipɔfizɨ	0
neuroléptico	newrɔlɛptiku	newrulɛptiku	newr[ɔ]lɛptiku	newr[u]lɛptiku	0
neurolinguista	newrɔlĩɡwiʃtɐ	newrulĩnɡwiʃtɐ	newr[ɔ]lĩɡwiʃtɐ[]	newr[u]lĩnɡwiʃt[ɐ]	0
neurolingüista	newrɔlĩɡwiʃtɐ	newrulĩnɡuiʃtɐ	newr[ɔ]lĩɡwiʃtɐ[]	newr[u]lĩnɡuiʃt[ɐ]	0
neurolinguística	newrɔlĩɡwiʃtikɐ	newrulĩnɡwiʃtikɐ	newr[ɔ]lĩɡwiʃ[t]ikɐ[]	newr[u]lĩnɡw[]iʃtik[ɐ]	0
neurolingüística	newrɔlĩɡwiʃtikɐ	newrulĩnɡuiʃtikɐ	newr[ɔ]lĩɡwiʃ[t]ikɐ[]	newr[u]lĩnɡu[]iʃtik[ɐ]	0
neurolinguístico	newrɔlĩɡwiʃtiku	newrulĩnɡwiʃtiku	newr[ɔ]lĩɡwiʃ[t]iku[]	newr[u]lĩnɡw[]iʃtik[u]	0
neurolingüístico	newrɔlĩɡwiʃtiku	newrulĩnɡuiʃtiku	newr[ɔ]lĩɡwiʃ[t]iku[]	newr[u]lĩnɡu[]iʃtik[u]	0
neuromediador	newrɔmɨdjɐdor	newrumediɐdor	newr[ɔ]m[ɨ]d[j]ɐdor	newr[u]m[e]d[i]ɐdor	0
neuromialgia	newrɔmjaɫʒiɐ	newrumiaɫʒiɐ	newr[ɔ]m[j]aɫʒiɐ	newr[u]m[i]aɫʒiɐ	0
neuromiopatia	newrɔmiɔpɐtiɐ	newrumiupɐtiɐ	newr[ɔ]mi[ɔ]pɐtiɐ	newr[u]mi[u]pɐtiɐ	0
neuromuscular	newrɔmuʃkular	newrumuʃkular	newr[ɔ]muʃkular	newr[u]muʃkular	0
neuroparalisia	newrɔpɐrɐliziɐ	newrupɐrɐliziɐ	newr[ɔ]pɐrɐliziɐ	newr[u]pɐrɐliziɐ	0
neuropata	newrɔpatɐ	newrupatɐ	newr[ɔ]patɐ	newr[u]patɐ	0
neuropatia	newrɔpɐtiɐ	newrupɐtiɐ	newr[ɔ]pɐtiɐ	newr[u]pɐtiɐ	0
neuropático	newrɔpatiku	newrupatiku	newr[ɔ]patiku	newr[u]patiku	0
neuropatologia	newrɔpɐtuluʒiɐ	newrupɐtuluʒiɐ	newr[ɔ]pɐtuluʒiɐ	newr[u]pɐtuluʒiɐ	0
neuropatológico	newrɔpɐtulɔʒiku	newrupɐtulɔʒiku	newr[ɔ]pɐtulɔʒiku	newr[u]pɐtulɔʒiku	0
neuropatologista	newrɔpɐtuluʒiʃtɐ	newrupɐtuluʒiʃtɐ	newr[ɔ]pɐtuluʒiʃtɐ	newr[u]pɐtuluʒiʃtɐ	0
neuropsicologia	newrɔpsikuluʒiɐ	newrupsikuluʒiɐ	newr[ɔ]psikuluʒiɐ	newr[u]psikuluʒiɐ	0
neuropsicopatia	newrɔpsikɔpɐtiɐ	newrupsikupɐtiɐ	newr[ɔ]psik[ɔ]pɐtiɐ	newr[u]psik[u]pɐtiɐ	0
neuropsiquiatra	newrɔpsikjatrɐ	newrupsikiatrɐ	newr[ɔ]psik[j]atrɐ	newr[u]psik[i]atrɐ	0
neuropsiquiatria	newrɔpsikjɐtriɐ	newrupsikiɐtriɐ	newr[ɔ]psik[j]ɐtriɐ	newr[u]psik[i]ɐtriɐ	0
neuropsiquiátrico	newrɔpsikjatriku	newrupsikiatriku	newr[ɔ]psik[j]atriku	newr[u]psik[i]atriku	0
neurorradiologia	newrɔʀadjuluʒiɐ	newruʀɐdjuluʒiɐ	newr[ɔ]ʀ[a]djuluʒiɐ	newr[u]ʀ[ɐ]djuluʒiɐ	0
neurorradiológico	newrɔʀadjulɔʒiku	newruʀɐdjulɔʒiku	newr[ɔ]ʀ[a]djulɔʒiku	newr[u]ʀ[ɐ]djulɔʒiku	0
neurorradiologista	newrɔʀadjuluʒiʃtɐ	newruʀɐdjuluʒiʃtɐ	newr[ɔ]ʀ[a]djuluʒiʃtɐ	newr[u]ʀ[ɐ]djuluʒiʃtɐ	0
neurossecreção	newrɔsɨkrɨsɐ̃w̃	newrusɛkrɨsɐ̃w̃	newr[ɔ]s[ɨ]krɨsɐ̃w̃	newr[u]s[ɛ]krɨsɐ̃w̃	0
neurossensorial	newrɔsẽsurjaɫ	newrusẽnsuriaɫ	newr[ɔ]sẽsurjaɫ[]	newr[u]sẽnsuria[ɫ]	0
neurossífilis	newrɔsifiliʃ	newrusifiliʃ	newr[ɔ]sifiliʃ	newr[u]sifiliʃ	0
neurossoma	newrɔsomɐ	newrusomɐ	newr[ɔ]somɐ	newr[u]somɐ	0
neurossutura	newrɔsuturɐ	newrusuturɐ	newr[ɔ]suturɐ	newr[u]suturɐ	0
neurotomia	newrɔtumiɐ	newrutumiɐ	newr[ɔ]tumiɐ	newr[u]tumiɐ	0
neurotômico	newrɔtomiku	newrutomiku	newr[ɔ]tomiku	newr[u]tomiku	0
neurotómico	newrɔtɔmiku	newrutɔmiku	newr[ɔ]tɔmiku	newr[u]tɔmiku	0
neurotoxicidade	newrɔtɔksisidadɨ	newrutuksisidadɨ	newr[ɔ]t[ɔ]ksisidadɨ	newr[u]t[u]ksisidadɨ	0
neurotóxico	newrɔtɔksiku	newrutɔksiku	newr[ɔ]tɔksiku	newr[u]tɔksiku	0
neurotoxina	newrɔtɔksinɐ	newrutuksinɐ	newr[ɔ]t[ɔ]ksinɐ	newr[u]t[u]ksinɐ	0
neurotransmissor	newrɔtrɐ̃ʒmisor	newrutrɐ̃nʒmisor	newr[ɔ]trɐ̃[]ʒmisor	newr[u]trɐ̃[n]ʒmisor	0
neurovegetativo	newrɔvɨʒɨtɐtivu	newruveʒɨtɐtivu	newr[ɔ]v[ɨ]ʒɨtɐtivu	newr[u]v[e]ʒɨtɐtivu	0
nholar	ɲɔlar	ɲular	ɲ[ɔ]lar	ɲ[u]lar	0
nhoroto	ɲɔrotu	ɲurɔtu	ɲ[ɔ]r[o]tu	ɲ[u]r[ɔ]tu	0
nicociana	nikɔsjɐnɐ	nikusiɐ̃nɐ	nik[ɔ]s[j]ɐ[]nɐ	nik[u]s[i]ɐ[̃]nɐ	0
niobiotantalato	niɔbiɔtɐ̃tɐlatu	niubiutɐ̃ntɐlatu	ni[ɔ]bi[ɔ]tɐ̃[]tɐlatu	ni[u]bi[u]tɐ̃[n]tɐlatu	0
nipo-chinês	nipɔʃineʃ	nipuʃineʃ	nip[ɔ]ʃineʃ	nip[u]ʃineʃ	0
nitrobacteriáceas	nitrɔbɐktɨrjasjɐʃ	nitrubɐtɨriasiɐʃ	nitr[ɔ]bɐ[k]tɨr[j]as[j]ɐʃ	nitr[u]bɐ[]tɨr[i]as[i]ɐʃ	0
nitrobactéria	nitrɔbɐktɛrjɐ	nitrubɐtɛrjɐ	nitr[ɔ]bɐ[k]tɛrjɐ	nitr[u]bɐ[]tɛrjɐ	0
nitrobenzeno	nitrɔbẽzenu	nitrubẽnzenu	nitr[ɔ]bẽz[e]nu[]	nitr[u]bẽ[]nzen[u]	0
nitrobenzina	nitrɔbẽzinɐ	nitrubẽnzinɐ	nitr[ɔ]bẽz[i]nɐ[]	nitr[u]bẽ[]nzin[ɐ]	0
nitrocelulose	nitrɔsɨlulɔzɨ	nitruselulɔzɨ	nitr[ɔ]s[ɨ]lulɔzɨ	nitr[u]s[e]lulɔzɨ	0
nitrofenol	nitrɔfɨnɔɫ	nitrufɨnɔɫ	nitr[ɔ]fɨnɔɫ	nitr[u]fɨnɔɫ	0
nitrofurano	nitrɔfurɐnu	nitrufurɐ̃nu	nitr[ɔ]furɐ[]nu	nitr[u]furɐ[̃]nu	0
nitrogenado	nitrɔʒɨnadu	nitruʒɨnadu	nitr[ɔ]ʒɨnadu	nitr[u]ʒɨnadu	0
nitrogenase	nitrɔʒɨnazɨ	nitruʒɨnazɨ	nitr[ɔ]ʒɨnazɨ	nitr[u]ʒɨnazɨ	0
nitrogênio	nitrɔʒenju	nitruʒenju	nitr[ɔ]ʒenju	nitr[u]ʒenju	0
nitrogénio	nitrɔʒɛnju	nitruʒɛnju	nitr[ɔ]ʒɛnju	nitr[u]ʒɛnju	0
nitroglicerina	nitrɔɡlisɨrinɐ	nitruɡlisɨrinɐ	nitr[ɔ]ɡlisɨrinɐ	nitr[u]ɡlisɨrinɐ	0
nitrosamina	nitrɔzɐminɐ	nitruzɐminɐ	nitr[ɔ]zɐminɐ	nitr[u]zɐminɐ	0
nitrossoma	nitrɔsomɐ	nitrusomɐ	nitr[ɔ]somɐ	nitr[u]somɐ	0
nobel	nɔbɛɫ	nubɛɫ	n[ɔ]bɛɫ	n[u]bɛɫ	0
nocada	nɔkadɐ	nukadɐ	n[ɔ]kadɐ	n[u]kadɐ	0
nocautear	nɔkawtjar	nukawtiar	n[ɔ]kawt[j]ar	n[u]kawt[i]ar	0
nocaute	nɔkawtɨ	nukawtɨ	n[ɔ]kawtɨ	n[u]kawtɨ	0
nociceptividade	nɔsisɛptividadɨ	nusiseptividadɨ	n[ɔ]sis[ɛ]ptividadɨ	n[u]sis[e]ptividadɨ	0
nociceptivo	nɔsisɛptivu	nusisɨptivu	n[ɔ]sis[ɛ]ptivu	n[u]sis[ɨ]ptivu	0
nociceptor	nɔsisɛptor	nusisɨptor	n[ɔ]sis[ɛ]ptor	n[u]sis[ɨ]ptor	0
nocturnal	nɔturnaɫ	nuturnaɫ	n[ɔ]turnaɫ	n[u]turnaɫ	0
nocturno	nɔturnu	nuturnu	n[ɔ]turnu	n[u]turnu	0
nodifloro	nɔdiflɔru	nudiflɔru	n[ɔ]diflɔru	n[u]diflɔru	0
nomadismo	nɔmɐdiʒmu	numɐdiʒmu	n[ɔ]mɐdiʒmu	n[u]mɐdiʒmu	0
nomadização	nɔmɐdizɐsɐ̃w̃	numɐdizɐsɐ̃w̃	n[ɔ]mɐdizɐsɐ̃w̃	n[u]mɐdizɐsɐ̃w̃	0
nomadizar	nɔmɐdizar	numɐdizar	n[ɔ]mɐdizar	n[u]mɐdizar	0
nomografia	nɔmɔɡrɐfiɐ	numuɡrɐfiɐ	n[ɔ]m[ɔ]ɡrɐfiɐ	n[u]m[u]ɡrɐfiɐ	0
nomográfico	nɔmɔɡrafiku	numuɡrafiku	n[ɔ]m[ɔ]ɡrafiku	n[u]m[u]ɡrafiku	0
nomograma	nɔmɔɡrɐmɐ	numuɡrɐ̃mɐ	n[ɔ]m[ɔ]ɡrɐ[]mɐ	n[u]m[u]ɡrɐ[̃]mɐ	0
nomologia	nɔmɔluʒiɐ	numuluʒiɐ	n[ɔ]m[ɔ]luʒiɐ	n[u]m[u]luʒiɐ	0
nomotético	nɔmɔtɛtiku	numutɛtiku	n[ɔ]m[ɔ]tɛtiku	n[u]m[u]tɛtiku	0
nonada	nɔnadɐ	nunadɐ	n[ɔ]nadɐ	n[u]nadɐ	0
nonilião	nɔniljɐ̃w̃	nuniliɐ̃w̃	n[ɔ]nil[j]ɐ̃w̃	n[u]nil[i]ɐ̃w̃	0
noocentrismo	nwɔsẽtriʒmu	nuusẽntriʒmu	nw[ɔ]sẽtriʒmu[]	nu[u]sẽntriʒm[u]	0
noosfera	nwɔʃfɛrɐ	nuuʃfɛrɐ	nw[ɔ]ʃfɛrɐ	nu[u]ʃfɛrɐ	0
noradrenalina	nɔrɐdrɨnɐlinɐ	nurɐdrenɐlinɐ	n[ɔ]rɐdr[ɨ]nɐlinɐ	n[u]rɐdr[e]nɐlinɐ	0
nordestada	nɔrdɨʃtadɐ	nurdɨʃtadɐ	n[ɔ]rdɨʃtadɐ	n[u]rdɨʃtadɐ	0
nordestear	nɔrdɨʃtjar	nurdɨʃtiar	n[ɔ]rdɨʃt[j]ar	n[u]rdɨʃt[i]ar	0
nordeste	nɔrdɛʃtɨ	nurdɛʃtɨ	n[ɔ]rdɛʃtɨ	n[u]rdɛʃtɨ	0
nordestense	nɔrdɨʃtẽsɨ	nurdɨʃtẽnsɨ	n[ɔ]rdɨʃtẽsɨ[]	n[u]rdɨʃtẽns[ɨ]	0
nordésteo	nɔrdɛʃtju	nurdɛʃtiw	n[ɔ]rdɛʃtj[u]	n[u]rdɛʃti[w]	0
nordestia	nɔrdɨʃtiɐ	nurdɨʃtiɐ	n[ɔ]rdɨʃtiɐ	n[u]rdɨʃtiɐ	0
nordestino	nɔrdɨʃtinu	nurdɨʃtinu	n[ɔ]rdɨʃtinu	n[u]rdɨʃtinu	0
norepinefrina	nɔrepinɨfrinɐ	nurɨpinɨfrinɐ	n[ɔ]r[e]pinɨfrinɐ	n[u]r[ɨ]pinɨfrinɐ	0
norfolquino	nɔrfoɫkinu	nurfuɫkinu	n[ɔ]rf[o]ɫkinu	n[u]rf[u]ɫkinu	0
noriano	nɔrjɐnu	nuriɐ̃nu	n[ɔ]r[j]ɐ[]nu	n[u]r[i]ɐ[̃]nu	0
norito	nɔritu	nuritu	n[ɔ]ritu	n[u]ritu	0
normalidade	nɔrmɐlidadɨ	nurmɐlidadɨ	n[ɔ]rmɐlidadɨ	n[u]rmɐlidadɨ	0
normalista	nɔrmɐliʃtɐ	nurmɐliʃtɐ	n[ɔ]rmɐliʃtɐ	n[u]rmɐliʃtɐ	0
normalização	nɔrmɐlizɐsɐ̃w̃	nurmɐlizɐsɐ̃w̃	n[ɔ]rmɐlizɐsɐ̃w̃	n[u]rmɐlizɐsɐ̃w̃	0
normalizado	nɔrmɐlizadu	nurmɐlizadu	n[ɔ]rmɐlizadu	n[u]rmɐlizadu	0
normalizar	nɔrmɐlizar	nurmɐlizar	n[ɔ]rmɐlizar	n[u]rmɐlizar	0
normalizável	nɔrmɐlizavɛɫ	nurmɐlizavɛɫ	n[ɔ]rmɐlizavɛɫ	n[u]rmɐlizavɛɫ	0
normalmente	nɔrmaɫmẽtɨ	nurmaɫmẽntɨ	n[ɔ]rmaɫmẽtɨ[]	n[u]rmaɫmẽnt[ɨ]	0
normal	nɔrmaɫ	nurmaɫ	n[ɔ]rmaɫ	n[u]rmaɫ	0
normando	nɔrmɐ̃du	nurmɐ̃ndu	n[ɔ]rmɐ̃[]du	n[u]rmɐ̃[n]du	0
normandos	nɔrmɐ̃duʃ	nurmɐ̃nduʃ	n[ɔ]rmɐ̃[]duʃ	n[u]rmɐ̃[n]duʃ	0
normativamente	nɔrmɐtivɐmẽtɨ	nurmɐtivɐmẽntɨ	n[ɔ]rmɐtivɐmẽtɨ[]	n[u]rmɐtivɐmẽnt[ɨ]	0
normatividade	nɔrmɐtividadɨ	nurmɐtividadɨ	n[ɔ]rmɐtividadɨ	n[u]rmɐtividadɨ	0
normativismo	nɔrmɐtiviʒmu	nurmɐtiviʒmu	n[ɔ]rmɐtiviʒmu	n[u]rmɐtiviʒmu	0
normativista	nɔrmɐtiviʃtɐ	nurmɐtiviʃtɐ	n[ɔ]rmɐtiviʃtɐ	n[u]rmɐtiviʃtɐ	0
normativístico	nɔrmɐtiviʃtiku	nurmɐtiviʃtiku	n[ɔ]rmɐtiviʃtiku	n[u]rmɐtiviʃtiku	0
normativo	nɔrmɐtivu	nurmɐtivu	n[ɔ]rmɐtivu	n[u]rmɐtivu	0
normógrafo	nɔrmɔɡrɐfu	nurmɔɡrɐfu	n[ɔ]rmɔɡrɐfu	n[u]rmɔɡrɐfu	0
normotensão	nɔrmɔtẽsɐw̃	nurmutẽnsɐ̃w̃	n[ɔ]rm[ɔ]tẽsɐw[]̃[]	n[u]rm[u]tẽns[ɐ]̃w[̃]	0
normotenso	nɔrmɔtẽsu	nurmutẽnsu	n[ɔ]rm[ɔ]tẽsu[]	n[u]rm[u]tẽns[u]	0
nornorrido	nɔrnuʀidu	nurnuʀidu	n[ɔ]rnuʀidu	n[u]rnuʀidu	0
noroestear	nɔrwɛʃtjar	nurueʃtiar	n[ɔ]rw[ɛ]ʃt[j]ar	n[u]ru[e]ʃt[i]ar	0
noroeste	nɔrwɛʃtɨ	nuruɛʃtɨ	n[ɔ]r[w]ɛʃtɨ	n[u]r[u]ɛʃtɨ	0
nortada	nɔrtadɐ	nurtadɐ	n[ɔ]rtadɐ	n[u]rtadɐ	0
norteação	nɔrtjɐsɐ̃w̃	nurtiɐsɐ̃w̃	n[ɔ]rt[j]ɐsɐ̃w̃	n[u]rt[i]ɐsɐ̃w̃	0
norteado	nɔrtjadu	nurtiadu	n[ɔ]rt[j]adu	n[u]rt[i]adu	0
nortear	nɔrtjar	nurtiar	n[ɔ]rt[j]ar	n[u]rt[i]ar	0
norteio	nɔrtɐju	nurteju	n[ɔ]rt[ɐ]ju	n[u]rt[e]ju	0
nortenho	nɔrtɐjɲu	nurteɲu	n[ɔ]rtɐ[j]ɲu	n[u]rte[]ɲu	0
nortista	nɔrtiʃtɐ	nurtiʃtɐ	n[ɔ]rtiʃtɐ	n[u]rtiʃtɐ	0
norueguense	nɔrwɛɡẽsɨ	nuruɨɡẽnsɨ	n[ɔ]rw[ɛ]ɡẽsɨ[]	n[u]ru[ɨ]ɡẽns[ɨ]	0
norueguês	nɔrwɛɡeʃ	nuruɨɡeʃ	n[ɔ]rw[ɛ]ɡeʃ	n[u]ru[ɨ]ɡeʃ	0
nosaria	nɔzɐriɐ	nuzɐriɐ	n[ɔ]zɐriɐ	n[u]zɐriɐ	0
nosocomial	nɔzɔkumjaɫ	nuzukumiaɫ	n[ɔ]z[ɔ]kum[j]aɫ	n[u]z[u]kum[i]aɫ	0
nosocômico	nɔzɔkomiku	nuzukomiku	n[ɔ]z[ɔ]komiku	n[u]z[u]komiku	0
nosocómico	nɔzɔkɔmiku	nuzukɔmiku	n[ɔ]z[ɔ]kɔmiku	n[u]z[u]kɔmiku	0
nosocômio	nɔzɔkomju	nuzukomju	n[ɔ]z[ɔ]komju	n[u]z[u]komju	0
nosocómio	nɔzɔkɔmju	nuzukɔmju	n[ɔ]z[ɔ]kɔmju	n[u]z[u]kɔmju	0
nosocrático	nɔzɔkratiku	nuzukratiku	n[ɔ]z[ɔ]kratiku	n[u]z[u]kratiku	0
nosofobia	nɔzɔfubiɐ	nuzufubiɐ	n[ɔ]z[ɔ]fubiɐ	n[u]z[u]fubiɐ	0
nosófobo	nɔzɔfubu	nuzɔfubu	n[ɔ]zɔfubu	n[u]zɔfubu	0
nosogenia	nɔzɔʒɨniɐ	nuzuʒɨniɐ	n[ɔ]z[ɔ]ʒɨniɐ	n[u]z[u]ʒɨniɐ	0
nosogênico	nɔzɔʒeniku	nuzuʒeniku	n[ɔ]z[ɔ]ʒeniku	n[u]z[u]ʒeniku	0
nosogénico	nɔzɔʒɛniku	nuzuʒɛniku	n[ɔ]z[ɔ]ʒɛniku	n[u]z[u]ʒɛniku	0
nosografia	nɔzɔɡrɐfiɐ	nuzuɡrɐfiɐ	n[ɔ]z[ɔ]ɡrɐfiɐ	n[u]z[u]ɡrɐfiɐ	0
nosográfico	nɔzɔɡrafiku	nuzuɡrafiku	n[ɔ]z[ɔ]ɡrafiku	n[u]z[u]ɡrafiku	0
nosologia	nɔzɔluʒiɐ	nuzuluʒiɐ	n[ɔ]z[ɔ]luʒiɐ	n[u]z[u]luʒiɐ	0
nosologista	nɔzɔluʒiʃtɐ	nuzuluʒiʃtɐ	n[ɔ]z[ɔ]luʒiʃtɐ	n[u]z[u]luʒiʃtɐ	0
nosomancia	nɔzɔmɐ̃siɐ	nuzumɐ̃nsiɐ	n[ɔ]z[ɔ]mɐ̃[]siɐ	n[u]z[u]mɐ̃[n]siɐ	0
nosomaníaco	nɔzɔmɐniɐku	nuzumɐniɐku	n[ɔ]z[ɔ]mɐniɐku	n[u]z[u]mɐniɐku	0
nosomania	nɔzɔmɐniɐ	nuzumɐniɐ	n[ɔ]z[ɔ]mɐniɐ	n[u]z[u]mɐniɐ	0
nosomântica	nɔzɔmɐ̃tikɐ	nuzumɐ̃ntikɐ	n[ɔ]z[ɔ]mɐ̃[]tikɐ	n[u]z[u]mɐ̃[n]tikɐ	0
nosomântico	nɔzɔmɐ̃tiku	nuzumɐ̃ntiku	n[ɔ]z[ɔ]mɐ̃[]tiku	n[u]z[u]mɐ̃[n]tiku	0
nostofobia	nɔʃtɔfubiɐ	nuʃtufubiɐ	n[ɔ]ʃt[ɔ]fubiɐ	n[u]ʃt[u]fubiɐ	0
notambulismo	nɔtɐ̃buliʒmu	nutɐ̃mbuliʒmu	n[ɔ]tɐ̃[]buliʒmu	n[u]tɐ̃[m]buliʒmu	0
notidânidas	nɔtidɐnidɐʃ	nutidɐ̃nidɐʃ	n[ɔ]tidɐ[]nidɐʃ	n[u]tidɐ[̃]nidɐʃ	0
notidanídeos	nɔtidɐnidjuʃ	nutidɐnidiwʃ	n[ɔ]tidɐnidj[u]ʃ	n[u]tidɐnidi[w]ʃ	0
notinha	nɔtiɲɐ	nutiɲɐ	n[ɔ]tiɲɐ	n[u]tiɲɐ	0
notívago	nɔtivɐɡu	nutivɐɡu	n[ɔ]tivɐɡu	n[u]tivɐɡu	0
notocórdio	nɔtɔkɔrdju	nutukɔrdju	n[ɔ]t[ɔ]kɔrdju	n[u]t[u]kɔrdju	0
notodôntidas	nɔtɔdõtidɐʃ	nutudõntidɐʃ	n[ɔ]t[ɔ]dõtidɐʃ[]	n[u]t[u]dõntidɐ[ʃ]	0
notodontídeos	nɔtɔdõtidjuʃ	nutudõntidiwʃ	n[ɔ]t[ɔ]dõtidjuʃ[]	n[u]t[u]dõntidiw[ʃ]	0
notossáurio	nɔtɔsawrju	nutusawriw	n[ɔ]t[ɔ]sawrj[u]	n[u]t[u]sawri[w]	0
noturnal	nɔturnaɫ	nuturnaɫ	n[ɔ]turnaɫ	n[u]turnaɫ	0
noturno	nɔturnu	nuturnu	n[ɔ]turnu	n[u]turnu	0
nova-iorquino	nɔvɐjɔrkinu	nɔvɐiurkinu	nɔvɐj[ɔ]rkinu	nɔvɐi[u]rkinu	0
novecentista	nɔvɨsẽtiʃtɐ	nuvɨsẽntiʃtɐ	n[ɔ]vɨsẽti[ʃ]tɐ[]	n[u]vɨsẽn[]tiʃt[ɐ]	0
novenervado	nɔvinɨrvadu	nuvɨnɨrvadu	n[ɔ]v[i]nɨrvadu	n[u]v[ɨ]nɨrvadu	0
novenvirado	nɔvẽviradu	nuvẽnviradu	n[ɔ]vẽviradu[]	n[u]vẽnvirad[u]	0
novenvirato	nɔvẽviratu	nuvẽnviratu	n[ɔ]vẽviratu[]	n[u]vẽnvirat[u]	0
novênviro	nɔvẽviru	nuvẽnviru	n[ɔ]vẽviru[]	n[u]vẽnvir[u]	0
novilatino	nɔvilɐtinu	nuvilɐtinu	n[ɔ]vilɐtinu	n[u]vilɐtinu	0
novilunar	nɔvilunar	nuvilunar	n[ɔ]vilunar	n[u]vilunar	0
novilúnio	nɔvilunju	nuvilunju	n[ɔ]vilunju	n[u]vilunju	0
noviorquino	nɔvjɔrkinu	nuviurkinu	n[ɔ]vj[ɔ]rkinu	n[u]vi[u]rkinu	0
novocaína	nɔvɔkɐinɐ	nuvukɐinɐ	n[ɔ]v[ɔ]kɐinɐ	n[u]v[u]kɐinɐ	0
nozelha	nɔzɐjʎɐ	nuzeʎɐ	n[ɔ]zɐ[j]ʎɐ	n[u]ze[]ʎɐ	0
nucleofilamento	nukljɔfilɐmẽtu	nukliufilɐmẽntu	nuklj[ɔ]filɐmẽtu[]	nukli[u]filɐmẽnt[u]	0
nucléolo	nuklɛulu	nuklɛɔlu	nuklɛ[u]lu	nuklɛ[ɔ]lu	0
nucleoplasma	nukljɔplaʒmɐ	nukliuplaʒmɐ	nuklj[ɔ]plaʒmɐ	nukli[u]plaʒmɐ	0
nucleoplasmático	nukljɔplɐʒmatiku	nukliuplɐʒmatiku	nuklj[ɔ]plɐʒmatiku	nukli[u]plɐʒmatiku	0
nucleossoma	nukljɔsomɐ	nukliusomɐ	nuklj[ɔ]somɐ	nukli[u]somɐ	0
nucleossomo	nukljɔsomu	nukliusomu	nuklj[ɔ]somu	nukli[u]somu	0
oanda	ɔɐ̃dɐ	uɐ̃ndɐ	[ɔ]ɐ̃[]dɐ	[u]ɐ̃[n]dɐ	0
oaristo	ɔɐriʃtu	uɐriʃtu	[ɔ]ɐriʃtu	[u]ɐriʃtu	0
oásico	ɔaziku	uaziku	[ɔ]aziku	[u]aziku	0
ocipitocervical	ɔsipitɔsɨrvikaɫ	ɔsipituservikaɫ	ɔsipit[ɔ]s[ɨ]rvikaɫ	ɔsipit[u]s[e]rvikaɫ	0
ocipitofrontal	ɔsipitɔfrõtaɫ	ɔsipitufrõntaɫ	ɔsipit[ɔ]frõtaɫ[]	ɔsipit[u]frõnta[ɫ]	0
ocipitoparietal	ɔsipitɔpɐrjɛtaɫ	ɔsipitupɐriɨtaɫ	ɔsipit[ɔ]pɐrj[ɛ]taɫ	ɔsipit[u]pɐri[ɨ]taɫ	0
ocipitotemporal	ɔsipitɔtẽpuraɫ	ɔsipitutẽmpuraɫ	ɔsipit[ɔ]tẽpuraɫ[]	ɔsipit[u]tẽmpura[ɫ]	0
ocipitovertebral	ɔsipitɔvɨrtɨbraɫ	ɔsipituvertɨbraɫ	ɔsipit[ɔ]v[ɨ]rtɨbraɫ	ɔsipit[u]v[e]rtɨbraɫ	0
ocitocina	ɔsitɔsinɐ	ɔsitusinɐ	ɔsit[ɔ]sinɐ	ɔsit[u]sinɐ	0
oclocracia	ɔklɔkrɐsiɐ	ɔklukrɐsiɐ	ɔkl[ɔ]krɐsiɐ	ɔkl[u]krɐsiɐ	0
oclocrático	ɔklɔkratiku	ɔklukratiku	ɔkl[ɔ]kratiku	ɔkl[u]kratiku	0
oclofobia	ɔklɔfubiɐ	ɔklufubiɐ	ɔkl[ɔ]fubiɐ	ɔkl[u]fubiɐ	0
ocrocéfalo	ɔkrɔsɛfɐlu	ɔkrusɛfɐlu	ɔkr[ɔ]sɛfɐlu	ɔkr[u]sɛfɐlu	0
ocrodermia	ɔkrɔdɨrmiɐ	ɔkrudɨrmiɐ	ɔkr[ɔ]dɨrmiɐ	ɔkr[u]dɨrmiɐ	0
oculofacial	ɔkulɔfɐsjaɫ	ɔkulufɐsiaɫ	ɔkul[ɔ]fɐs[j]aɫ	ɔkul[u]fɐs[i]aɫ	0
oculomotor	ɔkulɔmutor	ɔkulumutor	ɔkul[ɔ]mutor	ɔkul[u]mutor	0
oculonasal	ɔkulɔnɐzaɫ	ɔkulunɐzaɫ	ɔkul[ɔ]nɐzaɫ	ɔkul[u]nɐzaɫ	0
oculopalpebral	ɔkulɔpaɫpɨbraɫ	ɔkulupaɫpɨbraɫ	ɔkul[ɔ]paɫpɨbraɫ	ɔkul[u]paɫpɨbraɫ	0
odinofagia	ɔdinɔfɐʒiɐ	ɔdinufɐʒiɐ	ɔdin[ɔ]fɐʒiɐ	ɔdin[u]fɐʒiɐ	0
odivelense	udivɨlẽsɨ	ɔdivɨlẽnsɨ	[u]divɨlẽsɨ[]	[ɔ]divɨlẽns[ɨ]	0
odometria	ɔdɔmɨtriɐ	ɔdumɨtriɐ	ɔd[ɔ]mɨtriɐ	ɔd[u]mɨtriɐ	0
odométrico	ɔdɔmɛtriku	ɔdumɛtriku	ɔd[ɔ]mɛtriku	ɔd[u]mɛtriku	0
odorifumante	ɔdɔrifumɐ̃tɨ	ɔdurifumɐ̃ntɨ	ɔd[ɔ]rifumɐ̃[]tɨ	ɔd[u]rifumɐ̃[n]tɨ	0
odorimetria	ɔdɔrimɨtriɐ	ɔdurimɨtriɐ	ɔd[ɔ]rimɨtriɐ	ɔd[u]rimɨtriɐ	0
oferenda	ufɨrẽdɐ	ɔfɨrẽndɐ	[u]fɨrẽdɐ[]	[ɔ]fɨrẽnd[ɐ]	0
ofidiofobia	ɔfidjɔfubiɐ	ɔfidiufubiɐ	ɔfidj[ɔ]fubiɐ	ɔfidi[u]fubiɐ	0
ofiocéfalo	ɔfjɔsɛfɐlu	ɔfiusɛfɐlu	ɔfj[ɔ]sɛfɐlu	ɔfi[u]sɛfɐlu	0
ofiofagia	ɔfjɔfɐʒiɐ	ɔfiufɐʒiɐ	ɔfj[ɔ]fɐʒiɐ	ɔfi[u]fɐʒiɐ	0
ofiofobia	ɔfjɔfubiɐ	ɔfiufubiɐ	ɔfj[ɔ]fubiɐ	ɔfi[u]fubiɐ	0
ofioglossácea	ɔfjɔɡlusasjɐ	ɔfiuɡlusasiɐ	ɔfj[ɔ]ɡlusas[j]ɐ	ɔfi[u]ɡlusas[i]ɐ	0
ofioglossáceas	ɔfjɔɡlusasjɐʃ	ɔfiuɡlusasiɐʃ	ɔfj[ɔ]ɡlusas[j]ɐʃ	ɔfi[u]ɡlusas[i]ɐʃ	0
ofioglosso	ɔfjɔɡlɔsu	ɔfiuɡlɔsu	ɔfj[ɔ]ɡlɔsu	ɔfi[u]ɡlɔsu	0
ofiografia	ɔfjɔɡrɐfiɐ	ɔfiuɡrɐfiɐ	ɔfj[ɔ]ɡrɐfiɐ	ɔfi[u]ɡrɐfiɐ	0
ofiográfico	ɔfjɔɡrafiku	ɔfiuɡrafiku	ɔfj[ɔ]ɡrafiku	ɔfi[u]ɡrafiku	0
oftalmometria	ɔftaɫmɔmɨtriɐ	ɔftaɫmumɨtriɐ	ɔftaɫm[ɔ]mɨtriɐ	ɔftaɫm[u]mɨtriɐ	0
oftalmopatia	ɔftaɫmɔpɐtiɐ	ɔftaɫmupɐtiɐ	ɔftaɫm[ɔ]pɐtiɐ	ɔftaɫm[u]pɐtiɐ	0
oftalmoplastia	ɔftaɫmɔplɐʃtiɐ	ɔftaɫmuplɐʃtiɐ	ɔftaɫm[ɔ]plɐʃtiɐ	ɔftaɫm[u]plɐʃtiɐ	0
oftalmoplegia	ɔftaɫmɔplɛʒiɐ	ɔftaɫmuplɨʒiɐ	ɔftaɫm[ɔ]pl[ɛ]ʒiɐ	ɔftaɫm[u]pl[ɨ]ʒiɐ	0
oftalmoscopia	ɔftaɫmɔʃkupiɐ	ɔftaɫmuʃkupiɐ	ɔftaɫm[ɔ]ʃkupiɐ	ɔftaɫm[u]ʃkupiɐ	0
oftalmoscópio	ɔftaɫmɔʃkɔpju	ɔftaɫmuʃkɔpju	ɔftaɫm[ɔ]ʃkɔpju	ɔftaɫm[u]ʃkɔpju	0
oftalmoterapia	ɔftaɫmɔtɨrɐpiɐ	ɔftaɫmuterɐpiɐ	ɔftaɫm[ɔ]t[ɨ]rɐpiɐ	ɔftaɫm[u]t[e]rɐpiɐ	0
oftalmoterápico	ɔftaɫmɔtɨrapiku	ɔftaɫmutɨrapiku	ɔftaɫm[ɔ]tɨrapiku	ɔftaɫm[u]tɨrapiku	0
oftalmotomia	ɔftaɫmɔtumiɐ	ɔftaɫmutumiɐ	ɔftaɫm[ɔ]tumiɐ	ɔftaɫm[u]tumiɐ	0
ogdoédrico	ɔɡdɔɛdriku	ɔɡduɛdriku	ɔɡd[ɔ]ɛdriku	ɔɡd[u]ɛdriku	0
oídio	ɔidju	uidju	[ɔ]idju	[u]idju	0
oïl	ɔiɫ	uiɫ	[ɔ]iɫ	[u]iɫ	0
oleoduto	ɔljɔdutu	ɔliudutu	ɔlj[ɔ]dutu	ɔli[u]dutu	0
oleogênese	ɔljɔʒenɨzɨ	ɔliuʒenɨzɨ	ɔlj[ɔ]ʒenɨzɨ	ɔli[u]ʒenɨzɨ	0
oleogénese	ɔljɔʒɛnɨzɨ	ɔliuʒɛnɨzɨ	ɔlj[ɔ]ʒɛnɨzɨ	ɔli[u]ʒɛnɨzɨ	0
oleogravura	ɔljɔɡrɐvurɐ	ɔliuɡrɐvurɐ	ɔlj[ɔ]ɡrɐvurɐ	ɔli[u]ɡrɐvurɐ	0
oleorresina	ɔljɔʀɨzinɐ	ɔliuʀɨzinɐ	ɔlj[ɔ]ʀɨzinɐ	ɔli[u]ʀɨzinɐ	0
oleorresinoso	ɔljɔʀɨzinozu	ɔliuʀɨzinozu	ɔlj[ɔ]ʀɨzinozu	ɔli[u]ʀɨzinozu	0
olfatometria	ɔɫfɐtɔmɨtriɐ	ɔɫfɐtumɨtriɐ	ɔɫfɐt[ɔ]mɨtriɐ	ɔɫfɐt[u]mɨtriɐ	0
oligocênico	ɔliɡɔseniku	ɔliɡuseniku	ɔliɡ[ɔ]seniku	ɔliɡ[u]seniku	0
oligocénico	ɔliɡɔsɛniku	ɔliɡusɛniku	ɔliɡ[ɔ]sɛniku	ɔliɡ[u]sɛniku	0
oligoceno	ɔliɡɔsenu	ɔliɡusenu	ɔliɡ[ɔ]senu	ɔliɡ[u]senu	0
oligoclásio	ɔliɡɔklazju	ɔliɡuklazju	ɔliɡ[ɔ]klazju	ɔliɡ[u]klazju	0
oligoclaso	ɔliɡɔklazu	ɔliɡuklazu	ɔliɡ[ɔ]klazu	ɔliɡ[u]klazu	0
oligocracia	ɔliɡɔkrɐsiɐ	ɔliɡukrɐsiɐ	ɔliɡ[ɔ]krɐsiɐ	ɔliɡ[u]krɐsiɐ	0
oligocrático	ɔliɡɔkratiku	ɔliɡukratiku	ɔliɡ[ɔ]kratiku	ɔliɡ[u]kratiku	0
oligodacria	ɔliɡɔdɐkriɐ	ɔliɡudɐkriɐ	ɔliɡ[ɔ]dɐkriɐ	ɔliɡ[u]dɐkriɐ	0
oligodipsia	ɔliɡɔdipsiɐ	ɔliɡudipsiɐ	ɔliɡ[ɔ]dipsiɐ	ɔliɡ[u]dipsiɐ	0
oligofagia	ɔliɡɔfɐʒiɐ	ɔliɡufɐʒiɐ	ɔliɡ[ɔ]fɐʒiɐ	ɔliɡ[u]fɐʒiɐ	0
oligofilo	ɔliɡɔfilu	ɔliɡufilu	ɔliɡ[ɔ]filu	ɔliɡ[u]filu	0
oligofrenia	ɔliɡɔfrɨniɐ	ɔliɡufrɨniɐ	ɔliɡ[ɔ]frɨniɐ	ɔliɡ[u]frɨniɐ	0
oligofrênico	ɔliɡɔfreniku	ɔliɡufreniku	ɔliɡ[ɔ]freniku	ɔliɡ[u]freniku	0
oligofrénico	ɔliɡɔfrɛniku	ɔliɡufrɛniku	ɔliɡ[ɔ]frɛniku	ɔliɡ[u]frɛniku	0
oligolecítico	ɔliɡɔlɨsitiku	ɔliɡulɨsitiku	ɔliɡ[ɔ]lɨsitiku	ɔliɡ[u]lɨsitiku	0
oligolécito	ɔliɡɔlɛsitu	ɔliɡulɛsitu	ɔliɡ[ɔ]lɛsitu	ɔliɡ[u]lɛsitu	0
oligopólio	ɔliɡɔpɔlju	ɔliɡupɔlju	ɔliɡ[ɔ]pɔlju	ɔliɡ[u]pɔlju	0
oligopsiquia	ɔliɡɔpsikiɐ	ɔliɡupsikiɐ	ɔliɡ[ɔ]psikiɐ	ɔliɡ[u]psikiɐ	0
oligopsônio	ɔliɡɔpsonju	ɔliɡupsonju	ɔliɡ[ɔ]psonju	ɔliɡ[u]psonju	0
oligopsónio	ɔliɡɔpsɔnju	ɔliɡupsɔnju	ɔliɡ[ɔ]psɔnju	ɔliɡ[u]psɔnju	0
oligoquetas	ɔliɡɔkɛtɐʃ	ɔliɡuketɐʃ	ɔliɡ[ɔ]k[ɛ]tɐʃ	ɔliɡ[u]k[e]tɐʃ	0
oligospermia	ɔliɡɔʃpɨrmiɐ	ɔliɡuʃpɨrmiɐ	ɔliɡ[ɔ]ʃpɨrmiɐ	ɔliɡ[u]ʃpɨrmiɐ	0
oligospermo	ɔliɡɔʃpɛrmu	ɔliɡuʃpermu	ɔliɡ[ɔ]ʃp[ɛ]rmu	ɔliɡ[u]ʃp[e]rmu	0
oligotrofia	ɔliɡɔtrufia	ɔliɡutrufiɐ	ɔliɡ[ɔ]trufi[a]	ɔliɡ[u]trufi[ɐ]	0
oligotrófico	ɔliɡɔtrɔfiku	ɔliɡutrɔfiku	ɔliɡ[ɔ]trɔfiku	ɔliɡ[u]trɔfiku	0
olivençano	ulivẽsɐnu	ɔlivẽnsɐ̃nu	[u]livẽs[ɐ]nu[]	[ɔ]livẽ[]nsɐ̃n[u]	0
oliventino	ulivẽtinu	ɔlivẽntinu	[u]livẽt[i]nu[]	[ɔ]livẽ[]ntin[u]	0
omnimodamente	ɔmnimudɐmẽtɨ	ɔmnimɔdɐmẽntɨ	ɔmnim[u]dɐmẽtɨ[]	ɔmnim[ɔ]dɐmẽnt[ɨ]	0
omoclavicular	ɔmɔklɐvikular	ɔmuklɐvikular	ɔm[ɔ]klɐvikular	ɔm[u]klɐvikular	0
omofagia	ɔmɔfɐʒiɐ	ɔmufɐʒiɐ	ɔm[ɔ]fɐʒiɐ	ɔm[u]fɐʒiɐ	0
omoplata	ɔmɔplatɐ	ɔmuplatɐ	ɔm[ɔ]platɐ	ɔm[u]platɐ	0
omosterno	ɔmɔʃtɛrnu	ɔmuʃtɛrnu	ɔm[ɔ]ʃtɛrnu	ɔm[u]ʃtɛrnu	0
oneomania	ɔnɛɔmɐniɐ	ɔniumɐniɐ	ɔnɛ[ɔ]mɐniɐ	ɔni[u]mɐniɐ	0
onicodinia	ɔnikɔdiniɐ	ɔnikudiniɐ	ɔnik[ɔ]diniɐ	ɔnik[u]diniɐ	0
onicofagia	ɔnikɔfɐʒiɐ	ɔnikufɐʒiɐ	ɔnik[ɔ]fɐʒiɐ	ɔnik[u]fɐʒiɐ	0
onicomicose	ɔnikɔmikɔzɨ	ɔnikumikɔzɨ	ɔnik[ɔ]mikɔzɨ	ɔnik[u]mikɔzɨ	0
onicopatia	ɔnikɔpɐtiɐ	ɔnikupɐtiɐ	ɔnik[ɔ]pɐtiɐ	ɔnik[u]pɐtiɐ	0
onicopático	ɔnikɔpatiku	ɔnikupatiku	ɔnik[ɔ]patiku	ɔnik[u]patiku	0
onimodamente	ɔnimudɐmẽtɨ	ɔnimɔdɐmẽntɨ	ɔnim[u]dɐmẽtɨ[]	ɔnim[ɔ]dɐmẽnt[ɨ]	0
oniomania	ɔnjɔmɐniɐ	ɔniumɐniɐ	ɔnj[ɔ]mɐniɐ	ɔni[u]mɐniɐ	0
onirocrisia	ɔnirɔkriziɐ	ɔnirukriziɐ	ɔnir[ɔ]kriziɐ	ɔnir[u]kriziɐ	0
onirodinia	ɔnirɔdiniɐ	ɔnirudiniɐ	ɔnir[ɔ]diniɐ	ɔnir[u]diniɐ	0
onocentauro	ɔnɔsẽtawru	ɔnusẽntawru	ɔn[ɔ]sẽtawru[]	ɔn[u]sẽntawr[u]	0
onomancia	ɔnɔmɐ̃siɐ	ɔnumɐ̃nsiɐ	ɔn[ɔ]mɐ̃[]siɐ	ɔn[u]mɐ̃[n]siɐ	0
onomasiologia	ɔnɔmɐzjuluʒiɐ	ɔnumɐziuluʒiɐ	ɔn[ɔ]mɐz[j]uluʒiɐ	ɔn[u]mɐz[i]uluʒiɐ	0
onomasiológico	ɔnɔmɐzjulɔʒiku	ɔnumɐziulɔʒiku	ɔn[ɔ]mɐz[j]ulɔʒiku	ɔn[u]mɐz[i]ulɔʒiku	0
onomatologia	ɔnɔmɐtuluʒiɐ	ɔnumɐtuluʒiɐ	ɔn[ɔ]mɐtuluʒiɐ	ɔn[u]mɐtuluʒiɐ	0
onomatológico	ɔnɔmɐtulɔʒiku	ɔnumɐtulɔʒiku	ɔn[ɔ]mɐtulɔʒiku	ɔn[u]mɐtulɔʒiku	0
onomatólogo	ɔnɔmɐtɔluɡu	ɔnumɐtɔluɡu	ɔn[ɔ]mɐtɔluɡu	ɔn[u]mɐtɔluɡu	0
onomatomancia	ɔnɔmɐtɔmɐ̃siɐ	ɔnumɐtumɐ̃nsiɐ	ɔn[ɔ]mɐt[ɔ]mɐ̃[]siɐ	ɔn[u]mɐt[u]mɐ̃[n]siɐ	0
onomatomania	ɔnɔmɐtɔmɐniɐ	ɔnumɐtumɐniɐ	ɔn[ɔ]mɐt[ɔ]mɐniɐ	ɔn[u]mɐt[u]mɐniɐ	0
onomatopaico	ɔnɔmɐtupajku	ɔnumɐtupajku	ɔn[ɔ]mɐtupajku	ɔn[u]mɐtupajku	0
onomatopeia	ɔnɔmɐtupɐjɐ	ɔnumɐtupɛjɐ	ɔn[ɔ]mɐtup[ɐ]jɐ	ɔn[u]mɐtup[ɛ]jɐ	0
onomatopéia	ɔnɔmɐtupɐjɐ	ɔnumɐtupɛjɐ	ɔn[ɔ]mɐtup[ɐ]jɐ	ɔn[u]mɐtup[ɛ]jɐ	0
onomatopeico	ɔnɔmɐtupɐjku	ɔnumɐtupɐjku	ɔn[ɔ]mɐtupɐjku	ɔn[u]mɐtupɐjku	0
onomatopéico	ɔnɔmɐtupɐjku	ɔnumɐtupɛjku	ɔn[ɔ]mɐtup[ɐ]jku	ɔn[u]mɐtup[ɛ]jku	0
onomatópico	ɔnɔmɐtɔpiku	ɔnumɐtɔpiku	ɔn[ɔ]mɐtɔpiku	ɔn[u]mɐtɔpiku	0
ooblasto	ɔɔblaʃtu	uublaʃtu	ɔ[ɔ]blaʃtu	u[u]blaʃtu	0
oócito	ɔɔsitu	uɔsitu	[ɔ]ɔsitu	[u]ɔsitu	0
ooforalgia	ɔɔfɔraɫʒiɐ	uufuraɫʒiɐ	ɔ[ɔ]f[ɔ]raɫʒiɐ	u[u]f[u]raɫʒiɐ	0
ooforectomia	ɔɔfɔrɛktumiɐ	uufurɛtumiɐ	ɔ[ɔ]f[ɔ]rɛ[k]tumiɐ	u[u]f[u]rɛ[]tumiɐ	0
ooforectômico	ɔɔfurɛktomiku	uufurɛtomiku	ɔ[ɔ]furɛ[k]tomiku	u[u]furɛ[]tomiku	0
ooforectómico	ɔɔfurɛktɔmiku	uufurɛtɔmiku	ɔ[ɔ]furɛ[k]tɔmiku	u[u]furɛ[]tɔmiku	0
ooforite	ɔɔfuritɨ	uufuritɨ	ɔ[ɔ]furitɨ	u[u]furitɨ	0
ooforodinia	ɔɔfɔrɔdiniɐ	uufurudiniɐ	ɔ[ɔ]f[ɔ]r[ɔ]diniɐ	u[u]f[u]r[u]diniɐ	0
oogamia	ɔɔɡɐmiɐ	uuɡɐmiɐ	ɔ[ɔ]ɡɐmiɐ	u[u]ɡɐmiɐ	0
oogâmico	ɔɔɡɐmiku	uuɡɐ̃miku	ɔ[ɔ]ɡɐ[]miku	u[u]ɡɐ[̃]miku	0
oógamo	ɔɔɡɐmu	uɔɡɐmu	[ɔ]ɔɡɐmu	[u]ɔɡɐmu	0
oogênese	ɔɔʒenɨzɨ	uuʒenɨzɨ	ɔ[ɔ]ʒenɨzɨ	u[u]ʒenɨzɨ	0
oogénese	ɔɔʒɛnɨzɨ	uuʒɛnɨzɨ	ɔ[ɔ]ʒɛnɨzɨ	u[u]ʒɛnɨzɨ	0
oogenia	ɔɔʒɨniɐ	uuʒɨniɐ	ɔ[ɔ]ʒɨniɐ	u[u]ʒɨniɐ	0
oogônia	ɔɔɡonjɐ	uuɡonjɐ	ɔ[ɔ]ɡonjɐ	u[u]ɡonjɐ	0
oogónia	ɔɔɡɔnjɐ	uuɡɔnjɐ	ɔ[ɔ]ɡɔnjɐ	u[u]ɡɔnjɐ	0
oogônio	ɔɔɡonju	uuɡonju	ɔ[ɔ]ɡonju	u[u]ɡonju	0
oogónio	ɔɔɡɔnju	uuɡɔnju	ɔ[ɔ]ɡɔnju	u[u]ɡɔnju	0
oolítico	ɔɔlitiku	uulitiku	ɔ[ɔ]litiku	u[u]litiku	0
oólito	ɔɔlitu	uɔlitu	[ɔ]ɔlitu	[u]ɔlitu	0
oologia	ɔɔluʒiɐ	uuluʒiɐ	ɔ[ɔ]luʒiɐ	u[u]luʒiɐ	0
oológico	ɔɔlɔʒiku	uulɔʒiku	ɔ[ɔ]lɔʒiku	u[u]lɔʒiku	0
oomancia	ɔɔmɐ̃siɐ	uumɐ̃nsiɐ	ɔ[ɔ]mɐ̃[]siɐ	u[u]mɐ̃[n]siɐ	0
oó	ɔɔ	uɔ	[ɔ]ɔ	[u]ɔ	0
ooscopia	ɔɔʃkupiɐ	uuʃkupiɐ	ɔ[ɔ]ʃkupiɐ	u[u]ʃkupiɐ	0
oose	ɔɔzɨ	uɔzɨ	[ɔ]ɔzɨ	[u]ɔzɨ	0
oosfera	ɔɔʃfɛrɐ	uuʃfɛrɐ	ɔ[ɔ]ʃfɛrɐ	u[u]ʃfɛrɐ	0
ooteca	ɔɔtɛkɐ	uutɛkɐ	ɔ[ɔ]tɛkɐ	u[u]tɛkɐ	0
oótipo	ɔɔtipu	uɔtipu	[ɔ]ɔtipu	[u]ɔtipu	0
opiofagia	ɔpjɔfɐʒiɐ	ɔpiufɐʒiɐ	ɔpj[ɔ]fɐʒiɐ	ɔpi[u]fɐʒiɐ	0
opiomania	ɔpjɔmɐniɐ	ɔpiumɐniɐ	ɔpj[ɔ]mɐniɐ	ɔpi[u]mɐniɐ	0
opistobrânquio	ɔpiʃtɔbrɐ̃kju	ɔpiʃtubrɐ̃nkiw	ɔpiʃt[ɔ]brɐ̃[]kj[u]	ɔpiʃt[u]brɐ̃[n]ki[w]	0
opistocélico	ɔpiʃtɔsɛlju	ɔpiʃtusɛliku	ɔpiʃt[ɔ]sɛlj[]u	ɔpiʃt[u]sɛli[k]u	0
opistogástrico	ɔpiʃtɔɡaʃtriku	ɔpiʃtuɡaʃtriku	ɔpiʃt[ɔ]ɡaʃtriku	ɔpiʃt[u]ɡaʃtriku	0
opistopária	ɔpiʃtɔparjɐ	ɔpiʃtuparjɐ	ɔpiʃt[ɔ]parjɐ	ɔpiʃt[u]parjɐ	0
opistotónico	ɔpiʃtɔtɔniku	ɔpiʃtutɔniku	ɔpiʃt[ɔ]tɔniku	ɔpiʃt[u]tɔniku	0
opobalsameira	ɔpɔbaɫsɐmɐjrɐ	ɔpubaɫsɐmɐjrɐ	ɔp[ɔ]baɫsɐmɐjrɐ	ɔp[u]baɫsɐmɐjrɐ	0
opobálsamo	ɔpɔbaɫsɐmu	ɔpubaɫsɐmu	ɔp[ɔ]baɫsɐmu	ɔp[u]baɫsɐmu	0
opocéfalo	ɔpɔsɛfɐlu	ɔpusɛfɐlu	ɔp[ɔ]sɛfɐlu	ɔp[u]sɛfɐlu	0
opodeldoque	ɔpɔdɛɫdɔkɨ	ɔpudɨɫdɔkɨ	ɔp[ɔ]d[ɛ]ɫdɔkɨ	ɔp[u]d[ɨ]ɫdɔkɨ	0
opopânace	ɔpɔpɐnɐsɨ	ɔpupɐ̃nɐsɨ	ɔp[ɔ]pɐ[]nɐsɨ	ɔp[u]pɐ[̃]nɐsɨ	0
opossum	ɔpɔsũ	ɔpusũm	ɔp[ɔ]sũ[]	ɔp[u]sũ[m]	0
opoterapia	ɔpɔtɨrɐpiɐ	ɔputerɐpiɐ	ɔp[ɔ]t[ɨ]rɐpiɐ	ɔp[u]t[e]rɐpiɐ	0
opoterápico	ɔpɔtɨrapiku	ɔputɨrapiku	ɔp[ɔ]tɨrapiku	ɔp[u]tɨrapiku	0
opsiometria	ɔpsjɔmɨtriɐ	ɔpsiumɨtriɐ	ɔpsj[ɔ]mɨtriɐ	ɔpsi[u]mɨtriɐ	0
opsiométrico	ɔpsjɔmɛtriku	ɔpsiumɛtriku	ɔpsj[ɔ]mɛtriku	ɔpsi[u]mɛtriku	0
opsomania	ɔpsɔmɐniɐ	ɔpsumɐniɐ	ɔps[ɔ]mɐniɐ	ɔps[u]mɐniɐ	0
opticometria	ɔptikɔmɨtriɐ	ɔptikumɨtriɐ	ɔptik[ɔ]mɨtriɐ	ɔptik[u]mɨtriɐ	0
opticométrico	ɔptikɔmɛtriku	ɔptikumɛtriku	ɔptik[ɔ]mɛtriku	ɔptik[u]mɛtriku	0
optofone	ɔptɔfɔnɨ	ɔptufonɨ	ɔpt[ɔ]f[ɔ]nɨ	ɔpt[u]f[o]nɨ	0
optografia	ɔptɔɡrɐfiɐ	ɔptuɡrɐfiɐ	ɔpt[ɔ]ɡrɐfiɐ	ɔpt[u]ɡrɐfiɐ	0
optometria	ɔptɔmɨtriɐ	ɔptumɨtriɐ	ɔpt[ɔ]mɨtriɐ	ɔpt[u]mɨtriɐ	0
optométrico	ɔptɔmɛtriku	ɔptumɛtriku	ɔpt[ɔ]mɛtriku	ɔpt[u]mɛtriku	0
optometrista	ɔptɔmɨtriʃtɐ	ɔptumɨtriʃtɐ	ɔpt[ɔ]mɨtriʃtɐ	ɔpt[u]mɨtriʃtɐ	0
ordeirismo	urdɐjriʒmu	ɔrdɐjriʒmu	[u]rdɐjriʒmu	[ɔ]rdɐjriʒmu	0
orégano	urɛɡɐnu	ɔrɛɡɐnu	[u]rɛɡɐnu	[ɔ]rɛɡɐnu	0
oreopiteco	ɔrjɔpitɛku	ɔriupitɛku	ɔrj[ɔ]pitɛku	ɔri[u]pitɛku	0
organofosfato	ɔrɡɐnɔfuʃfatu	ɔrɡɐnufuʃfatu	ɔrɡɐn[ɔ]fuʃfatu	ɔrɡɐn[u]fuʃfatu	0
organofosforado	ɔrɡɐnɔfuʃfuradu	ɔrɡɐnufuʃfuradu	ɔrɡɐn[ɔ]fuʃfuradu	ɔrɡɐn[u]fuʃfuradu	0
organogênese	ɔrɡɐnɔʒenɨzɨ	ɔrɡɐnuʒenɨzɨ	ɔrɡɐn[ɔ]ʒenɨzɨ	ɔrɡɐn[u]ʒenɨzɨ	0
organogénese	ɔrɡɐnɔʒɛnɨzɨ	ɔrɡɐnuʒɛnɨzɨ	ɔrɡɐn[ɔ]ʒɛnɨzɨ	ɔrɡɐn[u]ʒɛnɨzɨ	0
organogenesia	ɔrɡɐnɔʒɨnɨziɐ	ɔrɡɐnuʒɨnɨziɐ	ɔrɡɐn[ɔ]ʒɨnɨziɐ	ɔrɡɐn[u]ʒɨnɨziɐ	0
organogenésico	ɔrɡɐnɔʒɨnɛziku	ɔrɡɐnuʒɨnɛziku	ɔrɡɐn[ɔ]ʒɨnɛziku	ɔrɡɐn[u]ʒɨnɛziku	0
organogenético	ɔrɡɐnɔʒɨnɛtiku	ɔrɡɐnuʒɨnɛtiku	ɔrɡɐn[ɔ]ʒɨnɛtiku	ɔrɡɐn[u]ʒɨnɛtiku	0
organogenia	ɔrɡɐnɔʒɨniɐ	ɔrɡɐnuʒɨniɐ	ɔrɡɐn[ɔ]ʒɨniɐ	ɔrɡɐn[u]ʒɨniɐ	0
organogênico	ɔrɡɐnɔʒeniku	ɔrɡɐnuʒeniku	ɔrɡɐn[ɔ]ʒeniku	ɔrɡɐn[u]ʒeniku	0
organogénico	ɔrɡɐnɔʒɛniku	ɔrɡɐnuʒɛniku	ɔrɡɐn[ɔ]ʒɛniku	ɔrɡɐn[u]ʒɛniku	0
organografia	ɔrɡɐnɔɡrɐfiɐ	ɔrɡɐnuɡrɐfiɐ	ɔrɡɐn[ɔ]ɡrɐfiɐ	ɔrɡɐn[u]ɡrɐfiɐ	0
organográfico	ɔrɡɐnɔɡrafiku	ɔrɡɐnuɡrafiku	ɔrɡɐn[ɔ]ɡrafiku	ɔrɡɐn[u]ɡrafiku	0
organograma	ɔrɡɐnɔɡrɐmɐ	ɔrɡɐnuɡrɐ̃mɐ	ɔrɡɐn[ɔ]ɡrɐ[]mɐ	ɔrɡɐn[u]ɡrɐ[̃]mɐ	0
organoléptico	ɔrɡɐnɔlɛptiku	ɔrɡɐnulɛptiku	ɔrɡɐn[ɔ]lɛptiku	ɔrɡɐn[u]lɛptiku	0
organolético	ɔrɡɐnɔlɛtiku	ɔrɡɐnulɛtiku	ɔrɡɐn[ɔ]lɛtiku	ɔrɡɐn[u]lɛtiku	0
organometálico	ɔrɡɐnɔmɨtaliku	ɔrɡɐnumɨtaliku	ɔrɡɐn[ɔ]mɨtaliku	ɔrɡɐn[u]mɨtaliku	0
organonímia	ɔrɡɐnɔnimjɐ	ɔrɡɐnunimjɐ	ɔrɡɐn[ɔ]nimjɐ	ɔrɡɐn[u]nimjɐ	0
organonímico	ɔrɡɐnɔnimiku	ɔrɡɐnunimiku	ɔrɡɐn[ɔ]nimiku	ɔrɡɐn[u]nimiku	0
organopatia	ɔrɡɐnɔpɐtiɐ	ɔrɡɐnupɐtiɐ	ɔrɡɐn[ɔ]pɐtiɐ	ɔrɡɐn[u]pɐtiɐ	0
organoplastia	ɔrɡɐnɔplɐʃtiɐ	ɔrɡɐnuplɐʃtiɐ	ɔrɡɐn[ɔ]plɐʃtiɐ	ɔrɡɐn[u]plɐʃtiɐ	0
organoplástico	ɔrɡɐnɔplaʃtiku	ɔrɡɐnuplaʃtiku	ɔrɡɐn[ɔ]plaʃtiku	ɔrɡɐn[u]plaʃtiku	0
organoscopia	ɔrɡɐnɔʃkupiɐ	ɔrɡɐnuʃkupiɐ	ɔrɡɐn[ɔ]ʃkupiɐ	ɔrɡɐn[u]ʃkupiɐ	0
organoscópico	ɔrɡɐnɔʃkɔpiku	ɔrɡɐnuʃkɔpiku	ɔrɡɐn[ɔ]ʃkɔpiku	ɔrɡɐn[u]ʃkɔpiku	0
organotáctico	ɔrɡɐnɔtatiku	ɔrɡɐnutatiku	ɔrɡɐn[ɔ]tatiku	ɔrɡɐn[u]tatiku	0
organotático	ɔrɡɐnɔtatiku	ɔrɡɐnutatiku	ɔrɡɐn[ɔ]tatiku	ɔrɡɐn[u]tatiku	0
organotaxia	ɔrɡɐnɔtaksiɐ	ɔrɡɐnutɐksiɐ	ɔrɡɐn[ɔ]t[a]ksiɐ	ɔrɡɐn[u]t[ɐ]ksiɐ	0
organoterapia	ɔrɡɐnɔtɨrɐpiɐ	ɔrɡɐnutɨrɐpiɐ	ɔrɡɐn[ɔ]tɨrɐpiɐ	ɔrɡɐn[u]tɨrɐpiɐ	0
organoterápico	ɔrɡɐnɔtɨrapiku	ɔrɡɐnutɨrapiku	ɔrɡɐn[ɔ]tɨrapiku	ɔrɡɐn[u]tɨrapiku	0
ornitofonia	ɔrnitɔfuniɐ	ɔrnitufuniɐ	ɔrnit[ɔ]funiɐ	ɔrnit[u]funiɐ	0
ornitomancia	ɔrnitɔmɐ̃siɐ	ɔrnitumɐ̃nsiɐ	ɔrnit[ɔ]mɐ̃[]siɐ	ɔrnit[u]mɐ̃[n]siɐ	0
ornitomania	ɔrnitɔmɐniɐ	ɔrnitumɐniɐ	ɔrnit[ɔ]mɐniɐ	ɔrnit[u]mɐniɐ	0
ornitotomia	ɔrnitɔtumiɐ	ɔrnitutumiɐ	ɔrnit[ɔ]tumiɐ	ɔrnit[u]tumiɐ	0
ornitotrofia	ɔrnitɔtrufiɐ	ɔrnitutrufiɐ	ɔrnit[ɔ]trufiɐ	ɔrnit[u]trufiɐ	0
orobancácea	ɔrɔbɐ̃kasjɐ	ɔrubɐ̃nkasiɐ	ɔr[ɔ]bɐ̃[]kas[j]ɐ	ɔr[u]bɐ̃[n]kas[i]ɐ	0
orobancáceas	ɔrɔbɐ̃kasjɐʃ	ɔrubɐ̃nkasiɐʃ	ɔr[ɔ]bɐ̃[]kas[j]ɐʃ	ɔr[u]bɐ̃[n]kas[i]ɐʃ	0
orobanca	ɔrɔbɐ̃kɐ	ɔrubɐ̃nkɐ	ɔr[ɔ]bɐ̃[]kɐ	ɔr[u]bɐ̃[n]kɐ	0
orofaríngeo	ɔrɔfɐrĩʒju	ɔrufɐrĩnʒiw	ɔr[ɔ]fɐrĩʒju[]	ɔr[u]fɐrĩnʒi[w]	0
orofaringe	ɔrɔfɐrĩʒɨ	ɔrufɐrĩnʒɨ	ɔr[ɔ]fɐrĩʒɨ[]	ɔr[u]fɐrĩnʒ[ɨ]	0
orogênese	ɔrɔʒenɨzɨ	ɔruʒenɨzɨ	ɔr[ɔ]ʒenɨzɨ	ɔr[u]ʒenɨzɨ	0
orogénese	ɔrɔʒɛnɨzɨ	ɔruʒɛnɨzɨ	ɔr[ɔ]ʒɛnɨzɨ	ɔr[u]ʒɛnɨzɨ	0
orogenético	ɔrɔʒɨnɛtiku	ɔruʒɨnɛtiku	ɔr[ɔ]ʒɨnɛtiku	ɔr[u]ʒɨnɛtiku	0
orogenia	ɔrɔʒɨniɐ	ɔruʒɨniɐ	ɔr[ɔ]ʒɨniɐ	ɔr[u]ʒɨniɐ	0
orogênico	ɔrɔʒeniku	ɔruʒeniku	ɔr[ɔ]ʒeniku	ɔr[u]ʒeniku	0
orogénico	ɔrɔʒɛniku	ɔruʒɛniku	ɔr[ɔ]ʒɛniku	ɔr[u]ʒɛniku	0
orognosia	ɔrɔɡnuziɐ	ɔruɡnuziɐ	ɔr[ɔ]ɡnuziɐ	ɔr[u]ɡnuziɐ	0
orognóstico	ɔrɔɡnɔʃtiku	ɔruɡnɔʃtiku	ɔr[ɔ]ɡnɔʃtiku	ɔr[u]ɡnɔʃtiku	0
oro-hidrografia	ɔrɔidruɡrɐfiɐ	ɔruidruɡrɐfiɐ	ɔr[ɔ]idruɡrɐfiɐ	ɔr[u]idruɡrɐfiɐ	0
oro-hidrográfico	ɔrɔidruɡrafiku	ɔruidruɡrafiku	ɔr[ɔ]idruɡrafiku	ɔr[u]idruɡrafiku	0
oroidrografia	ɔrɔidruɡrɐfiɐ	ɔruidruɡrɐfiɐ	ɔr[ɔ]idruɡrɐfiɐ	ɔr[u]idruɡrɐfiɐ	0
oroidrográfico	ɔrɔidruɡrafiku	ɔruidruɡrafiku	ɔr[ɔ]idruɡrafiku	ɔr[u]idruɡrafiku	0
orometria	ɔrɔmɨtriɐ	ɔrumɨtriɐ	ɔr[ɔ]mɨtriɐ	ɔr[u]mɨtriɐ	0
oronímia	ɔrɔnimjɐ	ɔrunimjɐ	ɔr[ɔ]nimjɐ	ɔr[u]nimjɐ	0
orosfera	ɔrɔʃfɛrɐ	ɔruʃfɛrɐ	ɔr[ɔ]ʃfɛrɐ	ɔr[u]ʃfɛrɐ	0
orosférico	ɔrɔʃfɛriku	ɔruʃfɛriku	ɔr[ɔ]ʃfɛriku	ɔr[u]ʃfɛriku	0
orquidopexia	ɔrkidɔpɨksiɐ	ɔrkidupɨksiɐ	ɔrkid[ɔ]pɨksiɐ	ɔrkid[u]pɨksiɐ	0
orquiocele	ɔrkjɔsɛlɨ	ɔrkiusɛlɨ	ɔrkj[ɔ]sɛlɨ	ɔrki[u]sɛlɨ	0
orquionevralgia	ɔrkjɔnɨvraɫʒiɐ	ɔrkiunɨvraɫʒiɐ	ɔrkj[ɔ]nɨvraɫʒiɐ	ɔrki[u]nɨvraɫʒiɐ	0
orquiopexia	ɔrkjɔpɨksiɐ	ɔrkiupɨksiɐ	ɔrkj[ɔ]pɨksiɐ	ɔrki[u]pɨksiɐ	0
orquiotomia	ɔrkjɔtumiɐ	ɔrkiutumiɐ	ɔrkj[ɔ]tumiɐ	ɔrki[u]tumiɐ	0
orquiotômico	ɔrkjɔtomiku	ɔrkiutomiku	ɔrkj[ɔ]tomiku	ɔrki[u]tomiku	0
orquiotómico	ɔrkjɔtɔmiku	ɔrkiutɔmiku	ɔrkj[ɔ]tɔmiku	ɔrki[u]tɔmiku	0
orticonoscópio	ɔrtikunɔʃkɔpju	ɔrtikunuʃkɔpju	ɔrtikun[ɔ]ʃkɔpju	ɔrtikun[u]ʃkɔpju	0
ortobárico	ɔrtɔbariku	ɔrtubariku	ɔrt[ɔ]bariku	ɔrt[u]bariku	0
ortobórico	ɔrtɔbɔriku	ɔrtubɔriku	ɔrt[ɔ]bɔriku	ɔrt[u]bɔriku	0
ortocentro	ɔrtɔsẽtru	ɔrtusẽntru	ɔrt[ɔ]sẽtru[]	ɔrt[u]sẽntr[u]	0
ortoclásio	ɔrtɔklazju	ɔrtuklazju	ɔrt[ɔ]klazju	ɔrt[u]klazju	0
ortocromático	ɔrtɔkrɔmatiku	ɔrtukrumatiku	ɔrt[ɔ]kr[ɔ]matiku	ɔrt[u]kr[u]matiku	0
ortocromatismo	ɔrtɔkrɔmɐtiʒmu	ɔrtukrumɐtiʒmu	ɔrt[ɔ]kr[ɔ]mɐtiʒmu	ɔrt[u]kr[u]mɐtiʒmu	0
ortodáctilo	ɔrtɔdaktilu	ɔrtudatilu	ɔrt[ɔ]da[k]tilu	ɔrt[u]da[]tilu	0
ortodátilo	ɔrtɔdatilu	ɔrtudatilu	ɔrt[ɔ]datilu	ɔrt[u]datilu	0
ortodiagonal	ɔrtɔdjɐɡunaɫ	ɔrtudiɐɡunaɫ	ɔrt[ɔ]d[j]ɐɡunaɫ	ɔrt[u]d[i]ɐɡunaɫ	0
ortodoma	ɔrtɔdomɐ	ɔrtudomɐ	ɔrt[ɔ]domɐ	ɔrt[u]domɐ	0
ortodonte	ɔrtɔdõtɨ	ɔrtudõntɨ	ɔrt[ɔ]dõtɨ[]	ɔrt[u]dõnt[ɨ]	0
ortodontia	ɔrtɔdõtiɐ	ɔrtudõntiɐ	ɔrt[ɔ]dõtiɐ[]	ɔrt[u]dõnti[ɐ]	0
ortodôntico	ɔrtɔdõtiku	ɔrtudõntiku	ɔrt[ɔ]dõtiku[]	ɔrt[u]dõntik[u]	0
ortodontopedia	ɔrtɔdõtɔpɨdiɐ	ɔrtudõntupɨdiɐ	ɔrt[ɔ]dõtɔpɨdiɐ[]	ɔrt[u]dõntupɨdi[ɐ]	0
ortodoxamente	ɔrtɔdɔksɐmẽtɨ	ɔrtudɔksɐmẽntɨ	ɔrt[ɔ]dɔksɐmẽtɨ[]	ɔrt[u]dɔksɐmẽnt[ɨ]	0
ortodoxia	ɔrtɔdɔksiɐ	ɔrtuduksiɐ	ɔrt[ɔ]d[ɔ]ksiɐ	ɔrt[u]d[u]ksiɐ	0
ortodoxo	ɔrtɔdɔksu	ɔrtudɔksu	ɔrt[ɔ]dɔksu	ɔrt[u]dɔksu	0
ortodromia	ɔrtɔdrumiɐ	ɔrtudrumiɐ	ɔrt[ɔ]drumiɐ	ɔrt[u]drumiɐ	0
ortodrômico	ɔrtɔdromiku	ɔrtudromiku	ɔrt[ɔ]dromiku	ɔrt[u]dromiku	0
ortodrómico	ɔrtɔdrɔmiku	ɔrtudrɔmiku	ɔrt[ɔ]drɔmiku	ɔrt[u]drɔmiku	0
ortoédrico	ɔrtɔɛdriku	ɔrtuɛdriku	ɔrt[ɔ]ɛdriku	ɔrt[u]ɛdriku	0
ortoépia	ɔrtɔɛpjɐ	ɔrtuɛpjɐ	ɔrt[ɔ]ɛpjɐ	ɔrt[u]ɛpjɐ	0
ortoépico	ɔrtɔɛpiku	ɔrtuɛpiku	ɔrt[ɔ]ɛpiku	ɔrt[u]ɛpiku	0
ortofonia	ɔrtɔfuniɐ	ɔrtufuniɐ	ɔrt[ɔ]funiɐ	ɔrt[u]funiɐ	0
ortofônico	ɔrtɔfoniku	ɔrtufoniku	ɔrt[ɔ]foniku	ɔrt[u]foniku	0
ortofónico	ɔrtɔfɔniku	ɔrtufɔniku	ɔrt[ɔ]fɔniku	ɔrt[u]fɔniku	0
ortoforia	ɔrtɔfuriɐ	ɔrtufuriɐ	ɔrt[ɔ]furiɐ	ɔrt[u]furiɐ	0
ortofrenia	ɔrtɔfrɨniɐ	ɔrtufrɨniɐ	ɔrt[ɔ]frɨniɐ	ɔrt[u]frɨniɐ	0
ortofrênico	ɔrtɔfreniku	ɔrtufreniku	ɔrt[ɔ]freniku	ɔrt[u]freniku	0
ortofrénico	ɔrtɔfrɛniku	ɔrtufrɛniku	ɔrt[ɔ]frɛniku	ɔrt[u]frɛniku	0
ortogênese	ɔrtɔʒenɨzɨ	ɔrtuʒenɨzɨ	ɔrt[ɔ]ʒenɨzɨ	ɔrt[u]ʒenɨzɨ	0
ortogénese	ɔrtɔʒɛnɨzɨ	ɔrtuʒɛnɨzɨ	ɔrt[ɔ]ʒɛnɨzɨ	ɔrt[u]ʒɛnɨzɨ	0
ortogenético	ɔrtɔʒɨnɛtiku	ɔrtuʒɨnɛtiku	ɔrt[ɔ]ʒɨnɛtiku	ɔrt[u]ʒɨnɛtiku	0
ortognaisse	ɔrtɔɡnajsɨ	ɔrtuɡnajsɨ	ɔrt[ɔ]ɡnajsɨ	ɔrt[u]ɡnajsɨ	0
ortognatia	ɔrtɔɡnɐtiɐ	ɔrtuɡnɐtiɐ	ɔrt[ɔ]ɡnɐtiɐ	ɔrt[u]ɡnɐtiɐ	0
ortognatismo	ɔrtɔɡnɐtiʒmu	ɔrtuɡnɐtiʒmu	ɔrt[ɔ]ɡnɐtiʒmu	ɔrt[u]ɡnɐtiʒmu	0
ortogonal	ɔrtɔɡunaɫ	ɔrtuɡunaɫ	ɔrt[ɔ]ɡunaɫ	ɔrt[u]ɡunaɫ	0
ortoidrogênio	ɔrtɔidrɔʒenju	ɔrtuidruʒenju	ɔrt[ɔ]idr[ɔ]ʒenju	ɔrt[u]idr[u]ʒenju	0
ortoidrogénio	ɔrtɔidrɔʒɛnju	ɔrtuidruʒɛnju	ɔrt[ɔ]idr[ɔ]ʒɛnju	ɔrt[u]idr[u]ʒɛnju	0
ortolexia	ɔrtɔlɛksiɐ	ɔrtulɨksiɐ	ɔrt[ɔ]l[ɛ]ksiɐ	ɔrt[u]l[ɨ]ksiɐ	0
ortoléxico	ɔrtɔlɛksiku	ɔrtulɛksiku	ɔrt[ɔ]lɛksiku	ɔrt[u]lɛksiku	0
ortometamórfico	ɔrtɔmɨtɐmɔrfiku	ɔrtumetɐmɔrfiku	ɔrt[ɔ]m[ɨ]tɐmɔrfiku	ɔrt[u]m[e]tɐmɔrfiku	0
ortometria	ɔrtɔmɨtriɐ	ɔrtumɨtriɐ	ɔrt[ɔ]mɨtriɐ	ɔrt[u]mɨtriɐ	0
ortomorfia	ɔrtɔmurfiɐ	ɔrtumurfiɐ	ɔrt[ɔ]murfiɐ	ɔrt[u]murfiɐ	0
ortomórfico	ɔrtɔmɔrfiku	ɔrtumɔrfiku	ɔrt[ɔ]mɔrfiku	ɔrt[u]mɔrfiku	0
ortoneurópteros	ɔrtɔnewrɔptɨruʃ	ɔrtunewrɔptɨruʃ	ɔrt[ɔ]newrɔptɨruʃ	ɔrt[u]newrɔptɨruʃ	0
ortonormal	ɔrtɔnɔrmaɫ	ɔrtunurmaɫ	ɔrt[ɔ]n[ɔ]rmaɫ	ɔrt[u]n[u]rmaɫ	0
ortopantomografia	ɔrtɔpɐ̃tumuɡrɐfiɐ	ɔrtupɐ̃ntumuɡrɐfiɐ	ɔrt[ɔ]pɐ̃[]tumuɡrɐfiɐ	ɔrt[u]pɐ̃[n]tumuɡrɐfiɐ	0
ortopedia	ɔrtɔpɨdiɐ	ɔrtupɨdiɐ	ɔrt[ɔ]pɨdiɐ	ɔrt[u]pɨdiɐ	0
ortopédico	ɔrtɔpɛdiku	ɔrtupɛdiku	ɔrt[ɔ]pɛdiku	ɔrt[u]pɛdiku	0
ortopedista	ɔrtɔpɨdiʃtɐ	ɔrtupɨdiʃtɐ	ɔrt[ɔ]pɨdiʃtɐ	ɔrt[u]pɨdiʃtɐ	0
ortopinacoide	ɔrtɔpinɐkɔjdɨ	ɔrtupinɐkɔjdɨ	ɔrt[ɔ]pinɐkɔjdɨ	ɔrt[u]pinɐkɔjdɨ	0
ortopinacóide	ɔrtɔpinɐkɔjdɨ	ɔrtupinɐkɔjdɨ	ɔrt[ɔ]pinɐkɔjdɨ	ɔrt[u]pinɐkɔjdɨ	0
ortopneia	ɔrtɔpnɐjɐ	ɔrtupnɛjɐ	ɔrt[ɔ]pn[ɐ]jɐ	ɔrt[u]pn[ɛ]jɐ	0
ortopnéia	ɔrtɔpnɐjɐ	ɔrtupnɛjɐ	ɔrt[ɔ]pn[ɐ]jɐ	ɔrt[u]pn[ɛ]jɐ	0
ortopnoico	ɔrtɔpnɔjku	ɔrtupnɔjku	ɔrt[ɔ]pnɔjku	ɔrt[u]pnɔjku	0
ortopnóico	ɔrtɔpnɔjku	ɔrtupnɔjku	ɔrt[ɔ]pnɔjku	ɔrt[u]pnɔjku	0
ortopsicopedia	ɔrtɔpsikɔpɨdiɐ	ɔrtupsikupɨdiɐ	ɔrt[ɔ]psik[ɔ]pɨdiɐ	ɔrt[u]psik[u]pɨdiɐ	0
ortoptista	ɔrtɔptiʃtɐ	ɔrtuptiʃtɐ	ɔrt[ɔ]ptiʃtɐ	ɔrt[u]ptiʃtɐ	0
ortoquartzito	ɔrtɔkwɐrtzitu	ɔrtukwɐrtzitu	ɔrt[ɔ]kwɐrtzitu	ɔrt[u]kwɐrtzitu	0
ortorexia	ɔrtɔrɛksiɐ	ɔrturɨksiɐ	ɔrt[ɔ]r[ɛ]ksiɐ	ɔrt[u]r[ɨ]ksiɐ	0
ortoréxico	ɔrtɔrɛksiku	ɔrturɛksiku	ɔrt[ɔ]rɛksiku	ɔrt[u]rɛksiku	0
ortorrômbico	ɔrtɔʀõbiku	ɔrtuʀõmbiku	ɔrt[ɔ]ʀõbiku[]	ɔrt[u]ʀõmbik[u]	0
ortoscópico	ɔrtɔʃkɔpiku	ɔrtuʃkɔpiku	ɔrt[ɔ]ʃkɔpiku	ɔrt[u]ʃkɔpiku	0
ortostasia	ɔrtɔʃtɐziɐ	ɔrtuʃtɐziɐ	ɔrt[ɔ]ʃtɐziɐ	ɔrt[u]ʃtɐziɐ	0
ortostático	ɔrtɔʃtatiku	ɔrtuʃtatiku	ɔrt[ɔ]ʃtatiku	ɔrt[u]ʃtatiku	0
ortostilo	ɔrtɔʃtilu	ɔrtuʃtilu	ɔrt[ɔ]ʃtilu	ɔrt[u]ʃtilu	0
ortoterapia	ɔrtɔtɨrɐpiɐ	ɔrtuterɐpiɐ	ɔrt[ɔ]t[ɨ]rɐpiɐ	ɔrt[u]t[e]rɐpiɐ	0
ortotômico	ɔrtɔtomiku	ɔrtutomiku	ɔrt[ɔ]tomiku	ɔrt[u]tomiku	0
ortotómico	ɔrtɔtɔmiku	ɔrtutɔmiku	ɔrt[ɔ]tɔmiku	ɔrt[u]tɔmiku	0
ortotrícia	ɔrtɔtrisjɐ	ɔrtutrisjɐ	ɔrt[ɔ]trisjɐ	ɔrt[u]trisjɐ	0
ortotropia	ɔrtɔtrupiɐ	ɔrtutrupiɐ	ɔrt[ɔ]trupiɐ	ɔrt[u]trupiɐ	0
ortotrópico	ɔrtɔtrɔpiku	ɔrtutrɔpiku	ɔrt[ɔ]trɔpiku	ɔrt[u]trɔpiku	0
osciloscópico	ɔʃsilɔʃkɔpiku	ɔʃsiluʃkɔpiku	ɔʃsil[ɔ]ʃkɔpiku	ɔʃsil[u]ʃkɔpiku	0
osciloscópio	ɔʃsilɔʃkɔpju	ɔʃsiluʃkɔpju	ɔʃsil[ɔ]ʃkɔpju	ɔʃsil[u]ʃkɔpju	0
osmometria	ɔʒmɔmɨtriɐ	ɔʒmumɨtriɐ	ɔʒm[ɔ]mɨtriɐ	ɔʒm[u]mɨtriɐ	0
osmorreceptor	ɔʒmɔʀɨsɛptor	ɔʒmuʀesɨptor	ɔʒm[ɔ]ʀ[ɨ]s[ɛ]ptor	ɔʒm[u]ʀ[e]s[ɨ]ptor	0
osmorrecetor	ɔʒmɔʀɨsɛtor	ɔʒmuʀesɨtor	ɔʒm[ɔ]ʀ[ɨ]s[ɛ]tor	ɔʒm[u]ʀ[e]s[ɨ]tor	0
osmorregulação	ɔʒmɔʀɨɡulɐsɐ̃w̃	ɔʒmuʀeɡulɐsɐ̃w̃	ɔʒm[ɔ]ʀ[ɨ]ɡulɐsɐ̃w̃	ɔʒm[u]ʀ[e]ɡulɐsɐ̃w̃	0
osmorregulador	ɔʒmɔʀɨɡulɐdor	ɔʒmuʀeɡulɐdor	ɔʒm[ɔ]ʀ[ɨ]ɡulɐdor	ɔʒm[u]ʀ[e]ɡulɐdor	0
ossobó	ɔsɔbɔ	ɔsubɔ	ɔs[ɔ]bɔ	ɔs[u]bɔ	0
osteoarticular	ɔʃtjɔɐrtikular	ɔʃtiuɐrtikular	ɔʃtj[ɔ]ɐrtikular	ɔʃti[u]ɐrtikular	0
osteoartrite	ɔʃtjɔɐrtritɨ	ɔʃtiuɐrtritɨ	ɔʃtj[ɔ]ɐrtritɨ	ɔʃti[u]ɐrtritɨ	0
osteoartrítico	ɔʃtjɔɐrtritiku	ɔʃtiuɐrtritiku	ɔʃtj[ɔ]ɐrtritiku	ɔʃti[u]ɐrtritiku	0
osteoartrose	ɔʃtjɔɐrtrɔzɨ	ɔʃtiuɐrtrɔzɨ	ɔʃtj[ɔ]ɐrtrɔzɨ	ɔʃti[u]ɐrtrɔzɨ	0
osteoblasto	ɔʃtjɔblaʃtu	ɔʃtiublaʃtu	ɔʃtj[ɔ]blaʃtu	ɔʃti[u]blaʃtu	0
osteocele	ɔʃtjɔsɛlɨ	ɔʃtiusɛlɨ	ɔʃtj[ɔ]sɛlɨ	ɔʃti[u]sɛlɨ	0
osteoclasia	ɔʃtjɔklɐziɐ	ɔʃtiuklɐziɐ	ɔʃtj[ɔ]klɐziɐ	ɔʃti[u]klɐziɐ	0
osteoclastia	ɔʃtjɔklɐʃtiɐ	ɔʃtiuklɐʃtiɐ	ɔʃtj[ɔ]klɐʃtiɐ	ɔʃti[u]klɐʃtiɐ	0
osteoclasto	ɔʃtjɔklaʃtu	ɔʃtiuklaʃtu	ɔʃtj[ɔ]klaʃtu	ɔʃti[u]klaʃtu	0
osteocola	ɔʃtjɔkɔlɐ	ɔʃtiukɔlɐ	ɔʃtj[ɔ]kɔlɐ	ɔʃti[u]kɔlɐ	0
osteocondrite	ɔʃtjɔkõdritɨ	ɔʃtiukõndritɨ	ɔʃtj[ɔ]kõdritɨ[]	ɔʃti[u]kõndrit[ɨ]	0
osteodermo	ɔʃtjɔdɛrmu	ɔʃtiudermu	ɔʃtj[ɔ]d[ɛ]rmu	ɔʃti[u]d[e]rmu	0
osteodinia	ɔʃtjɔdiniɐ	ɔʃtiudiniɐ	ɔʃtj[ɔ]diniɐ	ɔʃti[u]diniɐ	0
osteofimia	ɔʃtjɔfimiɐ	ɔʃtiufimiɐ	ɔʃtj[ɔ]fimiɐ	ɔʃti[u]fimiɐ	0
osteofítico	ɔʃtjɔfitiku	ɔʃtiufitiku	ɔʃtj[ɔ]fitiku	ɔʃti[u]fitiku	0
osteoganoides	ɔʃtjɔɡɐnɔjdɨʃ	ɔʃtiuɡɐnɔjdɨʃ	ɔʃtj[ɔ]ɡɐnɔjdɨʃ	ɔʃti[u]ɡɐnɔjdɨʃ	0
osteoganóides	ɔʃtjɔɡɐnɔjdɨʃ	ɔʃtiuɡɐnɔjdɨʃ	ɔʃtj[ɔ]ɡɐnɔjdɨʃ	ɔʃti[u]ɡɐnɔjdɨʃ	0
osteogênese	ɔʃtjɔʒenɨzɨ	ɔʃtiuʒenɨzɨ	ɔʃtj[ɔ]ʒenɨzɨ	ɔʃti[u]ʒenɨzɨ	0
osteogénese	ɔʃtjɔʒɛnɨzɨ	ɔʃtiuʒɛnɨzɨ	ɔʃtj[ɔ]ʒɛnɨzɨ	ɔʃti[u]ʒɛnɨzɨ	0
osteogenia	ɔʃtjɔʒɨniɐ	ɔʃtiuʒɨniɐ	ɔʃtj[ɔ]ʒɨniɐ	ɔʃti[u]ʒɨniɐ	0
osteogênico	ɔʃtjɔʒeniku	ɔʃtiuʒeniku	ɔʃtj[ɔ]ʒeniku	ɔʃti[u]ʒeniku	0
osteogénico	ɔʃtjɔʒɛniku	ɔʃtiuʒɛniku	ɔʃtj[ɔ]ʒɛniku	ɔʃti[u]ʒɛniku	0
osteografia	ɔʃtjɔɡrɐfiɐ	ɔʃtiuɡrɐfiɐ	ɔʃtj[ɔ]ɡrɐfiɐ	ɔʃti[u]ɡrɐfiɐ	0
osteográfico	ɔʃtjɔɡrafiku	ɔʃtiuɡrafiku	ɔʃtj[ɔ]ɡrafiku	ɔʃti[u]ɡrafiku	0
osteomalacia	ɔʃtjɔmɐlɐsiɐ	ɔʃtiumɐlɐsiɐ	ɔʃtj[ɔ]mɐlɐsiɐ	ɔʃti[u]mɐlɐsiɐ	0
osteometria	ɔʃtjɔmɨtriɐ	ɔʃtiumɨtriɐ	ɔʃtj[ɔ]mɨtriɐ	ɔʃti[u]mɨtriɐ	0
osteométrico	ɔʃtjɔmɛtriku	ɔʃtiumɛtriku	ɔʃtj[ɔ]mɛtriku	ɔʃti[u]mɛtriku	0
osteomielite	ɔʃtjɔmjɛlitɨ	ɔʃtiumiɨlitɨ	ɔʃtj[ɔ]mj[ɛ]litɨ	ɔʃti[u]mi[ɨ]litɨ	0
osteopata	ɔʃtjɔpatɐ	ɔʃtiupatɐ	ɔʃtj[ɔ]patɐ	ɔʃti[u]patɐ	0
osteopatia	ɔʃtjɔpɐtiɐ	ɔʃtiupɐtiɐ	ɔʃtj[ɔ]pɐtiɐ	ɔʃti[u]pɐtiɐ	0
osteopático	ɔʃtjɔpatiku	ɔʃtiupatiku	ɔʃtj[ɔ]patiku	ɔʃti[u]patiku	0
osteoperiosteíte	ɔʃtjɔpɨrjɔʃtɐitɨ	ɔʃtiupɨriuʃtɨitɨ	ɔʃtj[ɔ]pɨrj[ɔ]ʃt[ɐ]itɨ	ɔʃti[u]pɨri[u]ʃt[ɨ]itɨ	0
osteoplastia	ɔʃtjɔplɐʃtiɐ	ɔʃtiuplɐʃtiɐ	ɔʃtj[ɔ]plɐʃtiɐ	ɔʃti[u]plɐʃtiɐ	0
osteoplástico	ɔʃtjɔplaʃtiku	ɔʃtiuplaʃtiku	ɔʃtj[ɔ]plaʃtiku	ɔʃti[u]plaʃtiku	0
osteoplasto	ɔʃtjɔplaʃtu	ɔʃtiuplaʃtu	ɔʃtj[ɔ]plaʃtu	ɔʃti[u]plaʃtu	0
osteoporose	ɔʃtjɔpurɔzɨ	ɔʃtiupurɔzɨ	ɔʃtj[ɔ]purɔzɨ	ɔʃti[u]purɔzɨ	0
osteoporótico	ɔʃtjɔpurɔtiku	ɔʃtiupurɔtiku	ɔʃtj[ɔ]purɔtiku	ɔʃti[u]purɔtiku	0
osteosclerose	ɔʃtjɔʃklɨrɔzɨ	ɔʃtiuʃklɨrɔzɨ	ɔʃtj[ɔ]ʃklɨrɔzɨ	ɔʃti[u]ʃklɨrɔzɨ	0
osteossarcoma	ɔʃtjɔsɐrkomɐ	ɔʃtiusɐrkomɐ	ɔʃtj[ɔ]sɐrkomɐ	ɔʃti[u]sɐrkomɐ	0
osteossíntese	ɔʃtjɔsĩtɨzɨ	ɔʃtiusĩntɨzɨ	ɔʃtj[ɔ]sĩtɨ[z]ɨ[]	ɔʃti[u]sĩn[t]ɨz[ɨ]	0
osteoteca	ɔʃtjɔtɛkɐ	ɔʃtiutɛkɐ	ɔʃtj[ɔ]tɛkɐ	ɔʃti[u]tɛkɐ	0
osteotomia	ɔʃtjɔtumiɐ	ɔʃtiutumiɐ	ɔʃtj[ɔ]tumiɐ	ɔʃti[u]tumiɐ	0
osteotômico	ɔʃtjɔtomiku	ɔʃtiutomiku	ɔʃtj[ɔ]tomiku	ɔʃti[u]tomiku	0
osteotómico	ɔʃtjɔtɔmiku	ɔʃtiutɔmiku	ɔʃtj[ɔ]tɔmiku	ɔʃti[u]tɔmiku	0
osteozoário	ɔʃtjɔzwarju	ɔʃtiuzuarju	ɔʃtj[ɔ]z[w]arju	ɔʃti[u]z[u]arju	0
ostrogodo	ɔʃtrɔɡodu	ɔʃtruɡodu	ɔʃtr[ɔ]ɡodu	ɔʃtr[u]ɡodu	0
ostrogodos	ɔʃtrɔɡoduʃ	ɔʃtruɡoduʃ	ɔʃtr[ɔ]ɡoduʃ	ɔʃtr[u]ɡoduʃ	0
oticometria	ɔtikɔmɨtriɐ	ɔtikumɨtriɐ	ɔtik[ɔ]mɨtriɐ	ɔtik[u]mɨtriɐ	0
oticométrico	ɔtikɔmɛtriku	ɔtikumɛtriku	ɔtik[ɔ]mɛtriku	ɔtik[u]mɛtriku	0
otocefalia	ɔtɔsɨfɐliɐ	ɔtusefɐliɐ	ɔt[ɔ]s[ɨ]fɐliɐ	ɔt[u]s[e]fɐliɐ	0
otocéfalo	ɔtɔsɛfɐlu	ɔtusɛfɐlu	ɔt[ɔ]sɛfɐlu	ɔt[u]sɛfɐlu	0
otociste	ɔtɔsiʃtɨ	ɔtusiʃtɨ	ɔt[ɔ]siʃtɨ	ɔt[u]siʃtɨ	0
otocônia	ɔtɔkonjɐ	ɔtukonjɐ	ɔt[ɔ]konjɐ	ɔt[u]konjɐ	0
otocónia	ɔtɔkɔnjɐ	ɔtukɔnjɐ	ɔt[ɔ]kɔnjɐ	ɔt[u]kɔnjɐ	0
otolítico	ɔtɔlitiku	ɔtulitiku	ɔt[ɔ]litiku	ɔt[u]litiku	0
otomana	ɔtɔmɐnɐ	ɔtumɐ̃nɐ	ɔt[ɔ]mɐ[]nɐ	ɔt[u]mɐ[̃]nɐ	0
otomano	ɔtɔmɐnu	ɔtumɐ̃nu	ɔt[ɔ]mɐ[]nu	ɔt[u]mɐ[̃]nu	0
otomanos	ɔtɔmɐnuʃ	ɔtumɐ̃nuʃ	ɔt[ɔ]mɐ[]nuʃ	ɔt[u]mɐ[̃]nuʃ	0
otomastoidite	ɔtɔmɐʃtɔjditɨ	ɔtumɐʃtojditɨ	ɔt[ɔ]mɐʃt[ɔ]jditɨ	ɔt[u]mɐʃt[o]jditɨ	0
otomicose	ɔtɔmikɔzɨ	ɔtumikɔzɨ	ɔt[ɔ]mikɔzɨ	ɔt[u]mikɔzɨ	0
otoneuralgia	ɔtɔnewraɫʒiɐ	ɔtunewraɫʒiɐ	ɔt[ɔ]newraɫʒiɐ	ɔt[u]newraɫʒiɐ	0
otoneurologia	ɔtɔnewruluʒiɐ	ɔtunewruluʒiɐ	ɔt[ɔ]newruluʒiɐ	ɔt[u]newruluʒiɐ	0
otonevralgia	ɔtɔnɨvraɫʒiɐ	ɔtunɨvraɫʒiɐ	ɔt[ɔ]nɨvraɫʒiɐ	ɔt[u]nɨvraɫʒiɐ	0
otopatia	ɔtɔpɐtiɐ	ɔtupɐtiɐ	ɔt[ɔ]pɐtiɐ	ɔt[u]pɐtiɐ	0
otopático	ɔtɔpatiku	ɔtupatiku	ɔt[ɔ]patiku	ɔt[u]patiku	0
otoplastia	ɔtɔplɐʃtiɐ	ɔtuplɐʃtiɐ	ɔt[ɔ]plɐʃtiɐ	ɔt[u]plɐʃtiɐ	0
otoplástico	ɔtɔplaʃtiku	ɔtuplaʃtiku	ɔt[ɔ]plaʃtiku	ɔt[u]plaʃtiku	0
otorragia	ɔtɔʀɐʒiɐ	ɔtuʀɐʒiɐ	ɔt[ɔ]ʀɐʒiɐ	ɔt[u]ʀɐʒiɐ	0
otorreia	ɔtɔʀɐjɐ	ɔtuʀɛjɐ	ɔt[ɔ]ʀ[ɐ]jɐ	ɔt[u]ʀ[ɛ]jɐ	0
otorréia	ɔtɔʀɐjɐ	ɔtuʀɛjɐ	ɔt[ɔ]ʀ[ɐ]jɐ	ɔt[u]ʀ[ɛ]jɐ	0
otorreico	ɔtɔʀɐjku	ɔtuʀɐjku	ɔt[ɔ]ʀɐjku	ɔt[u]ʀɐjku	0
otorréico	ɔtɔʀɐjku	ɔtuʀɛjku	ɔt[ɔ]ʀ[ɐ]jku	ɔt[u]ʀ[ɛ]jku	0
otorrinolaringologia	ɔtɔʀinɔlɐrĩɡuluʒiɐ	ɔtuʀinulɐrĩnɡuluʒiɐ	ɔt[ɔ]ʀin[ɔ]lɐrĩɡu[l]uʒiɐ[]	ɔt[u]ʀin[u]lɐrĩn[ɡ]uluʒi[ɐ]	0
otorrinolaringológico	ɔtɔʀinɔlɐrĩɡulɔʒiku	ɔtuʀinulɐrĩnɡulɔʒiku	ɔt[ɔ]ʀin[ɔ]lɐrĩɡulɔʒiku[]	ɔt[u]ʀin[u]lɐrĩnɡulɔʒik[u]	0
otorrinolaringologista	ɔtɔʀinɔlɐrĩɡuluʒiʃtɐ	ɔtuʀinulɐrĩnɡuluʒiʃtɐ	ɔt[ɔ]ʀin[ɔ]lɐrĩɡu[l]uʒiʃtɐ[]	ɔt[u]ʀin[u]lɐrĩn[ɡ]uluʒiʃt[ɐ]	0
otorrinolaringólogo	ɔtɔʀinɔlɐrĩɡɔluɡu	ɔtuʀinulɐrĩnɡɔluɡu	ɔt[ɔ]ʀin[ɔ]lɐrĩɡɔlu[ɡ]u[]	ɔt[u]ʀin[u]lɐrĩnɡɔ[l]uɡ[u]	0
otorrino	ɔtɔʀinu	ɔtuʀinu	ɔt[ɔ]ʀinu	ɔt[u]ʀinu	0
otosclerose	ɔtɔʃklɨrɔzɨ	ɔtuʃklɨrɔzɨ	ɔt[ɔ]ʃklɨrɔzɨ	ɔt[u]ʃklɨrɔzɨ	0
otosclerótico	ɔtɔʃklɨrɔtiku	ɔtuʃklɨrɔtiku	ɔt[ɔ]ʃklɨrɔtiku	ɔt[u]ʃklɨrɔtiku	0
otoscopia	ɔtɔʃkupiɐ	ɔtuʃkupiɐ	ɔt[ɔ]ʃkupiɐ	ɔt[u]ʃkupiɐ	0
otoscópico	ɔtɔʃkɔpiku	ɔtuʃkɔpiku	ɔt[ɔ]ʃkɔpiku	ɔt[u]ʃkɔpiku	0
otoscópio	ɔtɔʃkɔpju	ɔtuʃkɔpju	ɔt[ɔ]ʃkɔpju	ɔt[u]ʃkɔpju	0
ototerapia	ɔtɔtɨrɐpiɐ	ɔtuterɐpiɐ	ɔt[ɔ]t[ɨ]rɐpiɐ	ɔt[u]t[e]rɐpiɐ	0
ototerápico	ɔtɔtɨrapiku	ɔtutɨrapiku	ɔt[ɔ]tɨrapiku	ɔt[u]tɨrapiku	0
ototomia	ɔtɔtumiɐ	ɔtutumiɐ	ɔt[ɔ]tumiɐ	ɔt[u]tumiɐ	0
ototômico	ɔtɔtomiku	ɔtutomiku	ɔt[ɔ]tomiku	ɔt[u]tomiku	0
ototómico	ɔtɔtɔmiku	ɔtutɔmiku	ɔt[ɔ]tɔmiku	ɔt[u]tɔmiku	0
ototoxicidade	ɔtɔtɔksisidadɨ	ɔtutuksisidadɨ	ɔt[ɔ]t[ɔ]ksisidadɨ	ɔt[u]t[u]ksisidadɨ	0
ototóxico	ɔtɔtɔksiku	ɔtutɔksiku	ɔt[ɔ]tɔksiku	ɔt[u]tɔksiku	0
otozamites	ɔtɔzɐmitɨʃ	ɔtuzɐmitɨʃ	ɔt[ɔ]zɐmitɨʃ	ɔt[u]zɐmitɨʃ	0
ovariocele	ɔvɐrjɔsɛlɨ	ɔvɐriusɛlɨ	ɔvɐrj[ɔ]sɛlɨ	ɔvɐri[u]sɛlɨ	0
ovariocélico	ɔvɐrjɔsɛliku	ɔvɐriusɛliku	ɔvɐrj[ɔ]sɛliku	ɔvɐri[u]sɛliku	0
ovariotomia	ɔvɐrjɔtumiɐ	ɔvɐriutumiɐ	ɔvɐrj[ɔ]tumiɐ	ɔvɐri[u]tumiɐ	0
ovariotômico	ɔvɐrjɔtomiku	ɔvɐriutomiku	ɔvɐrj[ɔ]tomiku	ɔvɐri[u]tomiku	0
ovariotómico	ɔvɐrjɔtɔmiku	ɔvɐriutɔmiku	ɔvɐrj[ɔ]tɔmiku	ɔvɐri[u]tɔmiku	0
ovinocultor	ɔvinɔkuɫtor	ɔvinukuɫtor	ɔvin[ɔ]kuɫtor	ɔvin[u]kuɫtor	0
ovinocultura	ɔvinɔkuɫturɐ	ɔvinukuɫturɐ	ɔvin[ɔ]kuɫturɐ	ɔvin[u]kuɫturɐ	0
ovoblasto	ɔvɔblaʃtu	ɔvublaʃtu	ɔv[ɔ]blaʃtu	ɔv[u]blaʃtu	0
ovofagia	ɔvɔfɐʒiɐ	ɔvufɐʒiɐ	ɔv[ɔ]fɐʒiɐ	ɔv[u]fɐʒiɐ	0
ovogênese	ɔvɔʒenɨzɨ	ɔvuʒenɨzɨ	ɔv[ɔ]ʒenɨzɨ	ɔv[u]ʒenɨzɨ	0
ovogénese	ɔvɔʒɛnɨzɨ	ɔvuʒɛnɨzɨ	ɔv[ɔ]ʒɛnɨzɨ	ɔv[u]ʒɛnɨzɨ	0
ovogenia	ɔvɔʒɨniɐ	ɔvuʒɨniɐ	ɔv[ɔ]ʒɨniɐ	ɔv[u]ʒɨniɐ	0
ovogênico	ɔvɔʒeniku	ɔvuʒeniku	ɔv[ɔ]ʒeniku	ɔv[u]ʒeniku	0
ovogénico	ɔvɔʒɛniku	ɔvuʒɛniku	ɔv[ɔ]ʒɛniku	ɔv[u]ʒɛniku	0
ovogônia	ɔvɔɡonjɐ	ɔvuɡonjɐ	ɔv[ɔ]ɡonjɐ	ɔv[u]ɡonjɐ	0
ovogónia	ɔvɔɡɔnjɐ	ɔvuɡɔnjɐ	ɔv[ɔ]ɡɔnjɐ	ɔv[u]ɡɔnjɐ	0
ovolactovegetariano	ɔvɔlaktɔvɨʒɨtɐrjɐnu	ɔvulɐtuveʒɨtɐriɐ̃nu	ɔv[ɔ]la[k]t[ɔ]v[ɨ]ʒɨtɐr[j]ɐ[]nu	ɔv[u]lɐ[]t[u]v[e]ʒɨtɐr[i]ɐ[̃]nu	0
ovoscopia	ɔvɔʃkupiɐ	ɔvuʃkupiɐ	ɔv[ɔ]ʃkupiɐ	ɔv[u]ʃkupiɐ	0
ovoscópio	ɔvɔʃkɔpju	ɔvuʃkɔpju	ɔv[ɔ]ʃkɔpju	ɔv[u]ʃkɔpju	0
ovovíparo	ɔvɔvipɐru	ɔvuvipɐru	ɔv[ɔ]vipɐru	ɔv[u]vipɐru	0
ovoviviparidade	ɔvɔvivipɐridadɨ	ɔvuvivipɐridadɨ	ɔv[ɔ]vivipɐridadɨ	ɔv[u]vivipɐridadɨ	0
ovovivíparo	ɔvɔvivipɐru	ɔvuvivipɐru	ɔv[ɔ]vivipɐru	ɔv[u]vivipɐru	0
ovulogênese	ɔvulɔʒenɨzɨ	ɔvuluʒenɨzɨ	ɔvul[ɔ]ʒenɨzɨ	ɔvul[u]ʒenɨzɨ	0
ovulogénese	ɔvulɔʒɛnɨzɨ	ɔvuluʒɛnɨzɨ	ɔvul[ɔ]ʒɛnɨzɨ	ɔvul[u]ʒɛnɨzɨ	0
oxitocina	ɔksitɔsinɐ	ɔksitusinɐ	ɔksit[ɔ]sinɐ	ɔksit[u]sinɐ	0
ozocerite	ɔzɔsɨritɨ	ɔzusɨritɨ	ɔz[ɔ]sɨritɨ	ɔz[u]sɨritɨ	0
ozonar	ɔzɔnar	ɔzunar	ɔz[ɔ]nar	ɔz[u]nar	0
ozonificar	ɔzɔnifikar	ɔzunifikar	ɔz[ɔ]nifikar	ɔz[u]nifikar	0
ozonização	ɔzɔnizɐsɐ̃w̃	ɔzunizɐsɐ̃w̃	ɔz[ɔ]nizɐsɐ̃w̃	ɔz[u]nizɐsɐ̃w̃	0
ozonizado	ɔzɔnizadu	ɔzunizadu	ɔz[ɔ]nizadu	ɔz[u]nizadu	0
ozonizador	ɔzɔnizɐdor	ɔzunizɐdor	ɔz[ɔ]nizɐdor	ɔz[u]nizɐdor	0
ozonizar	ɔzɔnizar	ɔzunizar	ɔz[ɔ]nizar	ɔz[u]nizar	0
ozonometria	ɔzɔnɔmɨtriɐ	ɔzunumɨtriɐ	ɔz[ɔ]n[ɔ]mɨtriɐ	ɔz[u]n[u]mɨtriɐ	0
ozonométrico	ɔzɔnɔmɛtriku	ɔzunumɛtriku	ɔz[ɔ]n[ɔ]mɛtriku	ɔz[u]n[u]mɛtriku	0
ozonômetro	ɔzɔnomɨtru	ɔzunomɨtru	ɔz[ɔ]nomɨtru	ɔz[u]nomɨtru	0
ozonómetro	ɔzɔnɔmɨtru	ɔzunɔmɨtru	ɔz[ɔ]nɔmɨtru	ɔz[u]nɔmɨtru	0
ozonosfera	ɔzɔnɔʃfɛrɐ	ɔzunuʃfɛrɐ	ɔz[ɔ]n[ɔ]ʃfɛrɐ	ɔz[u]n[u]ʃfɛrɐ	0
ozostomia	ɔzɔʃtumiɐ	ɔzuʃtumiɐ	ɔz[ɔ]ʃtumiɐ	ɔz[u]ʃtumiɐ	0
ozostômico	ɔzɔʃtomiku	ɔzuʃtomiku	ɔz[ɔ]ʃtomiku	ɔz[u]ʃtomiku	0
ozostómico	ɔzɔʃtɔmiku	ɔzuʃtɔmiku	ɔz[ɔ]ʃtɔmiku	ɔz[u]ʃtɔmiku	0
paligorsquite	pɐliɡɔrʃkitɨ	pɐliɡurskitɨ	pɐliɡ[ɔ]r[ʃ]kitɨ	pɐliɡ[u]r[s]kitɨ	0
paliopsia	pɐljɔpsiɐ	pɐliupsiɐ	pɐlj[ɔ]psiɐ	pɐli[u]psiɐ	0
palygorskita	pɐliɡɔrʃkitɐ	pɐliɡurskitɐ	pɐliɡ[ɔ]r[ʃ]kitɐ	pɐliɡ[u]r[s]kitɐ	0
papelocracia	pɐpɨlɔkrɐsiɐ	pɐpɨlukrɐsiɐ	pɐpɨl[ɔ]krɐsiɐ	pɐpɨl[u]krɐsiɐ	0
papulovesiculoso	pɐpulɔvɨzikulozu	pɐpuluvɨzikulozu	pɐpul[ɔ]vɨzikulozu	pɐpul[u]vɨzikulozu	0
paracoxalgia	pɐrɐkɔksaɫʒiɐ	pɐrɐkuksaɫʒiɐ	pɐrɐk[ɔ]ksaɫʒiɐ	pɐrɐk[u]ksaɫʒiɐ	0
paradoxalmente	pɐrɐdɔksaɫmẽtɨ	pɐrɐduksaɫmẽntɨ	pɐrɐd[ɔ]ksaɫmẽtɨ[]	pɐrɐd[u]ksaɫmẽnt[ɨ]	0
paradoxal	pɐrɐdɔksaɫ	pɐrɐduksaɫ	pɐrɐd[ɔ]ksaɫ	pɐrɐd[u]ksaɫ	0
paradoxar	pɐrɐdɔksar	pɐrɐduksar	pɐrɐd[ɔ]ksar	pɐrɐd[u]ksar	0
paraidrogênio	pɐrɐidrɔʒenju	pɐrɐidruʒenju	pɐrɐidr[ɔ]ʒenju	pɐrɐidr[u]ʒenju	0
paraidrogénio	pɐrɐidrɔʒɛnju	pɐrɐidruʒɛnju	pɐrɐidr[ɔ]ʒɛnju	pɐrɐidr[u]ʒɛnju	0
paramixovírus	pɐrɐmiksɔviruʃ	pɐrɐmiksuviruʃ	pɐrɐmiks[ɔ]viruʃ	pɐrɐmiks[u]viruʃ	0
paranormal	pɐrɐnɔrmaɫ	pɐrɐnurmaɫ	pɐrɐn[ɔ]rmaɫ	pɐrɐn[u]rmaɫ	0
paraolímpico	pɐrɐɔlĩpiku	pɐrɐulĩmpiku	pɐrɐ[ɔ]lĩpiku[]	pɐrɐ[u]lĩmpik[u]	0
parasitofobia	pɐrɐzitɔfubiɐ	pɐrɐzitufubiɐ	pɐrɐzit[ɔ]fubiɐ	pɐrɐzit[u]fubiɐ	0
paridrogênio	pɐridrɔʒenju	pɐridruʒenju	pɐridr[ɔ]ʒenju	pɐridr[u]ʒenju	0
paridrogénio	pɐridrɔʒɛnju	pɐridruʒɛnju	pɐridr[ɔ]ʒɛnju	pɐridr[u]ʒɛnju	0
parodinia	pɐrɔdiniɐ	pɐrudiniɐ	pɐr[ɔ]diniɐ	pɐr[u]diniɐ	0
paropsia	pɐrɔpsiɐ	pɐrupsiɐ	pɐr[ɔ]psiɐ	pɐr[u]psiɐ	0
parorase	pɐrɔrazɨ	pɐrurazɨ	pɐr[ɔ]razɨ	pɐr[u]razɨ	0
parosmia	pɐrɔʒmiɐ	pɐruʒmiɐ	pɐr[ɔ]ʒmiɐ	pɐr[u]ʒmiɐ	0
parotídeo	pɐrɔtidju	pɐrutidiw	pɐr[ɔ]tidj[u]	pɐr[u]tidi[w]	0
parotidiano	pɐrɔtidjɐnu	pɐrutidiɐ̃nu	pɐr[ɔ]tid[j]ɐ[]nu	pɐr[u]tid[i]ɐ[̃]nu	0
parotidite	pɐrɔtiditɨ	pɐrutiditɨ	pɐr[ɔ]tiditɨ	pɐr[u]tiditɨ	0
paroxismal	pɐrɔksiʒmaɫ	pɐruksiʒmaɫ	pɐr[ɔ]ksiʒmaɫ	pɐr[u]ksiʒmaɫ	0
paroxísmico	pɐrɔksiʒmiku	pɐruksiʒmiku	pɐr[ɔ]ksiʒmiku	pɐr[u]ksiʒmiku	0
paroxismo	pɐrɔksiʒmu	pɐruksiʒmu	pɐr[ɔ]ksiʒmu	pɐr[u]ksiʒmu	0
paroxístico	pɐrɔksiʃtiku	pɐruksiʃtiku	pɐr[ɔ]ksiʃtiku	pɐr[u]ksiʃtiku	0
paroxítona	pɐrɔksitunɐ	pɐruksitunɐ	pɐr[ɔ]ksitunɐ	pɐr[u]ksitunɐ	0
paroxítono	pɐrɔksitunu	pɐruksitunu	pɐr[ɔ]ksitunu	pɐr[u]ksitunu	0
patogenicidade	pɐtɔʒɨnisidadɨ	pɐtuʒenisidadɨ	pɐt[ɔ]ʒ[ɨ]nisidadɨ	pɐt[u]ʒ[e]nisidadɨ	0
pesto	pɛʃtɔ	pɛʃtu	pɛʃt[ɔ]	pɛʃt[u]	0
picnogonídeo	piknɔɡunidju	piknuɡunidiw	pikn[ɔ]ɡunidj[u]	pikn[u]ɡunidi[w]	0
picnometria	piknɔmɨtriɐ	piknumɨtriɐ	pikn[ɔ]mɨtriɐ	pikn[u]mɨtriɐ	0
picnométrico	piknɔmɛtriku	piknumɛtriku	pikn[ɔ]mɛtriku	pikn[u]mɛtriku	0
picnoscopia	piknɔʃkupiɐ	piknuʃkupiɐ	pikn[ɔ]ʃkupiɐ	pikn[u]ʃkupiɐ	0
picnostilo	piknɔʃtilu	piknuʃtilu	pikn[ɔ]ʃtilu	pikn[u]ʃtilu	0
picolé	pikɔlɛ	pikulɛ	pik[ɔ]lɛ	pik[u]lɛ	0
picrocarmim	pikrɔkɐrmĩ	pikrukɐrmĩn	pikr[ɔ]kɐrmĩ[]	pikr[u]kɐrmĩ[n]	0
picroeritrina	pikrɔeritrinɐ	pikrueritrinɐ	pikr[ɔ]eritrinɐ	pikr[u]eritrinɐ	0
picrolite	pikrɔlitɨ	pikrulitɨ	pikr[ɔ]litɨ	pikr[u]litɨ	0
pileorriza	piljɔʀizɐ	piliuʀizɐ	pilj[ɔ]ʀizɐ	pili[u]ʀizɐ	0
pilocarpina	pilɔkɐrpinɐ	pilukɐrpinɐ	pil[ɔ]kɐrpinɐ	pil[u]kɐrpinɐ	0
pilossebáceo	pilɔsɨbasju	pilusɨbasiw	pil[ɔ]sɨbasj[u]	pil[u]sɨbasi[w]	0
piloti	pilɔti	piluti	pil[ɔ]ti	pil[u]ti	0
pinocada	pinɔkadɐ	pinukadɐ	pin[ɔ]kadɐ	pin[u]kadɐ	0
pinocar	pinɔkar	pinukar	pin[ɔ]kar	pin[u]kar	0
pinocitose	pinɔsitɔzɨ	pinusitɔzɨ	pin[ɔ]sitɔzɨ	pin[u]sitɔzɨ	0
pinocitótico	pinɔsitɔtiku	pinusitɔtiku	pin[ɔ]sitɔtiku	pin[u]sitɔtiku	0
piogênese	pjɔʒenɨzɨ	piuʒenɨzɨ	pj[ɔ]ʒenɨzɨ	pi[u]ʒenɨzɨ	0
piogénese	pjɔʒɛnɨzɨ	piuʒɛnɨzɨ	pj[ɔ]ʒɛnɨzɨ	pi[u]ʒɛnɨzɨ	0
piogenia	pjɔʒɨniɐ	piuʒɨniɐ	pj[ɔ]ʒɨniɐ	pi[u]ʒɨniɐ	0
piogênico	pjɔʒeniku	piuʒeniku	pj[ɔ]ʒeniku	pi[u]ʒeniku	0
piogénico	pjɔʒɛniku	piuʒɛniku	pj[ɔ]ʒɛniku	pi[u]ʒɛniku	0
pionefrose	pjɔnɨfrɔzɨ	pjunɨfrɔzɨ	pj[ɔ]nɨfrɔzɨ	pj[u]nɨfrɔzɨ	0
pionés	pjɔnɛʃ	piunɛʃ	pj[ɔ]nɛʃ	pi[u]nɛʃ	0
piridoxina	piridɔksinɐ	piriduksinɐ	pirid[ɔ]ksinɐ	pirid[u]ksinɐ	0
piritoedro	piritɔɛdru	pirituɛdru	pirit[ɔ]ɛdru	pirit[u]ɛdru	0
pirobalística	pirɔbɐliʃtikɐ	pirubɐliʃtikɐ	pir[ɔ]bɐliʃtikɐ	pir[u]bɐliʃtikɐ	0
pirobalístico	pirɔbɐliʃtiku	pirubɐliʃtiku	pir[ɔ]bɐliʃtiku	pir[u]bɐliʃtiku	0
pirobetume	pirɔbɨtumɨ	pirubɨtumɨ	pir[ɔ]bɨtumɨ	pir[u]bɨtumɨ	0
pirobórico	pirɔbɔriku	pirubɔriku	pir[ɔ]bɔriku	pir[u]bɔriku	0
piroclástico	pirɔklaʃtiku	piruklaʃtiku	pir[ɔ]klaʃtiku	pir[u]klaʃtiku	0
piroclasto	pirɔklaʃtu	piruklaʃtu	pir[ɔ]klaʃtu	pir[u]klaʃtu	0
pirocloro	pirɔklɔru	piruklɔru	pir[ɔ]klɔru	pir[u]klɔru	0
pirofilita	pirɔfilitɐ	pirufilitɐ	pir[ɔ]filitɐ	pir[u]filitɐ	0
pirofilite	pirɔfilitɨ	pirufilitɨ	pir[ɔ]filitɨ	pir[u]filitɨ	0
pirofilítico	pirɔfilitiku	pirufilitiku	pir[ɔ]filitiku	pir[u]filitiku	0
pirofobia	pirɔfubiɐ	pirufubiɐ	pir[ɔ]fubiɐ	pir[u]fubiɐ	0
pirofórico	pirɔfɔriku	pirufɔriku	pir[ɔ]fɔriku	pir[u]fɔriku	0
pirofosfato	pirɔfuʃfatu	pirufuʃfatu	pir[ɔ]fuʃfatu	pir[u]fuʃfatu	0
pirofosfórico	pirɔfuʃfɔriku	pirufuʃfɔriku	pir[ɔ]fuʃfɔriku	pir[u]fuʃfɔriku	0
pirogalato	pirɔɡɐlatu	piruɡɐlatu	pir[ɔ]ɡɐlatu	pir[u]ɡɐlatu	0
pirogálhico	pirɔɡaʎiku	piruɡaʎiku	pir[ɔ]ɡaʎiku	pir[u]ɡaʎiku	0
pirogalhol	pirɔɡɐʎɔɫ	piruɡɐʎɔɫ	pir[ɔ]ɡɐʎɔɫ	pir[u]ɡɐʎɔɫ	0
pirogálico	pirɔɡɐliku	piruɡaliku	pir[ɔ]ɡ[ɐ]liku	pir[u]ɡ[a]liku	0
pirogalol	pirɔɡɐlɔɫ	piruɡɐlɔɫ	pir[ɔ]ɡɐlɔɫ	pir[u]ɡɐlɔɫ	0
pirogenação	pirɔʒɨnɐsɐ̃w̃	piruʒenɐsɐ̃w̃	pir[ɔ]ʒ[ɨ]nɐsɐ̃w̃	pir[u]ʒ[e]nɐsɐ̃w̃	0
pirogênese	pirɔʒenɨzɨ	piruʒenɨzɨ	pir[ɔ]ʒenɨzɨ	pir[u]ʒenɨzɨ	0
pirogénese	pirɔʒɛnɨzɨ	piruʒɛnɨzɨ	pir[ɔ]ʒɛnɨzɨ	pir[u]ʒɛnɨzɨ	0
pirogenético	pirɔʒɨnɛtiku	piruʒɨnɛtiku	pir[ɔ]ʒɨnɛtiku	pir[u]ʒɨnɛtiku	0
pirogênico	pirɔʒeniku	piruʒeniku	pir[ɔ]ʒeniku	pir[u]ʒeniku	0
pirogénico	pirɔʒɛniku	piruʒɛniku	pir[ɔ]ʒɛniku	pir[u]ʒɛniku	0
pirogeômetro	pirɔʒjomɨtru	piruʒɨomɨtru	pir[ɔ]ʒ[j]omɨtru	pir[u]ʒ[ɨ]omɨtru	0
pirogeómetro	pirɔʒjɔmɨtru	piruʒɨɔmɨtru	pir[ɔ]ʒ[j]ɔmɨtru	pir[u]ʒ[ɨ]ɔmɨtru	0
pirogranito	pirɔɡrɐnitu	piruɡrɐnitu	pir[ɔ]ɡrɐnitu	pir[u]ɡrɐnitu	0
pirogravação	pirɔɡrɐvɐsɐ̃w̃	piruɡrɐvɐsɐ̃w̃	pir[ɔ]ɡrɐvɐsɐ̃w̃	pir[u]ɡrɐvɐsɐ̃w̃	0
pirogravador	pirɔɡrɐvɐdor	piruɡrɐvɐdor	pir[ɔ]ɡrɐvɐdor	pir[u]ɡrɐvɐdor	0
pirogravar	pirɔɡrɐvar	piruɡrɐvar	pir[ɔ]ɡrɐvar	pir[u]ɡrɐvar	0
pirogravura	pirɔɡrɐvurɐ	piruɡrɐvurɐ	pir[ɔ]ɡrɐvurɐ	pir[u]ɡrɐvurɐ	0
pirolatria	pirɔlɐtriɐ	pirulɐtriɐ	pir[ɔ]lɐtriɐ	pir[u]lɐtriɐ	0
pirolenhoso	pirɔlɨɲozu	pirulɨɲozu	pir[ɔ]lɨɲozu	pir[u]lɨɲozu	0
piromaníaco	pirɔmɐniɐku	pirumɐniɐku	pir[ɔ]mɐniɐku	pir[u]mɐniɐku	0
piromania	pirɔmɐniɐ	pirumɐniɐ	pir[ɔ]mɐniɐ	pir[u]mɐniɐ	0
pirometalurgia	pirɔmɨtɐlurʒiɐ	pirumetɐlurʒiɐ	pir[ɔ]m[ɨ]tɐlurʒiɐ	pir[u]m[e]tɐlurʒiɐ	0
pirometamórfico	pirɔmɨtɐmɔrfiku	pirumetɐmɔrfiku	pir[ɔ]m[ɨ]tɐmɔrfiku	pir[u]m[e]tɐmɔrfiku	0
pirometamorfismo	pirɔmɨtɐmurfiʒmu	pirumetɐmurfiʒmu	pir[ɔ]m[ɨ]tɐmurfiʒmu	pir[u]m[e]tɐmurfiʒmu	0
pirometria	pirɔmɨtriɐ	pirumɨtriɐ	pir[ɔ]mɨtriɐ	pir[u]mɨtriɐ	0
piromorfita	pirɔmurfitɐ	pirumurfitɐ	pir[ɔ]murfitɐ	pir[u]murfitɐ	0
piromorfite	pirɔmurfitɨ	pirumurfitɨ	pir[ɔ]murfitɨ	pir[u]murfitɨ	0
piromotor	pirɔmutor	pirumutor	pir[ɔ]mutor	pir[u]mutor	0
piropincel	pirɔpĩsɛɫ	pirupĩnsɛɫ	pir[ɔ]pĩsɛɫ[]	pir[u]pĩnsɛ[ɫ]	0
piropneumático	pirɔpnewmatiku	pirupnewmatiku	pir[ɔ]pnewmatiku	pir[u]pnewmatiku	0
piroscopia	pirɔʃkupiɐ	piruʃkupiɐ	pir[ɔ]ʃkupiɐ	pir[u]ʃkupiɐ	0
piroscópio	pirɔʃkɔpju	piruʃkɔpju	pir[ɔ]ʃkɔpju	pir[u]ʃkɔpju	0
pirosfera	pirɔʃfɛrɐ	piruʃfɛrɐ	pir[ɔ]ʃfɛrɐ	pir[u]ʃfɛrɐ	0
pirosférico	pirɔʃfɛriku	piruʃfɛriku	pir[ɔ]ʃfɛriku	pir[u]ʃfɛriku	0
pirotecnia	pirɔtɛkniɐ	pirutɛkniɐ	pir[ɔ]tɛkniɐ	pir[u]tɛkniɐ	0
pirotécnico	pirɔtɛkniku	pirutɛkniku	pir[ɔ]tɛkniku	pir[u]tɛkniku	0
pirotecnizar	pirɔtɛknizar	pirutɛknizar	pir[ɔ]tɛknizar	pir[u]tɛknizar	0
piroxena	pirɔksenɐ	piruksenɐ	pir[ɔ]ksenɐ	pir[u]ksenɐ	0
piroxilina	pirɔksilinɐ	piruksilinɐ	pir[ɔ]ksilinɐ	pir[u]ksilinɐ	0
pirozone	pirɔzɔnɨ	piruzonɨ	pir[ɔ]z[ɔ]nɨ	pir[u]z[o]nɨ	0
pirozônio	pirɔzonju	piruzonju	pir[ɔ]zonju	pir[u]zonju	0
pirozónio	pirɔzɔnju	piruzɔnju	pir[ɔ]zɔnju	pir[u]zɔnju	0
pisolítico	pizɔlitiku	pizulitiku	piz[ɔ]litiku	piz[u]litiku	0
pitosgar	pitɔʒɡar	pituʒɡar	pit[ɔ]ʒɡar	pit[u]ʒɡar	0
pitosporáceas	pitɔʃpurasjɐʃ	pituʃpurasiɐʃ	pit[ɔ]ʃpuras[j]ɐʃ	pit[u]ʃpuras[i]ɐʃ	0
placodermos	plɐkɔdɛrmuʃ	plɐkudermuʃ	plɐk[ɔ]d[ɛ]rmuʃ	plɐk[u]d[e]rmuʃ	0
plagioclásio	plɐʒjɔklazju	plɐʒiuklazju	plɐʒj[ɔ]klazju	plɐʒi[u]klazju	0
plagioclasite	plɐʒjɔklɐzitɨ	plɐʒiuklɐzitɨ	plɐʒj[ɔ]klɐzitɨ	plɐʒi[u]klɐzitɨ	0
plagiomorfia	plɐʒjɔmurfiɐ	plɐʒiumurfiɐ	plɐʒj[ɔ]murfiɐ	plɐʒi[u]murfiɐ	0
plagiomórfico	plɐʒjɔmɔrfiku	plɐʒiumɔrfiku	plɐʒj[ɔ]mɔrfiku	plɐʒi[u]mɔrfiku	0
planetocêntrico	plɐnetɔsẽtriku	plɐnetusẽntriku	plɐnet[ɔ]sẽtriku[]	plɐnet[u]sẽntrik[u]	0
planogâmeta	plɐnɔɡɐmɨtɐ	plɐnuɡɐ̃mɨtɐ	plɐn[ɔ]ɡɐ[]mɨtɐ	plɐn[u]ɡɐ[̃]mɨtɐ	0
planopolarizado	plɐnɔpulɐrizadu	plɐnupulɐrizadu	plɐn[ɔ]pulɐrizadu	plɐn[u]pulɐrizadu	0
plasmocitoma	plɐʒmɔsitomɐ	plɐʒmusitomɐ	plɐʒm[ɔ]sitomɐ	plɐʒm[u]sitomɐ	0
platinotipia	plɐtinɔtipiɐ	plɐtinutipiɐ	plɐtin[ɔ]tipiɐ	plɐtin[u]tipiɐ	0
pleocitose	plɛɔsitɔzɨ	pliusitɔzɨ	plɛ[ɔ]sitɔzɨ	pli[u]sitɔzɨ	0
pleocroísmo	plɛɔkrwiʒmu	pliukruiʒmu	plɛ[ɔ]kr[w]iʒmu	pli[u]kr[u]iʒmu	0
pleomorfismo	plɛɔmurfiʒmu	pliumurfiʒmu	plɛ[ɔ]murfiʒmu	pli[u]murfiʒmu	0
pleurobrânquia	plewrɔbrɐ̃kjɐ	plewrubrɐ̃nkiɐ	plewr[ɔ]brɐ̃[]k[j]ɐ	plewr[u]brɐ̃[n]k[i]ɐ	0
pleurodinia	plewrɔdiniɐ	plewrudiniɐ	plewr[ɔ]diniɐ	plewr[u]diniɐ	0
pleuromeiáceas	plewrɔmɐjasjɐʃ	plewrumɨjasiɐʃ	plewr[ɔ]m[ɐ]jas[j]ɐʃ	plewr[u]m[ɨ]jas[i]ɐʃ	0
pleuronéctidas	plewrɔnɛktidɐʃ	plewrunɛtidɐʃ	plewr[ɔ]nɛ[k]tidɐʃ	plewr[u]nɛ[]tidɐʃ	0
pleuronectídeos	plewrɔnɛktidjuʃ	plewrunɛtidiwʃ	plewr[ɔ]nɛ[k]tidj[u]ʃ	plewr[u]nɛ[]tidi[w]ʃ	0
pleuropatia	plewrɔpɐtiɐ	plewrupɐtiɐ	plewr[ɔ]pɐtiɐ	plewr[u]pɐtiɐ	0
pleuropneumonia	plewrɔpnewmuniɐ	plewrupnewmuniɐ	plewr[ɔ]pnewmuniɐ	plewr[u]pnewmuniɐ	0
pleuropneumônico	plewrɔpnewmoniku	plewrupnewmoniku	plewr[ɔ]pnewmoniku	plewr[u]pnewmoniku	0
pleuropneumónico	plewrɔpnewmɔniku	plewrupnewmɔniku	plewr[ɔ]pnewmɔniku	plewr[u]pnewmɔniku	0
pleurorragia	plewrɔʀɐʒiɐ	plewruʀɐʒiɐ	plewr[ɔ]ʀɐʒiɐ	plewr[u]ʀɐʒiɐ	0
pleurotomia	plewrɔtumiɐ	plewrutumiɐ	plewr[ɔ]tumiɐ	plewr[u]tumiɐ	0
pliotropia	pliɔtrupiɐ	pliutrupiɐ	pli[ɔ]trupiɐ	pli[u]trupiɐ	0
pliotrópico	pliɔtrɔpiku	pliutrɔpiku	pli[ɔ]trɔpiku	pli[u]trɔpiku	0
pliotropismo	pliɔtrupiʒmu	pliutrupiʒmu	pli[ɔ]trupiʒmu	pli[u]trupiʒmu	0
ploceídeo	plɔsɐidju	plusɨidiw	pl[ɔ]s[ɐ]idj[u]	pl[u]s[ɨ]idi[w]	0
ploceídeos	plɔsɐidjuʃ	plusɨidiwʃ	pl[ɔ]s[ɐ]idj[u]ʃ	pl[u]s[ɨ]idi[w]ʃ	0
plurilobulado	plurilɔbuladu	plurilubuladu	pluril[ɔ]buladu	pluril[u]buladu	0
plurilocular	plurilɔkular	plurilukular	pluril[ɔ]kular	pluril[u]kular	0
plutocracia	plutɔkrɐsiɐ	plutukrɐsiɐ	plut[ɔ]krɐsiɐ	plut[u]krɐsiɐ	0
plutocrata	plutɔkratɐ	plutukratɐ	plut[ɔ]kratɐ	plut[u]kratɐ	0
plutocrático	plutɔkratiku	plutukratiku	plut[ɔ]kratiku	plut[u]kratiku	0
plutomania	plutɔmɐniɐ	plutumɐniɐ	plut[ɔ]mɐniɐ	plut[u]mɐniɐ	0
plutonomia	plutɔnumiɐ	plutunumiɐ	plut[ɔ]numiɐ	plut[u]numiɐ	0
pluviometria	pluvjɔmɨtriɐ	pluviumɨtriɐ	pluvj[ɔ]mɨtriɐ	pluvi[u]mɨtriɐ	0
pluviométrico	pluvjɔmɛtriku	pluviumɛtriku	pluvj[ɔ]mɛtriku	pluvi[u]mɛtriku	0
pluvioscópio	pluvjɔʃkɔpju	pluviuʃkɔpju	pluvj[ɔ]ʃkɔpju	pluvi[u]ʃkɔpju	0
pneometria	pnɛɔmɨtriɐ	pniumɨtriɐ	pnɛ[ɔ]mɨtriɐ	pni[u]mɨtriɐ	0
pneumatolítico	pnewmɐtɔlitiku	pnewmɐtulitiku	pnewmɐt[ɔ]litiku	pnewmɐt[u]litiku	0
pneumobrânquio	pnewmɔbrɐ̃kju	pnewmubrɐ̃nkiw	pnewm[ɔ]brɐ̃[]kj[u]	pnewm[u]brɐ̃[n]ki[w]	0
pneumocele	pnewmɔsɛlɨ	pnewmusɛlɨ	pnewm[ɔ]sɛlɨ	pnewm[u]sɛlɨ	0
pneumocisto	pnewmɔsiʃtu	pnewmusiʃtu	pnewm[ɔ]siʃtu	pnewm[u]siʃtu	0
pneumocistose	pnewmɔsiʃtɔzɨ	pnewmusiʃtɔzɨ	pnewm[ɔ]siʃtɔzɨ	pnewm[u]siʃtɔzɨ	0
pneumococo	pnewmɔkɔku	pnewmukɔku	pnewm[ɔ]kɔku	pnewm[u]kɔku	0
pneumoconiose	pnewmɔkunjɔzɨ	pnewmukuniɔzɨ	pnewm[ɔ]kun[j]ɔzɨ	pnewm[u]kun[i]ɔzɨ	0
pneumogástrico	pnewmɔɡaʃtriku	pnewmuɡaʃtriku	pnewm[ɔ]ɡaʃtriku	pnewm[u]ɡaʃtriku	0
pneumopatia	pnewmɔpɐtiɐ	pnewmupɐtiɐ	pnewm[ɔ]pɐtiɐ	pnewm[u]pɐtiɐ	0
pneumopático	pnewmɔpatiku	pnewmupatiku	pnewm[ɔ]patiku	pnewm[u]patiku	0
pneumoplegia	pnewmɔplɛʒiɐ	pnewmuplɨʒiɐ	pnewm[ɔ]pl[ɛ]ʒiɐ	pnewm[u]pl[ɨ]ʒiɐ	0
pneumopleurisia	pnewmɔplewriziɐ	pnewmuplewriziɐ	pnewm[ɔ]plewriziɐ	pnewm[u]plewriziɐ	0
pneumorragia	pnewmɔʀɐʒiɐ	pnewmuʀɐʒiɐ	pnewm[ɔ]ʀɐʒiɐ	pnewm[u]ʀɐʒiɐ	0
pneumoscópio	pnewmɔʃkɔpju	pnewmuʃkɔpju	pnewm[ɔ]ʃkɔpju	pnewm[u]ʃkɔpju	0
pneumostômio	pnewmɔʃtomju	pnewmuʃtomju	pnewm[ɔ]ʃtomju	pnewm[u]ʃtomju	0
pneumostómio	pnewmɔʃtɔmju	pnewmuʃtɔmju	pnewm[ɔ]ʃtɔmju	pnewm[u]ʃtɔmju	0
pneumoterapia	pnewmɔtɨrɐpiɐ	pnewmutɨrɐpiɐ	pnewm[ɔ]tɨrɐpiɐ	pnewm[u]tɨrɐpiɐ	0
pneumotomia	pnewmɔtumiɐ	pnewmutumiɐ	pnewm[ɔ]tumiɐ	pnewm[u]tumiɐ	0
pneumotômico	pnewmɔtomiku	pnewmutomiku	pnewm[ɔ]tomiku	pnewm[u]tomiku	0
pneumotómico	pnewmɔtɔmiku	pnewmutɔmiku	pnewm[ɔ]tɔmiku	pnewm[u]tɔmiku	0
pneumotórax	pnewmɔtɔraks	pnewmutɔrɐks	pnewm[ɔ]tɔr[a]ks	pnewm[u]tɔr[ɐ]ks	0
pobrezinho	pɔbrɨziɲu	pubrɨziɲu	p[ɔ]brɨziɲu	p[u]brɨziɲu	0
pochete	pɔʃɛtɨ	puʃɛtɨ	p[ɔ]ʃɛtɨ	p[u]ʃɛtɨ	0
poculiforme	pɔkulifɔrmɨ	pukulifɔrmɨ	p[ɔ]kulifɔrmɨ	p[u]kulifɔrmɨ	0
podobrânquia	pɔdɔbrɐ̃kiɐ	pudubrɐ̃nkiɐ	p[ɔ]d[ɔ]brɐ̃[]kiɐ	p[u]d[u]brɐ̃[n]kiɐ	0
podobrânquio	pɔdɔbrɐ̃kju	pudubrɐ̃nkiw	p[ɔ]d[ɔ]brɐ̃[]kj[u]	p[u]d[u]brɐ̃[n]ki[w]	0
pododinia	pɔdɔdiniɐ	pududiniɐ	p[ɔ]d[ɔ]diniɐ	p[u]d[u]diniɐ	0
podoftalmo	pɔdɔftaɫmu	puduftaɫmu	p[ɔ]d[ɔ]ftaɫmu	p[u]d[u]ftaɫmu	0
podogó	pɔdɔɡɔ	puduɡɔ	p[ɔ]d[ɔ]ɡɔ	p[u]d[u]ɡɔ	0
pogrom	pɔɡrõ	puɡrõm	p[ɔ]ɡrõ[]	p[u]ɡrõ[m]	0
poiquilotermia	pojkilɔtɨrmiɐ	pojkilutɨrmiɐ	pojkil[ɔ]tɨrmiɐ	pojkil[u]tɨrmiɐ	0
poiquilotérmico	pojkilɔtɛrmiku	pojkilutɛrmiku	pojkil[ɔ]tɛrmiku	pojkil[u]tɛrmiku	0
polaciúria	pɔlɐsjurjɐ	pulɐsiurjɐ	p[ɔ]lɐs[j]urjɐ	p[u]lɐs[i]urjɐ	0
polaciúrico	pɔlɐsjuriku	pulɐsiuriku	p[ɔ]lɐs[j]uriku	p[u]lɐs[i]uriku	0
polcar	pɔɫkar	puɫkar	p[ɔ]ɫkar	p[u]ɫkar	0
polemoscópio	pɔlɨmɔʃkɔpju	pulɨmuʃkɔpju	p[ɔ]lɨm[ɔ]ʃkɔpju	p[u]lɨm[u]ʃkɔpju	0
poliacanto	pɔljɐkɐ̃tu	puliɐkɐ̃ntu	p[ɔ]l[j]ɐkɐ̃[]tu	p[u]l[i]ɐkɐ̃[n]tu	0
poliácido	pɔliasidu	puliasidu	p[ɔ]liasidu	p[u]liasidu	0
poliadelfia	pɔljɐdɛɫfiɐ	puliɐdɨɫfiɐ	p[ɔ]l[j]ɐd[ɛ]ɫfiɐ	p[u]l[i]ɐd[ɨ]ɫfiɐ	0
poliadelfo	pɔljɐdɛɫfu	puliɐdeɫfu	p[ɔ]l[j]ɐd[ɛ]ɫfu	p[u]l[i]ɐd[e]ɫfu	0
poliálcool	pɔliaɫkwɔɫ	puliaɫkuɫ	p[ɔ]liaɫkw[ɔ]ɫ	p[u]liaɫku[]ɫ	0
polialgia	pɔljaɫʒiɐ	puliaɫʒiɐ	p[ɔ]l[j]aɫʒiɐ	p[u]l[i]aɫʒiɐ	0
poliamida	pɔliɐmidɐ	puliɐmidɐ	p[ɔ]liɐmidɐ	p[u]liɐmidɐ	0
poliandra	pɔljɐ̃drɐ	puliɐ̃ndrɐ	p[ɔ]l[j]ɐ̃[]drɐ	p[u]l[i]ɐ̃[n]drɐ	0
poliandria	pɔljɐ̃driɐ	puliɐ̃ndriɐ	p[ɔ]l[j]ɐ̃[]driɐ	p[u]l[i]ɐ̃[n]driɐ	0
poliândria	pɔljɐ̃drjɐ	puljɐ̃ndriɐ	p[ɔ]ljɐ̃[]dr[j]ɐ	p[u]ljɐ̃[n]dr[i]ɐ	0
poliândrico	pɔljɐ̃driku	puljɐ̃ndriku	p[ɔ]ljɐ̃[]driku	p[u]ljɐ̃[n]driku	0
poliandro	pɔljɐ̃dru	puliɐ̃ndru	p[ɔ]l[j]ɐ̃[]dru	p[u]l[i]ɐ̃[n]dru	0
polianteia	pɔljɐ̃tɐjɐ	puliɐ̃ntɛjɐ	p[ɔ]l[j]ɐ̃[]t[ɐ]jɐ	p[u]l[i]ɐ̃[n]t[ɛ]jɐ	0
poliantéia	pɔljɐ̃tɐjɐ	puliɐ̃ntɛjɐ	p[ɔ]l[j]ɐ̃[]t[ɐ]jɐ	p[u]l[i]ɐ̃[n]t[ɛ]jɐ	0
polianto	pɔljɐ̃tu	puliɐ̃ntu	p[ɔ]l[j]ɐ̃[]tu	p[u]l[i]ɐ̃[n]tu	0
poliaquênio	pɔliɐkenju	puliɐkwẽnju	p[ɔ]liɐk[]e[]nju	p[u]liɐk[w]e[̃]nju	0
poliaquénio	pɔliɐkɛnju	puliɐkɛnju	p[ɔ]liɐkɛnju	p[u]liɐkɛnju	0
poliaromático	pɔliɐrumatiku	puliɐrumatiku	p[ɔ]liɐrumatiku	p[u]liɐrumatiku	0
poliarquia	pɔljɐrkiɐ	puliɐrkiɐ	p[ɔ]l[j]ɐrkiɐ	p[u]l[i]ɐrkiɐ	0
poliarticulado	pɔliɐrtikuladu	puliɐrtikuladu	p[ɔ]liɐrtikuladu	p[u]liɐrtikuladu	0
poliarticular	pɔliɐrtikular	puliɐrtikular	p[ɔ]liɐrtikular	p[u]liɐrtikular	0
poliartralgia	pɔljɐrtraɫʒiɐ	puliɐrtraɫʒiɐ	p[ɔ]l[j]ɐrtraɫʒiɐ	p[u]l[i]ɐrtraɫʒiɐ	0
poliartrite	pɔliɐrtritɨ	puliɐrtritɨ	p[ɔ]liɐrtritɨ	p[u]liɐrtritɨ	0
poliatômico	pɔliɐtomiku	puliɐtomiku	p[ɔ]liɐtomiku	p[u]liɐtomiku	0
poliatómico	pɔliɐtɔmiku	puliɐtɔmiku	p[ɔ]liɐtɔmiku	p[u]liɐtɔmiku	0
poliban	pɔlibɐ̃	pulibɐ̃m	p[ɔ]libɐ̃[]	p[u]libɐ̃[m]	0
polibã	pɔlibɐ̃	pulibɐ̃	p[ɔ]libɐ̃	p[u]libɐ̃	0
polibásico	pɔlibaziku	pulibaziku	p[ɔ]libaziku	p[u]libaziku	0
policarpelar	pɔlikɐrpɨlar	pulikɐrpɨlar	p[ɔ]likɐrpɨlar	p[u]likɐrpɨlar	0
policárpico	pɔlikarpiku	pulikarpiku	p[ɔ]likarpiku	p[u]likarpiku	0
policarpo	pɔlikarpu	pulikarpu	p[ɔ]likarpu	p[u]likarpu	0
policéfalo	pɔlisɛfɐlu	pulisɛfɐlu	p[ɔ]lisɛfɐlu	p[u]lisɛfɐlu	0
policelular	pɔlisɨlular	puliselular	p[ɔ]lis[ɨ]lular	p[u]lis[e]lular	0
policêntrico	pɔlisẽtriku	pulisẽntriku	p[ɔ]lisẽtriku[]	p[u]lisẽntrik[u]	0
polichinelo	pɔliʃinɛlu	puliʃinɛlu	p[ɔ]liʃinɛlu	p[u]liʃinɛlu	0
policíclico	pɔlisikliku	pulisikliku	p[ɔ]lisikliku	p[u]lisikliku	0
policitemia	pɔlisitɨmiɐ	pulisitɨmiɐ	p[ɔ]lisitɨmiɐ	p[u]lisitɨmiɐ	0
policitêmico	pɔlisitemiku	pulisitemiku	p[ɔ]lisitemiku	p[u]lisitemiku	0
policitémico	pɔlisitɛmiku	pulisitɛmiku	p[ɔ]lisitɛmiku	p[u]lisitɛmiku	0
policópia	pɔlikɔpjɐ	pulikɔpjɐ	p[ɔ]likɔpjɐ	p[u]likɔpjɐ	0
policopiar	pɔlikupjar	pulikupiar	p[ɔ]likup[j]ar	p[u]likup[i]ar	0
policresto	pɔlikrɛʃtu	pulikrɛʃtu	p[ɔ]likrɛʃtu	p[u]likrɛʃtu	0
policroísmo	pɔlikrwiʒmu	pulikruiʒmu	p[ɔ]likr[w]iʒmu	p[u]likr[u]iʒmu	0
policromado	pɔlikrɔmadu	pulikrumadu	p[ɔ]likr[ɔ]madu	p[u]likr[u]madu	0
policromar	pɔlikrɔmar	pulikrumar	p[ɔ]likr[ɔ]mar	p[u]likr[u]mar	0
policromático	pɔlikrɔmatiku	pulikrumatiku	p[ɔ]likr[ɔ]matiku	p[u]likr[u]matiku	0
policromia	pɔlikrumiɐ	pulikrumiɐ	p[ɔ]likrumiɐ	p[u]likrumiɐ	0
policromo	pɔlikrɔmu	pulikromu	p[ɔ]likr[ɔ]mu	p[u]likr[o]mu	0
policultor	pɔlikuɫtor	pulikuɫtor	p[ɔ]likuɫtor	p[u]likuɫtor	0
policultura	pɔlikuɫturɐ	pulikuɫturɐ	p[ɔ]likuɫturɐ	p[u]likuɫturɐ	0
policurvo	pɔlikurvu	pulikurvu	p[ɔ]likurvu	p[u]likurvu	0
polidactilia	pɔlidɐktiliɐ	pulidɐtiliɐ	p[ɔ]lidɐ[k]tiliɐ	p[u]lidɐ[]tiliɐ	0
polidáctilo	pɔlidaktilu	pulidatilu	p[ɔ]lida[k]tilu	p[u]lida[]tilu	0
polidatilia	pɔlidɐtiliɐ	pulidɐtiliɐ	p[ɔ]lidɐtiliɐ	p[u]lidɐtiliɐ	0
polidátilo	pɔlidatilu	pulidatilu	p[ɔ]lidatilu	p[u]lidatilu	0
polidesportivo	pɔlidɨʃpurtivu	pulidɨʃpurtivu	p[ɔ]lidɨʃpurtivu	p[u]lidɨʃpurtivu	0
polidipsia	pɔlidipsiɐ	pulidipsiɐ	p[ɔ]lidipsiɐ	p[u]lidipsiɐ	0
poliédrico	pɔljɛdriku	puljɛdriku	p[ɔ]ljɛdriku	p[u]ljɛdriku	0
poliedro	pɔljɛdru	puliɛdru	p[ɔ]l[j]ɛdru	p[u]l[i]ɛdru	0
poliembrionia	pɔliẽbrjuniɐ	puliẽmbrjuniɐ	p[ɔ]liẽbrjuniɐ[]	p[u]liẽmbrjuni[ɐ]	0
poliemia	pɔljemiɐ	puliɨmiɐ	p[ɔ]lj[e]miɐ	p[u]li[ɨ]miɐ	0
poliesportivo	pɔliiʃpurtivu	pulieʃpurtivu	p[ɔ]li[i]ʃpurtivu	p[u]li[e]ʃpurtivu	0
poliéster	pɔljɛʃtɛr	puljɛʃtɨr	p[ɔ]ljɛʃt[ɛ]r	p[u]ljɛʃt[ɨ]r	0
poliestireno	pɔliiʃtirenu	pulieʃtirenu	p[ɔ]li[i]ʃtirenu	p[u]li[e]ʃtirenu	0
polietileno	pɔlietilenu	pulietilenu	p[ɔ]lietilenu	p[u]lietilenu	0
polifacetado	pɔlifɐsɨtadu	pulifɐsɨtadu	p[ɔ]lifɐsɨtadu	p[u]lifɐsɨtadu	0
polifagia	pɔlifɐʒiɐ	pulifɐʒiɐ	p[ɔ]lifɐʒiɐ	p[u]lifɐʒiɐ	0
polifásico	pɔlifaziku	pulifaziku	p[ɔ]lifaziku	p[u]lifaziku	0
polifilético	pɔlifilɛtiku	pulifilɛtiku	p[ɔ]lifilɛtiku	p[u]lifilɛtiku	0
polifilo	pɔlifilu	pulifilu	p[ɔ]lifilu	p[u]lifilu	0
polifonia	pɔlifuniɐ	pulifuniɐ	p[ɔ]lifuniɐ	p[u]lifuniɐ	0
polifônico	pɔlifoniku	pulifoniku	p[ɔ]lifoniku	p[u]lifoniku	0
polifónico	pɔlifɔniku	pulifɔniku	p[ɔ]lifɔniku	p[u]lifɔniku	0
polifonista	pɔlifuniʃtɐ	pulifuniʃtɐ	p[ɔ]lifuniʃtɐ	p[u]lifuniʃtɐ	0
polifuncional	pɔlifũsjunaɫ	pulifũnsjunaɫ	p[ɔ]lifũsjunaɫ[]	p[u]lifũnsjuna[ɫ]	0
poligamia	pɔliɡɐmiɐ	puliɡɐmiɐ	p[ɔ]liɡɐmiɐ	p[u]liɡɐmiɐ	0
poligâmico	pɔliɡɐmiku	puliɡɐ̃miku	p[ɔ]liɡɐ[]miku	p[u]liɡɐ[̃]miku	0
poliganglionar	pɔliɡɐ̃ɡljunar	puliɡɐ̃nɡljunar	p[ɔ]liɡɐ̃[]ɡljunar	p[u]liɡɐ̃[n]ɡljunar	0
poligastricidade	pɔliɡɐʃtrisidadɨ	puliɡɐʃtrisidadɨ	p[ɔ]liɡɐʃtrisidadɨ	p[u]liɡɐʃtrisidadɨ	0
poligástrico	pɔliɡaʃtriku	puliɡaʃtriku	p[ɔ]liɡaʃtriku	p[u]liɡaʃtriku	0
poligastro	pɔliɡaʃtru	puliɡaʃtru	p[ɔ]liɡaʃtru	p[u]liɡaʃtru	0
poligene	pɔliʒɛnɨ	puliʒenɨ	p[ɔ]liʒ[ɛ]nɨ	p[u]liʒ[e]nɨ	0
poligenismo	pɔliʒɨniʒmu	puliʒɨniʒmu	p[ɔ]liʒɨniʒmu	p[u]liʒɨniʒmu	0
poliginia	pɔliʒiniɐ	puliʒiniɐ	p[ɔ]liʒiniɐ	p[u]liʒiniɐ	0
polígino	pɔliʒinu	puliʒinu	p[ɔ]liʒinu	p[u]liʒinu	0
poliglota	pɔliɡlɔtɐ	puliɡlɔtɐ	p[ɔ]liɡlɔtɐ	p[u]liɡlɔtɐ	0
poliglótico	pɔliɡlɔtiku	puliɡlɔtiku	p[ɔ]liɡlɔtiku	p[u]liɡlɔtiku	0
poliglotismo	pɔliɡlutiʒmu	puliɡlutiʒmu	p[ɔ]liɡlutiʒmu	p[u]liɡlutiʒmu	0
poligloto	pɔliɡlɔtu	puliɡlɔtu	p[ɔ]liɡlɔtu	p[u]liɡlɔtu	0
poligonáceas	pɔliɡunasjɐʃ	puliɡunasiɐʃ	p[ɔ]liɡunas[j]ɐʃ	p[u]liɡunas[i]ɐʃ	0
poli-isocianato	pɔliizɔsjɐnatu	puliizusiɐnatu	p[ɔ]liiz[ɔ]s[j]ɐnatu	p[u]liiz[u]s[i]ɐnatu	0
poliisocianato	pɔliizɔsjɐnatu	puljizusiɐnatu	p[ɔ]l[i]iz[ɔ]s[j]ɐnatu	p[u]l[j]iz[u]s[i]ɐnatu	0
polimastia	pɔlimɐʃtiɐ	pulimɐʃtiɐ	p[ɔ]limɐʃtiɐ	p[u]limɐʃtiɐ	0
polimatia	pɔlimɐtiɐ	pulimɐtiɐ	p[ɔ]limɐtiɐ	p[u]limɐtiɐ	0
polimático	pɔlimatiku	pulimatiku	p[ɔ]limatiku	p[u]limatiku	0
polimeria	pɔlimɨriɐ	pulimɨriɐ	p[ɔ]limɨriɐ	p[u]limɨriɐ	0
polimerismo	pɔlimɨriʒmu	pulimɨriʒmu	p[ɔ]limɨriʒmu	p[u]limɨriʒmu	0
polimialgia	pɔlimjaɫʒiɐ	pulimiaɫʒiɐ	p[ɔ]lim[j]aɫʒiɐ	p[u]lim[i]aɫʒiɐ	0
polimorfia	pɔlimurfiɐ	pulimurfiɐ	p[ɔ]limurfiɐ	p[u]limurfiɐ	0
polimórfico	pɔlimɔrfiku	pulimɔrfiku	p[ɔ]limɔrfiku	p[u]limɔrfiku	0
polimorfismo	pɔlimurfiʒmu	pulimurfiʒmu	p[ɔ]limurfiʒmu	p[u]limurfiʒmu	0
polimorfo	pɔlimɔrfu	pulimɔrfu	p[ɔ]limɔrfu	p[u]limɔrfu	0
polinervado	pɔlinɨrvadu	pulinɨrvadu	p[ɔ]linɨrvadu	p[u]linɨrvadu	0
polineuralgia	pɔlinewraɫʒiɐ	pulinewraɫʒiɐ	p[ɔ]linewraɫʒiɐ	p[u]linewraɫʒiɐ	0
polineurite	pɔlinewritɨ	pulinewritɨ	p[ɔ]linewritɨ	p[u]linewritɨ	0
polineuropatia	pɔlinewrɔpɐtiɐ	pulinewrupɐtiɐ	p[ɔ]linewr[ɔ]pɐtiɐ	p[u]linewr[u]pɐtiɐ	0
polinevralgia	pɔlinɨvraɫʒiɐ	pulinɨvraɫʒiɐ	p[ɔ]linɨvraɫʒiɐ	p[u]linɨvraɫʒiɐ	0
polinevrite	pɔlinɨvritɨ	pulinɨvritɨ	p[ɔ]linɨvritɨ	p[u]linɨvritɨ	0
polinomial	pɔlinumjal	pulinumiaɫ	p[ɔ]linum[j]a[l]	p[u]linum[i]a[ɫ]	0
polinsaturado	pɔlĩsɐturadu	pulĩnsɐturadu	p[ɔ]lĩsɐturadu[]	p[u]lĩnsɐturad[u]	0
polinucleado	pɔlinukljadu	pulinukliadu	p[ɔ]linukl[j]adu	p[u]linukl[i]adu	0
polinuclear	pɔlinukljar	pulinukliar	p[ɔ]linukl[j]ar	p[u]linukl[i]ar	0
poliomielite	pɔljɔmjɛlitɨ	puliumiɨlitɨ	p[ɔ]lj[ɔ]mj[ɛ]litɨ	p[u]li[u]mi[ɨ]litɨ	0
poliomielítico	pɔljɔmjɛlitiku	puliumiɨlitiku	p[ɔ]lj[ɔ]mj[ɛ]litiku	p[u]li[u]mi[ɨ]litiku	0
poliomiosite	pɔljɔmjɔzitɨ	puliumiuzitɨ	p[ɔ]lj[ɔ]mj[ɔ]zitɨ	p[u]li[u]mi[u]zitɨ	0
poliônimo	pɔljonimu	puljonimu	p[ɔ]ljonimu	p[u]ljonimu	0
poliónimo	pɔljɔnimu	puliɔnimu	p[ɔ]l[j]ɔnimu	p[u]l[i]ɔnimu	0
poliopia	pɔljupiɐ	puliupiɐ	p[ɔ]l[j]upiɐ	p[u]l[i]upiɐ	0
poliorexia	pɔljɔrɛksiɐ	puliurɨksiɐ	p[ɔ]lj[ɔ]r[ɛ]ksiɐ	p[u]li[u]r[ɨ]ksiɐ	0
poliovirótico	pɔljɔvirɔtiku	puliuvirɔtiku	p[ɔ]lj[ɔ]virɔtiku	p[u]li[u]virɔtiku	0
poliovírus	pɔljɔviruʃ	puliuviruʃ	p[ɔ]lj[ɔ]viruʃ	p[u]li[u]viruʃ	0
polipectomia	pɔlipɛktumiɐ	pulipɛtumiɐ	p[ɔ]lipɛ[k]tumiɐ	p[u]lipɛ[]tumiɐ	0
polipeptídeo	pɔlipɛptidju	pulipɨptidiw	p[ɔ]lip[ɛ]ptidj[u]	p[u]lip[ɨ]ptidi[w]	0
polipeptídico	pɔlipɛptidiku	pulipɨptidiku	p[ɔ]lip[ɛ]ptidiku	p[u]lip[ɨ]ptidiku	0
polipéptido	pɔlipɛptidu	pulipɛptidu	p[ɔ]lipɛptidu	p[u]lipɛptidu	0
polipétalo	pɔlipɛtɐlu	pulipɛtɐlu	p[ɔ]lipɛtɐlu	p[u]lipɛtɐlu	0
poliploide	pɔliplɔjdɨ	puliplɔjdɨ	p[ɔ]liplɔjdɨ	p[u]liplɔjdɨ	0
poliplóide	pɔliplɔjdɨ	puliplɔjdɨ	p[ɔ]liplɔjdɨ	p[u]liplɔjdɨ	0
poliploidia	pɔliplɔjdiɐ	puliplojdiɐ	p[ɔ]lipl[ɔ]jdiɐ	p[u]lipl[o]jdiɐ	0
polipneia	pɔlipnɐjɐ	pulipnɛjɐ	p[ɔ]lipn[ɐ]jɐ	p[u]lipn[ɛ]jɐ	0
polipnéia	pɔlipnɐjɐ	pulipnɛjɐ	p[ɔ]lipn[ɐ]jɐ	p[u]lipn[ɛ]jɐ	0
poliporáceas	pɔlipurasjɐʃ	pulipurasiɐʃ	p[ɔ]lipuras[j]ɐʃ	p[u]lipuras[i]ɐʃ	0
polipropileno	pɔliprupilenu	puliprupilenu	p[ɔ]liprupilenu	p[u]liprupilenu	0
polirreme	pɔliʀɛmɨ	puliʀemɨ	p[ɔ]liʀ[ɛ]mɨ	p[u]liʀ[e]mɨ	0
polirribossoma	pɔliʀibɔsomɐ	puliʀibusomɐ	p[ɔ]liʀib[ɔ]somɐ	p[u]liʀib[u]somɐ	0
polirribossomo	pɔliʀibɔsomu	puliʀibusomu	p[ɔ]liʀib[ɔ]somu	p[u]liʀib[u]somu	0
polirritmia	pɔliʀitmia	puliʀitmiɐ	p[ɔ]liʀitmi[a]	p[u]liʀitmi[ɐ]	0
polirrítmico	pɔliʀitmiku	puliʀitmiku	p[ɔ]liʀitmiku	p[u]liʀitmiku	0
polirrizo	pɔliʀizu	puliʀizu	p[ɔ]liʀizu	p[u]liʀizu	0
polisarcia	pɔlizɐrsiɐ	pulizɐrsiɐ	p[ɔ]lizɐrsiɐ	p[u]lizɐrsiɐ	0
polispermia	pɔliʃpɨrmiɐ	puliʃpɨrmiɐ	p[ɔ]liʃpɨrmiɐ	p[u]liʃpɨrmiɐ	0
polispérmico	pɔliʃpɛrmiku	puliʃpɛrmiku	p[ɔ]liʃpɛrmiku	p[u]liʃpɛrmiku	0
polispermo	pɔliʃpɛrmu	puliʃpermu	p[ɔ]liʃp[ɛ]rmu	p[u]liʃp[e]rmu	0
polissacarídeo	pɔlisɐkɐridju	pulisɐkɐridiw	p[ɔ]lisɐkɐridj[u]	p[u]lisɐkɐridi[w]	0
polissacárido	pɔlisɐkaridu	pulisɐkaridu	p[ɔ]lisɐkaridu	p[u]lisɐkaridu	0
polissemia	pɔlisɨmiɐ	pulisɨmiɐ	p[ɔ]lisɨmiɐ	p[u]lisɨmiɐ	0
polissêmico	pɔlisemiku	pulisemiku	p[ɔ]lisemiku	p[u]lisemiku	0
polissémico	pɔlisɛmiku	pulisɛmiku	p[ɔ]lisɛmiku	p[u]lisɛmiku	0
polissépalo	pɔlisɛpɐlu	pulisɛpɐlu	p[ɔ]lisɛpɐlu	p[u]lisɛpɐlu	0
polisserosite	pɔlisɨruzitɨ	puliseruzitɨ	p[ɔ]lis[ɨ]ruzitɨ	p[u]lis[e]ruzitɨ	0
polissifônia	pɔlisifonjɐ	pulisifonjɐ	p[ɔ]lisifonjɐ	p[u]lisifonjɐ	0
polissifónia	pɔlisifɔnjɐ	pulisifɔnjɐ	p[ɔ]lisifɔnjɐ	p[u]lisifɔnjɐ	0
polissilábico	pɔlisilabiku	pulisilabiku	p[ɔ]lisilabiku	p[u]lisilabiku	0
polissílabo	pɔlisilɐbu	pulisilɐbu	p[ɔ]lisilɐbu	p[u]lisilɐbu	0
polissilogismo	pɔlisiluʒiʒmu	pulisiluʒiʒmu	p[ɔ]lisiluʒiʒmu	p[u]lisiluʒiʒmu	0
polissindáctilo	pɔlisĩdaktilu	pulisĩndatilu	p[ɔ]lisĩdak[]tilu	p[u]lisĩnd[a]tilu	0
polissindátilo	pɔlisĩdatilu	pulisĩndatilu	p[ɔ]lisĩdatilu[]	p[u]lisĩndatil[u]	0
polissíndeton	pɔlisĩdɨtɔn	pulisĩndɨtõm	p[ɔ]lisĩdɨtɔn[]	p[u]lisĩndɨtõ[m]	0
polissíndeto	pɔlisĩdɨtu	pulisĩndɨtu	p[ɔ]lisĩdɨtu[]	p[u]lisĩndɨt[u]	0
polissíntese	pɔlisĩtɨzɨ	pulisĩntɨzɨ	p[ɔ]lisĩtɨ[z]ɨ[]	p[u]lisĩn[t]ɨz[ɨ]	0
polissintético	pɔlisĩtɛtiku	pulisĩntɛtiku	p[ɔ]lisĩt[ɛ]tiku[]	p[u]lisĩ[n]tɛtik[u]	0
polissintetismo	pɔlisĩtɨtiʒmu	pulisĩntɨtiʒmu	p[ɔ]lisĩt[ɨ]tiʒmu[]	p[u]lisĩ[n]tɨtiʒm[u]	0
polissoma	pɔlisomɐ	pulisomɐ	p[ɔ]lisomɐ	p[u]lisomɐ	0
polissomático	pɔlisumatiku	pulisumatiku	p[ɔ]lisumatiku	p[u]lisumatiku	0
polissomo	pɔlisomo	pulisomu	p[ɔ]lisom[o]	p[u]lisom[u]	0
polissonografia	pɔlisunuɡrɐfiɐ	pulisunuɡrɐfiɐ	p[ɔ]lisunuɡrɐfiɐ	p[u]lisunuɡrɐfiɐ	0
polistélico	pɔliʃtɛliku	puliʃtɛliku	p[ɔ]liʃtɛliku	p[u]liʃtɛliku	0
polistilo	pɔliʃtilu	puliʃtilu	p[ɔ]liʃtilu	p[u]liʃtilu	0
polistireno	pɔliʃtirenu	puliʃtirenu	p[ɔ]liʃtirenu	p[u]liʃtirenu	0
polistômio	pɔliʃtomju	puliʃtomju	p[ɔ]liʃtomju	p[u]liʃtomju	0
polistómio	pɔliʃtɔmju	puliʃtɔmju	p[ɔ]liʃtɔmju	p[u]liʃtɔmju	0
politeama	pɔlitjɐmɐ	pulitiɐ̃mɐ	p[ɔ]lit[j]ɐ[]mɐ	p[u]lit[i]ɐ[̃]mɐ	0
politécnico	pɔlitɛkniku	pulitɛkniku	p[ɔ]litɛkniku	p[u]litɛkniku	0
politeísmo	pɔlitɐiʒmu	pulitɨiʒmu	p[ɔ]lit[ɐ]iʒmu	p[u]lit[ɨ]iʒmu	0
politeísta	pɔlitɐiʃtɐ	pulitɨiʃtɐ	p[ɔ]lit[ɐ]iʃtɐ	p[u]lit[ɨ]iʃtɐ	0
politeístico	pɔlitɐiʃtiku	pulitɨiʃtiku	p[ɔ]lit[ɐ]iʃtiku	p[u]lit[ɨ]iʃtiku	0
politelismo	pɔlitɨliʒmu	pulitɨliʒmu	p[ɔ]litɨliʒmu	p[u]litɨliʒmu	0
politeno	pɔlitenu	pulitenu	p[ɔ]litenu	p[u]litenu	0
político-administrativo	pulitikɔɐdminiʃtrɐtivu	pulitikuɐdminiʃtrɐtivu	pulitik[ɔ]ɐdminiʃtrɐtivu	pulitik[u]ɐdminiʃtrɐtivu	0
politicomania	pulitikɔmɐniɐ	pulitikumɐniɐ	pulitik[ɔ]mɐniɐ	pulitik[u]mɐniɐ	0
politonalidade	pɔlitunɐlidadɨ	pulitunɐlidadɨ	p[ɔ]litunɐlidadɨ	p[u]litunɐlidadɨ	0
politonal	pɔlitunaɫ	pulitunaɫ	p[ɔ]litunaɫ	p[u]litunaɫ	0
politraumatismo	pɔlitrawmɐtiʒmu	pulitrawmɐtiʒmu	p[ɔ]litrawmɐtiʒmu	p[u]litrawmɐtiʒmu	0
politraumatizado	pɔlitrawmɐtizadu	pulitrawmɐtizadu	p[ɔ]litrawmɐtizadu	p[u]litrawmɐtizadu	0
politrofia	pɔlitrufiɐ	pulitrufiɐ	p[ɔ]litrufiɐ	p[u]litrufiɐ	0
politrófico	pɔlitrɔfiku	pulitrɔfiku	p[ɔ]litrɔfiku	p[u]litrɔfiku	0
poliuretano	pɔljurɨtɐnu	puljurɨtɐ̃nu	p[ɔ]ljurɨtɐ[]nu	p[u]ljurɨtɐ[̃]nu	0
poliúria	pɔljurjɐ	puliurjɐ	p[ɔ]l[j]urjɐ	p[u]l[i]urjɐ	0
poliúrico	pɔljuriku	puliuriku	p[ɔ]l[j]uriku	p[u]l[i]uriku	0
polivalência	pɔlivɐlẽsjɐ	pulivɐlẽnsjɐ	p[ɔ]livɐlẽsjɐ[]	p[u]livɐlẽnsj[ɐ]	0
polivalente	pɔlivɐlẽtɨ	pulivɐlẽntɨ	p[ɔ]livɐlẽtɨ[]	p[u]livɐlẽnt[ɨ]	0
polivalve	pɔlivaɫvɨ	pulivaɫvɨ	p[ɔ]livaɫvɨ	p[u]livaɫvɨ	0
polivinílico	pɔliviniliku	puliviniliku	p[ɔ]liviniliku	p[u]liviniliku	0
polivinilo	pɔlivinilu	pulivinilu	p[ɔ]livinilu	p[u]livinilu	0
polquista	pɔɫkiʃtɐ	puɫkiʃtɐ	p[ɔ]ɫkiʃtɐ	p[u]ɫkiʃtɐ	0
popelina	pɔpɨlinɐ	pupɨlinɐ	p[ɔ]pɨlinɐ	p[u]pɨlinɐ	0
popiar	pɔpjar	pupiar	p[ɔ]p[j]ar	p[u]p[i]ar	0
poplíteo	pɔplitju	puplitiw	p[ɔ]plitj[u]	p[u]pliti[w]	0
popó	pɔpɔ	pupɔ	p[ɔ]pɔ	p[u]pɔ	0
pornô	pɔrno	purno	p[ɔ]rno	p[u]rno	0
portefólio	pɔrtfɔlju	purtɨfɔlju	p[ɔ]rt[]fɔlju	p[u]rt[ɨ]fɔlju	0
portfólio	pɔrtfɔlju	purtfɔlju	p[ɔ]rtfɔlju	p[u]rtfɔlju	0
posfácio	pɔʃfɐsju	puʃfasju	p[ɔ]ʃf[ɐ]sju	p[u]ʃf[a]sju	0
pospasto	pɔʃpaʃtu	puʃpaʃtu	p[ɔ]ʃpaʃtu	p[u]ʃpaʃtu	0
posperna	pɔʃpɛrnɐ	puʃpɛrnɐ	p[ɔ]ʃpɛrnɐ	p[u]ʃpɛrnɐ	0
postecipadamente	pɔʃtɨsipadɐmẽtɨ	puʃtɨsipɐdɐmẽntɨ	p[ɔ]ʃtɨsip[a]dɐmẽtɨ[]	p[u]ʃtɨsip[ɐ]dɐmẽnt[ɨ]	0
postecipado	pɔʃtɨsipadu	puʃtɨsipadu	p[ɔ]ʃtɨsipadu	p[u]ʃtɨsipadu	0
posteroexterior	pɔʃtɨrɔɐjʃtɨrjor	puʃtɨruɨʃterior	p[ɔ]ʃtɨrɔɐ[j]ʃt[ɨ]r[j]or	p[u]ʃtɨruɨ[]ʃt[e]r[i]or	0
posteroinferior	pɔʃtɨrɔĩfɨrjor	puʃtɨruĩnferior	p[ɔ]ʃtɨrɔĩfɨrj[o]r[]	p[u]ʃtɨruĩnfe[]rio[r]	0
posterointerior	pɔʃtɨrɔitɨrjor	puʃtɨruĩnterior	p[ɔ]ʃtɨr[ɔ]itɨrj[o]r[]	p[u]ʃtɨr[u]ĩnte[]rio[r]	0
póstero-interior	pɔʃtɨrɔitɨrjor	pɔʃtɨruĩntɨrior	pɔʃtɨr[ɔ]itɨrj[o]r[]	pɔʃtɨr[u]ĩntɨ[]rio[r]	0
posterossuperior	pɔʃtɨrɔsupɨrjor	puʃtɨrusuperior	p[ɔ]ʃtɨr[ɔ]sup[ɨ]r[j]or	p[u]ʃtɨr[u]sup[e]r[i]or	0
póstero-superior	pɔʃtɨrɔsupɨrjor	pɔʃtɨrusupɨrior	pɔʃtɨr[ɔ]supɨr[j]or	pɔʃtɨr[u]supɨr[i]or	0
postônico	pɔʃtoniku	puʃtoniku	p[ɔ]ʃtoniku	p[u]ʃtoniku	0
postónico	pɔʃtɔniku	puʃtɔniku	p[ɔ]ʃtɔniku	p[u]ʃtɔniku	0
potamoplâncton	putɐmɔplɐ̃ktɔn	putɐmuplɐ̃nktõm	putɐm[ɔ]plɐ̃[]ktɔn[]	putɐm[u]plɐ̃[n]ktõ[m]	0
potepotido	pɔtɨpɔtidu	putɨputidu	p[ɔ]tɨp[ɔ]tidu	p[u]tɨp[u]tidu	0
potobó	pɔtɔbɔ	putubɔ	p[ɔ]t[ɔ]bɔ	p[u]t[u]bɔ	0
potologia	pɔtuluʒiɐ	putuluʒiɐ	p[ɔ]tuluʒiɐ	p[u]tuluʒiɐ	0
potomania	pɔtumɐniɐ	putumɐniɐ	p[ɔ]tumɐniɐ	p[u]tumɐniɐ	0
potômetro	pɔtomɨtru	putomɨtru	p[ɔ]tomɨtru	p[u]tomɨtru	0
potómetro	pɔtɔmɨtru	putɔmɨtru	p[ɔ]tɔmɨtru	p[u]tɔmɨtru	0
potó	pɔtɔ	putɔ	p[ɔ]tɔ	p[u]tɔ	0
poveira	pɔvɐjrɐ	puvɐjrɐ	p[ɔ]vɐjrɐ	p[u]vɐjrɐ	0
poveiro	pɔvɐjru	puvɐjru	p[ɔ]vɐjru	p[u]vɐjru	0
povoeira	pɔvwɐjrɐ	puvuɐjrɐ	p[ɔ]v[w]ɐjrɐ	p[u]v[u]ɐjrɐ	0
povoense	pɔvwẽsɨ	puvuẽnsɨ	p[ɔ]vwẽsɨ[]	p[u]vuẽns[ɨ]	0
pré-hominídeos	prɛɔminidjuʃ	prɛuminidiwʃ	prɛ[ɔ]minidj[u]ʃ	prɛ[u]minidi[w]ʃ	0
preocupação	prjɔkupɐsɐ̃w̃	priukupɐsɐ̃w̃	prj[ɔ]kupɐsɐ̃w̃	pri[u]kupɐsɐ̃w̃	0
preocupado	prjɔkupadu	priukupadu	prj[ɔ]kupadu	pri[u]kupadu	0
preocupante	prjɔkupɐ̃tɨ	priukupɐ̃ntɨ	prj[ɔ]kupɐ̃[]tɨ	pri[u]kupɐ̃[n]tɨ	0
preocupar	prjɔkupar	priukupar	prj[ɔ]kupar	pri[u]kupar	0
preopérculo	prɛɔpɛrkulu	priupɛrkulu	prɛ[ɔ]pɛrkulu	pri[u]pɛrkulu	0
preopinante	prjɔpinɐ̃tɨ	priupinɐ̃ntɨ	prj[ɔ]pinɐ̃[]tɨ	pri[u]pinɐ̃[n]tɨ	0
preopinar	prjɔpinar	priupinar	prj[ɔ]pinar	pri[u]pinar	0
preordenação	prɛɔrdɨnɐsɐ̃w̃	priurdɨnɐsɐ̃w̃	prɛ[ɔ]rdɨnɐsɐ̃w̃	pri[u]rdɨnɐsɐ̃w̃	0
preordenar	prɛɔrdɨnar	priurdɨnar	prɛ[ɔ]rdɨnar	pri[u]rdɨnar	0
primogênito	primɔʒenitu	primuʒenitu	prim[ɔ]ʒenitu	prim[u]ʒenitu	0
primogénito	primɔʒɛnitu	primuʒɛnitu	prim[ɔ]ʒɛnitu	prim[u]ʒɛnitu	0
primogenitor	primɔʒɨnitor	primuʒenitor	prim[ɔ]ʒ[ɨ]nitor	prim[u]ʒ[e]nitor	0
primogenitura	primɔʒɨniturɐ	primuʒeniturɐ	prim[ɔ]ʒ[ɨ]niturɐ	prim[u]ʒ[e]niturɐ	0
primomovente	primɔmuvẽtɨ	primumuvẽntɨ	prim[ɔ]muvẽtɨ[]	prim[u]muvẽnt[ɨ]	0
proactividade	prɔɐtividadɨ	pruɐtividadɨ	pr[ɔ]ɐtividadɨ	pr[u]ɐtividadɨ	0
proatividade	prɔɐtividadɨ	pruɐtividadɨ	pr[ɔ]ɐtividadɨ	pr[u]ɐtividadɨ	0
probiótico	prɔbjɔtiku	prubiɔtiku	pr[ɔ]b[j]ɔtiku	pr[u]b[i]ɔtiku	0
probóscida	prɔbɔʃsidɐ	prubɔʃsidɐ	pr[ɔ]bɔʃsidɐ	pr[u]bɔʃsidɐ	0
proboscídeo	prɔbɔʃsidju	prubuʃsidiw	pr[ɔ]b[ɔ]ʃsidj[u]	pr[u]b[u]ʃsidi[w]	0
probóscide	prɔbɔʃsidɨ	prubɔʃsidɨ	pr[ɔ]bɔʃsidɨ	pr[u]bɔʃsidɨ	0
procaína	prɔkɐinɐ	prukɐinɐ	pr[ɔ]kɐinɐ	pr[u]kɐinɐ	0
procâmbio	prɔkɐ̃bju	prukɐ̃mbju	pr[ɔ]kɐ̃[]bju	pr[u]kɐ̃[m]bju	0
procarionte	prɔkɐrjõntɨ	prukɐriõntɨ	pr[ɔ]kɐrjõ[]ntɨ	pr[u]kɐrio[̃]ntɨ	0
procariota	prɔkɐrjɔtɐ	prukɐriɔtɐ	pr[ɔ]kɐr[j]ɔtɐ	pr[u]kɐr[i]ɔtɐ	0
procariótico	prɔkɐrjɔtiku	prukɐriɔtiku	pr[ɔ]kɐr[j]ɔtiku	pr[u]kɐr[i]ɔtiku	0
proclítica	prɔklitikɐ	pruklitikɐ	pr[ɔ]klitikɐ	pr[u]klitikɐ	0
proclítico	prɔklitiku	pruklitiku	pr[ɔ]klitiku	pr[u]klitiku	0
proconsulado	prɔkõsuladu	prukõnsuladu	pr[ɔ]kõsuladu[]	pr[u]kõnsulad[u]	0
proconsular	prɔkõsular	prukõnsular	pr[ɔ]kõsular[]	pr[u]kõnsula[r]	0
procônsul	prɔkõsuɫ	prukõnsuɫ	pr[ɔ]kõsuɫ[]	pr[u]kõnsu[ɫ]	0
procumbir	prɔkũbir	prukũmbir	pr[ɔ]kũbir[]	pr[u]kũmbi[r]	0
procuração	prɔkurɐsɐ̃w̃	prukurɐsɐ̃w̃	pr[ɔ]kurɐsɐ̃w̃	pr[u]kurɐsɐ̃w̃	0
procuradeira	prɔkurɐdɐjrɐ	prukurɐdɐjrɐ	pr[ɔ]kurɐdɐjrɐ	pr[u]kurɐdɐjrɐ	0
procurador-geral	prɔkurɐdorʒɨraɫ	prukurɐdorʒɨraɫ	pr[ɔ]kurɐdorʒɨraɫ	pr[u]kurɐdorʒɨraɫ	0
procuradoria-geral	prɔkurɐduriɐʒɨraɫ	prukurɐduriɐʒɨraɫ	pr[ɔ]kurɐduriɐʒɨraɫ	pr[u]kurɐduriɐʒɨraɫ	0
procuradoria	prɔkurɐduriɐ	prukurɐduriɐ	pr[ɔ]kurɐduriɐ	pr[u]kurɐduriɐ	0
procurador	prɔkurɐdor	prukurɐdor	pr[ɔ]kurɐdor	pr[u]kurɐdor	0
procura	prɔkurɐ	prukurɐ	pr[ɔ]kurɐ	pr[u]kurɐ	0
procurar	prɔkurar	prukurar	pr[ɔ]kurar	pr[u]kurar	0
procuratoria	prɔkurɐturiɐ	prukurɐturiɐ	pr[ɔ]kurɐturiɐ	pr[u]kurɐturiɐ	0
procuratório	prɔkurɐtɔrju	prukurɐtɔrju	pr[ɔ]kurɐtɔrju	pr[u]kurɐtɔrju	0
procuratura	prɔkurɐturɐ	prukurɐturɐ	pr[ɔ]kurɐturɐ	pr[u]kurɐturɐ	0
procústeo	prɔkuʃtju	prukuʃtiw	pr[ɔ]kuʃtj[u]	pr[u]kuʃti[w]	0
procustiano	prɔkuʃtjɐnu	prukuʃtiɐ̃nu	pr[ɔ]kuʃt[j]ɐ[]nu	pr[u]kuʃt[i]ɐ[̃]nu	0
prodiagnóstico	prɔdjɐɡnɔʃtiku	prudiɐɡnɔʃtiku	pr[ɔ]d[j]ɐɡnɔʃtiku	pr[u]d[i]ɐɡnɔʃtiku	0
profermento	prɔfɨrmẽtu	prufɨrmẽntu	pr[ɔ]fɨrmẽtu[]	pr[u]fɨrmẽnt[u]	0
profiláctico	prɔfilaktiku	prufilatiku	pr[ɔ]fila[k]tiku	pr[u]fila[]tiku	0
profilático	prɔfilatiku	prufilatiku	pr[ɔ]filatiku	pr[u]filatiku	0
profilaxia	prɔfilaksiɐ	prufilɐksiɐ	pr[ɔ]fil[a]ksiɐ	pr[u]fil[ɐ]ksiɐ	0
profiterole	prɔfitɨrɔlɨ	prufitɨrɔlɨ	pr[ɔ]fitɨrɔlɨ	pr[u]fitɨrɔlɨ	0
profluente	prɔflwẽtɨ	prufluẽntɨ	pr[ɔ]flwẽtɨ[]	pr[u]fluẽnt[ɨ]	0
proflúvio	prɔfluvju	prufluvju	pr[ɔ]fluvju	pr[u]fluvju	0
prof	prɔfɨ	pruf	pr[ɔ]f[ɨ]	pr[u]f[]	0
progamia	prɔɡɐmiɐ	pruɡɐmiɐ	pr[ɔ]ɡɐmiɐ	pr[u]ɡɐmiɐ	0
progâmico	prɔɡɐmiku	pruɡɐ̃miku	pr[ɔ]ɡɐ[]miku	pr[u]ɡɐ[̃]miku	0
progestativo	prɔʒɨʃtɐtivu	pruʒɨʃtɐtivu	pr[ɔ]ʒɨʃtɐtivu	pr[u]ʒɨʃtɐtivu	0
progesterona	prɔʒɨʃtɨronɐ	pruʒɨʃtɨronɐ	pr[ɔ]ʒɨʃtɨronɐ	pr[u]ʒɨʃtɨronɐ	0
proglote	prɔɡlɔtɨ	pruɡlɔtɨ	pr[ɔ]ɡlɔtɨ	pr[u]ɡlɔtɨ	0
proglótide	prɔɡlɔtidɨ	pruɡlɔtidɨ	pr[ɔ]ɡlɔtidɨ	pr[u]ɡlɔtidɨ	0
prognatismo	prɔɡnɐtiʒmu	pruɡnɐtiʒmu	pr[ɔ]ɡnɐtiʒmu	pr[u]ɡnɐtiʒmu	0
prognose	prɔɡnɔzɨ	pruɡnɔzɨ	pr[ɔ]ɡnɔzɨ	pr[u]ɡnɔzɨ	0
prolactina	prɔlɐktinɐ	prulɐtinɐ	pr[ɔ]lɐ[k]tinɐ	pr[u]lɐ[]tinɐ	0
prolepse	prɔlɛpsɨ	prulepsɨ	pr[ɔ]l[ɛ]psɨ	pr[u]l[e]psɨ	0
proléptico	prɔlɛptiku	prulɛptiku	pr[ɔ]lɛptiku	pr[u]lɛptiku	0
prolfaça	prɔɫfasɐ	pruɫfasɐ	pr[ɔ]ɫfasɐ	pr[u]ɫfasɐ	0
promenade	prɔmɨnadɨ	prumɨnadɨ	pr[ɔ]mɨnadɨ	pr[u]mɨnadɨ	0
promielócito	prɔmjɛlɔsitu	prumiɨlɔsitu	pr[ɔ]mj[ɛ]lɔsitu	pr[u]mi[ɨ]lɔsitu	0
pronoto	prɔnɔtu	prunɔtu	pr[ɔ]nɔtu	pr[u]nɔtu	0
pronúcleo	prɔnuklju	prunukliw	pr[ɔ]nuklj[u]	pr[u]nukli[w]	0
pronúncio	prɔnũsju	prunũnsju	pr[ɔ]nũsju[]	pr[u]nũnsj[u]	0
proótico	prɔɔtiku	pruɔtiku	pr[ɔ]ɔtiku	pr[u]ɔtiku	0
proparoxítona	prɔpɐrɔksitunɐ	prupɐruksitunɐ	pr[ɔ]pɐr[ɔ]ksitunɐ	pr[u]pɐr[u]ksitunɐ	0
proparoxítono	prɔpɐrɔksitunu	prupɐruksitunu	pr[ɔ]pɐr[ɔ]ksitunu	pr[u]pɐr[u]ksitunu	0
propatia	prɔpɐtiɐ	prupɐtiɐ	pr[ɔ]pɐtiɐ	pr[u]pɐtiɐ	0
propático	prɔpatiku	prupatiku	pr[ɔ]patiku	pr[u]patiku	0
propedeuta	prɔpɨdewtɐ	prupɨdewtɐ	pr[ɔ]pɨdewtɐ	pr[u]pɨdewtɐ	0
propedêutica	prɔpɨdewtikɐ	prupɨdewtikɐ	pr[ɔ]pɨdewtikɐ	pr[u]pɨdewtikɐ	0
propedêutico	prɔpɨdewtiku	prupɨdewtiku	pr[ɔ]pɨdewtiku	pr[u]pɨdewtiku	0
propiteco	prɔpitɛku	prupitɛku	pr[ɔ]pitɛku	pr[u]pitɛku	0
proplástica	prɔplaʃtikɐ	pruplaʃtikɐ	pr[ɔ]plaʃtikɐ	pr[u]plaʃtikɐ	0
proplástico	prɔplaʃtiku	pruplaʃtiku	pr[ɔ]plaʃtiku	pr[u]plaʃtiku	0
proplasto	prɔplaʃtu	pruplaʃtu	pr[ɔ]plaʃtu	pr[u]plaʃtu	0
proprioceptivo	prɔprjɔsɛtivu	prupriusɨptivu	pr[ɔ]prj[ɔ]sɛ[]tivu	pr[u]pri[u]sɨ[p]tivu	0
proprioceptor	prɔprjɔsɛtor	prupriusɨptor	pr[ɔ]prj[ɔ]sɛ[]tor	pr[u]pri[u]sɨ[p]tor	0
propriocetivo	prɔprjɔsɛtivu	prupriusɨtivu	pr[ɔ]prj[ɔ]s[ɛ]tivu	pr[u]pri[u]s[ɨ]tivu	0
propriocetor	prɔprjɔsɛtor	prupriusɨtor	pr[ɔ]prj[ɔ]s[ɛ]tor	pr[u]pri[u]s[ɨ]tor	0
proprioplástico	prɔprjɔplaʃtiku	prupriuplaʃtiku	pr[ɔ]prj[ɔ]plaʃtiku	pr[u]pri[u]plaʃtiku	0
proptoma	prɔptomɐ	pruptomɐ	pr[ɔ]ptomɐ	pr[u]ptomɐ	0
proptose	prɔptɔzɨ	pruptɔzɨ	pr[ɔ]ptɔzɨ	pr[u]ptɔzɨ	0
proquestor	prɔkɨʃtor	prukɨʃtor	pr[ɔ]kɨʃtor	pr[u]kɨʃtor	0
proquestura	prɔkɨʃturɐ	prukɨʃturɐ	pr[ɔ]kɨʃturɐ	pr[u]kɨʃturɐ	0
prosista	pruziʃtɐ	prɔziʃtɐ	pr[u]ziʃtɐ	pr[ɔ]ziʃtɐ	0
prosobrânquio	prɔzɔbrɐ̃kju	pruzubrɐ̃nkiw	pr[ɔ]z[ɔ]brɐ̃[]kj[u]	pr[u]z[u]brɐ̃[n]ki[w]	0
prosopagnosia	prɔzɔpɐɡnuziɐ	pruzupɐɡnuziɐ	pr[ɔ]z[ɔ]pɐɡnuziɐ	pr[u]z[u]pɐɡnuziɐ	0
prosopalgia	prɔzɔpaɫʒiɐ	pruzupaɫʒiɐ	pr[ɔ]z[ɔ]paɫʒiɐ	pr[u]z[u]paɫʒiɐ	0
prosopálgico	prɔzupaɫʒiku	pruzupaɫʒiku	pr[ɔ]zupaɫʒiku	pr[u]zupaɫʒiku	0
prosoponevralgia	prɔzɔpɔnɨvraɫʒiɐ	pruzupunɨvraɫʒiɐ	pr[ɔ]z[ɔ]p[ɔ]nɨvraɫʒiɐ	pr[u]z[u]p[u]nɨvraɫʒiɐ	0
prostaglandina	prɔʃtɐɡlɐ̃dinɐ	pruʃtɐɡlɐ̃ndinɐ	pr[ɔ]ʃtɐɡlɐ̃[]dinɐ	pr[u]ʃtɐɡlɐ̃[n]dinɐ	0
prostatalgia	prɔʃtɐtaɫʒiɐ	pruʃtɐtaɫʒiɐ	pr[ɔ]ʃtɐtaɫʒiɐ	pr[u]ʃtɐtaɫʒiɐ	0
prostatálgico	prɔʃtɐtaɫʒiku	pruʃtɐtaɫʒiku	pr[ɔ]ʃtɐtaɫʒiku	pr[u]ʃtɐtaɫʒiku	0
prostatectomia	prɔʃtɐtɛktumiɐ	pruʃtɐtɛtumiɐ	pr[ɔ]ʃtɐtɛ[k]tumiɐ	pr[u]ʃtɐtɛ[]tumiɐ	0
prostatectômico	prɔʃtɐtɛktomiku	pruʃtɐtɛtomiku	pr[ɔ]ʃtɐtɛ[k]tomiku	pr[u]ʃtɐtɛ[]tomiku	0
prostatectómico	prɔʃtɐtɛktɔmiku	pruʃtɐtɛtɔmiku	pr[ɔ]ʃtɐtɛ[k]tɔmiku	pr[u]ʃtɐtɛ[]tɔmiku	0
prostatite	prɔʃtɐtitɨ	pruʃtɐtitɨ	pr[ɔ]ʃtɐtitɨ	pr[u]ʃtɐtitɨ	0
prosterno	prɔʃtɛrnu	pruʃtɛrnu	pr[ɔ]ʃtɛrnu	pr[u]ʃtɛrnu	0
prostético	prɔʃtɛtiku	pruʃtɛtiku	pr[ɔ]ʃtɛtiku	pr[u]ʃtɛtiku	0
protagonismo	prɔtɐɡuniʒmu	prutɐɡuniʒmu	pr[ɔ]tɐɡuniʒmu	pr[u]tɐɡuniʒmu	0
protagonista	prɔtɐɡuniʃtɐ	prutɐɡuniʃtɐ	pr[ɔ]tɐɡuniʃtɐ	pr[u]tɐɡuniʃtɐ	0
protagonizar	prɔtɐɡunizar	prutɐɡunizar	pr[ɔ]tɐɡunizar	pr[u]tɐɡunizar	0
protalo	prɔtalu	prutalu	pr[ɔ]talu	pr[u]talu	0
protandria	prɔtɐ̃driɐ	prutɐ̃ndriɐ	pr[ɔ]tɐ̃[]driɐ	pr[u]tɐ̃[n]driɐ	0
protândrico	prɔtɐ̃driku	prutɐ̃ndriku	pr[ɔ]tɐ̃[]driku	pr[u]tɐ̃[n]driku	0
protanopia	prɔtɐnupiɐ	prutɐnupiɐ	pr[ɔ]tɐnupiɐ	pr[u]tɐnupiɐ	0
protão	prɔtɐ̃w̃	prutɐ̃w̃	pr[ɔ]tɐ̃w̃	pr[u]tɐ̃w̃	0
protarso	prɔtarsu	prutarsu	pr[ɔ]tarsu	pr[u]tarsu	0
protéase	prɔtɛɐzɨ	prutɛɐzɨ	pr[ɔ]tɛɐzɨ	pr[u]tɛɐzɨ	0
protectoderme	prɔtɛktɔdɛrmɨ	prutɛtudɛrmɨ	pr[ɔ]tɛ[k]t[ɔ]dɛrmɨ	pr[u]tɛ[]t[u]dɛrmɨ	0
proteído	prɔtɐidu	prutɨidu	pr[ɔ]t[ɐ]idu	pr[u]t[ɨ]idu	0
proteiforme	prɔtɐjfɔrmɨ	prutɐjfɔrmɨ	pr[ɔ]tɐjfɔrmɨ	pr[u]tɐjfɔrmɨ	0
proteína	prɔtɐinɐ	prutɨinɐ	pr[ɔ]t[ɐ]inɐ	pr[u]t[ɨ]inɐ	0
proteínico	prɔtɐiniku	prutɨiniku	pr[ɔ]t[ɐ]iniku	pr[u]t[ɨ]iniku	0
proteinoterapia	prɔtɐinɔtɨrɐpiɐ	prutɐjnutɨrɐpiɐ	pr[ɔ]tɐ[i]n[ɔ]tɨrɐpiɐ	pr[u]tɐ[j]n[u]tɨrɐpiɐ	0
proteinuria	prɔtɐinuriɐ	prutɐjnuriɐ	pr[ɔ]tɐ[i]nuriɐ	pr[u]tɐ[j]nuriɐ	0
proteinúria	prɔtɐinurjɐ	prutɐjnurjɐ	pr[ɔ]tɐ[i]nurjɐ	pr[u]tɐ[j]nurjɐ	0
protencéfalo	prɔtẽsɛfɐlu	prutẽnsɛfɐlu	pr[ɔ]tẽsɛfɐlu[]	pr[u]tẽnsɛfɐl[u]	0
proteólise	prɔtjɔlizɨ	prutɨɔlizɨ	pr[ɔ]t[j]ɔlizɨ	pr[u]t[ɨ]ɔlizɨ	0
proteolítico	prɔtjɔlitiku	prutiulitiku	pr[ɔ]tj[ɔ]litiku	pr[u]ti[u]litiku	0
proterânteo	prɔtɨrɐ̃tju	prutɨrɐ̃ntiw	pr[ɔ]tɨrɐ̃[]tj[u]	pr[u]tɨrɐ̃[n]ti[w]	0
proterótipo	prɔtɨrɔtipu	prutɨrɔtipu	pr[ɔ]tɨrɔtipu	pr[u]tɨrɔtipu	0
proterozoico	prɔtɨrɔzɔjku	prutɨruzɔjku	pr[ɔ]tɨr[ɔ]zɔjku	pr[u]tɨr[u]zɔjku	0
proterozóico	prɔtɨrɔzɔjku	prutɨruzɔjku	pr[ɔ]tɨr[ɔ]zɔjku	pr[u]tɨr[u]zɔjku	0
protésico	prɔtɛziku	prutɛziku	pr[ɔ]tɛziku	pr[u]tɛziku	0
protesista	prɔtɨziʃtɐ	prutɨziʃtɐ	pr[ɔ]tɨziʃtɐ	pr[u]tɨziʃtɐ	0
protético	prɔtɛtiku	prutɛtiku	pr[ɔ]tɛtiku	pr[u]tɛtiku	0
protetoderme	prɔtɛtɔdɛrmɨ	prutɨtudɛrmɨ	pr[ɔ]t[ɛ]t[ɔ]dɛrmɨ	pr[u]t[ɨ]t[u]dɛrmɨ	0
protídico	prɔtidiku	prutidiku	pr[ɔ]tidiku	pr[u]tidiku	0
protista	prɔtiʃtɐ	prutiʃtɐ	pr[ɔ]tiʃtɐ	pr[u]tiʃtɐ	0
protistologia	prɔtiʃtuluʒiɐ	prutiʃtuluʒiɐ	pr[ɔ]tiʃtuluʒiɐ	pr[u]tiʃtuluʒiɐ	0
protistológico	prɔtiʃtulɔʒiku	prutiʃtulɔʒiku	pr[ɔ]tiʃtulɔʒiku	pr[u]tiʃtulɔʒiku	0
protisto	prɔtiʃtu	prutiʃtu	pr[ɔ]tiʃtu	pr[u]tiʃtu	0
protoárico	prɔtɔɐriku	prutuariku	pr[ɔ]tɔ[ɐ]riku	pr[u]tu[a]riku	0
protocanônico	prɔtɔkɐnoniku	prutukɐnoniku	pr[ɔ]t[ɔ]kɐnoniku	pr[u]t[u]kɐnoniku	0
protocanónico	prɔtɔkɐnɔniku	prutukɐnɔniku	pr[ɔ]t[ɔ]kɐnɔniku	pr[u]t[u]kɐnɔniku	0
protoclástico	prɔtɔklaʃtiku	prutuklaʃtiku	pr[ɔ]t[ɔ]klaʃtiku	pr[u]t[u]klaʃtiku	0
protocolar	prɔtɔkular	prutukular	pr[ɔ]t[ɔ]kular	pr[u]t[u]kular	0
protocolista	prɔtɔkuliʃtɐ	prutukuliʃtɐ	pr[ɔ]t[ɔ]kuliʃtɐ	pr[u]t[u]kuliʃtɐ	0
protocolizar	prɔtɔkulizar	prutukulizar	pr[ɔ]t[ɔ]kulizar	pr[u]t[u]kulizar	0
protocolo	prɔtɔkɔlu	prutukɔlu	pr[ɔ]t[ɔ]kɔlu	pr[u]t[u]kɔlu	0
protocordado	prɔtɔkurdadu	prutukurdadu	pr[ɔ]t[ɔ]kurdadu	pr[u]t[u]kurdadu	0
protoctista	prɔtɔktiʃtɐ	prututiʃtɐ	pr[ɔ]tɔ[k]tiʃtɐ	pr[u]tu[]tiʃtɐ	0
protoderme	prɔtɔdɛrmɨ	prutudɛrmɨ	pr[ɔ]t[ɔ]dɛrmɨ	pr[u]t[u]dɛrmɨ	0
protoestrela	prɔtɔiʃtrelɐ	prutuɨʃtrɛlɐ	pr[ɔ]tɔ[i]ʃtr[e]lɐ	pr[u]tu[ɨ]ʃtr[ɛ]lɐ	0
protoevangelho	prɔtɔivɐ̃ʒɛʎu	prutuevɐ̃nʒeʎu	pr[ɔ]tɔ[i]vɐ̃[]ʒ[ɛ]ʎu	pr[u]tu[e]vɐ̃[n]ʒ[e]ʎu	0
protófito	prɔtɔfitu	prutɔfitu	pr[ɔ]tɔfitu	pr[u]tɔfitu	0
protogaláctico	prɔtɔɡɐlaktiku	prutuɡɐlatiku	pr[ɔ]t[ɔ]ɡɐla[k]tiku	pr[u]t[u]ɡɐla[]tiku	0
protogaláxia	prɔtɔɡɐlaksjɐ	prutuɡɐlaksjɐ	pr[ɔ]t[ɔ]ɡɐlaksjɐ	pr[u]t[u]ɡɐlaksjɐ	0
protoginia	prɔtɔʒiniɐ	prutuʒiniɐ	pr[ɔ]t[ɔ]ʒiniɐ	pr[u]t[u]ʒiniɐ	0
protogínico	prɔtɔʒiniku	prutuʒiniku	pr[ɔ]t[ɔ]ʒiniku	pr[u]t[u]ʒiniku	0
protógino	prɔtɔʒinu	prutɔʒinu	pr[ɔ]tɔʒinu	pr[u]tɔʒinu	0
proto-historiador	prɔtɔiʃturjɐdor	prɔtuiʃturiɐdor	prɔt[ɔ]iʃtur[j]ɐdor	prɔt[u]iʃtur[i]ɐdor	0
proto-história	prɔtɔiʃtɔrjɐ	prɔtuiʃtɔrjɐ	prɔt[ɔ]iʃtɔrjɐ	prɔt[u]iʃtɔrjɐ	0
proto-histórico	prɔtɔiʃtɔriku	prɔtuiʃtɔriku	prɔt[ɔ]iʃtɔriku	prɔt[u]iʃtɔriku	0
protolécito	prɔtɔlɛsitu	prutulɛsitu	pr[ɔ]t[ɔ]lɛsitu	pr[u]t[u]lɛsitu	0
protolíngua	prɔtɔlĩɡwɐ	prutulĩnɡwɐ	pr[ɔ]t[ɔ]lĩɡwɐ[]	pr[u]t[u]lĩnɡw[ɐ]	0
protólise	prɔtɔlizɨ	prutɔlizɨ	pr[ɔ]tɔlizɨ	pr[u]tɔlizɨ	0
protomártir	prɔtɔmartir	prutumartir	pr[ɔ]t[ɔ]martir	pr[u]t[u]martir	0
protonauta	prɔtɔnawtɐ	prutunawtɐ	pr[ɔ]t[ɔ]nawtɐ	pr[u]t[u]nawtɐ	0
protonefrídio	prɔtɔnɨfridju	prutunɨfridju	pr[ɔ]t[ɔ]nɨfridju	pr[u]t[u]nɨfridju	0
protonema	prɔtɔnemɐ	prutunemɐ	pr[ɔ]t[ɔ]nemɐ	pr[u]t[u]nemɐ	0
protonotariado	prɔtɔnutɐrjadu	prutunutɐriadu	pr[ɔ]t[ɔ]nutɐr[j]adu	pr[u]t[u]nutɐr[i]adu	0
protonotário	prɔtɔnutarju	prutunutarju	pr[ɔ]t[ɔ]nutarju	pr[u]t[u]nutarju	0
protopapa	prɔtɔpapɐ	prutupapɐ	pr[ɔ]t[ɔ]papɐ	pr[u]t[u]papɐ	0
protopatia	prɔtɔpɐtiɐ	prutupɐtiɐ	pr[ɔ]t[ɔ]pɐtiɐ	pr[u]t[u]pɐtiɐ	0
protopático	prɔtɔpatiku	prutupatiku	pr[ɔ]t[ɔ]patiku	pr[u]t[u]patiku	0
protoplaneta	prɔtɔplɐnetɐ	prutuplɐnetɐ	pr[ɔ]t[ɔ]plɐnetɐ	pr[u]t[u]plɐnetɐ	0
protoplasma	prɔtɔplaʒmɐ	prutuplaʒmɐ	pr[ɔ]t[ɔ]plaʒmɐ	pr[u]t[u]plaʒmɐ	0
protoplasmático	prɔtɔplɐʒmatiku	prutuplɐʒmatiku	pr[ɔ]t[ɔ]plɐʒmatiku	pr[u]t[u]plɐʒmatiku	0
protoplásmico	prɔtɔplaʒmiku	prutuplaʒmiku	pr[ɔ]t[ɔ]plaʒmiku	pr[u]t[u]plaʒmiku	0
protoplasto	prɔtɔplaʃtu	prutuplaʃtu	pr[ɔ]t[ɔ]plaʃtu	pr[u]t[u]plaʃtu	0
protópode	prɔtɔpudɨ	prutɔpudɨ	pr[ɔ]tɔpudɨ	pr[u]tɔpudɨ	0
protóptero	prɔtɔptɨru	prutɔptɨru	pr[ɔ]tɔptɨru	pr[u]tɔptɨru	0
protórax	prɔtɔraks	prutɔrɐks	pr[ɔ]tɔr[a]ks	pr[u]tɔr[ɐ]ks	0
proto-revolução	prɔtɔʀɨvulusɐ̃w̃	prɔtuʀevulusɐ̃w̃	prɔt[ɔ]ʀ[ɨ]vulusɐ̃w̃	prɔt[u]ʀ[e]vulusɐ̃w̃	0
proto-revolucionário	prɔtɔʀɨvulusjunarju	prɔtuʀevulusjunarju	prɔt[ɔ]ʀ[ɨ]vulusjunarju	prɔt[u]ʀ[e]vulusjunarju	0
proto-romantismo	prɔtɔʀumɐ̃tiʒmu	prɔtuʀumɐ̃ntiʒmu	prɔt[ɔ]ʀumɐ̃[]tiʒmu	prɔt[u]ʀumɐ̃[n]tiʒmu	0
protorrevolução	prɔtɔʀɨvulusɐ̃w̃	prutuʀevulusɐ̃w̃	pr[ɔ]t[ɔ]ʀ[ɨ]vulusɐ̃w̃	pr[u]t[u]ʀ[e]vulusɐ̃w̃	0
protorrevolucionário	prɔtɔʀɨvulusjunarju	prutuʀevulusjunarju	pr[ɔ]t[ɔ]ʀ[ɨ]vulusjunarju	pr[u]t[u]ʀ[e]vulusjunarju	0
protorromantismo	prɔtɔʀumɐ̃tiʒmu	prutuʀumɐ̃ntiʒmu	pr[ɔ]t[ɔ]ʀumɐ̃[]tiʒmu	pr[u]t[u]ʀumɐ̃[n]tiʒmu	0
proto-solar	prɔtɔsular	prɔtusular	prɔt[ɔ]sular	prɔt[u]sular	0
proto-sol	prɔtɔsɔɫ	prɔtusɔɫ	prɔt[ɔ]sɔɫ	prɔt[u]sɔɫ	0
protossolar	prɔtɔsular	prutusular	pr[ɔ]t[ɔ]sular	pr[u]t[u]sular	0
protossol	prɔtɔsɔɫ	prutusɔɫ	pr[ɔ]t[ɔ]sɔɫ	pr[u]t[u]sɔɫ	0
protostômio	prɔtɔʃtomju	prutuʃtomju	pr[ɔ]t[ɔ]ʃtomju	pr[u]t[u]ʃtomju	0
protostómio	prɔtɔʃtɔmju	prutuʃtɔmju	pr[ɔ]t[ɔ]ʃtɔmju	pr[u]t[u]ʃtɔmju	0
prototério	prɔtɔtɛrju	prututɛrju	pr[ɔ]t[ɔ]tɛrju	pr[u]t[u]tɛrju	0
prototipagem	prɔtɔtipaʒɐ̃j̃	prututipaʒɐjn	pr[ɔ]t[ɔ]tipaʒɐ[̃]j[̃]	pr[u]t[u]tipaʒɐ[]j[n]	0
prototipar	prɔtɔtipar	prututipar	pr[ɔ]t[ɔ]tipar	pr[u]t[u]tipar	0
prototípico	prɔtɔtipiku	prututipiku	pr[ɔ]t[ɔ]tipiku	pr[u]t[u]tipiku	0
protótipo	prɔtɔtipu	prutɔtipu	pr[ɔ]tɔtipu	pr[u]tɔtipu	0
prototórax	prɔtɔtɔraks	prututɔrɐks	pr[ɔ]t[ɔ]tɔr[a]ks	pr[u]t[u]tɔr[ɐ]ks	0
prototrófico	prɔtɔtrɔfiku	prututrɔfiku	pr[ɔ]t[ɔ]trɔfiku	pr[u]t[u]trɔfiku	0
protóxido	prɔtɔksidu	prutɔksidu	pr[ɔ]tɔksidu	pr[u]tɔksidu	0
protoxilemático	prɔtɔʃilɨmatiku	prutuksilɨmatiku	pr[ɔ]tɔʃ[]ilɨmatiku	pr[u]tuk[s]ilɨmatiku	0
protozoário	prɔtɔzwarju	prutuzuarju	pr[ɔ]t[ɔ]z[w]arju	pr[u]t[u]z[u]arju	0
protozoologia	prɔtɔzwuluʒiɐ	prutuzuuluʒiɐ	pr[ɔ]t[ɔ]z[w]uluʒiɐ	pr[u]t[u]z[u]uluʒiɐ	0
protozoológico	prɔtɔzwulɔʒiku	prutuzuulɔʒiku	pr[ɔ]t[ɔ]z[w]ulɔʒiku	pr[u]t[u]z[u]ulɔʒiku	0
protraqueados	prɔtrakjaduʃ	prutrɐkɨaduʃ	pr[ɔ]tr[a]k[j]aduʃ	pr[u]tr[ɐ]k[ɨ]aduʃ	0
protréptico	prɔtrɛptiku	prutrɛptiku	pr[ɔ]trɛptiku	pr[u]trɛptiku	0
protrombina	prɔtrõbinɐ	prutrõmbinɐ	pr[ɔ]trõbinɐ[]	pr[u]trõmbin[ɐ]	0
protrusão	prɔtruzɐ̃w̃	prutruzɐ̃w̃	pr[ɔ]truzɐ̃w̃	pr[u]truzɐ̃w̃	0
protruso	prɔtruzu	prutruzu	pr[ɔ]truzu	pr[u]truzu	0
protusão	prɔtuzɐ̃w̃	prutuzɐ̃w̃	pr[ɔ]tuzɐ̃w̃	pr[u]tuzɐ̃w̃	0
protuso	prɔtuzu	prutuzu	pr[ɔ]tuzu	pr[u]tuzu	0
protutela	prɔtutɛlɐ	prututɛlɐ	pr[ɔ]tutɛlɐ	pr[u]tutɛlɐ	0
protutor	prɔtutor	prututor	pr[ɔ]tutor	pr[u]tutor	0
proventrículo	prɔvẽtrikulu	pruvẽntrikulu	pr[ɔ]vẽtriku[l]u[]	pr[u]vẽntri[k]ul[u]	0
proversão	prɔvɨrsɐ̃w̃	pruvɨrsɐ̃w̃	pr[ɔ]vɨrsɐ̃w̃	pr[u]vɨrsɐ̃w̃	0
provigário	prɔviɡarju	pruviɡarju	pr[ɔ]viɡarju	pr[u]viɡarju	0
provitamina	prɔvitɐminɐ	pruvitɐminɐ	pr[ɔ]vitɐminɐ	pr[u]vitɐminɐ	0
provolone	prɔvɔlɔnɨ	pruvulonɨ	pr[ɔ]v[ɔ]l[ɔ]nɨ	pr[u]v[u]l[o]nɨ	0
proxeneta	prɔʃɨnetɐ	pruʃɨnetɐ	pr[ɔ]ʃɨnetɐ	pr[u]ʃɨnetɐ	0
proxenetismo	prɔʃɨnɨtiʒmu	pruʃɨnɨtiʒmu	pr[ɔ]ʃɨnɨtiʒmu	pr[u]ʃɨnɨtiʒmu	0
proximal	prɔsimaɫ	prusimaɫ	pr[ɔ]simaɫ	pr[u]simaɫ	0
proximidade	prɔsimidadɨ	prusimidadɨ	pr[ɔ]simidadɨ	pr[u]simidadɨ	0
prozoico	prɔzɔjku	pruzɔjku	pr[ɔ]zɔjku	pr[u]zɔjku	0
prozóico	prɔzɔjku	pruzɔjku	pr[ɔ]zɔjku	pr[u]zɔjku	0
prudhommiano	prudɔmjɐnu	prudumiɐ̃nu	prud[ɔ]m[j]ɐ[]nu	prud[u]m[i]ɐ[̃]nu	0
pseudo-angioma	psewdɔɐ̃ʒjomɐ	psewduɐ̃nʒiomɐ	psewd[ɔ]ɐ̃[]ʒ[j]omɐ	psewd[u]ɐ̃[n]ʒ[i]omɐ	0
pseudoangioma	psewdɔɐ̃ʒjomɐ	psewduɐ̃nʒiomɐ	psewd[ɔ]ɐ̃[]ʒ[j]omɐ	psewd[u]ɐ̃[n]ʒ[i]omɐ	0
pseudo-apendicite	psewdɔɐpẽdisitɨ	psewduɐpẽndisitɨ	psewd[ɔ]ɐpẽdi[s]itɨ[]	psewd[u]ɐpẽn[d]isit[ɨ]	0
pseudoapendicite	psewdɔɐpẽdisitɨ	psewduɐpẽndisitɨ	psewd[ɔ]ɐpẽdi[s]itɨ[]	psewd[u]ɐpẽn[d]isit[ɨ]	0
pseudoceloma	psewdɔsɨlomɐ	psewdusɨlomɐ	psewd[ɔ]sɨlomɐ	psewd[u]sɨlomɐ	0
pseudociência	psewdɔsjẽsjɐ	psewdusjẽnsjɐ	psewd[ɔ]sjẽsjɐ[]	psewd[u]sjẽnsj[ɐ]	0
pseudocientífico	psewdɔsjẽtifiku	psewdusiẽntifiku	psewd[ɔ]sjẽti[f]iku[]	psewd[u]siẽn[t]ifik[u]	0
pseudocientista	psewdɔsjẽtiʃtɐ	psewdusiẽntiʃtɐ	psewd[ɔ]sjẽti[ʃ]tɐ[]	psewd[u]siẽn[]tiʃt[ɐ]	0
pseudociese	psewdɔsjɛzɨ	psewdusiɛzɨ	psewd[ɔ]s[j]ɛzɨ	psewd[u]s[i]ɛzɨ	0
pseudocoxalgia	psewdɔkɔksaɫʒiɐ	psewdukuksaɫʒiɐ	psewd[ɔ]k[ɔ]ksaɫʒiɐ	psewd[u]k[u]ksaɫʒiɐ	0
pseudocúbico	psewdɔkubiku	psewdukubiku	psewd[ɔ]kubiku	psewd[u]kubiku	0
pseudofilosofia	psewdɔfiluzufiɐ	psewdufiluzufiɐ	psewd[ɔ]filuzufiɐ	psewd[u]filuzufiɐ	0
pseudomembrana	psewdɔmẽbrɐnɐ	psewdumẽmbrɐ̃nɐ	psewd[ɔ]mẽbrɐ[n]ɐ[]	psewd[u]mẽmb[r]ɐ̃n[ɐ]	0
pseudomorfismo	psewdɔmurfiʒmu	psewdumurfiʒmu	psewd[ɔ]murfiʒmu	psewd[u]murfiʒmu	0
pseudomorfo	psewdɔmɔrfu	psewdumorfu	psewd[ɔ]m[ɔ]rfu	psewd[u]m[o]rfu	0
pseudomorfose	psewdɔmurfɔzɨ	psewdumurfɔzɨ	psewd[ɔ]murfɔzɨ	psewd[u]murfɔzɨ	0
pseudoneurópteros	psewdɔnewrɔptɨruʃ	psewdunewrɔptɨruʃ	psewd[ɔ]newrɔptɨruʃ	psewd[u]newrɔptɨruʃ	0
pseudonevralgia	psewdɔnɨvraɫʒiɐ	psewdunɨvraɫʒiɐ	psewd[ɔ]nɨvraɫʒiɐ	psewd[u]nɨvraɫʒiɐ	0
pseudonevrópteros	psewdɔnɨvrɔptɨruʃ	psewdunɨvrɔptɨruʃ	psewd[ɔ]nɨvrɔptɨruʃ	psewd[u]nɨvrɔptɨruʃ	0
pseudo-ortorrômbico	psewdɔɔrtɔʀõbiku	psewduɔrtuʀõmbiku	psewd[ɔ]ɔrt[ɔ]ʀõbiku[]	psewd[u]ɔrt[u]ʀõmbik[u]	0
pseudoparênquima	psewdɔpɐrẽkimɐ	psewdupɐrẽnkimɐ	psewd[ɔ]pɐrẽkimɐ[]	psewd[u]pɐrẽnkim[ɐ]	0
pseudoprefixo	psewdɔprɨfiksu	psewduprɨfiksu	psewd[ɔ]prɨfiksu	psewd[u]prɨfiksu	0
pseudoprofeta	psewdɔprufɛtɐ	psewduprufɛtɐ	psewd[ɔ]prufɛtɐ	psewd[u]prufɛtɐ	0
pseudo-reforma	psewdɔʀɨfɔrmɐ	psewduʀefɔrmɐ	psewd[ɔ]ʀ[ɨ]fɔrmɐ	psewd[u]ʀ[e]fɔrmɐ	0
pseudo-revelação	psewdɔʀɨvɨlɐsɐ̃w̃	psewduʀɨvɨlɐsɐ̃w̃	psewd[ɔ]ʀɨvɨlɐsɐ̃w̃	psewd[u]ʀɨvɨlɐsɐ̃w̃	0
pseudorreforma	psewdɔʀɨfɔrmɐ	psewduʀɨfɔrmɐ	psewd[ɔ]ʀɨfɔrmɐ	psewd[u]ʀɨfɔrmɐ	0
pseudorrevelação	psewdɔʀɨvɨlɐsɐ̃w̃	psewduʀɨvelɐsɐ̃w̃	psewd[ɔ]ʀɨv[ɨ]lɐsɐ̃w̃	psewd[u]ʀɨv[e]lɐsɐ̃w̃	0
pseudo-sábio	psewdɔsabju	psewdusabju	psewd[ɔ]sabju	psewd[u]sabju	0
pseudossábio	psewdɔsabju	psewdusabju	psewd[ɔ]sabju	psewd[u]sabju	0
pseudotecido	psewdɔtɨsidu	psewdutɨsidu	psewd[ɔ]tɨsidu	psewd[u]tɨsidu	0
pseudotuberculose	psewdɔtubɛrkulɔzɨ	psewdutuberkulɔzɨ	psewd[ɔ]tub[ɛ]rkulɔzɨ	psewd[u]tub[e]rkulɔzɨ	0
psicobiologia	psikɔbjuluʒiɐ	psikubiuluʒiɐ	psik[ɔ]b[j]uluʒiɐ	psik[u]b[i]uluʒiɐ	0
psicobiológico	psikɔbjulɔʒiku	psikubiulɔʒiku	psik[ɔ]b[j]ulɔʒiku	psik[u]b[i]ulɔʒiku	0
psicobiologista	psikɔbjuluʒiʃtɐ	psikubiuluʒiʃtɐ	psik[ɔ]b[j]uluʒiʃtɐ	psik[u]b[i]uluʒiʃtɐ	0
psicobiólogo	psikɔbjɔluɡu	psikubiɔluɡu	psik[ɔ]b[j]ɔluɡu	psik[u]b[i]ɔluɡu	0
psicochoque	psikɔʃɔkɨ	psikuʃɔkɨ	psik[ɔ]ʃɔkɨ	psik[u]ʃɔkɨ	0
psicocirurgia	psikɔsirurʒiɐ	psikusirurʒiɐ	psik[ɔ]sirurʒiɐ	psik[u]sirurʒiɐ	0
psicocrítica	psikɔkritikɐ	psikukritikɐ	psik[ɔ]kritikɐ	psik[u]kritikɐ	0
psicodélico	psikɔdɛliku	psikudɛliku	psik[ɔ]dɛliku	psik[u]dɛliku	0
psicodelismo	psikɔdɨliʒmu	psikudɨliʒmu	psik[ɔ]dɨliʒmu	psik[u]dɨliʒmu	0
psicodiagnóstico	psikɔdjɐɡnɔʃtiku	psikudiɐɡnɔʃtiku	psik[ɔ]d[j]ɐɡnɔʃtiku	psik[u]d[i]ɐɡnɔʃtiku	0
psicodinâmica	psikɔdinɐmikɐ	psikudinɐ̃mikɐ	psik[ɔ]dinɐ[]mikɐ	psik[u]dinɐ[̃]mikɐ	0
psicodinâmico	psikɔdinɐmiku	psikudinɐ̃miku	psik[ɔ]dinɐ[]miku	psik[u]dinɐ[̃]miku	0
psicodinamismo	psikɔdinɐmiʒmu	psikudinɐmiʒmu	psik[ɔ]dinɐmiʒmu	psik[u]dinɐmiʒmu	0
psicodisléptico	psikɔdiʒlɛptiku	psikudiʒlɛptiku	psik[ɔ]diʒlɛptiku	psik[u]diʒlɛptiku	0
psicodislético	psikɔdiʒlɛtiku	psikudiʒlɛtiku	psik[ɔ]diʒlɛtiku	psik[u]diʒlɛtiku	0
psicodrama	psikɔdrɐmɐ	psikudrɐ̃mɐ	psik[ɔ]drɐ[]mɐ	psik[u]drɐ[̃]mɐ	0
psicodramaturgo	psikɔdrɐmɐturɡu	psikudrɐmɐturɡu	psik[ɔ]drɐmɐturɡu	psik[u]drɐmɐturɡu	0
psicofarmacologia	psikɔfɐrmɐkuluʒiɐ	psikufɐrmɐkuluʒiɐ	psik[ɔ]fɐrmɐkuluʒiɐ	psik[u]fɐrmɐkuluʒiɐ	0
psicofarmacológico	psikɔfɐrmɐkulɔʒiku	psikufɐrmɐkulɔʒiku	psik[ɔ]fɐrmɐkulɔʒiku	psik[u]fɐrmɐkulɔʒiku	0
psicofármaco	psikɔfarmɐku	psikufarmɐku	psik[ɔ]farmɐku	psik[u]farmɐku	0
psicofísica	psikɔfizikɐ	psikufizikɐ	psik[ɔ]fizikɐ	psik[u]fizikɐ	0
psicofísico	psikɔfiziku	psikufiziku	psik[ɔ]fiziku	psik[u]fiziku	0
psicofisiologia	psikɔfizjuluʒiɐ	psikufiziuluʒiɐ	psik[ɔ]fiz[j]uluʒiɐ	psik[u]fiz[i]uluʒiɐ	0
psicofisiológico	psikɔfizjulɔʒiku	psikufiziulɔʒiku	psik[ɔ]fiz[j]ulɔʒiku	psik[u]fiz[i]ulɔʒiku	0
psicogêneo	psikɔʒenju	psikuʒeniw	psik[ɔ]ʒenj[u]	psik[u]ʒeni[w]	0
psicogéneo	psikɔʒɛnju	psikuʒɛniw	psik[ɔ]ʒɛnj[u]	psik[u]ʒɛni[w]	0
psicogênese	psikɔʒenɨzɨ	psikuʒenɨzɨ	psik[ɔ]ʒenɨzɨ	psik[u]ʒenɨzɨ	0
psicogénese	psikɔʒɛnɨzɨ	psikuʒɛnɨzɨ	psik[ɔ]ʒɛnɨzɨ	psik[u]ʒɛnɨzɨ	0
psicogenético	psikɔʒɨnɛtiku	psikuʒɨnɛtiku	psik[ɔ]ʒɨnɛtiku	psik[u]ʒɨnɛtiku	0
psicogenia	psikɔʒɨniɐ	psikuʒɨniɐ	psik[ɔ]ʒɨniɐ	psik[u]ʒɨniɐ	0
psicogênico	psikɔʒeniku	psikuʒeniku	psik[ɔ]ʒeniku	psik[u]ʒeniku	0
psicogénico	psikɔʒɛniku	psikuʒɛniku	psik[ɔ]ʒɛniku	psik[u]ʒɛniku	0
psicogeriatria	psikɔʒɨrjɐtriɐ	psikuʒɨriɐtriɐ	psik[ɔ]ʒɨr[j]ɐtriɐ	psik[u]ʒɨr[i]ɐtriɐ	0
psicognosia	psikɔɡnuziɐ	psikuɡnuziɐ	psik[ɔ]ɡnuziɐ	psik[u]ɡnuziɐ	0
psicognóstico	psikɔɡnɔʃtiku	psikuɡnɔʃtiku	psik[ɔ]ɡnɔʃtiku	psik[u]ɡnɔʃtiku	0
psicografia	psikɔɡrɐfiɐ	psikuɡrɐfiɐ	psik[ɔ]ɡrɐfiɐ	psik[u]ɡrɐfiɐ	0
psicográfico	psikɔɡrafiku	psikuɡrafiku	psik[ɔ]ɡrafiku	psik[u]ɡrafiku	0
psicograma	psikɔɡrɐmɐ	psikuɡrɐ̃mɐ	psik[ɔ]ɡrɐ[]mɐ	psik[u]ɡrɐ[̃]mɐ	0
psico-historiador	psikɔiʃturjɐdor	psikuiʃturiɐdor	psik[ɔ]iʃtur[j]ɐdor	psik[u]iʃtur[i]ɐdor	0
psico-história	psikɔiʃtɔrjɐ	psikuiʃtɔrjɐ	psik[ɔ]iʃtɔrjɐ	psik[u]iʃtɔrjɐ	0
psico-histórico	psikɔiʃtɔriku	psikuiʃtɔriku	psik[ɔ]iʃtɔriku	psik[u]iʃtɔriku	0
psicolepsia	psikɔlɛpsiɐ	psikulɨpsiɐ	psik[ɔ]l[ɛ]psiɐ	psik[u]l[ɨ]psiɐ	0
psicoléptico	psikɔlɛptiku	psikulɛptiku	psik[ɔ]lɛptiku	psik[u]lɛptiku	0
psicolético	psikɔlɛtiku	psikulɛtiku	psik[ɔ]lɛtiku	psik[u]lɛtiku	0
psicolexia	psikɔlɛksiɐ	psikulɨksiɐ	psik[ɔ]l[ɛ]ksiɐ	psik[u]l[ɨ]ksiɐ	0
psicolinguista	psikɔlĩɡwiʃtɐ	psikulĩnɡwiʃtɐ	psik[ɔ]lĩɡwiʃtɐ[]	psik[u]lĩnɡwiʃt[ɐ]	0
psicolingüista	psikɔlĩɡwiʃtɐ	psikulĩnɡuiʃtɐ	psik[ɔ]lĩɡwiʃtɐ[]	psik[u]lĩnɡuiʃt[ɐ]	0
psicolinguística	psikɔlĩɡwiʃtikɐ	psikulĩnɡwiʃtikɐ	psik[ɔ]lĩɡwiʃ[t]ikɐ[]	psik[u]lĩnɡw[]iʃtik[ɐ]	0
psicolingüística	psikɔlĩɡwiʃtikɐ	psikulĩnɡuiʃtikɐ	psik[ɔ]lĩɡwiʃ[t]ikɐ[]	psik[u]lĩnɡu[]iʃtik[ɐ]	0
psicolinguístico	psikɔlĩɡwiʃtiku	psikulĩnɡwiʃtiku	psik[ɔ]lĩɡwiʃ[t]iku[]	psik[u]lĩnɡw[]iʃtik[u]	0
psicolingüístico	psikɔlĩɡwiʃtiku	psikulĩnɡuiʃtiku	psik[ɔ]lĩɡwiʃ[t]iku[]	psik[u]lĩnɡu[]iʃtik[u]	0
psicomancia	psikɔmɐ̃siɐ	psikumɐ̃nsiɐ	psik[ɔ]mɐ̃[]siɐ	psik[u]mɐ̃[n]siɐ	0
psicometria	psikɔmɨtriɐ	psikumɨtriɐ	psik[ɔ]mɨtriɐ	psik[u]mɨtriɐ	0
psicométrico	psikɔmɛtriku	psikumɛtriku	psik[ɔ]mɛtriku	psik[u]mɛtriku	0
psicomotor	psikɔmutor	psikumutor	psik[ɔ]mutor	psik[u]mutor	0
psicomotricidade	psikɔmutrisidadɨ	psikumutrisidadɨ	psik[ɔ]mutrisidadɨ	psik[u]mutrisidadɨ	0
psicomotricista	psikɔmutrisiʃtɐ	psikumutrisiʃtɐ	psik[ɔ]mutrisiʃtɐ	psik[u]mutrisiʃtɐ	0
psiconeurose	psikɔnewrɔzɨ	psikunewrɔzɨ	psik[ɔ]newrɔzɨ	psik[u]newrɔzɨ	0
psiconeurótico	psikɔnewrɔtiku	psikunewrɔtiku	psik[ɔ]newrɔtiku	psik[u]newrɔtiku	0
psicopata	psikɔpatɐ	psikupatɐ	psik[ɔ]patɐ	psik[u]patɐ	0
psicopatia	psikɔpɐtiɐ	psikupɐtiɐ	psik[ɔ]pɐtiɐ	psik[u]pɐtiɐ	0
psicopático	psikɔpatiku	psikupatiku	psik[ɔ]patiku	psik[u]patiku	0
psicopatologia	psikɔpɐtuluʒiɐ	psikupɐtuluʒiɐ	psik[ɔ]pɐtuluʒiɐ	psik[u]pɐtuluʒiɐ	0
psicopatológico	psikɔpɐtulɔʒiku	psikupɐtulɔʒiku	psik[ɔ]pɐtulɔʒiku	psik[u]pɐtulɔʒiku	0
psicopatologista	psikɔpɐtuluʒiʃtɐ	psikupɐtuluʒiʃtɐ	psik[ɔ]pɐtuluʒiʃtɐ	psik[u]pɐtuluʒiʃtɐ	0
psicopedagogia	psikɔpɨdɐɡuʒiɐ	psikupɨdɐɡuʒiɐ	psik[ɔ]pɨdɐɡuʒiɐ	psik[u]pɨdɐɡuʒiɐ	0
psicopedagógico	psikɔpɨdɐɡɔʒiku	psikupɨdɐɡɔʒiku	psik[ɔ]pɨdɐɡɔʒiku	psik[u]pɨdɐɡɔʒiku	0
psicopedagogo	psikɔpɨdɐɡoɡu	psikupɨdɐɡoɡu	psik[ɔ]pɨdɐɡoɡu	psik[u]pɨdɐɡoɡu	0
psicoplegia	psikɔplɛʒiɐ	psikuplɨʒiɐ	psik[ɔ]pl[ɛ]ʒiɐ	psik[u]pl[ɨ]ʒiɐ	0
psicoprofilaxia	psikɔprɔfilaksiɐ	psikuprufilɐksiɐ	psik[ɔ]pr[ɔ]fil[a]ksiɐ	psik[u]pr[u]fil[ɐ]ksiɐ	0
psicorrigidez	psikɔʀiʒideʃ	psikuʀiʒideʃ	psik[ɔ]ʀiʒideʃ	psik[u]ʀiʒideʃ	0
psicossexualidade	psikɔsɛkswɐlidadɨ	psikusɨksuɐlidadɨ	psik[ɔ]s[ɛ]ks[w]ɐlidadɨ	psik[u]s[ɨ]ks[u]ɐlidadɨ	0
psicossexual	psikɔsɛkswaɫ	psikusɨksuaɫ	psik[ɔ]s[ɛ]ks[w]aɫ	psik[u]s[ɨ]ks[u]aɫ	0
psicossocial	psikɔsusjaɫ	psikususiaɫ	psik[ɔ]sus[j]aɫ	psik[u]sus[i]aɫ	0
psicossociologia	psikɔsusjuluʒiɐ	psikususjuluʒiɐ	psik[ɔ]susjuluʒiɐ	psik[u]susjuluʒiɐ	0
psicossociológico	psikɔsusjulɔʒiku	psikususjulɔʒiku	psik[ɔ]susjulɔʒiku	psik[u]susjulɔʒiku	0
psicossociólogo	psikɔsusjɔluɡu	psikususiɔluɡu	psik[ɔ]sus[j]ɔluɡu	psik[u]sus[i]ɔluɡu	0
psicossomático	psikɔsumatiku	psikusumatiku	psik[ɔ]sumatiku	psik[u]sumatiku	0
psicossomatismo	psikɔsumɐtiʒmu	psikusumɐtiʒmu	psik[ɔ]sumɐtiʒmu	psik[u]sumɐtiʒmu	0
psicostimulante	psikɔʃtimulɐ̃tɨ	psikuʃtimulɐ̃ntɨ	psik[ɔ]ʃtimulɐ̃[]tɨ	psik[u]ʃtimulɐ̃[n]tɨ	0
psicotécnica	psikɔtɛknikɐ	psikutɛknikɐ	psik[ɔ]tɛknikɐ	psik[u]tɛknikɐ	0
psicotécnico	psikɔtɛkniku	psikutɛkniku	psik[ɔ]tɛkniku	psik[u]tɛkniku	0
psicoterapeuta	psikɔtɨrɐpewtɐ	psikutɨrɐpewtɐ	psik[ɔ]tɨrɐpewtɐ	psik[u]tɨrɐpewtɐ	0
psicoterapêutico	psikɔtɨrɐpewtiku	psikutɨrɐpewtiku	psik[ɔ]tɨrɐpewtiku	psik[u]tɨrɐpewtiku	0
psicoterapia	psikɔtɨrɐpiɐ	psikutɨrɐpiɐ	psik[ɔ]tɨrɐpiɐ	psik[u]tɨrɐpiɐ	0
psicoterápico	psikɔtɨrapiku	psikutɨrapiku	psik[ɔ]tɨrapiku	psik[u]tɨrapiku	0
psicotrópico	psikɔtrɔpiku	psikutrɔpiku	psik[ɔ]trɔpiku	psik[u]trɔpiku	0
psicroalgia	psikrɔaɫʒiɐ	psikruaɫʒiɐ	psikr[ɔ]aɫʒiɐ	psikr[u]aɫʒiɐ	0
psicrofobia	psikrɔfubiɐ	psikrufubiɐ	psikr[ɔ]fubiɐ	psikr[u]fubiɐ	0
psicrofóbico	psikrɔfɔbiku	psikrufɔbiku	psikr[ɔ]fɔbiku	psikr[u]fɔbiku	0
psilomelano	psilɔmɨlɐnu	psilumɨlɐ̃nu	psil[ɔ]mɨlɐ[]nu	psil[u]mɨlɐ[̃]nu	0
pulmotuberculose	puɫmɔtubɛrkulɔzɨ	puɫmutubɨrkulɔzɨ	puɫm[ɔ]tub[ɛ]rkulɔzɨ	puɫm[u]tub[ɨ]rkulɔzɨ	0
pupiloscopia	pupilɔʃkupiɐ	pupiluʃkupiɐ	pupil[ɔ]ʃkupiɐ	pupil[u]ʃkupiɐ	0
pupiloscópico	pupilɔʃkɔpiku	pupiluʃkɔpiku	pupil[ɔ]ʃkɔpiku	pupil[u]ʃkɔpiku	0
quadrilobulado	kwɐdrilɔbuladu	kwɐdrilubuladu	kwɐdril[ɔ]buladu	kwɐdril[u]buladu	0
queilodiptéridas	kɐjlɔdiptɛridɐʃ	kɐjludiptɛridɐʃ	kɐjl[ɔ]diptɛridɐʃ	kɐjl[u]diptɛridɐʃ	0
queilodipterídeos	kɐjlɔdiptɨridjuʃ	kɐjludiptɨridiwʃ	kɐjl[ɔ]diptɨridj[u]ʃ	kɐjl[u]diptɨridi[w]ʃ	0
quilobit	kilɔbit	kilubit	kil[ɔ]bit	kil[u]bit	0
quilobyte	kilɔbajtɨ	kilubitɨ	kil[ɔ]ba[j]tɨ	kil[u]bi[]tɨ	0
quilocaloria	kilɔkɐluriɐ	kilukɐluriɐ	kil[ɔ]kɐluriɐ	kil[u]kɐluriɐ	0
quilociclo	kilɔsiklu	kilusiklu	kil[ɔ]siklu	kil[u]siklu	0
quilodieresia	kilɔdjɛrɨziɐ	kiludiɨrɨziɐ	kil[ɔ]dj[ɛ]rɨziɐ	kil[u]di[ɨ]rɨziɐ	0
quilofagia	kilɔfɐʒiɐ	kilufɐʒiɐ	kil[ɔ]fɐʒiɐ	kil[u]fɐʒiɐ	0
quilojoule	kilɔʒulɨ	kiluʒowlɨ	kil[ɔ]ʒu[]lɨ	kil[u]ʒo[w]lɨ	0
quilolitro	kilɔlitru	kilulitru	kil[ɔ]litru	kil[u]litru	0
quiloplastia	kilɔplɐʃtiɐ	kiluplɐʃtiɐ	kil[ɔ]plɐʃtiɐ	kil[u]plɐʃtiɐ	0
quiloplástico	kilɔplaʃtiku	kiluplaʃtiku	kil[ɔ]plaʃtiku	kil[u]plaʃtiku	0
quilotonelada	kilɔtunɨladɐ	kilutunɨladɐ	kil[ɔ]tunɨladɐ	kil[u]tunɨladɐ	0
quilovátio-hora	kilɔvatjuɔrɐ	kiluvatɪuɔrɐ	kil[ɔ]vat[j]uɔrɐ	kil[u]vat[ɪ]uɔrɐ	0
quilovátio	kilɔvatju	kiluvatju	kil[ɔ]vatju	kil[u]vatju	0
quilovolt-ampere	kilɔvɔɫtɐ̃pɛrɨ	kiluvoɫtɐ̃mpɛrɨ	kil[ɔ]v[ɔ]ɫtɐ̃[]pɛrɨ	kil[u]v[o]ɫtɐ̃[m]pɛrɨ	0
quilovolt	kilɔvɔɫt	kiluvoɫt	kil[ɔ]v[ɔ]ɫt	kil[u]v[o]ɫt	0
quimioprofilaxia	kimjɔprɔfilaksiɐ	kimiuprufilɐksiɐ	kimj[ɔ]pr[ɔ]fil[a]ksiɐ	kimi[u]pr[u]fil[ɐ]ksiɐ	0
quimiorreceção	kimjɔʀɨsɛsɐ̃w̃	kimiuʀɨsɨsɐ̃w̃	kimj[ɔ]ʀɨs[ɛ]sɐ̃w̃	kimi[u]ʀɨs[ɨ]sɐ̃w̃	0
quimiorrecepção	kimjɔʀɨsɛsɐ̃w̃	kimiuʀɨsɨpsɐ̃w̃	kimj[ɔ]ʀɨsɛ[]sɐ̃w̃	kimi[u]ʀɨsɨ[p]sɐ̃w̃	0
quimiorreceptividade	kimjɔʀɨsɛtividadɨ	kimiuʀɨseptividadɨ	kimj[ɔ]ʀɨsɛ[]tividadɨ	kimi[u]ʀɨse[p]tividadɨ	0
quimiorreceptivo	kimjɔʀɨsɛtivu	kimiuʀɨsɨptivu	kimj[ɔ]ʀɨsɛ[]tivu	kimi[u]ʀɨsɨ[p]tivu	0
quimiorreceptor	kimjɔʀɨsɛtor	kimiuʀɨsɨptor	kimj[ɔ]ʀɨsɛ[]tor	kimi[u]ʀɨsɨ[p]tor	0
quimiorrecetividade	kimjɔʀɨsɛtividadɨ	kimiuʀɨsetividadɨ	kimj[ɔ]ʀɨs[ɛ]tividadɨ	kimi[u]ʀɨs[e]tividadɨ	0
quimiorrecetivo	kimjɔʀɨsɛtivu	kimiuʀɨsɨtivu	kimj[ɔ]ʀɨs[ɛ]tivu	kimi[u]ʀɨs[ɨ]tivu	0
quimiorrecetor	kimjɔʀɨsɛtor	kimiuʀɨsɨtor	kimj[ɔ]ʀɨs[ɛ]tor	kimi[u]ʀɨs[ɨ]tor	0
quimiosfera	kimjɔʃfɛrɐ	kimiuʃfɛrɐ	kimj[ɔ]ʃfɛrɐ	kimi[u]ʃfɛrɐ	0
quimiossíntese	kimjɔsĩtɨzɨ	kimiusĩntɨzɨ	kimj[ɔ]sĩtɨ[z]ɨ[]	kimi[u]sĩn[t]ɨz[ɨ]	0
quimiotáctico	kimjɔtaktiku	kimiutatiku	kimj[ɔ]ta[k]tiku	kimi[u]ta[]tiku	0
quimiotactismo	kimjɔtɐktiʒmu	kimiutɐtiʒmu	kimj[ɔ]tɐ[k]tiʒmu	kimi[u]tɐ[]tiʒmu	0
quimiotático	kimjɔtatiku	kimiutatiku	kimj[ɔ]tatiku	kimi[u]tatiku	0
quimiotatismo	kimjɔtɐtiʒmu	kimiutɐtiʒmu	kimj[ɔ]tɐtiʒmu	kimi[u]tɐtiʒmu	0
quimioterapia	kimjɔtɨrɐpiɐ	kimiutɨrɐpiɐ	kimj[ɔ]tɨrɐpiɐ	kimi[u]tɨrɐpiɐ	0
quimioterápico	kimjɔtɨrapiku	kimiutɨrapiku	kimj[ɔ]tɨrapiku	kimi[u]tɨrapiku	0
quimiotripsina	kimjɔtripsinɐ	kimiutripsinɐ	kimj[ɔ]tripsinɐ	kimi[u]tripsinɐ	0
quimiotrópico	kimjɔtrɔpiku	kimiutrɔpiku	kimj[ɔ]trɔpiku	kimi[u]trɔpiku	0
quimiotropismo	kimjɔtrupiʒmu	kimiutrupiʒmu	kimj[ɔ]trupiʒmu	kimi[u]trupiʒmu	0
quinoleína	kinɔlɐinɐ	kinulɨinɐ	kin[ɔ]l[ɐ]inɐ	kin[u]l[ɨ]inɐ	0
qüiproquó	kwiprɔkwɔ	kwiprukwɔ	kwipr[ɔ]kwɔ	kwipr[u]kwɔ	0
quirodáctilo	kirɔdaktilu	kirudatilu	kir[ɔ]da[k]tilu	kir[u]da[]tilu	0
quirodátilo	kirɔdatilu	kirudatilu	kir[ɔ]datilu	kir[u]datilu	0
quironomia	kirɔnumiɐ	kirunumiɐ	kir[ɔ]numiɐ	kir[u]numiɐ	0
quironômidas	kirɔnomidɐʃ	kirunomidɐʃ	kir[ɔ]nomidɐʃ	kir[u]nomidɐʃ	0
quironómidas	kirɔnɔmidɐʃ	kirunɔmidɐʃ	kir[ɔ]nɔmidɐʃ	kir[u]nɔmidɐʃ	0
quironomídeos	kirɔnumidjuʃ	kirunumidiwʃ	kir[ɔ]numidj[u]ʃ	kir[u]numidi[w]ʃ	0
quiroplasto	kirɔplaʃtu	kiruplaʃtu	kir[ɔ]plaʃtu	kir[u]plaʃtu	0
quiropodalgia	kirɔpudaɫʒiɐ	kirupudaɫʒiɐ	kir[ɔ]pudaɫʒiɐ	kir[u]pudaɫʒiɐ	0
quiropodia	kirɔpudiɐ	kirupudiɐ	kir[ɔ]pudiɐ	kir[u]pudiɐ	0
quiropodista	kirɔpudiʃtɐ	kirupudiʃtɐ	kir[ɔ]pudiʃtɐ	kir[u]pudiʃtɐ	0
quiroprática	kirɔpratikɐ	kirupratikɐ	kir[ɔ]pratikɐ	kir[u]pratikɐ	0
quiroprático	kirɔpratiku	kirupratiku	kir[ɔ]pratiku	kir[u]pratiku	0
quiropraxia	kirɔpraksiɐ	kiruprɐsiɐ	kir[ɔ]pra[k]siɐ	kir[u]prɐ[]siɐ	0
quiroscopia	kirɔʃkupiɐ	kiruʃkupiɐ	kir[ɔ]ʃkupiɐ	kir[u]ʃkupiɐ	0
quirotonia	kirɔtuniɐ	kirutuniɐ	kir[ɔ]tuniɐ	kir[u]tuniɐ	0
quirotribia	kirɔtribiɐ	kirutribiɐ	kir[ɔ]tribiɐ	kir[u]tribiɐ	0
quisivoquele	kizivɔkɛlɨ	kizivukelɨ	kiziv[ɔ]k[ɛ]lɨ	kiziv[u]k[e]lɨ	0
quodore	kwɔdɔrɨ	kuudorɨ	kw[ɔ]d[ɔ]rɨ	ku[u]d[o]rɨ	0
quodório	kwɔdɔrju	kuudɔrju	kw[ɔ]dɔrju	ku[u]dɔrju	0
rádio-opaco	ʀadjɔɔpaku	ʀadɪuɔpaku	ʀadj[ɔ]ɔpaku	ʀadɪ[u]ɔpaku	0
rapsodomancia	ʀɐpzɔdumɐ̃siɐ	ʀɐpsudumɐ̃nsiɐ	ʀɐpz[ɔ]dumɐ̃[]siɐ	ʀɐps[u]dumɐ̃[n]siɐ	0
rapsodomante	ʀɐpzɔdumɐ̃tɨ	ʀɐpsudumɐ̃ntɨ	ʀɐpz[ɔ]dumɐ̃[]tɨ	ʀɐps[u]dumɐ̃[n]tɨ	0
raquiotomia	ʀɐkjɔtumiɐ	ʀɐkiutumiɐ	ʀɐkj[ɔ]tumiɐ	ʀɐki[u]tumiɐ	0
raquiotômico	ʀɐkjɔtomiku	ʀɐkiutomiku	ʀɐkj[ɔ]tomiku	ʀɐki[u]tomiku	0
raquiotómico	ʀɐkjɔtɔmiku	ʀɐkiutɔmiku	ʀɐkj[ɔ]tɔmiku	ʀɐki[u]tɔmiku	0
reciprocamente	ʀɨsiprukɐmẽtɨ	ʀɨsiprɔkɐmẽntɨ	ʀɨsipr[u]kɐmẽtɨ[]	ʀɨsipr[ɔ]kɐmẽnt[ɨ]	0
rectorragia	ʀɛtɔʀɐʒiɐ	ʀɛtuʀɐʒiɐ	ʀɛt[ɔ]ʀɐʒiɐ	ʀɛt[u]ʀɐʒiɐ	0
reocórdio	ʀjɔkɔrdju	ʀiukɔrdju	ʀj[ɔ]kɔrdju	ʀi[u]kɔrdju	0
reocupação	ʀjɔkupɐsɐ̃w̃	ʀiukupɐsɐ̃w̃	ʀj[ɔ]kupɐsɐ̃w̃	ʀi[u]kupɐsɐ̃w̃	0
reocupar	ʀjɔkupar	ʀiukupar	ʀj[ɔ]kupar	ʀi[u]kupar	0
reordenação	ʀjɔrdɨnɐsɐ̃w̃	ʀiurdɨnɐsɐ̃w̃	ʀj[ɔ]rdɨnɐsɐ̃w̃	ʀi[u]rdɨnɐsɐ̃w̃	0
reordenamento	ʀjɔrdɨnɐmẽtu	ʀiurdɨnɐmẽntu	ʀj[ɔ]rdɨnɐmẽtu[]	ʀi[u]rdɨnɐmẽnt[u]	0
reordenar	ʀjɔrdɨnar	ʀiurdɨnar	ʀj[ɔ]rdɨnar	ʀi[u]rdɨnar	0
reorganização	ʀjɔrɡɐnizɐsɐ̃w̃	ʀiurɡɐnizɐsɐ̃w̃	ʀj[ɔ]rɡɐnizɐsɐ̃w̃	ʀi[u]rɡɐnizɐsɐ̃w̃	0
reorganizador	ʀjɔrɡɐnizɐdor	ʀiurɡɐnizɐdor	ʀj[ɔ]rɡɐnizɐdor	ʀi[u]rɡɐnizɐdor	0
reorganizar	ʀjɔrɡɐnizar	ʀiurɡɐnizar	ʀj[ɔ]rɡɐnizar	ʀi[u]rɡɐnizar	0
reorquestração	ʀjɔrkɨʃtrɐsɐ̃w̃	ʀiurkeʃtrɐsɐ̃w̃	ʀj[ɔ]rk[ɨ]ʃtrɐsɐ̃w̃	ʀi[u]rk[e]ʃtrɐsɐ̃w̃	0
reorquestrar	ʀjɔrkɨʃtrar	ʀiurkɨʃtrar	ʀj[ɔ]rkɨʃtrar	ʀi[u]rkɨʃtrar	0
reostático	ʀjɔʃtatiku	ʀiuʃtatiku	ʀj[ɔ]ʃtatiku	ʀi[u]ʃtatiku	0
reotropismo	ʀjɔtrupiʒmu	ʀiutrupiʒmu	ʀj[ɔ]trupiʒmu	ʀi[u]trupiʒmu	0
ressorção	ʀɨsɔrsɐ̃w̃	ʀɨsursɐ̃w̃	ʀɨs[ɔ]rsɐ̃w̃	ʀɨs[u]rsɐ̃w̃	0
ressorcina	ʀɨsɔrsinɐ	ʀɨsursinɐ	ʀɨs[ɔ]rsinɐ	ʀɨs[u]rsinɐ	0
reto-romano	ʀɛtɔʀumɐnu	ʀɛtuʀumɐ̃nu	ʀɛt[ɔ]ʀumɐ[]nu	ʀɛt[u]ʀumɐ[̃]nu	0
retroovárico	ʀɛtrɔɔvariku	ʀɛtrɔuvariku	ʀɛtrɔ[ɔ]variku	ʀɛtrɔ[u]variku	0
riboflavina	ʀibɔflɐvinɐ	ʀibuflɐvinɐ	ʀib[ɔ]flɐvinɐ	ʀib[u]flɐvinɐ	0
ribonucleico	ʀibɔnuklɐjku	ʀibunuklɐjku	ʀib[ɔ]nuklɐjku	ʀib[u]nuklɐjku	0
ribonucléico	ʀibɔnuklɐjku	ʀibunuklɛjku	ʀib[ɔ]nukl[ɐ]jku	ʀib[u]nukl[ɛ]jku	0
ribossomal	ʀibɔsumaɫ	ʀibusumaɫ	ʀib[ɔ]sumaɫ	ʀib[u]sumaɫ	0
ribossoma	ʀibɔsomɐ	ʀibusomɐ	ʀib[ɔ]somɐ	ʀib[u]somɐ	0
ribossômico	ʀibɔsomiku	ʀibusomiku	ʀib[ɔ]somiku	ʀib[u]somiku	0
ribossómico	ʀibɔsɔmiku	ʀibusɔmiku	ʀib[ɔ]sɔmiku	ʀib[u]sɔmiku	0
ribossomo	ʀibɔsomu	ʀibusomu	ʀib[ɔ]somu	ʀib[u]somu	0
rico-homia	ʀikuɔmiɐ	ʀikuumiɐ	ʀiku[ɔ]miɐ	ʀiku[u]miɐ	0
rinobronquite	ʀinɔbrõkitɨ	ʀinubrõnkitɨ	ʀin[ɔ]brõkitɨ[]	ʀin[u]brõnkit[ɨ]	0
rinocéfalo	ʀinɔsɛfɐlu	ʀinusɛfɐlu	ʀin[ɔ]sɛfɐlu	ʀin[u]sɛfɐlu	0
rinoceronte	ʀinɔsɨrõtɨ	ʀinusɨrõntɨ	ʀin[ɔ]sɨrõtɨ[]	ʀin[u]sɨrõnt[ɨ]	0
rinocerote	ʀinɔsɨrɔtɨ	ʀinusɨrɔtɨ	ʀin[ɔ]sɨrɔtɨ	ʀin[u]sɨrɔtɨ	0
rinocerótidas	ʀinɔsɨrɔtidɐʃ	ʀinusɨrɔtidɐʃ	ʀin[ɔ]sɨrɔtidɐʃ	ʀin[u]sɨrɔtidɐʃ	0
rinocerotídeos	ʀinɔsɨrutidjuʃ	ʀinuserutidiwʃ	ʀin[ɔ]s[ɨ]rutidj[u]ʃ	ʀin[u]s[e]rutidi[w]ʃ	0
rinofaringe	ʀinɔfɐrĩʒɨ	ʀinufɐrĩnʒɨ	ʀin[ɔ]fɐrĩʒɨ[]	ʀin[u]fɐrĩnʒ[ɨ]	0
rinofaringite	ʀinɔfɐrĩʒitɨ	ʀinufɐrĩnʒitɨ	ʀin[ɔ]fɐrĩʒitɨ[]	ʀin[u]fɐrĩnʒit[ɨ]	0
rinofonia	ʀinɔfuniɐ	ʀinufuniɐ	ʀin[ɔ]funiɐ	ʀin[u]funiɐ	0
rinolalia	ʀinɔlɐliɐ	ʀinulɐliɐ	ʀin[ɔ]lɐliɐ	ʀin[u]lɐliɐ	0
rinopatia	ʀinɔpɐtiɐ	ʀinupɐtiɐ	ʀin[ɔ]pɐtiɐ	ʀin[u]pɐtiɐ	0
rinoplastia	ʀinɔplɐʃtiɐ	ʀinuplɐʃtiɐ	ʀin[ɔ]plɐʃtiɐ	ʀin[u]plɐʃtiɐ	0
rinoplástico	ʀinɔplaʃtiku	ʀinuplaʃtiku	ʀin[ɔ]plaʃtiku	ʀin[u]plaʃtiku	0
rinorragia	ʀinɔʀɐʒiɐ	ʀinuʀɐʒiɐ	ʀin[ɔ]ʀɐʒiɐ	ʀin[u]ʀɐʒiɐ	0
rinorreia	ʀinɔʀɐjɐ	ʀinuʀɛjɐ	ʀin[ɔ]ʀ[ɐ]jɐ	ʀin[u]ʀ[ɛ]jɐ	0
rinorréia	ʀinɔʀɐjɐ	ʀinuʀɛjɐ	ʀin[ɔ]ʀ[ɐ]jɐ	ʀin[u]ʀ[ɛ]jɐ	0
rinorreico	ʀinɔʀɐjku	ʀinuʀɐjku	ʀin[ɔ]ʀɐjku	ʀin[u]ʀɐjku	0
rinorréico	ʀinɔʀɐjku	ʀinuʀɛjku	ʀin[ɔ]ʀ[ɐ]jku	ʀin[u]ʀ[ɛ]jku	0
rinoscopia	ʀinɔʃkupiɐ	ʀinuʃkupiɐ	ʀin[ɔ]ʃkupiɐ	ʀin[u]ʃkupiɐ	0
rinoscópico	ʀinɔʃkɔpiku	ʀinuʃkɔpiku	ʀin[ɔ]ʃkɔpiku	ʀin[u]ʃkɔpiku	0
rinoscópio	ʀinɔʃkɔpju	ʀinuʃkɔpju	ʀin[ɔ]ʃkɔpju	ʀin[u]ʃkɔpju	0
rinotomia	ʀinɔtumiɐ	ʀinutumiɐ	ʀin[ɔ]tumiɐ	ʀin[u]tumiɐ	0
rinovírus	ʀinɔviruʃ	ʀinuviruʃ	ʀin[ɔ]viruʃ	ʀin[u]viruʃ	0
ritidoplastia	ʀitidɔplɐʃtiɐ	ʀitiduplɐʃtiɐ	ʀitid[ɔ]plɐʃtiɐ	ʀitid[u]plɐʃtiɐ	0
rizoboláceas	ʀizɔbulasjɐʃ	ʀizubulasiɐʃ	ʀiz[ɔ]bulas[j]ɐʃ	ʀiz[u]bulas[i]ɐʃ	0
rizocárpio	ʀizɔkarpju	ʀizukarpju	ʀiz[ɔ]karpju	ʀiz[u]karpju	0
rizocarpo	ʀizɔkarpu	ʀizukarpu	ʀiz[ɔ]karpu	ʀiz[u]karpu	0
rizocéfalo	ʀizɔsɛfɐlu	ʀizusɛfɐlu	ʀiz[ɔ]sɛfɐlu	ʀiz[u]sɛfɐlu	0
rizofagia	ʀizɔfɐʒiɐ	ʀizufɐʒiɐ	ʀiz[ɔ]fɐʒiɐ	ʀiz[u]fɐʒiɐ	0
rizofilo	ʀizɔfilu	ʀizufilu	ʀiz[ɔ]filu	ʀiz[u]filu	0
rizoflagelado	ʀizɔflɐʒɨladu	ʀizuflɐʒɨladu	ʀiz[ɔ]flɐʒɨladu	ʀiz[u]flɐʒɨladu	0
rizoforáceas	ʀizɔfurasjɐʃ	ʀizufurasiɐʃ	ʀiz[ɔ]furas[j]ɐʃ	ʀiz[u]furas[i]ɐʃ	0
rizomorfo	ʀizɔmɔrfu	ʀizumorfu	ʀiz[ɔ]m[ɔ]rfu	ʀiz[u]m[o]rfu	0
rizosfera	ʀizɔʃfɛrɐ	ʀizuʃfɛrɐ	ʀiz[ɔ]ʃfɛrɐ	ʀiz[u]ʃfɛrɐ	0
rizospermo	ʀizɔʃpɛrmu	ʀizuʃpermu	ʀiz[ɔ]ʃp[ɛ]rmu	ʀiz[u]ʃp[e]rmu	0
rizostômidas	ʀizɔʃtomidɐʃ	ʀizuʃtomidɐʃ	ʀiz[ɔ]ʃtomidɐʃ	ʀiz[u]ʃtomidɐʃ	0
rizostómidas	ʀizɔʃtɔmidɐʃ	ʀizuʃtɔmidɐʃ	ʀiz[ɔ]ʃtɔmidɐʃ	ʀiz[u]ʃtɔmidɐʃ	0
rizostomídeos	ʀizɔʃtumidjuʃ	ʀizuʃtumidiwʃ	ʀiz[ɔ]ʃtumidj[u]ʃ	ʀiz[u]ʃtumidi[w]ʃ	0
rizotáctico	ʀizɔtatiku	ʀizutatiku	ʀiz[ɔ]tatiku	ʀiz[u]tatiku	0
rizotático	ʀizɔtatiku	ʀizutatiku	ʀiz[ɔ]tatiku	ʀiz[u]tatiku	0
rizotaxia	ʀizɔtaksiɐ	ʀizutɐksiɐ	ʀiz[ɔ]t[a]ksiɐ	ʀiz[u]t[ɐ]ksiɐ	0
rizotomia	ʀizɔtumiɐ	ʀizutumiɐ	ʀiz[ɔ]tumiɐ	ʀiz[u]tumiɐ	0
rizotômico	ʀizɔtomiku	ʀizutomiku	ʀiz[ɔ]tomiku	ʀiz[u]tomiku	0
rizotómico	ʀizɔtɔmiku	ʀizutɔmiku	ʀiz[ɔ]tɔmiku	ʀiz[u]tɔmiku	0
rizotônico	ʀizɔtoniku	ʀizutoniku	ʀiz[ɔ]toniku	ʀiz[u]toniku	0
rizotónico	ʀizɔtɔniku	ʀizutɔniku	ʀiz[ɔ]tɔniku	ʀiz[u]tɔniku	0
robô	ʀɔbo	ʀubo	ʀ[ɔ]bo	ʀ[u]bo	0
roboteiro	rɔbotɐjru	ʀubutɐjru	r[ɔ]b[o]tɐjru	ʀ[u]b[u]tɐjru	0
robótica	ʀɔbɔtikɐ	ʀubɔtikɐ	ʀ[ɔ]bɔtikɐ	ʀ[u]bɔtikɐ	0
robótico	ʀɔbɔtiku	ʀubɔtiku	ʀ[ɔ]bɔtiku	ʀ[u]bɔtiku	0
robotizado	ʀɔbutizadu	ʀubutizadu	ʀ[ɔ]butizadu	ʀ[u]butizadu	0
robotizar	ʀɔbutizar	ʀubutizar	ʀ[ɔ]butizar	ʀ[u]butizar	0
robot	ʀɔbo	ʀubɔt	ʀ[ɔ]bo[]	ʀ[u]bɔ[t]	0
rocloró	ʀɔklɔrɔ	ʀuklurɔ	ʀ[ɔ]kl[ɔ]rɔ	ʀ[u]kl[u]rɔ	0
rocló	ʀɔklɔ	ʀuklɔ	ʀ[ɔ]klɔ	ʀ[u]klɔ	0
rococó	ʀɔkɔkɔ	ʀukukɔ	ʀ[ɔ]k[ɔ]kɔ	ʀ[u]k[u]kɔ	0
rocódromo	ʀɔkɔdrumu	ʀukɔdrumu	ʀ[ɔ]kɔdrumu	ʀ[u]kɔdrumu	0
rodapé	ʀɔdɐpɛ	ʀudɐpɛ	ʀ[ɔ]dɐpɛ	ʀ[u]dɐpɛ	0
rodocrosita	ʀɔdɔkruzitɐ	ʀudukruzitɐ	ʀ[ɔ]d[ɔ]kruzitɐ	ʀ[u]d[u]kruzitɐ	0
rodocrosite	ʀɔdɔkruzitɨ	ʀudukruzitɨ	ʀ[ɔ]d[ɔ]kruzitɨ	ʀ[u]d[u]kruzitɨ	0
rododendráceas	ʀɔdɔdẽdrasjɐʃ	ʀududẽndrasiɐʃ	ʀ[ɔ]d[ɔ]dẽdrasjɐʃ[]	ʀ[u]d[u]dẽndrasiɐ[ʃ]	0
rodofícea	ʀɔdɔfisjɐ	ʀudufisiɐ	ʀ[ɔ]d[ɔ]fis[j]ɐ	ʀ[u]d[u]fis[i]ɐ	0
rodomel	ʀɔdɔmɛɫ	ʀudumɛɫ	ʀ[ɔ]d[ɔ]mɛɫ	ʀ[u]d[u]mɛɫ	0
rodonita	ʀɔdunitɐ	ʀudunitɐ	ʀ[ɔ]dunitɐ	ʀ[u]dunitɐ	0
rodonite	ʀɔdunitɨ	ʀudunitɨ	ʀ[ɔ]dunitɨ	ʀ[u]dunitɨ	0
rodopsina	ʀɔdɔpsinɐ	ʀudupsinɐ	ʀ[ɔ]d[ɔ]psinɐ	ʀ[u]d[u]psinɐ	0
rodoviária	ʀɔdɔvjarjɐ	ʀuduviarjɐ	ʀ[ɔ]d[ɔ]v[j]arjɐ	ʀ[u]d[u]v[i]arjɐ	0
rodoviário	ʀɔdɔvjarju	ʀuduviarju	ʀ[ɔ]d[ɔ]v[j]arju	ʀ[u]d[u]v[i]arju	0
rodovia	ʀɔdɔviɐ	ʀuduviɐ	ʀ[ɔ]d[ɔ]viɐ	ʀ[u]d[u]viɐ	0
roséola	ʀuzɛulɐ	ʀuzɛɔlɐ	ʀuzɛ[u]lɐ	ʀuzɛ[ɔ]lɐ	0
rosê	ʀɔze	ʀuze	ʀ[ɔ]ze	ʀ[u]ze	0
rosicler	ʀɔziklɛr	ʀuzikler	ʀ[ɔ]zikl[ɛ]r	ʀ[u]zikl[e]r	0
rosiflor	ʀɔziflor	ʀuziflor	ʀ[ɔ]ziflor	ʀ[u]ziflor	0
rosiluminoso	ʀɔziluminozu	ʀuziluminozu	ʀ[ɔ]ziluminozu	ʀ[u]ziluminozu	0
rotavírus	ʀɔtɐviruʃ	ʀutɐviruʃ	ʀ[ɔ]tɐviruʃ	ʀ[u]tɐviruʃ	0
rotogravura	ʀɔtɔɡrɐvurɐ	ʀutuɡrɐvurɐ	ʀ[ɔ]t[ɔ]ɡrɐvurɐ	ʀ[u]t[u]ɡrɐvurɐ	0
rottweiler	ʀɔtvajlɐr	ʀutwɐjler	ʀ[ɔ]tv[a]jl[ɐ]r	ʀ[u]tw[ɐ]jl[e]r	0
rubéola	ʀubɛulɐ	ʀubɛɔlɐ	ʀubɛ[u]lɐ	ʀubɛ[ɔ]lɐ	0
rufitomentoso	ʀufitɔmẽtozu	ʀufitumẽntozu	ʀufit[ɔ]mẽtozu[]	ʀufit[u]mẽntoz[u]	0
rurografia	ʀurɔɡrɐfiɐ	ʀuruɡrɐfiɐ	ʀur[ɔ]ɡrɐfiɐ	ʀur[u]ɡrɐfiɐ	0
rurográfico	ʀurɔɡrafiku	ʀuruɡrafiku	ʀur[ɔ]ɡrafiku	ʀur[u]ɡrafiku	0
russo-finlandês	ʀusɔfĩlɐ̃deʃ	ʀusufĩnlɐ̃ndeʃ	ʀus[ɔ]fĩlɐ̃deʃ[]	ʀus[u]fĩnlɐ̃nde[ʃ]	0
russo-japonês	ʀusɔʒɐpuneʃ	ʀusuʒɐpuneʃ	ʀus[ɔ]ʒɐpuneʃ	ʀus[u]ʒɐpuneʃ	0
ruxoxó	ʀuʃɔʃɔ	ʀuʃuʃɔ	ʀuʃ[ɔ]ʃɔ	ʀuʃ[u]ʃɔ	0
saboiana	sɐbɔjɐnɐ	sɐbujɐ̃nɐ	sɐb[ɔ]jɐ[]nɐ	sɐb[u]jɐ[̃]nɐ	0
saboiano	sɐbɔjɐnu	sɐbujɐ̃nu	sɐb[ɔ]jɐ[]nu	sɐb[u]jɐ[̃]nu	0
sacarometria	sɐkɐrɔmɨtriɐ	sɐkɐrumɨtriɐ	sɐkɐr[ɔ]mɨtriɐ	sɐkɐr[u]mɨtriɐ	0
sacrocoxalgia	sɐkrɔkɔksaɫʒiɐ	sɐkrukuksaɫʒiɐ	sɐkr[ɔ]k[ɔ]ksaɫʒiɐ	sɐkr[u]k[u]ksaɫʒiɐ	0
samorano	sɐmɔrɐnu	sɐmurɐ̃nu	sɐm[ɔ]rɐ[]nu	sɐm[u]rɐ[̃]nu	0
sapoti	sɐpɔti	sɐputi	sɐp[ɔ]ti	sɐp[u]ti	0
saprobiose	sɐprɔbjɔzɨ	sɐprubiɔzɨ	sɐpr[ɔ]b[j]ɔzɨ	sɐpr[u]b[i]ɔzɨ	0
saprobiótico	sɐprɔbjɔtiku	sɐprubiɔtiku	sɐpr[ɔ]b[j]ɔtiku	sɐpr[u]b[i]ɔtiku	0
saprocola	sɐprɔkɔlɐ	sɐprukɔlɐ	sɐpr[ɔ]kɔlɐ	sɐpr[u]kɔlɐ	0
saprofitia	sɐprɔfitiɐ	sɐprufitiɐ	sɐpr[ɔ]fitiɐ	sɐpr[u]fitiɐ	0
saprogênico	sɐprɔʒeniku	sɐpruʒeniku	sɐpr[ɔ]ʒeniku	sɐpr[u]ʒeniku	0
saprogénico	sɐprɔʒɛniku	sɐpruʒɛniku	sɐpr[ɔ]ʒɛniku	sɐpr[u]ʒɛniku	0
saprolegniáceas	sɐprɔlɨɡnjasjɐʃ	sɐpruleɡniasiɐʃ	sɐpr[ɔ]l[ɨ]ɡn[j]as[j]ɐʃ	sɐpr[u]l[e]ɡn[i]as[i]ɐʃ	0
sapropélico	sɐprɔpɛliku	sɐprupɛliku	sɐpr[ɔ]pɛliku	sɐpr[u]pɛliku	0
sapropelito	sɐprɔpɨlitu	sɐprupɨlitu	sɐpr[ɔ]pɨlitu	sɐpr[u]pɨlitu	0
sapropel	sɐprɔpɛɫ	sɐprupɛɫ	sɐpr[ɔ]pɛɫ	sɐpr[u]pɛɫ	0
saprozoico	sɐprɔzɔjku	sɐpruzɔjku	sɐpr[ɔ]zɔjku	sɐpr[u]zɔjku	0
saprozóico	sɐprɔzɔjku	sɐpruzɔjku	sɐpr[ɔ]zɔjku	sɐpr[u]zɔjku	0
sarcocárpico	sɐrkɔkarpiku	sɐrkukarpiku	sɐrk[ɔ]karpiku	sɐrk[u]karpiku	0
sarcocárpio	sɐrkɔkarpju	sɐrkukarpju	sɐrk[ɔ]karpju	sɐrk[u]karpju	0
sarcofagia	sɐrkɔfɐʒiɐ	sɐrkufɐʒiɐ	sɐrk[ɔ]fɐʒiɐ	sɐrk[u]fɐʒiɐ	0
sarcofila	sɐrkɔfilɐ	sɐrkufilɐ	sɐrk[ɔ]filɐ	sɐrk[u]filɐ	0
sauromorfo	sawrɔmɔrfu	sawrumorfu	sawr[ɔ]m[ɔ]rfu	sawr[u]m[o]rfu	0
sauropterígeo	sawrɔptɨriʒju	sawruptɨriʒiw	sawr[ɔ]ptɨriʒj[u]	sawr[u]ptɨriʒi[w]	0
semioficial	sɨmiɔfisjaɫ	sɨmiufisiaɫ	sɨmi[ɔ]fis[j]aɫ	sɨmi[u]fis[i]aɫ	0
semioficioso	sɨmiɔfisjozu	sɨmiufisiozu	sɨmi[ɔ]fis[j]ozu	sɨmi[u]fis[i]ozu	0
sênior	senjɔr	seniur	senj[ɔ]r	seni[u]r	0
sénior	sɛnjɔr	sɛniur	sɛnj[ɔ]r	sɛni[u]r	0
séptuor	sɛptwɔr	sɛptwur	sɛptw[ɔ]r	sɛptw[u]r	0
serbo-croata	sɛrbɔkrwatɐ	sɛrbukruatɐ	sɛrb[ɔ]kr[w]atɐ	sɛrb[u]kr[u]atɐ	0
servo-croata	sɛrvɔkrwatɐ	sɛrvukruatɐ	sɛrv[ɔ]kr[w]atɐ	sɛrv[u]kr[u]atɐ	0
servo-croático	sɛrvɔkrwatiku	sɛrvukruatiku	sɛrv[ɔ]kr[w]atiku	sɛrv[u]kr[u]atiku	0
sforzando	sfɔrtsɐ̃do	sfurzɐ̃ndu	sf[ɔ]rt[s]ɐ̃[]d[o]	sf[u]rz[]ɐ̃[n]d[u]	0
sicofantia	sikɔfɐ̃tiɐ	sikufɐ̃ntiɐ	sik[ɔ]fɐ̃[]tiɐ	sik[u]fɐ̃[n]tiɐ	0
sicofântico	sikɔfɐ̃tiku	sikufɐ̃ntiku	sik[ɔ]fɐ̃[]tiku	sik[u]fɐ̃[n]tiku	0
sicofantismo	sikɔfɐ̃tiʒmu	sikufɐ̃ntiʒmu	sik[ɔ]fɐ̃[]tiʒmu	sik[u]fɐ̃[n]tiʒmu	0
sícone	sikɔnɨ	sikunɨ	sik[ɔ]nɨ	sik[u]nɨ	0
sideroblasto	sidɨrɔblaʃtu	sidɨrublaʃtu	sidɨr[ɔ]blaʃtu	sidɨr[u]blaʃtu	0
siderolítico	sidɨrɔlitiku	sidɨrulitiku	sidɨr[ɔ]litiku	sidɨr[u]litiku	0
siderosfera	sidɨrɔʃfɛrɐ	sidɨruʃfɛrɐ	sidɨr[ɔ]ʃfɛrɐ	sidɨr[u]ʃfɛrɐ	0
siderotecnia	sidɨrɔtɛkniɐ	sidɨrutɛkniɐ	sidɨr[ɔ]tɛkniɐ	sidɨr[u]tɛkniɐ	0
siderotécnico	sidɨrɔtɛkniku	sidɨrutɛkniku	sidɨr[ɔ]tɛkniku	sidɨr[u]tɛkniku	0
sifiloterapia	sifilɔtɨrɐpiɐ	sifilutɨrɐpiɐ	sifil[ɔ]tɨrɐpiɐ	sifil[u]tɨrɐpiɐ	0
sifiloterápico	sifilɔtɨrapiku	sifilutɨrapiku	sifil[ɔ]tɨrapiku	sifil[u]tɨrapiku	0
siglomaníaco	siɡlɔmɐniɐku	siɡlumɐniɐku	siɡl[ɔ]mɐniɐku	siɡl[u]mɐniɐku	0
siglomania	siɡlɔmɐniɐ	siɡlumɐniɐ	siɡl[ɔ]mɐniɐ	siɡl[u]mɐniɐ	0
silicoargiloso	silikɔɐrʒilozu	silikuɐrʒilozu	silik[ɔ]ɐrʒilozu	silik[u]ɐrʒilozu	0
silicoflagelados	silikɔflɐʒɨladuʃ	silikuflɐʒɨladuʃ	silik[ɔ]flɐʒɨladuʃ	silik[u]flɐʒɨladuʃ	0
sinistrocardia	siniʃtrɔkɐrdiɐ	siniʃtrukɐrdiɐ	siniʃtr[ɔ]kɐrdiɐ	siniʃtr[u]kɐrdiɐ	0
sinistrovolúvel	siniʃtrɔvuluvɛɫ	siniʃtruvuluvɛɫ	siniʃtr[ɔ]vuluvɛɫ	siniʃtr[u]vuluvɛɫ	0
sino-japonês	sinɔʒɐpuneʃ	sinuʒɐpuneʃ	sin[ɔ]ʒɐpuneʃ	sin[u]ʒɐpuneʃ	0
sinopsia	sinɔpsiɐ	sinupsiɐ	sin[ɔ]psiɐ	sin[u]psiɐ	0
sinoptizar	sinɔptizar	sinuptizar	sin[ɔ]ptizar	sin[u]ptizar	0
sino-saimão	sinɔsajmɐ̃w̃	sinusajmɐ̃w̃	sin[ɔ]sajmɐ̃w̃	sin[u]sajmɐ̃w̃	0
sino-salomão	sinɔsɐlumɐ̃w̃	sinusɐlumɐ̃w̃	sin[ɔ]sɐlumɐ̃w̃	sin[u]sɐlumɐ̃w̃	0
sino-tibetano	sinɔtibɨtɐnu	sinutibɨtɐ̃nu	sin[ɔ]tibɨtɐ[]nu	sin[u]tibɨtɐ[̃]nu	0
sismoterapia	siʒmɔtɨrɐpiɐ	siʒmuterɐpiɐ	siʒm[ɔ]t[ɨ]rɐpiɐ	siʒm[u]t[e]rɐpiɐ	0
sitiofobia	sitjɔfubiɐ	sitiufubiɐ	sitj[ɔ]fubiɐ	siti[u]fubiɐ	0
sitiomania	sitjɔmɐniɐ	sitiumɐniɐ	sitj[ɔ]mɐniɐ	siti[u]mɐniɐ	0
sitioterapia	sitjɔtɨrɐpiɐ	sitiutɨrɐpiɐ	sitj[ɔ]tɨrɐpiɐ	siti[u]tɨrɐpiɐ	0
socinianismo	sɔsinjɐniʒmu	susiniɐniʒmu	s[ɔ]sin[j]ɐniʒmu	s[u]sin[i]ɐniʒmu	0
sociniano	sɔsinjɐnu	susiniɐ̃nu	s[ɔ]sin[j]ɐ[]nu	s[u]sin[i]ɐ[̃]nu	0
sociobiologia	sɔsjɔbjuluʒiɐ	susjubiuluʒiɐ	s[ɔ]sj[ɔ]b[j]uluʒiɐ	s[u]sj[u]b[i]uluʒiɐ	0
sociobiológico	sɔsjɔbjulɔʒiku	susjubiulɔʒiku	s[ɔ]sj[ɔ]b[j]ulɔʒiku	s[u]sj[u]b[i]ulɔʒiku	0
sociocracia	sɔsjɔkrɐsiɐ	susjukrɐsiɐ	s[ɔ]sj[ɔ]krɐsiɐ	s[u]sj[u]krɐsiɐ	0
sociocultural	sɔsjɔkuɫturaɫ	susjukuɫturaɫ	s[ɔ]sj[ɔ]kuɫturaɫ	s[u]sj[u]kuɫturaɫ	0
sociodrama	sɔsjɔdrɐmɐ	susjudrɐ̃mɐ	s[ɔ]sj[ɔ]drɐ[]mɐ	s[u]sj[u]drɐ[̃]mɐ	0
socioeconômico	sɔsjɔikunomiku	susjuekunomiku	s[ɔ]sjɔ[i]kunomiku	s[u]sju[e]kunomiku	0
socioeconómico	sɔsjɔikunɔmiku	susjuekunɔmiku	s[ɔ]sjɔ[i]kunɔmiku	s[u]sju[e]kunɔmiku	0
sociofamiliar	sɔsjɔfɐmiljar	susjufɐmiliar	s[ɔ]sj[ɔ]fɐmil[j]ar	s[u]sj[u]fɐmil[i]ar	0
sociofilia	sɔsjɔfiliɐ	susjufiliɐ	s[ɔ]sj[ɔ]filiɐ	s[u]sj[u]filiɐ	0
sociofobia	sɔsjɔfubiɐ	susjufubiɐ	s[ɔ]sj[ɔ]fubiɐ	s[u]sj[u]fubiɐ	0
sociografia	sɔsjɔɡrɐfiɐ	susjuɡrɐfiɐ	s[ɔ]sj[ɔ]ɡrɐfiɐ	s[u]sj[u]ɡrɐfiɐ	0
sociográfico	sɔsjɔɡrafiku	susjuɡrafiku	s[ɔ]sj[ɔ]ɡrafiku	s[u]sj[u]ɡrafiku	0
sociograma	sɔsjɔɡrɐmɐ	susjuɡrɐ̃mɐ	s[ɔ]sj[ɔ]ɡrɐ[]mɐ	s[u]sj[u]ɡrɐ[̃]mɐ	0
socioinstitucional	sɔsjɔĩʃtitusjunaɫ	susjuĩnʃtitusjunaɫ	s[ɔ]sjɔĩʃt[i]tus[j]unaɫ[]	s[u]sjuĩn[ʃ]tit[]usjuna[ɫ]	0
sociolatria	sɔsjɔlɐtriɐ	susjulɐtriɐ	s[ɔ]sj[ɔ]lɐtriɐ	s[u]sj[u]lɐtriɐ	0
sociolectal	sɔsjɔlɛtaɫ	susjulɛtaɫ	s[ɔ]sj[ɔ]lɛtaɫ	s[u]sj[u]lɛtaɫ	0
sociolecto	sɔsjɔlɛtu	susjulɛtu	s[ɔ]sj[ɔ]lɛtu	s[u]sj[u]lɛtu	0
socioletal	sɔsjɔlɛtaɫ	susjulɨtaɫ	s[ɔ]sj[ɔ]l[ɛ]taɫ	s[u]sj[u]l[ɨ]taɫ	0
socioleto	sɔsjɔlɛtu	susjulɛtu	s[ɔ]sj[ɔ]lɛtu	s[u]sj[u]lɛtu	0
sociolinguista	sɔsjɔlĩɡwiʃtɐ	susjulĩnɡwiʃtɐ	s[ɔ]sj[ɔ]lĩɡwiʃtɐ[]	s[u]sj[u]lĩnɡwiʃt[ɐ]	0
sociolingüista	sɔsjɔlĩɡwiʃtɐ	susjulĩnɡuiʃtɐ	s[ɔ]sj[ɔ]lĩɡwiʃtɐ[]	s[u]sj[u]lĩnɡuiʃt[ɐ]	0
sociolinguística	sɔsjɔlĩɡwiʃtikɐ	susjulĩnɡwiʃtikɐ	s[ɔ]sj[ɔ]lĩɡwiʃ[t]ikɐ[]	s[u]sj[u]lĩnɡw[]iʃtik[ɐ]	0
sociolingüística	sɔsjɔlĩɡwiʃtikɐ	susjulĩnɡuiʃtikɐ	s[ɔ]sj[ɔ]lĩɡwiʃ[t]ikɐ[]	s[u]sj[u]lĩnɡu[]iʃtik[ɐ]	0
sociolinguístico	sɔsjɔlĩɡwiʃtiku	susjulĩnɡwiʃtiku	s[ɔ]sj[ɔ]lĩɡwiʃ[t]iku[]	s[u]sj[u]lĩnɡw[]iʃtik[u]	0
sociolingüístico	sɔsjɔlĩɡwiʃtiku	susjulĩnɡuiʃtiku	s[ɔ]sj[ɔ]lĩɡwiʃ[t]iku[]	s[u]sj[u]lĩnɡu[]iʃtik[u]	0
sociometria	sɔsjɔmɨtriɐ	susjumɨtriɐ	s[ɔ]sj[ɔ]mɨtriɐ	s[u]sj[u]mɨtriɐ	0
sociométrico	sɔsjɔmɛtriku	susjumɛtriku	s[ɔ]sj[ɔ]mɛtriku	s[u]sj[u]mɛtriku	0
sociopata	sɔsjɔpatɐ	susjupatɐ	s[ɔ]sj[ɔ]patɐ	s[u]sj[u]patɐ	0
sociopatia	sɔsjɔpɐtiɐ	susjupɐtiɐ	s[ɔ]sj[ɔ]pɐtiɐ	s[u]sj[u]pɐtiɐ	0
sociopático	sɔsjɔpatiku	susjupatiku	s[ɔ]sj[ɔ]patiku	s[u]sj[u]patiku	0
sociopatologia	sɔsjɔpɐtuluʒiɐ	susjupɐtuluʒiɐ	s[ɔ]sj[ɔ]pɐtuluʒiɐ	s[u]sj[u]pɐtuluʒiɐ	0
sociopatológico	sɔsjɔpɐtulɔʒiku	susjupɐtulɔʒiku	s[ɔ]sj[ɔ]pɐtulɔʒiku	s[u]sj[u]pɐtulɔʒiku	0
sociopolítico	sɔsjɔpulitiku	susjupulitiku	s[ɔ]sj[ɔ]pulitiku	s[u]sj[u]pulitiku	0
socioprofissional	sɔsjɔprufisjunaɫ	susjuprufisjunaɫ	s[ɔ]sj[ɔ]prufisjunaɫ	s[u]sj[u]prufisjunaɫ	0
sociotécnica	sɔsjɔtɛknikɐ	susjutɛknikɐ	s[ɔ]sj[ɔ]tɛknikɐ	s[u]sj[u]tɛknikɐ	0
socopé	sɔkɔpɛ	sukupɛ	s[ɔ]k[ɔ]pɛ	s[u]k[u]pɛ	0
socratizar	sɔkrɐtizar	sukrɐtizar	s[ɔ]krɐtizar	s[u]krɐtizar	0
sofomaníaco	sɔfɔmɐniɐku	sufumɐniɐku	s[ɔ]f[ɔ]mɐniɐku	s[u]f[u]mɐniɐku	0
sofomania	sɔfɔmɐniɐ	sufumɐniɐ	s[ɔ]f[ɔ]mɐniɐ	s[u]f[u]mɐniɐ	0
softbol	sɔftbɔɫ	suftbɔɫ	s[ɔ]ftbɔɫ	s[u]ftbɔɫ	0
softebol	sɔftbɔɫ	suftɨbɔɫ	s[ɔ]ft[]bɔɫ	s[u]ft[ɨ]bɔɫ	0
sogdiano	sɔɡdjɐnu	suɡdiɐ̃nu	s[ɔ]ɡd[j]ɐ[]nu	s[u]ɡd[i]ɐ[̃]nu	0
sojicultor	sɔʒikuɫtor	suʒikuɫtor	s[ɔ]ʒikuɫtor	s[u]ʒikuɫtor	0
sojicultural	sɔʒikuɫturaɫ	suʒikuɫturaɫ	s[ɔ]ʒikuɫturaɫ	s[u]ʒikuɫturaɫ	0
sojicultura	sɔʒikuɫturɐ	suʒikuɫturɐ	s[ɔ]ʒikuɫturɐ	s[u]ʒikuɫturɐ	0
solama	sɔlɐmɐ	sulɐ̃mɐ	s[ɔ]lɐ[]mɐ	s[u]lɐ[̃]mɐ	0
solcris	sɔɫkriʃ	suɫkriʃ	s[ɔ]ɫkriʃ	s[u]ɫkriʃ	0
solfado	sɔɫfadu	suɫfadu	s[ɔ]ɫfadu	s[u]ɫfadu	0
solidéu	sɔlidɛw	sulidɛw	s[ɔ]lidɛw	s[u]lidɛw	0
solidó	sɔlidɔ	sulidɔ	s[ɔ]lidɔ	s[u]lidɔ	0
solifluxão	sɔlifluksɐ̃w̃	sulifluksɐ̃w̃	s[ɔ]lifluksɐ̃w̃	s[u]lifluksɐ̃w̃	0
solipé	sɔlipɛ	sulipɛ	s[ɔ]lipɛ	s[u]lipɛ	0
solmização	sɔɫmizɐsɐ̃w̃	suɫmizɐsɐ̃w̃	s[ɔ]ɫmizɐsɐ̃w̃	s[u]ɫmizɐsɐ̃w̃	0
solmizar	sɔɫmizar	suɫmizar	s[ɔ]ɫmizar	s[u]ɫmizar	0
solsticial	sɔɫʃtisjaɫ	suɫstisiaɫ	s[ɔ]ɫ[ʃ]tis[j]aɫ	s[u]ɫ[s]tis[i]aɫ	0
solstício	sɔɫʃtisju	suɫstisju	s[ɔ]ɫ[ʃ]tisju	s[u]ɫ[s]tisju	0
somiê	sɔmje	sumje	s[ɔ]mje	s[u]mje	0
somilher	sɔmiʎɛr	sumiʎer	s[ɔ]miʎ[ɛ]r	s[u]miʎ[e]r	0
somnifobia	sɔmnifubiɐ	sumnifubiɐ	s[ɔ]mnifubiɐ	s[u]mnifubiɐ	0
sonar	sɔnar	sunar	s[ɔ]nar	s[u]nar	0
sonograma	sɔnɔɡrɐmɐ	sunuɡrɐ̃mɐ	s[ɔ]n[ɔ]ɡrɐ[]mɐ	s[u]n[u]ɡrɐ[̃]mɐ	0
sonoluminescência	sɔnɔluminɨʃsẽsjɐ	sunuluminɨʃsẽnsjɐ	s[ɔ]n[ɔ]luminɨʃsẽsjɐ[]	s[u]n[u]luminɨʃsẽnsj[ɐ]	0
sonometria	sɔnɔmɨtriɐ	sunumɨtriɐ	s[ɔ]n[ɔ]mɨtriɐ	s[u]n[u]mɨtriɐ	0
sonométrico	sɔnɔmɛtriku	sunumɛtriku	s[ɔ]n[ɔ]mɛtriku	s[u]n[u]mɛtriku	0
sonoplasta	sɔnɔplaʃtɐ	sunuplaʃtɐ	s[ɔ]n[ɔ]plaʃtɐ	s[u]n[u]plaʃtɐ	0
sonoplastia	sɔnɔplɐʃtiɐ	sunuplɐʃtiɐ	s[ɔ]n[ɔ]plɐʃtiɐ	s[u]n[u]plɐʃtiɐ	0
sorbônico	sɔrboniku	surboniku	s[ɔ]rboniku	s[u]rboniku	0
sorbónico	sɔrbɔniku	surbɔniku	s[ɔ]rbɔniku	s[u]rbɔniku	0
sorbonista	sɔrbuniʃtɐ	surbuniʃtɐ	s[ɔ]rbuniʃtɐ	s[u]rbuniʃtɐ	0
soronda	sɔrõdɐ	surõndɐ	s[ɔ]rõdɐ[]	s[u]rõnd[ɐ]	0
soropositivo	sɔrɔpuzitivu	surupuzitivu	s[ɔ]r[ɔ]puzitivu	s[u]r[u]puzitivu	0
sororato	sɔruratu	sururatu	s[ɔ]ruratu	s[u]ruratu	0
sororicida	sɔrɔrisidɐ	sururisidɐ	s[ɔ]r[ɔ]risidɐ	s[u]r[u]risidɐ	0
sororicídio	sɔrɔrisidju	sururisidju	s[ɔ]r[ɔ]risidju	s[u]r[u]risidju	0
sóror	sɔrɔr	sɔrur	sɔr[ɔ]r	sɔr[u]r	0
sotaventear	sɔtɐvẽtjar	sutɐvẽntiar	s[ɔ]tɐvẽtjar[]	s[u]tɐvẽntia[r]	0
sotaventino	sɔtɐvẽtinu	sutɐvẽntinu	s[ɔ]tɐvẽt[i]nu[]	s[u]tɐvẽ[]ntin[u]	0
sotavento	sɔtɐvẽtu	sutɐvẽntu	s[ɔ]tɐvẽtu[]	s[u]tɐvẽnt[u]	0
soteropolitano	sɔtɨrɔpulitɐnu	sutɨrupulitɐ̃nu	s[ɔ]tɨr[ɔ]pulitɐ[]nu	s[u]tɨr[u]pulitɐ[̃]nu	0
sotopor	sɔtupor	sutupor	s[ɔ]tupor	s[u]tupor	0
sportinguista	spɔrtĩɡiʃtɐ	spurtĩnɡwiʃtɐ	sp[ɔ]rtĩɡiʃtɐ[]	sp[u]rtĩnɡwiʃt[ɐ]	0
subocular	subɔkular	subukular	sub[ɔ]kular	sub[u]kular	0
suborbitário	subɔrbitarju	suburbitarju	sub[ɔ]rbitarju	sub[u]rbitarju	0
sulfobactéria	suɫfɔbɐktɛrjɐ	suɫfubɐtɛrjɐ	suɫf[ɔ]bɐ[k]tɛrjɐ	suɫf[u]bɐ[]tɛrjɐ	0
súpero-anterior	supɨrɔɐ̃tɨrjor	supɨruɐ̃ntɨrior	supɨr[ɔ]ɐ̃[]tɨr[j]or	supɨr[u]ɐ̃[n]tɨr[i]or	0
superocupado	supɛrɔkupadu	supɛrukupadu	supɛr[ɔ]kupadu	supɛr[u]kupadu	0
súpero-posterior	supɨrɔpuʃtɨrjor	supɨrupuʃtɨrior	supɨr[ɔ]puʃtɨr[j]or	supɨr[u]puʃtɨr[i]or	0
superordenação	supɛrɔrdɨnɐsɐ̃w̃	supɛrurdɨnɐsɐ̃w̃	supɛr[ɔ]rdɨnɐsɐ̃w̃	supɛr[u]rdɨnɐsɐ̃w̃	0
superovariado	supɛrɔvɐrjadu	supɛruvɐriadu	supɛr[ɔ]vɐr[j]adu	supɛr[u]vɐr[i]adu	0
superprotão	supɛrprɔtɐ̃w̃	supɛrprutɐ̃w̃	supɛrpr[ɔ]tɐ̃w̃	supɛrpr[u]tɐ̃w̃	0
supranormalidade	suprɐnɔrmalidadɨ	suprɐnurmɐlidadɨ	suprɐn[ɔ]rm[a]lidadɨ	suprɐn[u]rm[ɐ]lidadɨ	0
supranormal	suprɐnɔrmaɫ	suprɐnurmaɫ	suprɐn[ɔ]rmaɫ	suprɐn[u]rmaɫ	0
supraocular	suprɐɔkular	suprɐukular	suprɐ[ɔ]kular	suprɐ[u]kular	0
supraorbital	suprɐɔrbitaɫ	suprɐurbitaɫ	suprɐ[ɔ]rbitaɫ	suprɐ[u]rbitaɫ	0
supraorbitário	suprɐɔrbitarju	suprɐurbitarju	suprɐ[ɔ]rbitarju	suprɐ[u]rbitarju	0
supratorácico	suprɐtɔrasiku	suprɐturasiku	suprɐt[ɔ]rasiku	suprɐt[u]rasiku	0
tacometria	tɐkɔmɨtriɐ	tɐkumɨtriɐ	tɐk[ɔ]mɨtriɐ	tɐk[u]mɨtriɐ	0
tacométrico	tɐkɔmɛtriku	tɐkumɛtriku	tɐk[ɔ]mɛtriku	tɐk[u]mɛtriku	0
tafofobia	tɐfɔfubiɐ	tɐfufubiɐ	tɐf[ɔ]fubiɐ	tɐf[u]fubiɐ	0
tanatocenose	tɐnɐtɔsɨnɔzɨ	tɐnɐtusɨnɔzɨ	tɐnɐt[ɔ]sɨnɔzɨ	tɐnɐt[u]sɨnɔzɨ	0
tanatofilia	tɐnɐtɔfiliɐ	tɐnɐtufiliɐ	tɐnɐt[ɔ]filiɐ	tɐnɐt[u]filiɐ	0
tanatofobia	tɐnɐtɔfubiɐ	tɐnɐtufubiɐ	tɐnɐt[ɔ]fubiɐ	tɐnɐt[u]fubiɐ	0
tanatomania	tɐnɐtɔmɐniɐ	tɐnɐtumɐniɐ	tɐnɐt[ɔ]mɐniɐ	tɐnɐt[u]mɐniɐ	0
tanatopsiquista	tɐnɐtɔpsikiʃtɐ	tɐnɐtupsikiʃtɐ	tɐnɐt[ɔ]psikiʃtɐ	tɐnɐt[u]psikiʃtɐ	0
tanoclarímetro	tɐnɔklɐrimɨtru	tɐnuklɐrimɨtru	tɐn[ɔ]klɐrimɨtru	tɐn[u]klɐrimɨtru	0
tanofórmio	tɐnɔfɔrmju	tɐnufɔrmju	tɐn[ɔ]fɔrmju	tɐn[u]fɔrmju	0
tanorexia	tɐnɔrɛksiɐ	tɐnurɨksiɐ	tɐn[ɔ]r[ɛ]ksiɐ	tɐn[u]r[ɨ]ksiɐ	0
tardo-medieval	tardɔmɨdjɛvaɫ	tardumediɨvaɫ	tard[ɔ]m[ɨ]dj[ɛ]vaɫ	tard[u]m[e]di[ɨ]vaɫ	0
taurocatapsia	tawrɔkɐtɐpsiɐ	tawrukɐtɐpsiɐ	tawr[ɔ]kɐtɐpsiɐ	tawr[u]kɐtɐpsiɐ	0
taurocéfalo	tawrɔsɛfɐlu	tawrusɛfɐlu	tawr[ɔ]sɛfɐlu	tawr[u]sɛfɐlu	0
tautocronismo	tawtɔkruniʒmu	tawtukruniʒmu	tawt[ɔ]kruniʒmu	tawt[u]kruniʒmu	0
tautograma	tawtɔɡrɐmɐ	tawtuɡrɐ̃mɐ	tawt[ɔ]ɡrɐ[]mɐ	tawt[u]ɡrɐ[̃]mɐ	0
tautomeria	tawtɔmɨriɐ	tawtumɨriɐ	tawt[ɔ]mɨriɐ	tawt[u]mɨriɐ	0
tautomerismo	tawtɔmɨriʒmu	tawtumɨriʒmu	tawt[ɔ]mɨriʒmu	tawt[u]mɨriʒmu	0
tautometria	tawtɔmɨtriɐ	tawtumɨtriɐ	tawt[ɔ]mɨtriɐ	tawt[u]mɨtriɐ	0
tautonímia	tawtɔnimjɐ	tawtunimjɐ	tawt[ɔ]nimjɐ	tawt[u]nimjɐ	0
tautossilábico	tawtɔsilabiku	tawtusilabiku	tawt[ɔ]silabiku	tawt[u]silabiku	0
tautossilabismo	tawtɔsilɐbiʒmu	tawtusilɐbiʒmu	tawt[ɔ]silɐbiʒmu	tawt[u]silɐbiʒmu	0
taxodiácea	tɐksɔdjasjɐ	tɐksudiasiɐ	tɐks[ɔ]d[j]as[j]ɐ	tɐks[u]d[i]as[i]ɐ	0
tcholonador	tʃɔlonɐdor	tʃulunɐdor	tʃ[ɔ]l[o]nɐdor	tʃ[u]l[u]nɐdor	0
tcholona	tʃɔlonɐ	tʃulonɐ	tʃ[ɔ]lonɐ	tʃ[u]lonɐ	0
tchopar	tʃɔpar	tʃupar	tʃ[ɔ]par	tʃ[u]par	0
tchovar	tʃɔvar	tʃuvar	tʃ[ɔ]var	tʃ[u]var	0
técnico-científico	tɛknikɔsjẽtifiku	tɛknikusiẽntifiku	tɛknik[ɔ]sjẽti[f]iku[]	tɛknik[u]siẽn[t]ifik[u]	0
tecnocientífico	tɛknɔsjẽtifiku	tɛknusiẽntifiku	tɛkn[ɔ]sjẽti[f]iku[]	tɛkn[u]siẽn[t]ifik[u]	0
tecnocracia	tɛknɔkrɐsiɐ	tɛknukrɐsiɐ	tɛkn[ɔ]krɐsiɐ	tɛkn[u]krɐsiɐ	0
tecnocrata	tɛknɔkratɐ	tɛknukratɐ	tɛkn[ɔ]kratɐ	tɛkn[u]kratɐ	0
tecnocrático	tɛknɔkratiku	tɛknukratiku	tɛkn[ɔ]kratiku	tɛkn[u]kratiku	0
tecnocratizar	tɛknɔkrɐtizar	tɛknukrɐtizar	tɛkn[ɔ]krɐtizar	tɛkn[u]krɐtizar	0
tecnofobia	tɛknɔfubiɐ	tɛknufubiɐ	tɛkn[ɔ]fubiɐ	tɛkn[u]fubiɐ	0
tecnolectal	tɛknɔlɛtaɫ	tɛknulɛtaɫ	tɛkn[ɔ]lɛtaɫ	tɛkn[u]lɛtaɫ	0
tecnolecto	tɛknɔlɛtu	tɛknulɛtu	tɛkn[ɔ]lɛtu	tɛkn[u]lɛtu	0
tecnoletal	tɛknɔlɛtaɫ	tɛknulɨtaɫ	tɛkn[ɔ]l[ɛ]taɫ	tɛkn[u]l[ɨ]taɫ	0
tecnoleto	tɛknɔlɛtu	tɛknulɛtu	tɛkn[ɔ]lɛtu	tɛkn[u]lɛtu	0
tecnopsicologia	tɛknɔpsikuluʒiɐ	tɛknupsikuluʒiɐ	tɛkn[ɔ]psikuluʒiɐ	tɛkn[u]psikuluʒiɐ	0
tecno	tɛknɔ	tɛknu	tɛkn[ɔ]	tɛkn[u]	0
telosporídeo	telɔʃpuridju	teluʃpuridiw	tel[ɔ]ʃpuridj[u]	tel[u]ʃpuridi[w]	0
teobromina	tɛɔbruminɐ	tiubruminɐ	tɛ[ɔ]bruminɐ	ti[u]bruminɐ	0
teocáli	tɛɔkali	tiukali	tɛ[ɔ]kali	ti[u]kali	0
teocentrismo	tɛɔsẽtriʒmu	tiusẽntriʒmu	tɛ[ɔ]sẽtriʒmu[]	ti[u]sẽntriʒm[u]	0
teocracia	tɛɔkrɐsiɐ	tiukrɐsiɐ	tɛ[ɔ]krɐsiɐ	ti[u]krɐsiɐ	0
teocrata	tɛɔkratɐ	tiukratɐ	tɛ[ɔ]kratɐ	ti[u]kratɐ	0
teocraticismo	tɛɔkrɐtisiʒmu	tiukrɐtisiʒmu	tɛ[ɔ]krɐtisiʒmu	ti[u]krɐtisiʒmu	0
teocrático	tɛɔkratiku	tiukratiku	tɛ[ɔ]kratiku	ti[u]kratiku	0
teocratização	tɛɔkrɐtizɐsɐ̃w̃	tiukrɐtizɐsɐ̃w̃	tɛ[ɔ]krɐtizɐsɐ̃w̃	ti[u]krɐtizɐsɐ̃w̃	0
teofania	tɛɔfɐniɐ	tiufɐniɐ	tɛ[ɔ]fɐniɐ	ti[u]fɐniɐ	0
teofilantropia	tɛɔfilɐ̃trupiɐ	tiufilɐ̃ntrupiɐ	tɛ[ɔ]filɐ̃[]trupiɐ	ti[u]filɐ̃[n]trupiɐ	0
teofilina	tɛɔfilinɐ	tiufilinɐ	tɛ[ɔ]filinɐ	ti[u]filinɐ	0
teofobia	tɛɔfubiɐ	tiufubiɐ	tɛ[ɔ]fubiɐ	ti[u]fubiɐ	0
teogenesia	tɛɔʒɨnɨziɐ	tiuʒenɨziɐ	tɛ[ɔ]ʒ[ɨ]nɨziɐ	ti[u]ʒ[e]nɨziɐ	0
teogonia	tɛɔɡuniɐ	tiuɡuniɐ	tɛ[ɔ]ɡuniɐ	ti[u]ɡuniɐ	0
teogônico	tɛɔɡoniku	tiuɡoniku	tɛ[ɔ]ɡoniku	ti[u]ɡoniku	0
teogónico	tɛɔɡɔniku	tiuɡɔniku	tɛ[ɔ]ɡɔniku	ti[u]ɡɔniku	0
teogonista	tɛɔɡuniʃtɐ	tiuɡuniʃtɐ	tɛ[ɔ]ɡuniʃtɐ	ti[u]ɡuniʃtɐ	0
teomancia	tɛɔmɐ̃siɐ	tiumɐ̃nsiɐ	tɛ[ɔ]mɐ̃[]siɐ	ti[u]mɐ̃[n]siɐ	0
teomaníaco	tɛɔmɐniɐku	tiumɐniɐku	tɛ[ɔ]mɐniɐku	ti[u]mɐniɐku	0
teomania	tɛɔmɐniɐ	tiumɐniɐ	tɛ[ɔ]mɐniɐ	ti[u]mɐniɐ	0
teomante	tɛɔmɐ̃tɨ	tiumɐ̃ntɨ	tɛ[ɔ]mɐ̃[]tɨ	ti[u]mɐ̃[n]tɨ	0
teomitologia	tɛɔmituluʒiɐ	tiumituluʒiɐ	tɛ[ɔ]mituluʒiɐ	ti[u]mituluʒiɐ	0
teomitológico	tɛɔmitulɔʒiku	tiumitulɔʒiku	tɛ[ɔ]mitulɔʒiku	ti[u]mitulɔʒiku	0
teopsia	tjɔpsiɐ	tiupsiɐ	tj[ɔ]psiɐ	ti[u]psiɐ	0
teutomania	tewtɔmɐniɐ	tewtumɐniɐ	tewt[ɔ]mɐniɐ	tewt[u]mɐniɐ	0
tibiocalcaneano	tibjɔkaɫkɐnjɐnu	tibiukaɫkɐniɐ̃nu	tibj[ɔ]kaɫkɐn[j]ɐ[]nu	tibi[u]kaɫkɐn[i]ɐ[̃]nu	0
tibiofemoral	tibjɔfɨmuraɫ	tibiufɨmuraɫ	tibj[ɔ]fɨmuraɫ	tibi[u]fɨmuraɫ	0
tibiotársico	tibjɔtarsiku	tibiutarsiku	tibj[ɔ]tarsiku	tibi[u]tarsiku	0
tiflossole	tiflɔsɔɫ	tiflusɔlɨ	tifl[ɔ]sɔɫ[]	tifl[u]sɔl[ɨ]	0
tiflostomia	tiflɔʃtumiɐ	tifluʃtumiɐ	tifl[ɔ]ʃtumiɐ	tifl[u]ʃtumiɐ	0
tiflotomia	tiflɔtumiɐ	tiflutumiɐ	tifl[ɔ]tumiɐ	tifl[u]tumiɐ	0
tifobacilose	tifɔbɐsilɔzɨ	tifubɐsilɔzɨ	tif[ɔ]bɐsilɔzɨ	tif[u]bɐsilɔzɨ	0
tifomania	tifɔmɐniɐ	tifumɐniɐ	tif[ɔ]mɐniɐ	tif[u]mɐniɐ	0
tifotuberculose	tifɔtubɛrkulɔzɨ	tifutubɨrkulɔzɨ	tif[ɔ]tub[ɛ]rkulɔzɨ	tif[u]tub[ɨ]rkulɔzɨ	0
tigmotáctico	tiɡmɔtatiku	tiɡmutatiku	tiɡm[ɔ]tatiku	tiɡm[u]tatiku	0
tigmotactismo	tiɡmɔtɐktiʒmu	tiɡmutɐtiʒmu	tiɡm[ɔ]tɐ[k]tiʒmu	tiɡm[u]tɐ[]tiʒmu	0
tigmotático	tiɡmɔtatiku	tiɡmutatiku	tiɡm[ɔ]tatiku	tiɡm[u]tatiku	0
tigmotatismo	tiɡmɔtɐtiʒmu	tiɡmutɐtiʒmu	tiɡm[ɔ]tɐtiʒmu	tiɡm[u]tɐtiʒmu	0
tigmotrópico	tiɡmɔtrɔpiku	tiɡmutrɔpiku	tiɡm[ɔ]trɔpiku	tiɡm[u]trɔpiku	0
tigmotropismo	tiɡmɔtrupiʒmu	tiɡmutrupiʒmu	tiɡm[ɔ]trupiʒmu	tiɡm[u]trupiʒmu	0
timopsiquia	timɔpsikiɐ	timupsikiɐ	tim[ɔ]psikiɐ	tim[u]psikiɐ	0
tioácido	tiɔasidu	tiuasidu	ti[ɔ]asidu	ti[u]asidu	0
tioamida	tiɔɐmidɐ	tiuɐmidɐ	ti[ɔ]ɐmidɐ	ti[u]ɐmidɐ	0
tioanião	tiɔɐnjɐ̃w̃	tiuɐniɐ̃w̃	ti[ɔ]ɐn[j]ɐ̃w̃	ti[u]ɐn[i]ɐ̃w̃	0
tiobactéria	tiɔbɐktɛrjɐ	tiubɐtɛrjɐ	ti[ɔ]bɐ[k]tɛrjɐ	ti[u]bɐ[]tɛrjɐ	0
tiossal	tiɔsaɫ	tiusaɫ	ti[ɔ]saɫ	ti[u]saɫ	0
tiossulfato	tiɔsuɫfatu	tiusuɫfatu	ti[ɔ]suɫfatu	ti[u]suɫfatu	0
tiossulfúrico	tiɔsuɫfuriku	tiusuɫfuriku	ti[ɔ]suɫfuriku	ti[u]suɫfuriku	0
tipocromia	tipɔkrumiɐ	tipukrumiɐ	tip[ɔ]krumiɐ	tip[u]krumiɐ	0
tipolitografia	tipɔlituɡrɐfiɐ	tipulituɡrɐfiɐ	tip[ɔ]lituɡrɐfiɐ	tip[u]lituɡrɐfiɐ	0
tipometria	tipɔmɨtriɐ	tipumɨtriɐ	tip[ɔ]mɨtriɐ	tip[u]mɨtriɐ	0
tipotelegrafia	tipɔtɨlɨɡrɐfiɐ	tiputelɨɡrɐfiɐ	tip[ɔ]t[ɨ]lɨɡrɐfiɐ	tip[u]t[e]lɨɡrɐfiɐ	0
tiranossauro	tirɐnɔsawru	tirɐnusawru	tirɐn[ɔ]sawru	tirɐn[u]sawru	0
tireotomia	tirjɔtumiɐ	tiriutumiɐ	tirj[ɔ]tumiɐ	tiri[u]tumiɐ	0
tireotômico	tirjɔtomiku	tiriutomiku	tirj[ɔ]tomiku	tiri[u]tomiku	0
tireotómico	tirjɔtɔmiku	tiriutɔmiku	tirj[ɔ]tɔmiku	tiri[u]tɔmiku	0
tirostimulina	tirɔʃtimulinɐ	tiruʃtimulinɐ	tir[ɔ]ʃtimulinɐ	tir[u]ʃtimulinɐ	0
tirotomia	tirɔtumiɐ	tirutumiɐ	tir[ɔ]tumiɐ	tir[u]tumiɐ	0
tirotrofina	tirɔtrufinɐ	tirutrufinɐ	tir[ɔ]trufinɐ	tir[u]trufinɐ	0
tiroxina	tirɔksinɐ	tiruksinɐ	tir[ɔ]ksinɐ	tir[u]ksinɐ	0
tisioterapia	tizjɔtɨrɐpiɐ	tiziutɨrɐpiɐ	tizj[ɔ]tɨrɐpiɐ	tizi[u]tɨrɐpiɐ	0
titilomania	titilɔmɐniɐ	titilumɐniɐ	titil[ɔ]mɐniɐ	titil[u]mɐniɐ	0
titulometria	titulɔmɨtriɐ	titulumɨtriɐ	titul[ɔ]mɨtriɐ	titul[u]mɨtriɐ	0
titulométrico	titulɔmɛtriku	titulumɛtriku	titul[ɔ]mɛtriku	titul[u]mɛtriku	0
tixotropia	tiksɔtrupiɐ	tiksutrupiɐ	tiks[ɔ]trupiɐ	tiks[u]trupiɐ	0
tixotrópico	tiksɔtrɔpiku	tiksutrɔpiku	tiks[ɔ]trɔpiku	tiks[u]trɔpiku	0
tobogã	tɔbɔɡɐ̃	tubuɡɐ̃	t[ɔ]b[ɔ]ɡɐ̃	t[u]b[u]ɡɐ̃	0
toccata	tɔkatɐ	tukatɐ	t[ɔ]katɐ	t[u]katɐ	0
tocofobia	tɔkɔfubiɐ	tukufubiɐ	t[ɔ]k[ɔ]fubiɐ	t[u]k[u]fubiɐ	0
tocolocha	tɔkɔlɔʃɐ	tukulɔʃɐ	t[ɔ]k[ɔ]lɔʃɐ	t[u]k[u]lɔʃɐ	0
tocossado	tɔkɔsadu	tukusadu	t[ɔ]k[ɔ]sadu	t[u]k[u]sadu	0
tofu	tɔfu	tufu	t[ɔ]fu	t[u]fu	0
togoma	tɔɡomɐ	tuɡomɐ	t[ɔ]ɡomɐ	t[u]ɡomɐ	0
tolinha-das-couves	tɔliɲɐdɐʃkowvɨʃ	tuliɲɐdɐʃkowvɨʃ	t[ɔ]liɲɐdɐʃkowvɨʃ	t[u]liɲɐdɐʃkowvɨʃ	0
tolinha	tɔliɲɐ	tuliɲɐ	t[ɔ]liɲɐ	t[u]liɲɐ	0
tolstoiismo	tɔɫʃtɔjiʒmu	tuɫstujiʒmu	t[ɔ]ɫ[ʃ]t[ɔ]jiʒmu	t[u]ɫ[s]t[u]jiʒmu	0
tolstoiista	tɔɫʃtɔjiʃtɐ	tuɫstujiʃtɐ	t[ɔ]ɫ[ʃ]t[ɔ]jiʃtɐ	t[u]ɫ[s]t[u]jiʃtɐ	0
toltecas	tɔɫtɛkɐʃ	tuɫtɛkɐʃ	t[ɔ]ɫtɛkɐʃ	t[u]ɫtɛkɐʃ	0
tolteca	tɔɫtɛkɐ	tuɫtɛkɐ	t[ɔ]ɫtɛkɐ	t[u]ɫtɛkɐ	0
tomaras	tɔmarɐʃ	tumarɐʃ	t[ɔ]marɐʃ	t[u]marɐʃ	0
tomara	tɔmarɐ	tumarɐ	t[ɔ]marɐ	t[u]marɐ	0
tonicardíaco	tɔnikɐrdiɐku	tunikɐrdiɐku	t[ɔ]nikɐrdiɐku	t[u]nikɐrdiɐku	0
tonofibrila	tɔnɔfibrilɐ	tunufibrilɐ	t[ɔ]n[ɔ]fibrilɐ	t[u]n[u]fibrilɐ	0
tonometria	tɔnɔmɨtriɐ	tunumɨtriɐ	t[ɔ]n[ɔ]mɨtriɐ	t[u]n[u]mɨtriɐ	0
tonométrico	tɔnɔmɛtriku	tunumɛtriku	t[ɔ]n[ɔ]mɛtriku	t[u]n[u]mɛtriku	0
tonotecnia	tɔnɔtɛkniɐ	tunutɛkniɐ	t[ɔ]n[ɔ]tɛkniɐ	t[u]n[u]tɛkniɐ	0
topestesia	tɔpiʃtɨziɐ	tupɨʃtɨziɐ	t[ɔ]p[i]ʃtɨziɐ	t[u]p[ɨ]ʃtɨziɐ	0
topestésico	tɔpiʃtɛziku	tupɨʃtɛziku	t[ɔ]p[i]ʃtɛziku	t[u]p[ɨ]ʃtɛziku	0
topoalgia	tɔpɔaɫʒiɐ	tupuaɫʒiɐ	t[ɔ]p[ɔ]aɫʒiɐ	t[u]p[u]aɫʒiɐ	0
topocêntrico	tɔpɔsẽtriku	tupusẽntriku	t[ɔ]p[ɔ]sẽtriku[]	t[u]p[u]sẽntrik[u]	0
topocotó	tɔpɔkɔtɔ	tupukutɔ	t[ɔ]p[ɔ]k[ɔ]tɔ	t[u]p[u]k[u]tɔ	0
topofilia	tɔpɔfiliɐ	tupufiliɐ	t[ɔ]p[ɔ]filiɐ	t[u]p[u]filiɐ	0
topofobia	tɔpɔfubiɐ	tupufubiɐ	t[ɔ]p[ɔ]fubiɐ	t[u]p[u]fubiɐ	0
topometria	tupɔmɨtriɐ	tupumɨtriɐ	tup[ɔ]mɨtriɐ	tup[u]mɨtriɐ	0
tópos	tɔpɔʃ	tɔpuʃ	tɔp[ɔ]ʃ	tɔp[u]ʃ	0
toracadelfia	tɔrɐkɐdɛɫfiɐ	turɐkɐdɨɫfiɐ	t[ɔ]rɐkɐd[ɛ]ɫfiɐ	t[u]rɐkɐd[ɨ]ɫfiɐ	0
toracadelfo	tɔrɐkɐdɛɫfu	turɐkɐdeɫfu	t[ɔ]rɐkɐd[ɛ]ɫfu	t[u]rɐkɐd[e]ɫfu	0
toracalgia	tɔrɐkaɫʒiɐ	turɐkaɫʒiɐ	t[ɔ]rɐkaɫʒiɐ	t[u]rɐkaɫʒiɐ	0
toracentese	tɔrɐsẽtɛzɨ	turɐsẽntɛzɨ	t[ɔ]rɐsẽtɛzɨ[]	t[u]rɐsẽntɛz[ɨ]	0
torace	tɔrasɨ	turasɨ	t[ɔ]rasɨ	t[u]rasɨ	0
torácico	tɔrasiku	turasiku	t[ɔ]rasiku	t[u]rasiku	0
toracocentese	tɔrɐkɔsẽtɛzɨ	turɐkusẽntɛzɨ	t[ɔ]rɐk[ɔ]sẽtɛzɨ[]	t[u]rɐk[u]sẽntɛz[ɨ]	0
toracodinia	tɔrɐkɔdiniɐ	turɐkudiniɐ	t[ɔ]rɐk[ɔ]diniɐ	t[u]rɐk[u]diniɐ	0
toracofacial	tɔrɐkɔfɐsjaɫ	turɐkufɐsiaɫ	t[ɔ]rɐk[ɔ]fɐs[j]aɫ	t[u]rɐk[u]fɐs[i]aɫ	0
toracolombar	tɔrɐkɔlõbar	turɐkulõmbar	t[ɔ]rɐk[ɔ]lõbar[]	t[u]rɐk[u]lõmba[r]	0
toracoplastia	tɔrɐkɔplɐʃtiɐ	turɐkuplɐʃtiɐ	t[ɔ]rɐk[ɔ]plɐʃtiɐ	t[u]rɐk[u]plɐʃtiɐ	0
toracoplástico	tɔrɐkɔplaʃtiku	turɐkuplaʃtiku	t[ɔ]rɐk[ɔ]plaʃtiku	t[u]rɐk[u]plaʃtiku	0
toracoscopia	tɔrɐkɔʃkupiɐ	turɐkuʃkupiɐ	t[ɔ]rɐk[ɔ]ʃkupiɐ	t[u]rɐk[u]ʃkupiɐ	0
toracoscópico	tɔrɐkɔʃkɔpiku	turɐkuʃkɔpiku	t[ɔ]rɐk[ɔ]ʃkɔpiku	t[u]rɐk[u]ʃkɔpiku	0
toracoscópio	tɔrɐkɔʃkɔpju	turɐkuʃkɔpju	t[ɔ]rɐk[ɔ]ʃkɔpju	t[u]rɐk[u]ʃkɔpju	0
toracotomia	tɔrɐkɔtumiɐ	turɐkutumiɐ	t[ɔ]rɐk[ɔ]tumiɐ	t[u]rɐk[u]tumiɐ	0
toracotômico	tɔrɐkɔtomiku	turɐkutomiku	t[ɔ]rɐk[ɔ]tomiku	t[u]rɐk[u]tomiku	0
toracotómico	tɔrɐkɔtɔmiku	turɐkutɔmiku	t[ɔ]rɐk[ɔ]tɔmiku	t[u]rɐk[u]tɔmiku	0
toradelfia	tɔrɐdɛɫfiɐ	turɐdɨɫfiɐ	t[ɔ]rɐd[ɛ]ɫfiɐ	t[u]rɐd[ɨ]ɫfiɐ	0
toradelfo	tɔrɐdɛɫfu	turɐdeɫfu	t[ɔ]rɐd[ɛ]ɫfu	t[u]rɐd[e]ɫfu	0
tornassol	tɔrnɐsɔɫ	turnɐsɔɫ	t[ɔ]rnɐsɔɫ	t[u]rnɐsɔɫ	0
toró	tɔrɔ	turɔ	t[ɔ]rɔ	t[u]rɔ	0
tortellini	tɔrtelini	turtɛlini	t[ɔ]rt[e]lini	t[u]rt[ɛ]lini	0
tossezinha	tɔsɨziɲɐ	tusɨziɲɐ	t[ɔ]sɨziɲɐ	t[u]sɨziɲɐ	0
totelimúndi	tɔtɛlimũdi	tutɨlimũndi	t[ɔ]t[ɛ]limũdi[]	t[u]t[ɨ]limũnd[i]	0
totêmico	tɔtemiku	tutemiku	t[ɔ]temiku	t[u]temiku	0
totémico	tɔtɛmiku	tutɛmiku	t[ɔ]tɛmiku	t[u]tɛmiku	0
totemismo	tɔtɨmiʒmu	tutɨmiʒmu	t[ɔ]tɨmiʒmu	t[u]tɨmiʒmu	0
totipalmas	tɔtipaɫmɐʃ	tutipaɫmɐʃ	t[ɔ]tipaɫmɐʃ	t[u]tipaɫmɐʃ	0
totipotência	tɔtiputẽsjɐ	tutiputẽnsjɐ	t[ɔ]tiputẽsjɐ[]	t[u]tiputẽnsj[ɐ]	0
totipotente	tɔtiputẽtɨ	tutiputẽntɨ	t[ɔ]tiputẽtɨ[]	t[u]tiputẽnt[ɨ]	0
totobola	tɔtɔbɔlɐ	tutubɔlɐ	t[ɔ]t[ɔ]bɔlɐ	t[u]t[u]bɔlɐ	0
totoloto	tɔtɔlotu	tutulɔtu	t[ɔ]t[ɔ]l[o]tu	t[u]t[u]l[ɔ]tu	0
totó	tɔtɔ	tutɔ	t[ɔ]tɔ	t[u]tɔ	0
tovar	tɔvar	tuvar	t[ɔ]var	t[u]var	0
toxemia	tɔksɨmiɐ	tuksɨmiɐ	t[ɔ]ksɨmiɐ	t[u]ksɨmiɐ	0
toxêmico	tɔksemiku	tuksemiku	t[ɔ]ksemiku	t[u]ksemiku	0
toxémico	tɔksɛmiku	tuksɛmiku	t[ɔ]ksɛmiku	t[u]ksɛmiku	0
toxicar	tɔksikar	tuksikar	t[ɔ]ksikar	t[u]ksikar	0
toxicemia	tɔksisɨmiɐ	tuksisɨmiɐ	t[ɔ]ksisɨmiɐ	t[u]ksisɨmiɐ	0
toxicidade	tɔksisidadɨ	tuksisidadɨ	t[ɔ]ksisidadɨ	t[u]ksisidadɨ	0
toxicodependência	tɔksikɔdɨpẽdẽsjɐ	tuksikudɨpẽndẽnsjɐ	t[ɔ]ksik[ɔ]dɨpẽdẽsjɐ[]	t[u]ksik[u]dɨpẽndẽnsj[ɐ]	0
toxicodependente	tɔksikɔdɨpẽdẽtɨ	tuksikudɨpẽndẽntɨ	t[ɔ]ksik[ɔ]dɨpẽdẽtɨ[]	t[u]ksik[u]dɨpẽndẽnt[ɨ]	0
toxicofagia	tɔksikɔfɐʒiɐ	tuksikufɐʒiɐ	t[ɔ]ksik[ɔ]fɐʒiɐ	t[u]ksik[u]fɐʒiɐ	0
toxicófago	tɔksikɔfɐɡu	tuksikɔfɐɡu	t[ɔ]ksikɔfɐɡu	t[u]ksikɔfɐɡu	0
toxicofobia	tɔksikɔfubiɐ	tuksikufubiɐ	t[ɔ]ksik[ɔ]fubiɐ	t[u]ksik[u]fubiɐ	0
toxicóforo	tɔksikɔfuru	tuksikɔfuru	t[ɔ]ksikɔfuru	t[u]ksikɔfuru	0
toxicógeno	tɔksikɔʒɨnu	tuksikɔʒɨnu	t[ɔ]ksikɔʒɨnu	t[u]ksikɔʒɨnu	0
toxicologia	tɔksikuluʒiɐ	tuksikuluʒiɐ	t[ɔ]ksikuluʒiɐ	t[u]ksikuluʒiɐ	0
toxicológico	tɔksikulɔʒiku	tuksikulɔʒiku	t[ɔ]ksikulɔʒiku	t[u]ksikulɔʒiku	0
toxicologista	tɔksikuluʒiʃtɐ	tuksikuluʒiʃtɐ	t[ɔ]ksikuluʒiʃtɐ	t[u]ksikuluʒiʃtɐ	0
toxicólogo	tɔksikɔluɡu	tuksikɔluɡu	t[ɔ]ksikɔluɡu	t[u]ksikɔluɡu	0
toxicomaníaco	tɔksikɔmɐniɐku	tuksikumɐniɐku	t[ɔ]ksik[ɔ]mɐniɐku	t[u]ksik[u]mɐniɐku	0
toxicomania	tɔksikɔmɐniɐ	tuksikumɐniɐ	t[ɔ]ksik[ɔ]mɐniɐ	t[u]ksik[u]mɐniɐ	0
toxicômano	tɔksikomɐnu	tuksikomɐnu	t[ɔ]ksikomɐnu	t[u]ksikomɐnu	0
toxicómano	tɔksikɔmɐnu	tuksikɔmɐnu	t[ɔ]ksikɔmɐnu	t[u]ksikɔmɐnu	0
toxicopatia	tɔksikɔpɐtiɐ	tuksikupɐtiɐ	t[ɔ]ksik[ɔ]pɐtiɐ	t[u]ksik[u]pɐtiɐ	0
toxicose	tɔksikɔzɨ	tuksikɔzɨ	t[ɔ]ksikɔzɨ	t[u]ksikɔzɨ	0
toxicotraficante	tɔksikɔtrɐfikɐ̃tɨ	tuksikutrɐfikɐ̃ntɨ	t[ɔ]ksik[ɔ]trɐfikɐ̃[]tɨ	t[u]ksik[u]trɐfikɐ̃[n]tɨ	0
toxicotráfico	tɔksikɔtrafiku	tuksikutrafiku	t[ɔ]ksik[ɔ]trafiku	t[u]ksik[u]trafiku	0
toxidade	tɔksidadɨ	tuksidadɨ	t[ɔ]ksidadɨ	t[u]ksidadɨ	0
toxidermia	tɔksidɨrmiɐ	tuksidɨrmiɐ	t[ɔ]ksidɨrmiɐ	t[u]ksidɨrmiɐ	0
toxidérmico	tɔksidɛrmiku	tuksidɛrmiku	t[ɔ]ksidɛrmiku	t[u]ksidɛrmiku	0
toxígeno	tɔksiʒɨnu	tuksiʒɨnu	t[ɔ]ksiʒɨnu	t[u]ksiʒɨnu	0
toxi-infeção	tɔksiĩfɛsɐ̃w̃	tuksiĩnfɨsɐ̃w̃	t[ɔ]ksiĩfɛsɐ̃[w]̃[]	t[u]ksiĩnfɨs[ɐ]̃w[̃]	0
toxiinfecção	tɔksiĩfɛksɐ̃w̃	tuksjĩnfɛsɐ̃w̃	t[ɔ]ks[]iĩ[]fɛ[k]sɐ̃w̃	t[u]ks[j]ĩ[n]fɛ[]sɐ̃w̃	0
toxi-infecção	tɔksiĩfɛsɐ̃w̃	tuksiĩnfɛsɐ̃w̃	t[ɔ]ksiĩfɛsɐ̃[w]̃[]	t[u]ksiĩnfɛs[ɐ]̃w[̃]	0
toxina	tɔksinɐ	tuksinɐ	t[ɔ]ksinɐ	t[u]ksinɐ	0
toxinose	tɔksinɔzɨ	tuksinɔzɨ	t[ɔ]ksinɔzɨ	t[u]ksinɔzɨ	0
toxiterapia	tɔksitɨrɐpiɐ	tuksiterɐpiɐ	t[ɔ]ksit[ɨ]rɐpiɐ	t[u]ksit[e]rɐpiɐ	0
toxodonte	tɔksɔdõtɨ	tuksudõntɨ	t[ɔ]ks[ɔ]dõtɨ[]	t[u]ks[u]dõnt[ɨ]	0
toxofilo	tɔksɔfilu	tuksufilu	t[ɔ]ks[ɔ]filu	t[u]ks[u]filu	0
toxofobia	tɔksɔfubiɐ	tuksufubiɐ	t[ɔ]ks[ɔ]fubiɐ	t[u]ks[u]fubiɐ	0
toxoide	tɔksɔjdɨ	tuksɔjdɨ	t[ɔ]ksɔjdɨ	t[u]ksɔjdɨ	0
toxóide	tɔksɔjdɨ	tuksɔjdɨ	t[ɔ]ksɔjdɨ	t[u]ksɔjdɨ	0
toxoplasmose	tɔksɔplɐʒmɔzɨ	tuksuplɐʒmɔzɨ	t[ɔ]ks[ɔ]plɐʒmɔzɨ	t[u]ks[u]plɐʒmɔzɨ	0
toxúria	tɔksurjɐ	tuksurjɐ	t[ɔ]ksurjɐ	t[u]ksurjɐ	0
trágico-marítimo	traʒikɔmɐritimu	traʒikumɐritimu	traʒik[ɔ]mɐritimu	traʒik[u]mɐritimu	0
trapezoédrico	trɐpɨzɔɛdriku	trɐpɨzuɛdriku	trɐpɨz[ɔ]ɛdriku	trɐpɨz[u]ɛdriku	0
trapezoedro	trɐpɨzɔɛdru	trɐpɨzuɛdru	trɐpɨz[ɔ]ɛdru	trɐpɨz[u]ɛdru	0
traquelocele	trɐkɨlɔsɛlɨ	trɐkɨlusɛlɨ	trɐkɨl[ɔ]sɛlɨ	trɐkɨl[u]sɛlɨ	0
traquelodinia	trɐkɨlɔdiniɐ	trɐkɨludiniɐ	trɐkɨl[ɔ]diniɐ	trɐkɨl[u]diniɐ	0
traqueobronquite	trɐkjɔbrõkitɨ	trɐkɨubrõnkitɨ	trɐkj[ɔ]brõkitɨ[]	trɐkɨ[u]brõnkit[ɨ]	0
traqueocele	trɐkjɔsɛlɨ	trɐkɨusɛlɨ	trɐkj[ɔ]sɛlɨ	trɐkɨ[u]sɛlɨ	0
traquéola	trɐkɛulɐ	trɐkɛɔlɐ	trɐkɛ[u]lɐ	trɐkɛ[ɔ]lɐ	0
traqueorragia	trɐkjɔʀɐʒiɐ	trɐkɨuʀɐʒiɐ	trɐkj[ɔ]ʀɐʒiɐ	trɐkɨ[u]ʀɐʒiɐ	0
traqueoscopia	trɐkjɔʃkupiɐ	trɐkɨuʃkupiɐ	trɐkj[ɔ]ʃkupiɐ	trɐkɨ[u]ʃkupiɐ	0
traqueoscópio	trɐkjɔʃkɔpju	trɐkɨuʃkɔpju	trɐkj[ɔ]ʃkɔpju	trɐkɨ[u]ʃkɔpju	0
traqueostomia	trɐkjɔʃtumiɐ	trɐkɨuʃtumiɐ	trɐkj[ɔ]ʃtumiɐ	trɐkɨ[u]ʃtumiɐ	0
traqueostômico	trɐkjɔʃtomiku	trɐkɨuʃtomiku	trɐkj[ɔ]ʃtomiku	trɐkɨ[u]ʃtomiku	0
traqueostómico	trɐkjɔʃtɔmiku	trɐkɨuʃtɔmiku	trɐkj[ɔ]ʃtɔmiku	trɐkɨ[u]ʃtɔmiku	0
traqueotomia	trɐkjɔtumiɐ	trɐkɨutumiɐ	trɐkj[ɔ]tumiɐ	trɐkɨ[u]tumiɐ	0
traqueotômico	trɐkjɔtomiku	trɐkɨutomiku	trɐkj[ɔ]tomiku	trɐkɨ[u]tomiku	0
traqueotómico	trɐkjɔtɔmiku	trɐkɨutɔmiku	trɐkj[ɔ]tɔmiku	trɐkɨ[u]tɔmiku	0
tribofísica	tribɔfizikɐ	tribufizikɐ	trib[ɔ]fizikɐ	trib[u]fizikɐ	0
triboluminescência	tribɔluminɨʃsẽsjɐ	tribuluminɨʃsẽnsjɐ	trib[ɔ]luminɨʃsẽsjɐ[]	trib[u]luminɨʃsẽnsj[ɐ]	0
tribometria	tribɔmɨtriɐ	tribumɨtriɐ	trib[ɔ]mɨtriɐ	trib[u]mɨtriɐ	0
tribométrico	tribɔmɛtriku	tribumɛtriku	trib[ɔ]mɛtriku	trib[u]mɛtriku	0
tribromometano	tribrɔmɔmɨtɐnu	tribrumumɨtɐ̃nu	tribr[ɔ]m[ɔ]mɨtɐ[]nu	tribr[u]m[u]mɨtɐ[̃]nu	0
tribunocracia	tribunɔkrɐsiɐ	tribunukrɐsiɐ	tribun[ɔ]krɐsiɐ	tribun[u]krɐsiɐ	0
triclorometano	triklɔrɔmɨtɐnu	triklurumɨtɐ̃nu	trikl[ɔ]r[ɔ]mɨtɐ[]nu	trikl[u]r[u]mɨtɐ[̃]nu	0
tricodinia	trikɔdiniɐ	trikudiniɐ	trik[ɔ]diniɐ	trik[u]diniɐ	0
tricofagia	trikɔfɐʒiɐ	trikufɐʒiɐ	trik[ɔ]fɐʒiɐ	trik[u]fɐʒiɐ	0
tricofitíase	trikɔfitiɐzɨ	trikufitiɐzɨ	trik[ɔ]fitiɐzɨ	trik[u]fitiɐzɨ	0
tricofitia	trikɔfitiɐ	trikufitiɐ	trik[ɔ]fitiɐ	trik[u]fitiɐ	0
tricofobia	trikɔfubiɐ	trikufubiɐ	trik[ɔ]fubiɐ	trik[u]fubiɐ	0
tricogínio	trikɔʒinju	trikuʒinju	trik[ɔ]ʒinju	trik[u]ʒinju	0
tricomania	trikɔmɐniɐ	trikumɐniɐ	trik[ɔ]mɐniɐ	trik[u]mɐniɐ	0
tricomicose	trikɔmikɔzɨ	trikumikɔzɨ	trik[ɔ]mikɔzɨ	trik[u]mikɔzɨ	0
tricomônade	trikɔmonɐdɨ	trikumonɐdɨ	trik[ɔ]monɐdɨ	trik[u]monɐdɨ	0
tricomónade	trikɔmɔnɐdɨ	trikumɔnɐdɨ	trik[ɔ]mɔnɐdɨ	trik[u]mɔnɐdɨ	0
tricopatia	trikɔpɐtiɐ	trikupɐtiɐ	trik[ɔ]pɐtiɐ	trik[u]pɐtiɐ	0
tricotilomania	trikɔtilɔmɐniɐ	trikutilumɐniɐ	trik[ɔ]til[ɔ]mɐniɐ	trik[u]til[u]mɐniɐ	0
tricotomia	trikɔtumiɐ	trikutumiɐ	trik[ɔ]tumiɐ	trik[u]tumiɐ	0
tricromático	trikrɔmatiku	trikrumatiku	trikr[ɔ]matiku	trikr[u]matiku	0
trigloquináceas	triɡlɔkinasjɐʃ	triɡlukinasiɐʃ	triɡl[ɔ]kinas[j]ɐʃ	triɡl[u]kinas[i]ɐʃ	0
trigloquine	triɡlɔkinɨ	triɡlukinɨ	triɡl[ɔ]kinɨ	triɡl[u]kinɨ	0
trigloquino	triɡlɔkinu	triɡlukinu	triɡl[ɔ]kinu	triɡl[u]kinu	0
trigonocarpo	triɡunɔkarpu	triɡunukarpu	triɡun[ɔ]karpu	triɡun[u]karpu	0
trigonocefalia	triɡunɔsɨfɐliɐ	triɡunusɨfɐliɐ	triɡun[ɔ]sɨfɐliɐ	triɡun[u]sɨfɐliɐ	0
trigonocéfalo	triɡunɔsɛfɐlu	triɡunusɛfɐlu	triɡun[ɔ]sɛfɐlu	triɡun[u]sɛfɐlu	0
trinitroglicerina	trinitrɔɡlisɨrinɐ	trinitruɡlisɨrinɐ	trinitr[ɔ]ɡlisɨrinɐ	trinitr[u]ɡlisɨrinɐ	0
trinitroglicerol	trinitrɔɡlisɨrɔɫ	trinitruɡlisɨrɔɫ	trinitr[ɔ]ɡlisɨrɔɫ	trinitr[u]ɡlisɨrɔɫ	0
trinitrotolueno	trinitrɔtulwenu	trinitrutuluenu	trinitr[ɔ]tul[w]enu	trinitr[u]tul[u]enu	0
trioleína	triɔlɛinɐ	triulɨinɐ	tri[ɔ]l[ɛ]inɐ	tri[u]l[ɨ]inɐ	0
triovulado	triɔvuladu	triuvuladu	tri[ɔ]vuladu	tri[u]vuladu	0
tripanossoma	tripɐnɔsomɐ	tripɐnusomɐ	tripɐn[ɔ]somɐ	tripɐn[u]somɐ	0
tripanossomíase	tripɐnɔsumiɐzɨ	tripɐnusumiɐzɨ	tripɐn[ɔ]sumiɐzɨ	tripɐn[u]sumiɐzɨ	0
tripanossômidas	tripɐnɔsomidɐʃ	tripɐnusomidɐʃ	tripɐn[ɔ]somidɐʃ	tripɐn[u]somidɐʃ	0
tripanossómidas	tripɐnɔsɔmidɐʃ	tripɐnusɔmidɐʃ	tripɐn[ɔ]sɔmidɐʃ	tripɐn[u]sɔmidɐʃ	0
tripanossomídeos	tripɐnɔsumidjuʃ	tripɐnusumidiwʃ	tripɐn[ɔ]sumidj[u]ʃ	tripɐn[u]sumidi[w]ʃ	0
tripanossomose	tripɐnɔsumɔzɨ	tripɐnusumɔzɨ	tripɐn[ɔ]sumɔzɨ	tripɐn[u]sumɔzɨ	0
tripanossomo	tripɐnɔsomu	tripɐnusomu	tripɐn[ɔ]somu	tripɐn[u]somu	0
triploblástico	triplɔblaʃtiku	triplublaʃtiku	tripl[ɔ]blaʃtiku	tripl[u]blaʃtiku	0
triplostêmone	triplɔʃtemunɨ	tripluʃtemunɨ	tripl[ɔ]ʃtemunɨ	tripl[u]ʃtemunɨ	0
triplostémone	triplɔʃtɛmunɨ	tripluʃtɛmunɨ	tripl[ɔ]ʃtɛmunɨ	tripl[u]ʃtɛmunɨ	0
trípoli	tripɔli	tripuli	trip[ɔ]li	trip[u]li	0
tripsinogênio	tripsinɔʒenju	tripsinuʒenju	tripsin[ɔ]ʒenju	tripsin[u]ʒenju	0
tripsinogénio	tripsinɔʒɛnju	tripsinuʒɛnju	tripsin[ɔ]ʒɛnju	tripsin[u]ʒɛnju	0
triptofano	triptɔfɐnu	triptufɐ̃nu	tript[ɔ]fɐ[]nu	tript[u]fɐ[̃]nu	0
trocosfera	trɔkɔʃfɛrɐ	trukuʃfɛrɐ	tr[ɔ]k[ɔ]ʃfɛrɐ	tr[u]k[u]ʃfɛrɐ	0
trofoblástico	trɔfɔblaʃtiku	trufublaʃtiku	tr[ɔ]f[ɔ]blaʃtiku	tr[u]f[u]blaʃtiku	0
trofoblasto	trɔfɔblaʃtu	trufublaʃtu	tr[ɔ]f[ɔ]blaʃtu	tr[u]f[u]blaʃtu	0
trofoneurose	trɔfɔnewrɔzɨ	trufunewrɔzɨ	tr[ɔ]f[ɔ]newrɔzɨ	tr[u]f[u]newrɔzɨ	0
trofonúcleo	trɔfɔnuklju	trufunukliw	tr[ɔ]f[ɔ]nuklj[u]	tr[u]f[u]nukli[w]	0
trofopatia	trɔfɔpɐtiɐ	trufupɐtiɐ	tr[ɔ]f[ɔ]pɐtiɐ	tr[u]f[u]pɐtiɐ	0
trofoplasma	trɔfɔplaʒmɐ	trufuplaʒmɐ	tr[ɔ]f[ɔ]plaʒmɐ	tr[u]f[u]plaʒmɐ	0
trofosperma	trɔfɔʃpɛrmɐ	trufuʃpɛrmɐ	tr[ɔ]f[ɔ]ʃpɛrmɐ	tr[u]f[u]ʃpɛrmɐ	0
trofospérmio	trɔfɔʃpɛrmju	trufuʃpɛrmju	tr[ɔ]f[ɔ]ʃpɛrmju	tr[u]f[u]ʃpɛrmju	0
trofotactismo	trɔfɔtɐktiʒmu	trufutɐtiʒmu	tr[ɔ]f[ɔ]tɐ[k]tiʒmu	tr[u]f[u]tɐ[]tiʒmu	0
trofotatismo	trɔfɔtɐtiʒmu	trufutɐtiʒmu	tr[ɔ]f[ɔ]tɐtiʒmu	tr[u]f[u]tɐtiʒmu	0
trofotropismo	trɔfɔtrupiʒmu	trufutrupiʒmu	tr[ɔ]f[ɔ]trupiʒmu	tr[u]f[u]trupiʒmu	0
troiano	trɔjɐnu	trujɐ̃nu	tr[ɔ]jɐ[]nu	tr[u]jɐ[̃]nu	0
trolaró	trɔlɐrɔ	trulɐrɔ	tr[ɔ]lɐrɔ	tr[u]lɐrɔ	0
troleibus	trɔlɐjbuʃ	trulɐjbuʃ	tr[ɔ]lɐjbuʃ	tr[u]lɐjbuʃ	0
troleicarro	trɔlɐjkaʀu	trulɐjkaʀu	tr[ɔ]lɐjkaʀu	tr[u]lɐjkaʀu	0
trololó	trɔlɔlɔ	trululɔ	tr[ɔ]l[ɔ]lɔ	tr[u]l[u]lɔ	0
tropopausa	trɔpɔpawzɐ	trupupawzɐ	tr[ɔ]p[ɔ]pawzɐ	tr[u]p[u]pawzɐ	0
troposfera	trɔpɔʃfɛrɐ	trupuʃfɛrɐ	tr[ɔ]p[ɔ]ʃfɛrɐ	tr[u]p[u]ʃfɛrɐ	0
tropotaxia	trɔpɔtaksiɐ	truputɐksiɐ	tr[ɔ]p[ɔ]t[a]ksiɐ	tr[u]p[u]t[ɐ]ksiɐ	0
trotil	trɔtiɫ	trutiɫ	tr[ɔ]tiɫ	tr[u]tiɫ	0
trotineta	trɔtinɛtɐ	trutinetɐ	tr[ɔ]tin[ɛ]tɐ	tr[u]tin[e]tɐ	0
trotinete	trɔtinɛtɨ	trutinetɨ	tr[ɔ]tin[ɛ]tɨ	tr[u]tin[e]tɨ	0
trotskismo	trɔtskiʒmu	trutskiʒmu	tr[ɔ]tskiʒmu	tr[u]tskiʒmu	0
trotskista	trɔtskiʃtɐ	trutskiʃtɐ	tr[ɔ]tskiʃtɐ	tr[u]tskiʃtɐ	0
tubotimpanite	tubɔtĩpɐnitɨ	tubutĩmpɐnitɨ	tub[ɔ]tĩpɐnitɨ[]	tub[u]tĩmpɐnit[ɨ]	0
turboalternador	turbɔaɫtɨrnɐdor	turbuaɫtɨrnɐdor	turb[ɔ]aɫtɨrnɐdor	turb[u]aɫtɨrnɐdor	0
turbocompressor	turbɔkõprɨsor	turbukõmprɨsor	turb[ɔ]kõprɨsor[]	turb[u]kõmprɨso[r]	0
turbo-diesel	turbɔdizɛɫ	turbudizeɫ	turb[ɔ]diz[ɛ]ɫ	turb[u]diz[e]ɫ	0
turbogerador	turbɔʒɨrɐdor	turbuʒerɐdor	turb[ɔ]ʒ[ɨ]rɐdor	turb[u]ʒ[e]rɐdor	0
turbomotor	turbɔmutor	turbumutor	turb[ɔ]mutor	turb[u]mutor	0
turbopropulsor	turbɔprupuɫsor	turbuprupuɫsor	turb[ɔ]prupuɫsor	turb[u]prupuɫsor	0
turborreactor	turbɔʀjator	turbuʀiɐtor	turb[ɔ]ʀj[a]tor	turb[u]ʀi[ɐ]tor	0
turborreator	turbɔʀjator	turbuʀiɐtor	turb[ɔ]ʀj[a]tor	turb[u]ʀi[ɐ]tor	0
ugro-finlandês	uɡrɔfĩlɐ̃deʃ	uɡrufĩnlɐ̃ndeʃ	uɡr[ɔ]fĩlɐ̃deʃ[]	uɡr[u]fĩnlɐ̃nde[ʃ]	0
uiofobia	ujɔfubiɐ	ujufubiɐ	uj[ɔ]fubiɐ	uj[u]fubiɐ	0
ultimogênito	uɫtimɔʒenitu	uɫtimuʒenitu	uɫtim[ɔ]ʒenitu	uɫtim[u]ʒenitu	0
ultimogénito	uɫtimɔʒɛnitu	uɫtimuʒɛnitu	uɫtim[ɔ]ʒɛnitu	uɫtim[u]ʒɛnitu	0
ultimogenitura	uɫtimɔʒɨniturɐ	uɫtimuʒɨniturɐ	uɫtim[ɔ]ʒɨniturɐ	uɫtim[u]ʒɨniturɐ	0
ultramicroscopia	uɫtrɐmikrɔʃkupiɐ	uɫtrɐmikruʃkupiɐ	uɫtrɐmikr[ɔ]ʃkupiɐ	uɫtrɐmikr[u]ʃkupiɐ	0
ultraoceânico	uɫtrɐɔsjɐniku	uɫtrɐusɨɐ̃niku	uɫtrɐ[ɔ]s[j]ɐ[]niku	uɫtrɐ[u]s[ɨ]ɐ[̃]niku	0
unilobulado	unilɔbuladu	unilubuladu	unil[ɔ]buladu	unil[u]buladu	0
unilocular	unilɔkular	unilukular	unil[ɔ]kular	unil[u]kular	0
unioculado	uniɔkuladu	uniukuladu	uni[ɔ]kuladu	uni[u]kuladu	0
uniovular	uniɔvular	uniuvular	uni[ɔ]vular	uni[u]vular	0
uolof	wɔlɔf	wulɔf	w[ɔ]lɔf	w[u]lɔf	0
uralo-altaico	uralɔaɫtajku	uraluaɫtajku	ural[ɔ]aɫtajku	ural[u]aɫtajku	0
uranometria	urɐnɔmɨtriɐ	urɐnumɨtriɐ	urɐn[ɔ]mɨtriɐ	urɐn[u]mɨtriɐ	0
uranoplastia	urɐnɔplɐʃtiɐ	urɐnuplɐʃtiɐ	urɐn[ɔ]plɐʃtiɐ	urɐn[u]plɐʃtiɐ	0
uranoplástico	urɐnɔplaʃtiku	urɐnuplaʃtiku	urɐn[ɔ]plaʃtiku	urɐn[u]plaʃtiku	0
uranoscopia	urɐnɔʃkupiɐ	urɐnuʃkupiɐ	urɐn[ɔ]ʃkupiɐ	urɐn[u]ʃkupiɐ	0
urcéola	ursɛulɐ	ursɛɔlɐ	ursɛ[u]lɐ	ursɛ[ɔ]lɐ	0
urcéolo	ursɛulu	ursɛɔlu	ursɛ[u]lu	ursɛ[ɔ]lu	0
ureometria	urjɔmɨtriɐ	uriumɨtriɐ	urj[ɔ]mɨtriɐ	uri[u]mɨtriɐ	0
uricopoiese	urikɔpojɛzɨ	urikupujɛzɨ	urik[ɔ]p[o]jɛzɨ	urik[u]p[u]jɛzɨ	0
uricosúrico	urikɔzuriku	urikuzuriku	urik[ɔ]zuriku	urik[u]zuriku	0
urobilina	urɔbilinɐ	urubilinɐ	ur[ɔ]bilinɐ	ur[u]bilinɐ	0
urobrânquio	urɔbrɐ̃kju	urubrɐ̃nkiw	ur[ɔ]brɐ̃[]kj[u]	ur[u]brɐ̃[n]ki[w]	0
urociste	urɔsiʃtɨ	urusiʃtɨ	ur[ɔ]siʃtɨ	ur[u]siʃtɨ	0
urocistite	urɔsiʃtitɨ	urusiʃtitɨ	ur[ɔ]siʃtitɨ	ur[u]siʃtitɨ	0
urocisto	urɔsiʃtu	urusiʃtu	ur[ɔ]siʃtu	ur[u]siʃtu	0
urocordado	urɔkurdadu	urukurdadu	ur[ɔ]kurdadu	ur[u]kurdadu	0
urocrisia	urɔkriziɐ	urukriziɐ	ur[ɔ]kriziɐ	ur[u]kriziɐ	0
urocrítico	urɔkritiku	urukritiku	ur[ɔ]kritiku	ur[u]kritiku	0
urocromo	urɔkrɔmu	urukromu	ur[ɔ]kr[ɔ]mu	ur[u]kr[o]mu	0
urodinia	urɔdiniɐ	urudiniɐ	ur[ɔ]diniɐ	ur[u]diniɐ	0
urofilia	urɔfiliɐ	urufiliɐ	ur[ɔ]filiɐ	ur[u]filiɐ	0
urogenital	urɔʒɨnitaɫ	uruʒenitaɫ	ur[ɔ]ʒ[ɨ]nitaɫ	ur[u]ʒ[e]nitaɫ	0
uropoese	urɔpwɛzɨ	urupuɛzɨ	ur[ɔ]p[w]ɛzɨ	ur[u]p[u]ɛzɨ	0
uropoiese	urɔpojɛzɨ	urupujɛzɨ	ur[ɔ]p[o]jɛzɨ	ur[u]p[u]jɛzɨ	0
urorragia	urɔʀɐʒiɐ	uruʀɐʒiɐ	ur[ɔ]ʀɐʒiɐ	ur[u]ʀɐʒiɐ	0
uroscopia	urɔʃkupiɐ	uruʃkupiɐ	ur[ɔ]ʃkupiɐ	ur[u]ʃkupiɐ	0
urotropina	urɔtrupinɐ	urutrupinɐ	ur[ɔ]trupinɐ	ur[u]trupinɐ	0
uterodinia	utɨrɔdiniɐ	utɨrudiniɐ	utɨr[ɔ]diniɐ	utɨr[u]diniɐ	0
uterografia	utɨrɔɡrɐfiɐ	utɨruɡrɐfiɐ	utɨr[ɔ]ɡrɐfiɐ	utɨr[u]ɡrɐfiɐ	0
uteromaníaca	utɨrɔmɐniɐkɐ	utɨrumɐniɐkɐ	utɨr[ɔ]mɐniɐkɐ	utɨr[u]mɐniɐkɐ	0
uteromaníaco	utɨrɔmɐniɐku	utɨrumɐniɐku	utɨr[ɔ]mɐniɐku	utɨr[u]mɐniɐku	0
uteromania	utɨrɔmɐniɐ	utɨrumɐniɐ	utɨr[ɔ]mɐniɐ	utɨr[u]mɐniɐ	0
uterorragia	utɨrɔʀɐʒiɐ	utɨruʀɐʒiɐ	utɨr[ɔ]ʀɐʒiɐ	utɨr[u]ʀɐʒiɐ	0
uteroscopia	utɨrɔʃkupiɐ	utɨruʃkupiɐ	utɨr[ɔ]ʃkupiɐ	utɨr[u]ʃkupiɐ	0
uteroscópico	utɨrɔʃkɔpiku	utɨruʃkɔpiku	utɨr[ɔ]ʃkɔpiku	utɨr[u]ʃkɔpiku	0
uteroscópio	utɨrɔʃkɔpju	utɨruʃkɔpju	utɨr[ɔ]ʃkɔpju	utɨr[u]ʃkɔpju	0
uterotomia	utɨrɔtumiɐ	utɨrutumiɐ	utɨr[ɔ]tumiɐ	utɨr[u]tumiɐ	0
vacinogenia	vɐsinɔʒɨniɐ	vɐsinuʒɨniɐ	vɐsin[ɔ]ʒɨniɐ	vɐsin[u]ʒɨniɐ	0
vacinogênico	vɐsinɔʒeniku	vɐsinuʒeniku	vɐsin[ɔ]ʒeniku	vɐsin[u]ʒeniku	0
vacinogénico	vɐsinɔʒɛniku	vɐsinuʒɛniku	vɐsin[ɔ]ʒɛniku	vɐsin[u]ʒɛniku	0
vacinoterapia	vɐsinɔtɨrɐpiɐ	vɐsinutɨrɐpiɐ	vɐsin[ɔ]tɨrɐpiɐ	vɐsin[u]tɨrɐpiɐ	0
vacinoterápico	vɐsinɔtɨrapiku	vɐsinutɨrapiku	vɐsin[ɔ]tɨrapiku	vɐsin[u]tɨrapiku	0
vacúolo	vɐkuulu	vɐkuɔlu	vɐku[u]lu	vɐku[ɔ]lu	0
vaginodinia	vɐʒinɔdiniɐ	vɐʒinudiniɐ	vɐʒin[ɔ]diniɐ	vɐʒin[u]diniɐ	0
vaginoscopia	vɐʒinɔʃkupiɐ	vɐʒinuʃkupiɐ	vɐʒin[ɔ]ʃkupiɐ	vɐʒin[u]ʃkupiɐ	0
vaginoscópio	vɐʒinɔʃkɔpju	vɐʒinuʃkɔpju	vɐʒin[ɔ]ʃkɔpju	vɐʒin[u]ʃkɔpju	0
vaginotomia	vɐʒinɔtumiɐ	vɐʒinutumiɐ	vɐʒin[ɔ]tumiɐ	vɐʒin[u]tumiɐ	0
vaginotômico	vɐʒinɔtomiku	vɐʒinutomiku	vɐʒin[ɔ]tomiku	vɐʒin[u]tomiku	0
vaginotómico	vɐʒinɔtɔmiku	vɐʒinutɔmiku	vɐʒin[ɔ]tɔmiku	vɐʒin[u]tɔmiku	0
valvulotomia	vaɫvulɔtumiɐ	vaɫvulutumiɐ	vaɫvul[ɔ]tumiɐ	vaɫvul[u]tumiɐ	0
valvulotômico	vaɫvulɔtomiku	vaɫvulutomiku	vaɫvul[ɔ]tomiku	vaɫvul[u]tomiku	0
valvulotómico	vaɫvulɔtɔmiku	vaɫvulutɔmiku	vaɫvul[ɔ]tɔmiku	vaɫvul[u]tɔmiku	0
varicocele	vɐrikɔsɛlɨ	vɐrikusɛlɨ	vɐrik[ɔ]sɛlɨ	vɐrik[u]sɛlɨ	0
vibroscópio	vibrɔʃkɔpju	vibruʃkɔpju	vibr[ɔ]ʃkɔpju	vibr[u]ʃkɔpju	0
vice-dómino	visɨdɔminɔ	visɨdɔminu	visɨdɔmin[ɔ]	visɨdɔmin[u]	0
vice-mordomo	visɨmɔrdomu	visɨmurdomu	visɨm[ɔ]rdomu	visɨm[u]rdomu	0
vice-procurador-geral	visɨprɔkurɐdorʒɨraɫ	visɨprukurɐdorʒɨraɫ	visɨpr[ɔ]kurɐdorʒɨraɫ	visɨpr[u]kurɐdorʒɨraɫ	0
videoamador	vidjɔɐmɐdor	vidiuɐmɐdor	vidj[ɔ]ɐmɐdor	vidi[u]ɐmɐdor	0
videoarte	vidjɔartɨ	vidiuartɨ	vidj[ɔ]artɨ	vidi[u]artɨ	0
videocassete	vidjɔkasɛtɨ	vidiukɐsɛtɨ	vidj[ɔ]k[a]sɛtɨ	vidi[u]k[ɐ]sɛtɨ	0
videochamada	vidjɔʃɐmadɐ	vidiuʃɐmadɐ	vidj[ɔ]ʃɐmadɐ	vidi[u]ʃɐmadɐ	0
videoclipe	vidjɔklipɨ	vidiuklipɨ	vidj[ɔ]klipɨ	vidi[u]klipɨ	0
videoclip	vidjɔklip	vidiuklip	vidj[ɔ]klip	vidi[u]klip	0
videoclube	vidjɔklubɨ	vidiuklubɨ	vidj[ɔ]klubɨ	vidi[u]klubɨ	0
videoconferência	vidjɔkõfɨrẽsjɐ	vidiukõnfɨrẽnsjɐ	vidj[ɔ]kõfɨrẽsjɐ[]	vidi[u]kõnfɨrẽnsj[ɐ]	0
videodisco	vidjɔdiʃku	vidiudiʃku	vidj[ɔ]diʃku	vidi[u]diʃku	0
videofone	vidjɔfɔnɨ	vidiufonɨ	vidj[ɔ]f[ɔ]nɨ	vidi[u]f[o]nɨ	0
videofrequência	vidjɔfrɨkwẽsjɐ	vidiufrɨkwẽnsjɐ	vidj[ɔ]frɨkwẽsjɐ[]	vidi[u]frɨkwẽnsj[ɐ]	0
videograma	vidjɔɡrɐmɐ	vidiuɡrɐ̃mɐ	vidj[ɔ]ɡrɐ[]mɐ	vidi[u]ɡrɐ[̃]mɐ	0
videogravador	vidjɔɡrɐvɐdor	vidiuɡrɐvɐdor	vidj[ɔ]ɡrɐvɐdor	vidi[u]ɡrɐvɐdor	0
videojogo	vidjɔʒoɡu	vidiuʒɔɡu	vidj[ɔ]ʒ[o]ɡu	vidi[u]ʒ[ɔ]ɡu	0
videolocadora	vidjɔlukɐdorɐ	vidiulukɐdorɐ	vidj[ɔ]lukɐdorɐ	vidi[u]lukɐdorɐ	0
videoporteiro	vidjɔpurtɐjru	vidiupurtɐjru	vidj[ɔ]purtɐjru	vidi[u]purtɐjru	0
videoprojector	vidjɔpruʒɛtor	vidiupruʒɛtor	vidj[ɔ]pruʒɛtor	vidi[u]pruʒɛtor	0
videoprojetor	vidjɔpruʒɛtor	vidiupruʒɨtor	vidj[ɔ]pruʒ[ɛ]tor	vidi[u]pruʒ[ɨ]tor	0
videotape	vidjɔtɐjpɨ	vidiutapɨ	vidj[ɔ]tɐ[j]pɨ	vidi[u]ta[]pɨ	0
videoteca	vidjɔtɛkɐ	vidiutɛkɐ	vidj[ɔ]tɛkɐ	vidi[u]tɛkɐ	0
videotelefone	vidjɔtɨlɨfɔnɨ	vidiutɨlɨfonɨ	vidj[ɔ]tɨlɨf[ɔ]nɨ	vidi[u]tɨlɨf[o]nɨ	0
videotexto	vidjɔtɐjʃtu	vidiuteʃtu	vidj[ɔ]tɐ[j]ʃtu	vidi[u]te[]ʃtu	0
videovigilância	vidjɔviʒilɐ̃sjɐ	vidiuviʒilɐ̃nsjɐ	vidj[ɔ]viʒilɐ̃[]sjɐ	vidi[u]viʒilɐ̃[n]sjɐ	0
videowall	vidjɔwɔl	vidjuwɔɫ	vidj[ɔ]wɔ[l]	vidj[u]wɔ[ɫ]	0
vigorexia	viɡɔrɛksiɐ	viɡurɨksiɐ	viɡ[ɔ]r[ɛ]ksiɐ	viɡ[u]r[ɨ]ksiɐ	0
vinoteca	vinɔtɛkɐ	vinutɛkɐ	vin[ɔ]tɛkɐ	vin[u]tɛkɐ	0
vinoterapia	vinɔtɨrɐpiɐ	vinuterɐpiɐ	vin[ɔ]t[ɨ]rɐpiɐ	vin[u]t[e]rɐpiɐ	0
violista	vjɔliʃtɐ	viuliʃtɐ	vj[ɔ]liʃtɐ	vi[u]liʃtɐ	0
viropexia	virɔpɛksiɐ	virupɨksiɐ	vir[ɔ]p[ɛ]ksiɐ	vir[u]p[ɨ]ksiɐ	0
visceroptose	viʃsɨrɔptɔzɨ	viʃsɨruptɔzɨ	viʃsɨr[ɔ]ptɔzɨ	viʃsɨr[u]ptɔzɨ	0
vitaminoterapia	vitɐminɔtɨrɐpiɐ	vitɐminuterɐpiɐ	vitɐmin[ɔ]t[ɨ]rɐpiɐ	vitɐmin[u]t[e]rɐpiɐ	0
vítor-huguesco	vitɔruɡeʃku	vituruɡeʃku	vit[ɔ]ruɡeʃku	vit[u]ruɡeʃku	0
vitrocerâmica	vitrɔsɨrɐmikɐ	vitrusɨrɐ̃mikɐ	vitr[ɔ]sɨrɐ[]mikɐ	vitr[u]sɨrɐ[̃]mikɐ	0
volapuque	vɔlɐpukɨ	vulɐpukɨ	v[ɔ]lɐpukɨ	v[u]lɐpukɨ	0
volapuquista	vɔlɐpukiʃtɐ	vulɐpukiʃtɐ	v[ɔ]lɐpukiʃtɐ	v[u]lɐpukiʃtɐ	0
voleibolista	vɔlɐjbuliʃtɐ	vulɐjbuliʃtɐ	v[ɔ]lɐjbuliʃtɐ	v[u]lɐjbuliʃtɐ	0
voleibol	vɔlɐjbɔɫ	vulɐjbɔɫ	v[ɔ]lɐjbɔɫ	v[u]lɐjbɔɫ	0
voltagem	vɔɫtaʒɐ̃j̃	vuɫtaʒɐjn	v[ɔ]ɫtaʒɐ[̃]j[̃]	v[u]ɫtaʒɐ[]j[n]	0
voltaico	vɔɫtajku	vuɫtajku	v[ɔ]ɫtajku	v[u]ɫtajku	0
voltaísmo	vɔɫtɐiʒmu	vuɫtɐiʒmu	v[ɔ]ɫtɐiʒmu	v[u]ɫtɐiʒmu	0
voltâmetro	vɔɫtɐmɨtru	vuɫtɐ̃mɨtru	v[ɔ]ɫtɐ[]mɨtru	v[u]ɫtɐ[̃]mɨtru	0
voltarete	vɔɫtɐretɨ	vuɫtɐretɨ	v[ɔ]ɫtɐretɨ	v[u]ɫtɐretɨ	0
voltaretista	vɔɫtɐrɨtiʃtɐ	vuɫtɐrɨtiʃtɐ	v[ɔ]ɫtɐrɨtiʃtɐ	v[u]ɫtɐrɨtiʃtɐ	0
voltário	vɔɫtarju	vuɫtarju	v[ɔ]ɫtarju	v[u]ɫtarju	0
voltar	vɔɫtar	vuɫtar	v[ɔ]ɫtar	v[u]ɫtar	0
volteação	vɔɫtjɐsɐ̃w̃	vuɫtiɐsɐ̃w̃	v[ɔ]ɫt[j]ɐsɐ̃w̃	v[u]ɫt[i]ɐsɐ̃w̃	0
volteada	vɔɫtjadɐ	vuɫtiadɐ	v[ɔ]ɫt[j]adɐ	v[u]ɫt[i]adɐ	0
volteador	vɔɫtjɐdor	vuɫtiɐdor	v[ɔ]ɫt[j]ɐdor	v[u]ɫt[i]ɐdor	0
volteadura	vɔɫtjɐdurɐ	vuɫtiɐdurɐ	v[ɔ]ɫt[j]ɐdurɐ	v[u]ɫt[i]ɐdurɐ	0
voltear	vɔɫtjar	vuɫtiar	v[ɔ]ɫt[j]ar	v[u]ɫt[i]ar	0
volteio	vɔɫtɐju	vuɫteju	v[ɔ]ɫt[ɐ]ju	v[u]ɫt[e]ju	0
volteiro	vɔɫtɐjru	vuɫtɐjru	v[ɔ]ɫtɐjru	v[u]ɫtɐjru	0
voltejar	vɔɫtɨʒar	vuɫtɨʒar	v[ɔ]ɫtɨʒar	v[u]ɫtɨʒar	0
voltímetro	vɔɫtimɨtru	vuɫtimɨtru	v[ɔ]ɫtimɨtru	v[u]ɫtimɨtru	0
voltívolo	vɔɫtivulu	vuɫtivulu	v[ɔ]ɫtivulu	v[u]ɫtivulu	0
vortal	vɔrtaɫ	vurtaɫ	v[ɔ]rtaɫ	v[u]rtaɫ	0
vorticismo	vɔrtisiʒmu	vurtisiʒmu	v[ɔ]rtisiʒmu	v[u]rtisiʒmu	0
vorticista	vɔrtisiʃtɐ	vurtisiʃtɐ	v[ɔ]rtisiʃtɐ	v[u]rtisiʃtɐ	0
vovó	vɔvɔ	vuvɔ	v[ɔ]vɔ	v[u]vɔ	0
vulgocracia	vuɫɡɔkrɐsiɐ	vuɫɡukrɐsiɐ	vuɫɡ[ɔ]krɐsiɐ	vuɫɡ[u]krɐsiɐ	0
vulvovaginite	vuɫvɔvɐʒinitɨ	vuɫvuvɐʒinitɨ	vuɫv[ɔ]vɐʒinitɨ	vuɫv[u]vɐʒinitɨ	0
xifodinia	ʃifɔdiniɐ	ʃifudiniɐ	ʃif[ɔ]diniɐ	ʃif[u]diniɐ	0
xifopagia	ʃifɔpɐʒiɐ	ʃifupɐʒiɐ	ʃif[ɔ]pɐʒiɐ	ʃif[u]pɐʒiɐ	0
xifosuros	ʃifɔzuruʃ	ʃifuzuruʃ	ʃif[ɔ]zuruʃ	ʃif[u]zuruʃ	0
xigovia	ʃiɡɔvjɐ	ʃiɡuviɐ	ʃiɡ[ɔ]v[j]ɐ	ʃiɡ[u]v[i]ɐ	0
xilobálsamo	ʃilɔbaɫsɐmu	ʃilubaɫsɐmu	ʃil[ɔ]baɫsɐmu	ʃil[u]baɫsɐmu	0
xilocarpo	ʃilɔkarpu	ʃilukarpu	ʃil[ɔ]karpu	ʃil[u]karpu	0
xilocultura	ʃilɔkuɫturɐ	ʃilukuɫturɐ	ʃil[ɔ]kuɫturɐ	ʃil[u]kuɫturɐ	0
xilofagia	ʃilɔfɐʒiɐ	ʃilufɐʒiɐ	ʃil[ɔ]fɐʒiɐ	ʃil[u]fɐʒiɐ	0
xilofanda	ʃilɔfɐ̃dɐ	ʃilufɐ̃ndɐ	ʃil[ɔ]fɐ̃[]dɐ	ʃil[u]fɐ̃[n]dɐ	0
xilofone	ʃilɔfɔnɨ	ʃilufonɨ	ʃil[ɔ]f[ɔ]nɨ	ʃil[u]f[o]nɨ	0
xilofonista	ʃilɔfuniʃtɐ	ʃilufuniʃtɐ	ʃil[ɔ]funiʃtɐ	ʃil[u]funiʃtɐ	0
xilofórias	ʃilɔfɔrjɐʃ	ʃilufɔrɪɐʃ	ʃil[ɔ]fɔr[j]ɐʃ	ʃil[u]fɔr[ɪ]ɐʃ	0
xilogênio	ʃilɔʒenju	ʃiluʒenju	ʃil[ɔ]ʒenju	ʃil[u]ʒenju	0
xilogénio	ʃilɔʒɛnju	ʃiluʒɛnju	ʃil[ɔ]ʒɛnju	ʃil[u]ʒɛnju	0
xiloglifia	ʃilɔɡlifiɐ	ʃiluɡlifiɐ	ʃil[ɔ]ɡlifiɐ	ʃil[u]ɡlifiɐ	0
xiloglífico	ʃilɔɡlifiku	ʃiluɡlifiku	ʃil[ɔ]ɡlifiku	ʃil[u]ɡlifiku	0
xilografar	ʃilɔɡrɐfar	ʃiluɡrɐfar	ʃil[ɔ]ɡrɐfar	ʃil[u]ɡrɐfar	0
xilografia	ʃilɔɡrɐfiɐ	ʃiluɡrɐfiɐ	ʃil[ɔ]ɡrɐfiɐ	ʃil[u]ɡrɐfiɐ	0
xilográfico	ʃilɔɡrafiku	ʃiluɡrafiku	ʃil[ɔ]ɡrafiku	ʃil[u]ɡrafiku	0
xilogravador	ʃilɔɡravɐdor	ʃiluɡrɐvɐdor	ʃil[ɔ]ɡr[a]vɐdor	ʃil[u]ɡr[ɐ]vɐdor	0
xilogravar	ʃilɔɡrɐvar	ʃiluɡrɐvar	ʃil[ɔ]ɡrɐvar	ʃil[u]ɡrɐvar	0
xilogravura	ʃilɔɡrɐvurɐ	ʃiluɡrɐvurɐ	ʃil[ɔ]ɡrɐvurɐ	ʃil[u]ɡrɐvurɐ	0
xilogravurista	ʃilɔɡrɐvuriʃtɐ	ʃiluɡrɐvuriʃtɐ	ʃil[ɔ]ɡrɐvuriʃtɐ	ʃil[u]ɡrɐvuriʃtɐ	0
xilomancia	ʃilɔmɐ̃siɐ	ʃilumɐ̃nsiɐ	ʃil[ɔ]mɐ̃[]siɐ	ʃil[u]mɐ̃[n]siɐ	0
xilometria	ʃilɔmɨtriɐ	ʃilumɨtriɐ	ʃil[ɔ]mɨtriɐ	ʃil[u]mɨtriɐ	0
xilopódio	ʃilɔpɔdju	ʃilupɔdju	ʃil[ɔ]pɔdju	ʃil[u]pɔdju	0
xistocarpo	ʃiʃtɔkarpu	ʃiʃtukarpu	ʃiʃt[ɔ]karpu	ʃiʃt[u]karpu	0
xistocristalino	ʃiʃtɔkriʃtɐlinu	ʃiʃtukriʃtɐlinu	ʃiʃt[ɔ]kriʃtɐlinu	ʃiʃt[u]kriʃtɐlinu	0
xitotonguana	ʃitɔtõɡwɐnɐ	ʃitutõnɡwɐ̃nɐ	ʃit[ɔ]tõɡwɐ[n]ɐ[]	ʃit[u]tõnɡ[w]ɐ̃n[ɐ]	0
xivonivóni	ʃivɔnivɔni	ʃivunivɔni	ʃiv[ɔ]nivɔni	ʃiv[u]nivɔni	0
xogum	ʃɔɡũ	ʃuɡũm	ʃ[ɔ]ɡũ[]	ʃ[u]ɡũ[m]	0
xonar	ʃɔnar	ʃunar	ʃ[ɔ]nar	ʃ[u]nar	0
yorkshiriano	jɔrkʃirjɐnu	jurkʃiriɐ̃nu	j[ɔ]rkʃir[j]ɐ[]nu	j[u]rkʃir[i]ɐ[̃]nu	0
zeolite	zjɔlitɨ	ziulitɨ	zj[ɔ]litɨ	zi[u]litɨ	0
zeolítico	zjɔlitiku	ziulitiku	zj[ɔ]litiku	zi[u]litiku	0
zigobrânquio	ziɡɔbrɐ̃kju	ziɡubrɐ̃nkiw	ziɡ[ɔ]brɐ̃[]kj[u]	ziɡ[u]brɐ̃[n]ki[w]	0
zigocardíaco	ziɡɔkɐrdiɐku	ziɡukɐrdiɐku	ziɡ[ɔ]kɐrdiɐku	ziɡ[u]kɐrdiɐku	0
zigodáctilo	ziɡɔdaktilu	ziɡudatilu	ziɡ[ɔ]da[k]tilu	ziɡ[u]da[]tilu	0
zigodátilo	ziɡɔdatilu	ziɡudatilu	ziɡ[ɔ]datilu	ziɡ[u]datilu	0
zigodonte	ziɡɔdõtɨ	ziɡudõntɨ	ziɡ[ɔ]dõtɨ[]	ziɡ[u]dõnt[ɨ]	0
zigofiláceas	ziɡɔfilasjɐʃ	ziɡufilasiɐʃ	ziɡ[ɔ]filas[j]ɐʃ	ziɡ[u]filas[i]ɐʃ	0
zigofíleas	ziɡɔfiljɐʃ	ziɡufiliɐʃ	ziɡ[ɔ]fil[j]ɐʃ	ziɡ[u]fil[i]ɐʃ	0
zigofilo	ziɡɔfilu	ziɡufilu	ziɡ[ɔ]filu	ziɡ[u]filu	0
zigogâmeta	ziɡɔɡɐmɨtɐ	ziɡuɡɐ̃mɨtɐ	ziɡ[ɔ]ɡɐ[]mɨtɐ	ziɡ[u]ɡɐ[̃]mɨtɐ	0
zigomicetales	ziɡɔmisɨtalɨʃ	ziɡumisɨtalɨʃ	ziɡ[ɔ]misɨtalɨʃ	ziɡ[u]misɨtalɨʃ	0
zigomicetes	ziɡɔmisɛtɨʃ	ziɡumisɛtɨʃ	ziɡ[ɔ]misɛtɨʃ	ziɡ[u]misɛtɨʃ	0
zigomorfo	ziɡɔmorfu	ziɡumorfu	ziɡ[ɔ]morfu	ziɡ[u]morfu	0
zigotactismo	ziɡɔtɐktiʒmu	ziɡutɐtiʒmu	ziɡ[ɔ]tɐ[k]tiʒmu	ziɡ[u]tɐ[]tiʒmu	0
zigotatismo	ziɡɔtɐtiʒmu	ziɡutɐtiʒmu	ziɡ[ɔ]tɐtiʒmu	ziɡ[u]tɐtiʒmu	0
zimodiagnóstico	zimɔdjɐɡnɔʃtiku	zimudiɐɡnɔʃtiku	zim[ɔ]d[j]ɐɡnɔʃtiku	zim[u]d[i]ɐɡnɔʃtiku	0
zimogenia	zimɔʒɨniɐ	zimuʒɨniɐ	zim[ɔ]ʒɨniɐ	zim[u]ʒɨniɐ	0
zimogênico	zimɔʒeniku	zimuʒeniku	zim[ɔ]ʒeniku	zim[u]ʒeniku	0
zimogénico	zimɔʒɛniku	zimuʒɛniku	zim[ɔ]ʒɛniku	zim[u]ʒɛniku	0
zimogênio	zimɔʒenju	zimuʒenju	zim[ɔ]ʒenju	zim[u]ʒenju	0
zimogénio	zimɔʒɛnju	zimuʒɛnju	zim[ɔ]ʒɛnju	zim[u]ʒɛnju	0
zimotecnia	zimɔtɛkniɐ	zimutɛkniɐ	zim[ɔ]tɛkniɐ	zim[u]tɛkniɐ	0
zimotécnico	zimɔtɛkniku	zimutɛkniku	zim[ɔ]tɛkniku	zim[u]tɛkniku	0
zimoterapia	zimɔtɨrɐpiɐ	zimuterɐpiɐ	zim[ɔ]t[ɨ]rɐpiɐ	zim[u]t[e]rɐpiɐ	0
zoidiofilia	zojdjɔfiliɐ	zojdiufiliɐ	zojdj[ɔ]filiɐ	zojdi[u]filiɐ	0
zoidiogamia	zojdjɔɡɐmiɐ	zojdiuɡɐmiɐ	zojdj[ɔ]ɡɐmiɐ	zojdi[u]ɡɐmiɐ	0
zoidiogâmico	zojdjɔɡɐmiku	zojdiuɡɐ̃miku	zojdj[ɔ]ɡɐ[]miku	zojdi[u]ɡɐ[̃]miku	0
zoli	zɔli	zuli	z[ɔ]li	z[u]li	0
zoobia	zuɔbiɐ	zuubiɐ	zu[ɔ]biɐ	zu[u]biɐ	0
zoobiologia	zuɔbjuluʒiɐ	zuubiuluʒiɐ	zu[ɔ]b[j]uluʒiɐ	zu[u]b[i]uluʒiɐ	0
zoobiológico	zuɔbjulɔʒiku	zuubiulɔʒiku	zu[ɔ]b[j]ulɔʒiku	zu[u]b[i]ulɔʒiku	0
zoobiótico	zuɔbjɔtiku	zuubiɔtiku	zu[ɔ]b[j]ɔtiku	zu[u]b[i]ɔtiku	0
zoocecídia	zuɔsɨsidjɐ	zuusɨsidjɐ	zu[ɔ]sɨsidjɐ	zu[u]sɨsidjɐ	0
zoociste	zuɔsiʃtɨ	zuusiʃtɨ	zu[ɔ]siʃtɨ	zu[u]siʃtɨ	0
zooclorela	zuɔklurɛlɐ	zuuklurɛlɐ	zu[ɔ]klurɛlɐ	zu[u]klurɛlɐ	0
zoococina	zuɔkusinɐ	zuukusinɐ	zu[ɔ]kusinɐ	zu[u]kusinɐ	0
zoodinâmica	zuɔdinɐmikɐ	zuudinɐ̃mikɐ	zu[ɔ]dinɐ[]mikɐ	zu[u]dinɐ[̃]mikɐ	0
zoodomácia	zuɔdumasjɐ	zuudumasjɐ	zu[ɔ]dumasjɐ	zu[u]dumasjɐ	0
zooética	zuɔɛtikɐ	zuuɛtikɐ	zu[ɔ]ɛtikɐ	zu[u]ɛtikɐ	0
zoofagia	zuɔfɐʒiɐ	zuufɐʒiɐ	zu[ɔ]fɐʒiɐ	zu[u]fɐʒiɐ	0
zoofilia	zuɔfiliɐ	zuufiliɐ	zu[ɔ]filiɐ	zu[u]filiɐ	0
zoofitantráceo	zuɔfitɐ̃trasju	zuufitɐ̃ntrasiw	zu[ɔ]fitɐ̃[]trasj[u]	zu[u]fitɐ̃[n]trasi[w]	0
zoofitário	zuɔfitarju	zuufitarju	zu[ɔ]fitarju	zu[u]fitarju	0
zoofítico	zuɔfitiku	zuufitiku	zu[ɔ]fitiku	zu[u]fitiku	0
zoofitografia	zuɔfituɡrɐfiɐ	zuufituɡrɐfiɐ	zu[ɔ]fituɡrɐfiɐ	zu[u]fituɡrɐfiɐ	0
zoofitógrafo	zuɔfitɔɡrɐfu	zuufitɔɡrɐfu	zu[ɔ]fitɔɡrɐfu	zu[u]fitɔɡrɐfu	0
zoofitoide	zuɔfitɔjdɨ	zuufitɔjdɨ	zu[ɔ]fitɔjdɨ	zu[u]fitɔjdɨ	0
zoofitóide	zuɔfitɔjdɨ	zuufitɔjdɨ	zu[ɔ]fitɔjdɨ	zu[u]fitɔjdɨ	0
zoofitologia	zuɔfituluʒiɐ	zuufituluʒiɐ	zu[ɔ]fituluʒiɐ	zu[u]fituluʒiɐ	0
zoofitólogo	zuɔfitɔluɡu	zuufitɔluɡu	zu[ɔ]fitɔluɡu	zu[u]fitɔluɡu	0
zooflagelado	zuɔflɐʒɨladu	zuuflɐʒɨladu	zu[ɔ]flɐʒɨladu	zu[u]flɐʒɨladu	0
zoofobia	zuɔfubiɐ	zuufubiɐ	zu[ɔ]fubiɐ	zu[u]fubiɐ	0
zoogâmeta	zuɔɡɐmɨtɐ	zuuɡɐ̃mɨtɐ	zu[ɔ]ɡɐ[]mɨtɐ	zu[u]ɡɐ[̃]mɨtɐ	0
zoogamia	zuɔɡɐmiɐ	zuuɡɐmiɐ	zu[ɔ]ɡɐmiɐ	zu[u]ɡɐmiɐ	0
zoogenia	zuɔʒɨniɐ	zuuʒɨniɐ	zu[ɔ]ʒɨniɐ	zu[u]ʒɨniɐ	0
zoogênico	zuɔʒeniku	zuuʒeniku	zu[ɔ]ʒeniku	zu[u]ʒeniku	0
zoogénico	zuɔʒɛniku	zuuʒɛniku	zu[ɔ]ʒɛniku	zu[u]ʒɛniku	0
zoogênio	zuɔʒenju	zuuʒenju	zu[ɔ]ʒenju	zu[u]ʒenju	0
zoogénio	zuɔʒɛnju	zuuʒɛnju	zu[ɔ]ʒɛnju	zu[u]ʒɛnju	0
zoogeografia	zuɔʒjuɡrɐfiɐ	zuuʒiuɡrɐfiɐ	zu[ɔ]ʒ[j]uɡrɐfiɐ	zu[u]ʒ[i]uɡrɐfiɐ	0
zoogeográfico	zuɔʒjuɡrafiku	zuuʒiuɡrafiku	zu[ɔ]ʒ[j]uɡrafiku	zu[u]ʒ[i]uɡrafiku	0
zoogeógrafo	zuɔʒjɔɡrɐfu	zuuʒɨɔɡrɐfu	zu[ɔ]ʒ[j]ɔɡrɐfu	zu[u]ʒ[ɨ]ɔɡrɐfu	0
zoogleia	zuɔɡlɐjɐ	zuuɡlɛjɐ	zu[ɔ]ɡl[ɐ]jɐ	zu[u]ɡl[ɛ]jɐ	0
zoogléia	zuɔɡlɐjɐ	zuuɡlɛjɐ	zu[ɔ]ɡl[ɐ]jɐ	zu[u]ɡl[ɛ]jɐ	0
zoogonia	zuɔɡuniɐ	zuuɡuniɐ	zu[ɔ]ɡuniɐ	zu[u]ɡuniɐ	0
zoografar	zuɔɡrɐfar	zuuɡrɐfar	zu[ɔ]ɡrɐfar	zu[u]ɡrɐfar	0
zoografia	zuɔɡrɐfiɐ	zuuɡrɐfiɐ	zu[ɔ]ɡrɐfiɐ	zu[u]ɡrɐfiɐ	0
zooiatra	zuɔjatrɐ	zuujatrɐ	zu[ɔ]jatrɐ	zu[u]jatrɐ	0
zooiatria	zuɔjɐtriɐ	zuujɐtriɐ	zu[ɔ]jɐtriɐ	zu[u]jɐtriɐ	0
zooiatrologia	zuɔjɐtruluʒiɐ	zuujɐtruluʒiɐ	zu[ɔ]jɐtruluʒiɐ	zu[u]jɐtruluʒiɐ	0
zooiatrologista	zuɔjɐtruluʒiʃtɐ	zuujɐtruluʒiʃtɐ	zu[ɔ]jɐtruluʒiʃtɐ	zu[u]jɐtruluʒiʃtɐ	0
zooiatrólogo	zuɔjɐtrɔluɡu	zuujɐtrɔluɡu	zu[ɔ]jɐtrɔluɡu	zu[u]jɐtrɔluɡu	0
zooiatro	zuɔjatru	zuujatru	zu[ɔ]jatru	zu[u]jatru	0
zoolatria	zuɔlɐtriɐ	zuulɐtriɐ	zu[ɔ]lɐtriɐ	zu[u]lɐtriɐ	0
zoolátrico	zuɔlatriku	zuulatriku	zu[ɔ]latriku	zu[u]latriku	0
zoolítico	zuɔlitiku	zuulitiku	zu[ɔ]litiku	zu[u]litiku	0
zoolitífero	zuɔlitifɨru	zuulitifɨru	zu[ɔ]litifɨru	zu[u]litifɨru	0
zoolitóforo	zuɔlitɔfuru	zuulitɔfuru	zu[ɔ]litɔfuru	zu[u]litɔfuru	0
zoomagnético	zuɔmaɡnɛtiku	zuumɐɡnɛtiku	zu[ɔ]m[a]ɡnɛtiku	zu[u]m[ɐ]ɡnɛtiku	0
zoomagnetismo	zuɔmaɡnɨtiʒmu	zuumɐɡnɨtiʒmu	zu[ɔ]m[a]ɡnɨtiʒmu	zu[u]m[ɐ]ɡnɨtiʒmu	0
zoomaníaco	zuɔmɐniɐku	zuumɐniɐku	zu[ɔ]mɐniɐku	zu[u]mɐniɐku	0
zoomania	zuɔmɐniɐ	zuumɐniɐ	zu[ɔ]mɐniɐ	zu[u]mɐniɐ	0
zoomastigino	zuɔmɐʃtiʒinu	zuumɐʃtiʒinu	zu[ɔ]mɐʃtiʒinu	zu[u]mɐʃtiʒinu	0
zoomorfia	zuɔmurfiɐ	zuumurfiɐ	zu[ɔ]murfiɐ	zu[u]murfiɐ	0
zoomórfico	zuɔmɔrfiku	zuumɔrfiku	zu[ɔ]mɔrfiku	zu[u]mɔrfiku	0
zoomorfismo	zuɔmurfiʒmu	zuumurfiʒmu	zu[ɔ]murfiʒmu	zu[u]murfiʒmu	0
zoomorfite	zuɔmurfitɨ	zuumurfitɨ	zu[ɔ]murfitɨ	zu[u]murfitɨ	0
zoomorfologia	zuɔmurfuluʒiɐ	zuumurfuluʒiɐ	zu[ɔ]murfuluʒiɐ	zu[u]murfuluʒiɐ	0
zoomorfose	zuɔmurfɔzɨ	zuumurfɔzɨ	zu[ɔ]murfɔzɨ	zu[u]murfɔzɨ	0
zoomorfo	zuɔmɔrfu	zuumorfu	zu[ɔ]m[ɔ]rfu	zu[u]m[o]rfu	0
zoonose	zuɔnɔzɨ	zuunɔzɨ	zu[ɔ]nɔzɨ	zu[u]nɔzɨ	0
zoonosia	zuɔnuziɐ	zuunuziɐ	zu[ɔ]nuziɐ	zu[u]nuziɐ	0
zoonosologia	zuɔnuzuluʒiɐ	zuunuzuluʒiɐ	zu[ɔ]nuzuluʒiɐ	zu[u]nuzuluʒiɐ	0
zoonosológico	zuɔnuzulɔʒiku	zuunuzulɔʒiku	zu[ɔ]nuzulɔʒiku	zu[u]nuzulɔʒiku	0
zoopaleontologia	zuɔpɐljõtuluʒiɐ	zuupɐliõntuluʒiɐ	zu[ɔ]pɐljõtu[l]uʒiɐ[]	zu[u]pɐliõn[t]uluʒi[ɐ]	0
zooparasita	zuɔpɐrɐzitɐ	zuupɐrɐzitɐ	zu[ɔ]pɐrɐzitɐ	zu[u]pɐrɐzitɐ	0
zooparasito	zuɔpɐrɐzitu	zuupɐrɐzitu	zu[ɔ]pɐrɐzitu	zu[u]pɐrɐzitu	0
zoopatologia	zuɔpɐtuluʒiɐ	zuupɐtuluʒiɐ	zu[ɔ]pɐtuluʒiɐ	zu[u]pɐtuluʒiɐ	0
zoopatológico	zuɔpɐtulɔʒiku	zuupɐtulɔʒiku	zu[ɔ]pɐtulɔʒiku	zu[u]pɐtulɔʒiku	0
zoopedia	zuɔpɨdiɐ	zuupɨdiɐ	zu[ɔ]pɨdiɐ	zu[u]pɨdiɐ	0
zooplâncton	zuɔplɐ̃ktɔn	zuuplɐ̃nktõm	zu[ɔ]plɐ̃[]ktɔn[]	zu[u]plɐ̃[n]ktõ[m]	0
zooplasma	zuɔplaʒmɐ	zuuplaʒmɐ	zu[ɔ]plaʒmɐ	zu[u]plaʒmɐ	0
zooplastia	zuɔplɐʃtiɐ	zuuplɐʃtiɐ	zu[ɔ]plɐʃtiɐ	zu[u]plɐʃtiɐ	0
zoopolita	zuɔpulitɐ	zuupulitɐ	zu[ɔ]pulitɐ	zu[u]pulitɐ	0
zoopônica	zuɔponikɐ	zuuponikɐ	zu[ɔ]ponikɐ	zu[u]ponikɐ	0
zoopónica	zuɔpɔnikɐ	zuupɔnikɐ	zu[ɔ]pɔnikɐ	zu[u]pɔnikɐ	0
zoopsia	zuɔpsiɐ	zuupsiɐ	zu[ɔ]psiɐ	zu[u]psiɐ	0
zooquímica	zuɔkimikɐ	zuukimikɐ	zu[ɔ]kimikɐ	zu[u]kimikɐ	0
zooscopia	zuɔʃkupiɐ	zuuʃkupiɐ	zu[ɔ]ʃkupiɐ	zu[u]ʃkupiɐ	0
zooscópico	zuɔʃkɔpiku	zuuʃkɔpiku	zu[ɔ]ʃkɔpiku	zu[u]ʃkɔpiku	0
zoosperma	zuɔʃpɛrmɐ	zuuʃpɛrmɐ	zu[ɔ]ʃpɛrmɐ	zu[u]ʃpɛrmɐ	0
zoospermia	zuɔʃpɨrmiɐ	zuuʃpɨrmiɐ	zu[ɔ]ʃpɨrmiɐ	zu[u]ʃpɨrmiɐ	0
zoosporângio	zuɔʃpurɐ̃ʒju	zuuʃpurɐ̃nʒju	zu[ɔ]ʃpurɐ̃[]ʒju	zu[u]ʃpurɐ̃[n]ʒju	0
zoospórico	zuɔʃpɔriku	zuuʃpɔriku	zu[ɔ]ʃpɔriku	zu[u]ʃpɔriku	0
zoosporocisto	zuɔʃpɔrɔsiʃtu	zuuʃpurusiʃtu	zu[ɔ]ʃp[ɔ]r[ɔ]siʃtu	zu[u]ʃp[u]r[u]siʃtu	0
zootáctico	zuɔtatiku	zuutatiku	zu[ɔ]tatiku	zu[u]tatiku	0
zootático	zuɔtatiku	zuutatiku	zu[ɔ]tatiku	zu[u]tatiku	0
zootaxia	zuɔtaksiɐ	zuutɐksiɐ	zu[ɔ]t[a]ksiɐ	zu[u]t[ɐ]ksiɐ	0
zootáxico	zuɔtaksiku	zuutaksiku	zu[ɔ]taksiku	zu[u]taksiku	0
zootaxionomia	zuɔtaksinumiɐ	zuutɐksjunumiɐ	zu[ɔ]t[a]ksi[]numiɐ	zu[u]t[ɐ]ksj[u]numiɐ	0
zooteca	zuɔtɛkɐ	zuutɛkɐ	zu[ɔ]tɛkɐ	zu[u]tɛkɐ	0
zootecnia	zuɔtɛkniɐ	zuutɛkniɐ	zu[ɔ]tɛkniɐ	zu[u]tɛkniɐ	0
zootécnico	zuɔtɛkniku	zuutɛkniku	zu[ɔ]tɛkniku	zu[u]tɛkniku	0
zootecnista	zuɔtɛkniʃtɐ	zuutɛkniʃtɐ	zu[ɔ]tɛkniʃtɐ	zu[u]tɛkniʃtɐ	0
zooterapêutica	zuɔtɨrɐpewtikɐ	zuuterɐpewtikɐ	zu[ɔ]t[ɨ]rɐpewtikɐ	zu[u]t[e]rɐpewtikɐ	0
zooterapêutico	zuɔtɨrɐpewtiku	zuuterɐpewtiku	zu[ɔ]t[ɨ]rɐpewtiku	zu[u]t[e]rɐpewtiku	0
zooterapia	zuɔtɨrɐpiɐ	zuuterɐpiɐ	zu[ɔ]t[ɨ]rɐpiɐ	zu[u]t[e]rɐpiɐ	0
zooterápico	zuɔtɨrapiku	zuutɨrapiku	zu[ɔ]tɨrapiku	zu[u]tɨrapiku	0
zootipólito	zuɔtipɔlitu	zuutipɔlitu	zu[ɔ]tipɔlitu	zu[u]tipɔlitu	0
zootomia	zuɔtumiɐ	zuutumiɐ	zu[ɔ]tumiɐ	zu[u]tumiɐ	0
zootômico	zuɔtomiku	zuutomiku	zu[ɔ]tomiku	zu[u]tomiku	0
zootómico	zuɔtɔmiku	zuutɔmiku	zu[ɔ]tɔmiku	zu[u]tɔmiku	0
zootomista	zuɔtumiʃtɐ	zuutumiʃtɐ	zu[ɔ]tumiʃtɐ	zu[u]tumiʃtɐ	0
zootrofia	zuɔtrufiɐ	zuutrufiɐ	zu[ɔ]trufiɐ	zu[u]trufiɐ	0
zootrófico	zuɔtrɔfiku	zuutrɔfiku	zu[ɔ]trɔfiku	zu[u]trɔfiku	0
zootrópio	zuɔtrɔpju	zuutrɔpju	zu[ɔ]trɔpju	zu[u]trɔpju	0
zooxantelas	zuɔksɐ̃tɛlɐʃ	zuuksɐ̃ntɛlɐʃ	zu[ɔ]ksɐ̃[]tɛlɐʃ	zu[u]ksɐ̃[n]tɛlɐʃ	0
zosteráceas	zɔʃtɨrasjɐʃ	zuʃtɨrasiɐʃ	z[ɔ]ʃtɨras[j]ɐʃ	z[u]ʃtɨras[i]ɐʃ	0
