abafarete	ɐbɐfɐretɨ	ɐbɐfɐrɛtɨ	ɐbɐfɐr[e]tɨ	ɐbɐfɐr[ɛ]tɨ	0
ab-reptício	abʀɛptisju	abʀeptisju	abʀ[ɛ]ptisju	abʀ[e]ptisju	0
acarreto	ɐkɐʀetu	ɐkɐʀɛtu	ɐkɐʀ[e]tu	ɐkɐʀ[ɛ]tu	0
accelerando	aksɛlɛrɐ̃du	atʃelerɐndo	aks[ɛ]l[ɛ]rɐ[̃]d[u]	atʃ[e]l[e]rɐ[n]d[o]	0
acelga	ɐsɛɫɡɐ	ɐseɫɡɐ	ɐs[ɛ]ɫɡɐ	ɐs[e]ɫɡɐ	0
acerbo	ɐserbu	ɐsɛrbu	ɐs[e]rbu	ɐs[ɛ]rbu	0
acerto	ɐsertu	ɐsɛrtu	ɐs[e]rtu	ɐs[ɛ]rtu	0
acetileto	ɐsɨtiletu	ɐsɨtilɛtu	ɐsɨtil[e]tu	ɐsɨtil[ɛ]tu	0
adelfa	ɐdɛɫfɐ	ɐdeɫfɐ	ɐd[ɛ]ɫfɐ	ɐd[e]ɫfɐ	0
adelfo	ɐdɛɫfu	ɐdeɫfu	ɐd[ɛ]ɫfu	ɐd[e]ɫfu	0
admoestação	ɐdmwɛʃtɐsɐ̃w̃	ɐdmueʃtɐsɐ̃w̃	ɐdmw[ɛ]ʃtɐsɐ̃w̃	ɐdmu[e]ʃtɐsɐ̃w̃	0
admoestador	ɐdmwɛʃtɐdor	ɐdmueʃtɐdor	ɐdmw[ɛ]ʃtɐdor	ɐdmu[e]ʃtɐdor	0
admoestatório	ɐdmwɛʃtɐtɔrju	ɐdmueʃtɐtɔrju	ɐdmw[ɛ]ʃtɐtɔrju	ɐdmu[e]ʃtɐtɔrju	0
adrego	ɐdreɡu	ɐdrɛɡu	ɐdr[e]ɡu	ɐdr[ɛ]ɡu	0
aferro	ɐfeʀu	ɐfɛʀu	ɐf[e]ʀu	ɐf[ɛ]ʀu	0
agapeta	ɐɡɐpetɐ	ɐɡɐpɛtɐ	ɐɡɐp[e]tɐ	ɐɡɐp[ɛ]tɐ	0
agapeto	ɐɡɐpetu	ɐɡɐpɛtu	ɐɡɐp[e]tu	ɐɡɐp[ɛ]tu	0
agripene	ɐɡripɛnɨ	ɐɡripenɨ	ɐɡrip[ɛ]nɨ	ɐɡrip[e]nɨ	0
água-mel	aɡwɐmɛɫ	aɡwɐmeɫ	aɡwɐm[ɛ]ɫ	aɡwɐm[e]ɫ	0
aguieta	ɐɡjetɐ	ɐɡiɛtɐ	ɐɡj[e]tɐ	ɐɡi[ɛ]tɐ	0
agulheta	ɐɡuʎetɐ	ɐɡuʎɛtɐ	ɐɡuʎ[e]tɐ	ɐɡuʎ[ɛ]tɐ	0
alberca	aɫbɛrkɐ	aɫberkɐ	aɫb[ɛ]rkɐ	aɫb[e]rkɐ	0
albipene	aɫbipɛnɨ	aɫbipenɨ	aɫbip[ɛ]nɨ	aɫbip[e]nɨ	0
alcagüete	aɫkɐɡwetɨ	aɫkɐɡuɛtɨ	aɫkɐɡw[e]tɨ	aɫkɐɡu[ɛ]tɨ	0
alcoveto	aɫkuvetu	aɫkuvɛtu	aɫkuv[e]tu	aɫkuv[ɛ]tu	0
aleta	ɐletɐ	ɐlɛtɐ	ɐl[e]tɐ	ɐl[ɛ]tɐ	0
alfaquete	aɫfɐketɨ	aɫfɐkɛtɨ	aɫfɐk[e]tɨ	aɫfɐk[ɛ]tɨ	0
alfeça	aɫfɛsɐ	aɫfesɐ	aɫf[ɛ]sɐ	aɫf[e]sɐ	0
alferça	aɫfɛrsɐ	aɫfersɐ	aɫf[ɛ]rsɐ	aɫf[e]rsɐ	0
alferce	aɫfɛrsɨ	aɫfersɨ	aɫf[ɛ]rsɨ	aɫf[e]rsɨ	0
alfitete	aɫfitetɨ	aɫfitɛtɨ	aɫfit[e]tɨ	aɫfit[ɛ]tɨ	0
algreme	aɫɡrɛmɨ	aɫɡremɨ	aɫɡr[ɛ]mɨ	aɫɡr[e]mɨ	0
alheta	ɐʎetɐ	ɐʎɛtɐ	ɐʎ[e]tɐ	ɐʎ[ɛ]tɐ	0
alienatário	ɐljɛnɐtarju	ɐlienɐtarju	ɐlj[ɛ]nɐtarju	ɐli[e]nɐtarju	0
aljubeta	aɫʒubetɐ	aɫʒubɛtɐ	aɫʒub[e]tɐ	aɫʒub[ɛ]tɐ	0
aljubete	aɫʒubetɨ	aɫʒubɛtɨ	aɫʒub[e]tɨ	aɫʒub[ɛ]tɨ	0
allegretto	alɛɡreto	aleɡreto	al[ɛ]ɡreto	al[e]ɡreto	0
allegro	alɛɡro	aleɡro	al[ɛ]ɡro	al[e]ɡro	0
almoeda	aɫmwɛdɐ	aɫmuedɐ	aɫmw[ɛ]dɐ	aɫmu[e]dɐ	0
aloquete	ɐluketɨ	ɐlukɛtɨ	ɐluk[e]tɨ	ɐluk[ɛ]tɨ	0
alperce	aɫpɛrsɨ	aɫpersɨ	aɫp[ɛ]rsɨ	aɫp[e]rsɨ	0
alperche	aɫpɛrʃɨ	aɫperʃɨ	aɫp[ɛ]rʃɨ	aɫp[e]rʃɨ	0
alquiler	aɫkilɛr	aɫkiler	aɫkil[ɛ]r	aɫkil[e]r	0
alter	aɫtɛr	aɫter	aɫt[ɛ]r	aɫt[e]r	0
aluguer	ɐluɡɛr	ɐluɡer	ɐluɡ[ɛ]r	ɐluɡ[e]r	0
alvener	aɫvɨnɛr	aɫvɨner	aɫvɨn[ɛ]r	aɫvɨn[e]r	0
alverca	aɫvɛrkɐ	aɫverkɐ	aɫv[ɛ]rkɐ	aɫv[e]rkɐ	0
amarreta	ɐmɐʀetɐ	ɐmɐʀɛtɐ	ɐmɐʀ[e]tɐ	ɐmɐʀ[ɛ]tɐ	0
ameba	ɐmebɐ	ɐmɛbɐ	ɐm[e]bɐ	ɐm[ɛ]bɐ	0
americomania	ɐmɛrikɔmɐniɐ	ɐmerikumɐniɐ	ɐm[ɛ]rik[ɔ]mɐniɐ	ɐm[e]rik[u]mɐniɐ	0
amestrador	ɐmɛʃtrɐdor	ɐmeʃtrɐdor	ɐm[ɛ]ʃtrɐdor	ɐm[e]ʃtrɐdor	0
amestramento	ɐmɛʃtrɐmẽtu	ɐmeʃtrɐmẽntu	ɐm[ɛ]ʃtrɐmẽtu[]	ɐm[e]ʃtrɐmẽnt[u]	0
ametropia	ɐmɛtrupiɐ	ɐmetrupiɐ	ɐm[ɛ]trupiɐ	ɐm[e]trupiɐ	0
amezinhador	ɐmɛziɲɐdor	ɐmeziɲɐdor	ɐm[ɛ]ziɲɐdor	ɐm[e]ziɲɐdor	0
amezinhável	ɐmɛziɲavɛɫ	ɐmeziɲavɛɫ	ɐm[ɛ]ziɲavɛɫ	ɐm[e]ziɲavɛɫ	0
amocete	ɐmusetɨ	ɐmusɛtɨ	ɐmus[e]tɨ	ɐmus[ɛ]tɨ	0
analepse	ɐnɐlɛpsɨ	ɐnɐlepsɨ	ɐnɐl[ɛ]psɨ	ɐnɐl[e]psɨ	0
aneliforme	ɐnɛlifɔrmɨ	ɐnelifɔrmɨ	ɐn[ɛ]lifɔrmɨ	ɐn[e]lifɔrmɨ	0
aneto	ɐnɛtu	ɐnetu	ɐn[ɛ]tu	ɐn[e]tu	0
anexação	ɐnɛksɐsɐ̃w̃	ɐneksɐsɐ̃w̃	ɐn[ɛ]ksɐsɐ̃w̃	ɐn[e]ksɐsɐ̃w̃	0
anexionismo	ɐnɛksjuniʒmu	ɐneksjuniʒmu	ɐn[ɛ]ksjuniʒmu	ɐn[e]ksjuniʒmu	0
anexionista	ɐnɛksjuniʃtɐ	ɐneksjuniʃtɐ	ɐn[ɛ]ksjuniʃtɐ	ɐn[e]ksjuniʃtɐ	0
anexionístico	ɐnɛksjuniʃtiku	ɐneksjuniʃtiku	ɐn[ɛ]ksjuniʃtiku	ɐn[e]ksjuniʃtiku	0
aniseta	ɐnizetɐ	ɐnizɛtɐ	ɐniz[e]tɐ	ɐniz[ɛ]tɐ	0
anisete	ɐnizetɨ	ɐnizɛtɨ	ɐniz[e]tɨ	ɐniz[ɛ]tɨ	0
apego	ɐpeɡu	ɐpɛɡu	ɐp[e]ɡu	ɐp[ɛ]ɡu	0
apelo	ɐpelu	ɐpɛlu	ɐp[e]lu	ɐp[ɛ]lu	0
aperceptibilidade	ɐpɨrsɛptibilidadɨ	ɐpɨrseptibilidadɨ	ɐpɨrs[ɛ]ptibilidadɨ	ɐpɨrs[e]ptibilidadɨ	0
apercetibilidade	ɐpɨrsɛtibilidadɨ	ɐpɨrsetibilidadɨ	ɐpɨrs[ɛ]tibilidadɨ	ɐpɨrs[e]tibilidadɨ	0
aperto	ɐpertu	ɐpɛrtu	ɐp[e]rtu	ɐp[ɛ]rtu	0
apologeta	ɐpuluʒetɐ	ɐpuluʒɛtɐ	ɐpuluʒ[e]tɐ	ɐpuluʒ[ɛ]tɐ	0
apotegma	ɐputɛɡmɐ	ɐputeɡmɐ	ɐput[ɛ]ɡmɐ	ɐput[e]ɡmɐ	0
aquietação	ɐkjɛtɐsɐ̃w̃	ɐkietɐsɐ̃w̃	ɐkj[ɛ]tɐsɐ̃w̃	ɐki[e]tɐsɐ̃w̃	0
aquietador	ɐkjɛtɐdor	ɐkietɐdor	ɐkj[ɛ]tɐdor	ɐki[e]tɐdor	0
arbaleta	ɐrbɐletɐ	ɐrbɐlɛtɐ	ɐrbɐl[e]tɐ	ɐrbɐl[ɛ]tɐ	0
arboreto	ɐrburetu	ɐrburɛtu	ɐrbur[e]tu	ɐrbur[ɛ]tu	0
arcabuzeta	ɐrkɐbuzetɐ	ɐrkɐbuzɛtɐ	ɐrkɐbuz[e]tɐ	ɐrkɐbuz[ɛ]tɐ	0
arcete	ɐrsetɨ	ɐrsɛtɨ	ɐrs[e]tɨ	ɐrs[ɛ]tɨ	0
archete	ɐrʃetɨ	ɐrʃɛtɨ	ɐrʃ[e]tɨ	ɐrʃ[ɛ]tɨ	0
aresto	ɐreʃtu	ɐrɛʃtu	ɐr[e]ʃtu	ɐr[ɛ]ʃtu	0
armazelo	ɐrmɐzelu	ɐrmɐzɛlu	ɐrmɐz[e]lu	ɐrmɐz[ɛ]lu	0
armelo	ɐrmelu	ɐrmɛlu	ɐrm[e]lu	ɐrm[ɛ]lu	0
arquitetação	ɐrkitɛtɐsɐ̃w̃	ɐrkitetɐsɐ̃w̃	ɐrkit[ɛ]tɐsɐ̃w̃	ɐrkit[e]tɐsɐ̃w̃	0
arquitetural	ɐrkitɛturaɫ	ɐrkiteturaɫ	ɐrkit[ɛ]turaɫ	ɐrkit[e]turaɫ	0
arrefecedor	ɐʀɨfɛsɨdor	ɐʀɨfesɨdor	ɐʀɨf[ɛ]sɨdor	ɐʀɨf[e]sɨdor	0
arrefecimento	ɐʀɨfɛsimẽtu	ɐʀɨfesimẽntu	ɐʀɨf[ɛ]simẽtu[]	ɐʀɨf[e]simẽnt[u]	0
arremesso	ɐʀɨmesu	ɐʀɨmɛsu	ɐʀɨm[e]su	ɐʀɨm[ɛ]su	0
arrepelo	ɐʀɨpelu	ɐʀɨpɛlu	ɐʀɨp[e]lu	ɐʀɨp[ɛ]lu	0
arreto	ɐʀetu	ɐʀɛtu	ɐʀ[e]tu	ɐʀ[ɛ]tu	0
arrevesso	ɐʀɨvesu	ɐʀɨvɛsu	ɐʀɨv[e]su	ɐʀɨv[ɛ]su	0
arsenieto	ɐrsɨnjetu	ɐrsɨniɛtu	ɐrsɨnj[e]tu	ɐrsɨni[ɛ]tu	0
artelete	ɐrtɨletɨ	ɐrtɨlɛtɨ	ɐrtɨl[e]tɨ	ɐrtɨl[ɛ]tɨ	0
asa-delta	azɐdɛɫtɐ	azɐdeɫtɐ	azɐd[ɛ]ɫtɐ	azɐd[e]ɫtɐ	0
aselo	ɐzelu	ɐzɛlu	ɐz[e]lu	ɐz[ɛ]lu	0
aspermo	ɐʃpɛrmu	ɐʃpermu	ɐʃp[ɛ]rmu	ɐʃp[e]rmu	0
asserto	ɐsertu	ɐsɛrtu	ɐs[e]rtu	ɐs[ɛ]rtu	0
assesto	ɐseʃtu	ɐsɛʃtu	ɐs[e]ʃtu	ɐs[ɛ]ʃtu	0
assossego	ɐsuseɡu	ɐsusɛɡu	ɐsus[e]ɡu	ɐsus[ɛ]ɡu	0
atafego	ɐtɐfeɡu	ɐtɐfɛɡu	ɐtɐf[e]ɡu	ɐtɐf[ɛ]ɡu	0
atarefamento	ɐtɐʀɛfɐmẽtu	ɐtɐrefɐmẽntu	ɐtɐʀ[ɛ]fɐmẽtu[]	ɐtɐr[e]fɐmẽnt[u]	0
atarvaveda	ɐtɐrvɐvɛdɐ	ɐtɐrvɐvedɐ	ɐtɐrvɐv[ɛ]dɐ	ɐtɐrvɐv[e]dɐ	0
atesto	ɐteʃtu	ɐtɛʃtu	ɐt[e]ʃtu	ɐt[ɛ]ʃtu	0
atmosferografia	ɐtmuʃfɛrɔɡrɐfiɐ	ɐtmuʃferuɡrɐfiɐ	ɐtmuʃf[ɛ]r[ɔ]ɡrɐfiɐ	ɐtmuʃf[e]r[u]ɡrɐfiɐ	0
atropelo	ɐtrupelu	ɐtrupɛlu	ɐtrup[e]lu	ɐtrup[ɛ]lu	0
auleta	awletɐ	awlɛtɐ	awl[e]tɐ	awl[ɛ]tɐ	0
auripene	awripɛnɨ	awripenɨ	awrip[ɛ]nɨ	awrip[e]nɨ	0
auto-seroterapia	awtɔsɛrɔtɨrɐpiɐ	awtɔseruterɐpiɐ	awtɔs[ɛ]r[ɔ]t[ɨ]rɐpiɐ	awtɔs[e]r[u]t[e]rɐpiɐ	0
autosseroterapia	awtɔsɛrɔtɨrɐpiɐ	awtɔseruterɐpiɐ	awtɔs[ɛ]r[ɔ]t[ɨ]rɐpiɐ	awtɔs[e]r[u]t[e]rɐpiɐ	0
avessamente	ɐvesɐmẽtɨ	ɐvɛsɐmẽntɨ	ɐv[e]sɐmẽtɨ[]	ɐv[ɛ]sɐmẽnt[ɨ]	0
aviceptologia	ɐvisɛptuluʒiɐ	ɐviseptuluʒiɐ	ɐvis[ɛ]ptuluʒiɐ	ɐvis[e]ptuluʒiɐ	0
aviceptológico	ɐvisɛptulɔʒiku	ɐviseptulɔʒiku	ɐvis[ɛ]ptulɔʒiku	ɐvis[e]ptulɔʒiku	0
avioneta	ɐvjunɛtɐ	ɐvjunetɐ	ɐvjun[ɛ]tɐ	ɐvjun[e]tɐ	0
avoceta	ɐvusetɐ	ɐvusɛtɐ	ɐvus[e]tɐ	ɐvus[ɛ]tɐ	0
azoteto	ɐzutetu	ɐzutɛtu	ɐzut[e]tu	ɐzut[ɛ]tu	0
bacelo	bɐselu	bɐsɛlu	bɐs[e]lu	bɐs[ɛ]lu	0
bailete	bajletɨ	bajlɛtɨ	bajl[e]tɨ	bajl[ɛ]tɨ	0
baixete	bajʃetɨ	bajʃɛtɨ	bajʃ[e]tɨ	bajʃ[ɛ]tɨ	0
bardamerda	bɐrdɐmɛrdɐ	bɐrdɐmerdɐ	bɐrdɐm[ɛ]rdɐ	bɐrdɐm[e]rdɐ	0
bargilieta	bɐrʒiljetɐ	bɐrʒiliɛtɐ	bɐrʒilj[e]tɐ	bɐrʒili[ɛ]tɐ	0
barjuleta	bɐrʒuletɐ	bɐrʒulɛtɐ	bɐrʒul[e]tɐ	bɐrʒul[ɛ]tɐ	0
baronete	bɐrunetɨ	bɐrunɛtɨ	bɐrun[e]tɨ	bɐrun[ɛ]tɨ	0
barrelo	bɐʀelu	bɐʀɛlu	bɐʀ[e]lu	bɐʀ[ɛ]lu	0
barrilete	bɐʀiletɨ	bɐʀilɛtɨ	bɐʀil[e]tɨ	bɐʀil[ɛ]tɨ	0
baselga	bɐzɛɫɡɐ	bɐzeɫɡɐ	bɐz[ɛ]ɫɡɐ	bɐz[e]ɫɡɐ	0
batelo	bɐtelu	bɐtɛlu	bɐt[e]lu	bɐt[ɛ]lu	0
becapado	bɛkɐpadu	bekɐpadu	b[ɛ]kɐpadu	b[e]kɐpadu	0
becapar	bɛkɐpar	bekɐpar	b[ɛ]kɐpar	b[e]kɐpar	0
becape	bɛkɐpɨ	bekapɨ	b[ɛ]k[ɐ]pɨ	b[e]k[a]pɨ	0
bechamel	beʃamɛɫ	bɛʃɐ̃mɛɫ	b[e]ʃa[]mɛɫ	b[ɛ]ʃɐ[̃]mɛɫ	0
bedro	bedru	bɛdru	b[e]dru	b[ɛ]dru	0
beladona-bastarda	bɛlɐdonɐbɐʃtardɐ	belɐdonɐbɐʃtardɐ	b[ɛ]lɐdonɐbɐʃtardɐ	b[e]lɐdonɐbɐʃtardɐ	0
beladona	bɛlɐdonɐ	belɐdonɐ	b[ɛ]lɐdonɐ	b[e]lɐdonɐ	0
beladonado	bɛlɐdunadu	belɐdunadu	b[ɛ]lɐdunadu	b[e]lɐdunadu	0
beladônio	bɛlɐdonju	belɐdonju	b[ɛ]lɐdonju	b[e]lɐdonju	0
beladónio	bɛlɐdɔnju	belɐdɔnju	b[ɛ]lɐdɔnju	b[e]lɐdɔnju	0
belbinate	bɛɫbinatɨ	beɫbinatɨ	b[ɛ]ɫbinatɨ	b[e]ɫbinatɨ	0
belbutina	bɛɫbutinɐ	beɫbutinɐ	b[ɛ]ɫbutinɐ	b[e]ɫbutinɐ	0
belchior	bɛɫʃjɔr	beɫkjɔr	b[ɛ]ɫ[ʃ]jɔr	b[e]ɫ[k]jɔr	0
beldade	bɛɫdadɨ	beɫdadɨ	b[ɛ]ɫdadɨ	b[e]ɫdadɨ	0
beldroega	bɛɫdrwɛɡɐ	beɫdruɛɡɐ	b[ɛ]ɫdr[w]ɛɡɐ	b[e]ɫdr[u]ɛɡɐ	0
belfa	bɛɫfɐ	beɫfɐ	b[ɛ]ɫfɐ	b[e]ɫfɐ	0
belfo	bɛɫfu	beɫfu	b[ɛ]ɫfu	b[e]ɫfu	0
belfudo	bɛɫfudu	beɫfudu	b[ɛ]ɫfudu	b[e]ɫfudu	0
belgradino	bɛɫɡrɐdinu	beɫɡrɐdinu	b[ɛ]ɫɡrɐdinu	b[e]ɫɡrɐdinu	0
belmandil	bɛɫmɐ̃diɫ	beɫmɐ̃ndiɫ	b[ɛ]ɫmɐ̃[]diɫ	b[e]ɫmɐ̃[n]diɫ	0
belmontense	bɛɫmõtẽsɨ	beɫmõntẽnsɨ	b[ɛ]ɫmõtẽsɨ[]	b[e]ɫmõntẽns[ɨ]	0
belonave	bɛlɔnavɨ	belunavɨ	b[ɛ]l[ɔ]navɨ	b[e]l[u]navɨ	0
bel-prazer	bɛɫprɐzer	beɫprɐzer	b[ɛ]ɫprɐzer	b[e]ɫprɐzer	0
beltrano	bɛɫtrɐnu	beɫtrɐ̃nu	b[ɛ]ɫtrɐ[]nu	b[e]ɫtrɐ[̃]nu	0
belveder	bɛɫvɨdɛr	beɫvɨder	b[ɛ]ɫvɨd[ɛ]r	b[e]ɫvɨd[e]r	0
belvedere	bɛɫvɨdɛrɨ	beɫvɨdɛrɨ	b[ɛ]ɫvɨdɛrɨ	b[e]ɫvɨdɛrɨ	0
belverde	bɛɫverdɨ	beɫverdɨ	b[ɛ]ɫverdɨ	b[e]ɫverdɨ	0
belzebu	bɛɫzɨbu	beɫzɨbu	b[ɛ]ɫzɨbu	b[e]ɫzɨbu	0
belzebútico	bɛɫzɨbutiku	beɫzɨbutiku	b[ɛ]ɫzɨbutiku	b[e]ɫzɨbutiku	0
benedictus	bɛnɛdiktus	benɨdituʃ	b[ɛ]n[ɛ]di[k]tu[s]	b[e]n[ɨ]di[]tu[ʃ]	0
bera	bɛrɐ	berɐ	b[ɛ]rɐ	b[e]rɐ	0
berdamerda	berdɐmɛrdɐ	berdɐmerdɐ	berdɐm[ɛ]rdɐ	berdɐm[e]rdɐ	0
berebere	bɛrɨbɛrɨ	berɨberɨ	b[ɛ]rɨb[ɛ]rɨ	b[e]rɨb[e]rɨ	0
bergsoniano	bɛrɡsonjɐnu	berɡsuniɐ̃nu	b[ɛ]rɡs[o]n[j]ɐ[]nu	b[e]rɡs[u]n[i]ɐ[̃]nu	0
bergsonismo	bɛrɡsuniʒmu	berɡsuniʒmu	b[ɛ]rɡsuniʒmu	b[e]rɡsuniʒmu	0
bergsonista	bɛrɡsuniʃtɐ	berɡsuniʃtɐ	b[ɛ]rɡsuniʃtɐ	b[e]rɡsuniʃtɐ	0
bergsonístico	bɛrɡsuniʃtiku	berɡsuniʃtiku	b[ɛ]rɡsuniʃtiku	b[e]rɡsuniʃtiku	0
beribéri	bɛribɛri	beribɛri	b[ɛ]ribɛri	b[e]ribɛri	0
beribérico	bɛribɛriku	beribɛriku	b[ɛ]ribɛriku	b[e]ribɛriku	0
beriberizar	bɛribɨrizar	beriberizar	b[ɛ]rib[ɨ]rizar	b[e]rib[e]rizar	0
berkelianismo	bɛrkɨljɐniʒmu	berkɨliɐniʒmu	b[ɛ]rkɨl[j]ɐniʒmu	b[e]rkɨl[i]ɐniʒmu	0
berkeliano	bɛrkɨljɐnu	berkɨliɐ̃nu	b[ɛ]rkɨl[j]ɐ[]nu	b[e]rkɨl[i]ɐ[̃]nu	0
berma	bɛrmɐ	bermɐ	b[ɛ]rmɐ	b[e]rmɐ	0
bessarábio	bɛsɐrabju	besɐrabju	b[ɛ]sɐrabju	b[e]sɐrabju	0
besteiro	bɛʃtɐjru	beʃtɐjru	b[ɛ]ʃtɐjru	b[e]ʃtɐjru	0
betaamilóide	bɛtamilɔjdɨ	betɐɐmilɔjdɨ	b[ɛ]ta[]milɔjdɨ	b[e]tɐ[ɐ]milɔjdɨ	0
betabloqueador	bɛtɐblukjɐdor	betɐblukɨɐdor	b[ɛ]tɐbluk[j]ɐdor	b[e]tɐbluk[ɨ]ɐdor	0
betacaroteno	bɛtɐkɐrutenu	betɐkɐrutenu	b[ɛ]tɐkɐrutenu	b[e]tɐkɐrutenu	0
betacismo	bɛtɐsiʒmu	betɐsiʒmu	b[ɛ]tɐsiʒmu	b[e]tɐsiʒmu	0
betaemissor	bɛtɐimisor	betɐemisor	b[ɛ]tɐ[i]misor	b[e]tɐ[e]misor	0
betamiloide	bɛtɐmilɔjdɨ	betɐmilɔjdɨ	b[ɛ]tɐmilɔjdɨ	b[e]tɐmilɔjdɨ	0
betamilóide	bɛtɐmilɔjdɨ	betɐmilɔjdɨ	b[ɛ]tɐmilɔjdɨ	b[e]tɐmilɔjdɨ	0
betarreceptor	bɛtɐʀɨsɛptor	betɐʀesɨptor	b[ɛ]tɐʀ[ɨ]s[ɛ]ptor	b[e]tɐʀ[e]s[ɨ]ptor	0
betarrecetor	bɛtɐʀɨsɛtor	betɐʀesɨtor	b[ɛ]tɐʀ[ɨ]s[ɛ]tor	b[e]tɐʀ[e]s[ɨ]tor	0
beta-tester	betɐtɛstɐr	bɛtɐtɨʃter	b[e]tɐtɛ[s]t[ɐ]r	b[ɛ]tɐtɨ[ʃ]t[e]r	0
betatrão	bɛtɐtrɐ̃w̃	betɐtrɐ̃w̃	b[ɛ]tɐtrɐ̃w̃	b[e]tɐtrɐ̃w̃	0
betinho	bɛtiɲu	betiɲu	b[ɛ]tiɲu	b[e]tiɲu	0
betle	bɛtlɨ	betlɨ	b[ɛ]tlɨ	b[e]tlɨ	0
betlemita	bɛtlɨmitɐ	betlɨmitɐ	b[ɛ]tlɨmitɐ	b[e]tlɨmitɐ	0
biberete	bibɨretɨ	bibɨrɛtɨ	bibɨr[e]tɨ	bibɨr[ɛ]tɨ	0
bicho-careto	biʃukɐretu	biʃukɐrɛtu	biʃukɐr[e]tu	biʃukɐr[ɛ]tu	0
bidextro	bidɛʃtru	bideʃtru	bid[ɛ]ʃtru	bid[e]ʃtru	0
bidirecional	bidirɛsjunaɫ	bidiresjunaɫ	bidir[ɛ]sjunaɫ	bidir[e]sjunaɫ	0
bilene	bilɛnɨ	bilenɨ	bil[ɛ]nɨ	bil[e]nɨ	0
bioetanol	biɔɛtɐnɔɫ	biuetɐ̃nɔɫ	biɔ[ɛ]tɐ[]nɔɫ	biu[e]tɐ[̃]nɔɫ	0
bipene	bipɛnɨ	bipenɨ	bip[ɛ]nɨ	bip[e]nɨ	0
birreme	biʀɛmɨ	biʀemɨ	biʀ[ɛ]mɨ	biʀ[e]mɨ	0
bissulfureto	bisuɫfuretu	bisuɫfurɛtu	bisuɫfur[e]tu	bisuɫfur[ɛ]tu	0
blecaute	blɛkaut	blekawtɨ	bl[ɛ]ka[u]t[]	bl[e]ka[w]t[ɨ]	0
blefarite	blɛfɐritɨ	blefɐritɨ	bl[ɛ]fɐritɨ	bl[e]fɐritɨ	0
blefaroplasta	blɛfɐrɔplaʃtɐ	blefɐruplaʃtɐ	bl[ɛ]fɐr[ɔ]plaʃtɐ	bl[e]fɐr[u]plaʃtɐ	0
blefaroplastia	blɛfɐrɔplaʃtiɐ	blefɐruplɐʃtiɐ	bl[ɛ]fɐr[ɔ]pl[a]ʃtiɐ	bl[e]fɐr[u]pl[ɐ]ʃtiɐ	0
blefaroplástico	blɛfɐrɔplaʃtiku	blefɐruplaʃtiku	bl[ɛ]fɐr[ɔ]plaʃtiku	bl[e]fɐr[u]plaʃtiku	0
blefaroplasto	blɛfɐrɔplaʃtu	blefɐruplaʃtu	bl[ɛ]fɐr[ɔ]plaʃtu	bl[e]fɐr[u]plaʃtu	0
blefarospasmo	blɛfɐrɔʃpaʒmu	blefɐruʃpaʒmu	bl[ɛ]fɐr[ɔ]ʃpaʒmu	bl[e]fɐr[u]ʃpaʒmu	0
blefarospasmódico	blɛfɐrɔʃpɐʒmɔdiku	blefɐruʃpɐʒmɔdiku	bl[ɛ]fɐr[ɔ]ʃpɐʒmɔdiku	bl[e]fɐr[u]ʃpɐʒmɔdiku	0
blefaróstato	blɛfɐrɔʃtɐtu	blefɐrɔʃtɐtu	bl[ɛ]fɐrɔʃtɐtu	bl[e]fɐrɔʃtɐtu	0
blefista	blɛfiʃtɐ	blefiʃtɐ	bl[ɛ]fiʃtɐ	bl[e]fiʃtɐ	0
bleniídeo	blɛniidju	blenjidiw	bl[ɛ]n[i]idj[u]	bl[e]n[j]idi[w]	0
blenorragia	blɛnɔʀɐʒiɐ	blenuʀɐʒiɐ	bl[ɛ]n[ɔ]ʀɐʒiɐ	bl[e]n[u]ʀɐʒiɐ	0
blenorrágico	blɛnuʀaʒiku	blenuʀaʒiku	bl[ɛ]nuʀaʒiku	bl[e]nuʀaʒiku	0
blenorreia	blɛnuʀɐjɐ	blenuʀɛjɐ	bl[ɛ]nuʀ[ɐ]jɐ	bl[e]nuʀ[ɛ]jɐ	0
blenorréia	blɛnuʀɐjɐ	blenuʀɛjɐ	bl[ɛ]nuʀ[ɐ]jɐ	bl[e]nuʀ[ɛ]jɐ	0
bocete	busetɨ	busɛtɨ	bus[e]tɨ	bus[ɛ]tɨ	0
bofete	bufetɨ	bufɛtɨ	buf[e]tɨ	buf[ɛ]tɨ	0
bojego	buʒeɡu	buʒɛɡu	buʒ[e]ɡu	buʒ[ɛ]ɡu	0
bonete	bunetɨ	bunɛtɨ	bun[e]tɨ	bun[ɛ]tɨ	0
boquisseco	bukiseku	bukisɛku	bukis[e]ku	bukis[ɛ]ku	0
borrega	buʀeɡɐ	buʀɛɡɐ	buʀ[e]ɡɐ	buʀ[ɛ]ɡɐ	0
bosquete	buʃketɨ	buʃkɛtɨ	buʃk[e]tɨ	buʃk[ɛ]tɨ	0
boucelo	bowselu	bowsɛlu	bows[e]lu	bows[ɛ]lu	0
bouquet	bukɛ	buke	buk[ɛ]	buk[e]	0
brasilete	brɐziletɨ	brɐzilɛtɨ	brɐzil[e]tɨ	brɐzil[ɛ]tɨ	0
bravo-de-mel	bravudɨmɛɫ	bravudɨmeɫ	bravudɨm[ɛ]ɫ	bravudɨm[e]ɫ	0
brecada	brɛkadɐ	brekadɐ	br[ɛ]kadɐ	br[e]kadɐ	0
brecagem	brɛkaʒɐ̃j̃	brekaʒɐjn	br[ɛ]kaʒɐ[̃]j[̃]	br[e]kaʒɐ[]j[n]	0
breda	brɛdɐ	bredɐ	br[ɛ]dɐ	br[e]dɐ	0
bregma	brɛɡmɐ	breɡmɐ	br[ɛ]ɡmɐ	br[e]ɡmɐ	0
brejado	brɛʒadu	breʒadu	br[ɛ]ʒadu	br[e]ʒadu	0
brejeirada	brɛʒɐjradɐ	breʒɐjradɐ	br[ɛ]ʒɐjradɐ	br[e]ʒɐjradɐ	0
brejeiral	brɛʒɐjraɫ	breʒɐjraɫ	br[ɛ]ʒɐjraɫ	br[e]ʒɐjraɫ	0
brejeirar	brɛʒɐjrar	breʒɐjrar	br[ɛ]ʒɐjrar	br[e]ʒɐjrar	0
brejeirice	brɛʒɐjrisɨ	breʒɐjrisɨ	br[ɛ]ʒɐjrisɨ	br[e]ʒɐjrisɨ	0
brejeiro	brɛʒɐjru	breʒɐjru	br[ɛ]ʒɐjru	br[e]ʒɐjru	0
brejeirote	brɛʒɐjrɔtɨ	breʒɐjrɔtɨ	br[ɛ]ʒɐjrɔtɨ	br[e]ʒɐjrɔtɨ	0
brejento	brɛʒẽtu	breʒẽntu	br[ɛ]ʒẽtu[]	br[e]ʒẽnt[u]	0
brequefesta	brɛkfɛʃtɐ	brekɨfɛʃtɐ	br[ɛ]k[]fɛʃtɐ	br[e]k[ɨ]fɛʃtɐ	0
brequefeste	brɛkfɛʃtɨ	brekɨfɛʃtɨ	br[ɛ]k[]fɛʃtɨ	br[e]k[ɨ]fɛʃtɨ	0
brevicaude	brɛvikawdɨ	brevikawdɨ	br[ɛ]vikawdɨ	br[e]vikawdɨ	0
brevicórneo	brɛvikɔrnju	brevikɔrniw	br[ɛ]vikɔrnj[u]	br[e]vikɔrni[w]	0
brevidigitado	brɛvidiʒitadu	brevidiʒitadu	br[ɛ]vidiʒitadu	br[e]vidiʒitadu	0
brevifloro	brɛviflɔru	breviflɔru	br[ɛ]viflɔru	br[e]viflɔru	0
brevifoliado	brɛvifuljadu	brevifuliadu	br[ɛ]viful[j]adu	br[e]viful[i]adu	0
brevipeciolado	brɛvipɨsjuladu	brevipesiuladu	br[ɛ]vip[ɨ]s[j]uladu	br[e]vip[e]s[i]uladu	0
brevípede	brɛvipɨdɨ	brevipɨdɨ	br[ɛ]vipɨdɨ	br[e]vipɨdɨ	0
brevipedicelado	brɛvipɨdisɨladu	brevipedisɨladu	br[ɛ]vip[ɨ]disɨladu	br[e]vip[e]disɨladu	0
brevipene	brɛvipɛnɨ	brevipenɨ	br[ɛ]vip[ɛ]nɨ	br[e]vip[e]nɨ	0
brevirrostrado	brɛviʀuʃtradu	breviʀuʃtradu	br[ɛ]viʀuʃtradu	br[e]viʀuʃtradu	0
brevirrostro	brɛviʀoʃtru	breviʀɔʃtru	br[ɛ]viʀ[o]ʃtru	br[e]viʀ[ɔ]ʃtru	0
brilharete	briʎɐretɨ	briʎɐrɛtɨ	briʎɐr[e]tɨ	briʎɐr[ɛ]tɨ	0
briquete	briketɨ	brikɛtɨ	brik[e]tɨ	brik[ɛ]tɨ	0
broquel	brukɛɫ	brukeɫ	bruk[ɛ]ɫ	bruk[e]ɫ	0
buena-dicha	bwɛnɐdiʃɐ	buenɐdiʃɐ	bw[ɛ]nɐdiʃɐ	bu[e]nɐdiʃɐ	0
bufete	bufetɨ	bufɛtɨ	buf[e]tɨ	buf[ɛ]tɨ	0
burgesso	burʒesu	burʒɛsu	burʒ[e]su	burʒ[ɛ]su	0
burleta	burletɐ	burlɛtɐ	burl[e]tɐ	burl[ɛ]tɐ	0
burrego	buʀeɡu	buʀɛɡu	buʀ[e]ɡu	buʀ[ɛ]ɡu	0
butadieno	butɐdiɛnu	butɐdienu	butɐdi[ɛ]nu	butɐdi[e]nu	0
cabaleta	kɐbɐletɐ	kɐbɐlɛtɐ	kɐbɐl[e]tɐ	kɐbɐl[ɛ]tɐ	0
cabedelo	kɐbɨdelu	kɐbɨdɛlu	kɐbɨd[e]lu	kɐbɨd[ɛ]lu	0
cacharolete	kɐʃɐruletɨ	kɐʃɐrulɛtɨ	kɐʃɐrul[e]tɨ	kɐʃɐrul[ɛ]tɨ	0
cacheta	kɐʃetɐ	kɐʃɛtɐ	kɐʃ[e]tɐ	kɐʃ[ɛ]tɐ	0
cachete	kɐʃetɨ	kɐʃɛtɨ	kɐʃ[e]tɨ	kɐʃ[ɛ]tɨ	0
cacoestesia	kɐkwɛʃtɨziɐ	kɐkueʃtɨziɐ	kɐkw[ɛ]ʃtɨziɐ	kɐku[e]ʃtɨziɐ	0
caçoleta	kɐsuletɐ	kɐsulɛtɐ	kɐsul[e]tɐ	kɐsul[ɛ]tɐ	0
caguete	kɐɡwɛtɨ	kɐɡwetɨ	kɐɡw[ɛ]tɨ	kɐɡw[e]tɨ	0
calabrete	kɐlɐbretɨ	kɐlɐbrɛtɨ	kɐlɐbr[e]tɨ	kɐlɐbr[ɛ]tɨ	0
calceta	kaɫsetɐ	kaɫsɛtɐ	kaɫs[e]tɐ	kaɫs[ɛ]tɐ	0
caleça	kɐlɛsɐ	kɐlesɐ	kɐl[ɛ]sɐ	kɐl[e]sɐ	0
calene	kɐlɛnɨ	kɐlenɨ	kɐl[ɛ]nɨ	kɐl[e]nɨ	0
caminhoneta	kɐmiɲunɛtɐ	kɐmiɲunetɐ	kɐmiɲun[ɛ]tɐ	kɐmiɲun[e]tɐ	0
canalete	kɐnɐletɨ	kɐnɐlɛtɨ	kɐnɐl[e]tɨ	kɐnɐl[ɛ]tɨ	0
caracoleta	kɐrɐkuletɐ	kɐrɐkulɛtɐ	kɐrɐkul[e]tɐ	kɐrɐkul[ɛ]tɐ	0
caralete	kɐrɐletɨ	kɐrɐlɛtɨ	kɐrɐl[e]tɨ	kɐrɐl[ɛ]tɨ	0
caramelga	kɐrɐmɛɫɡɐ	kɐrɐmeɫɡɐ	kɐrɐm[ɛ]ɫɡɐ	kɐrɐm[e]ɫɡɐ	0
carapeta	kɐrɐpetɐ	kɐrɐpɛtɐ	kɐrɐp[e]tɐ	kɐrɐp[ɛ]tɐ	0
carapeto	kɐrɐpetu	kɐrɐpɛtu	kɐrɐp[e]tu	kɐrɐp[ɛ]tu	0
cardete	kɐrdetɨ	kɐrdɛtɨ	kɐrd[e]tɨ	kɐrd[ɛ]tɨ	0
careto	kɐretu	kɐrɛtu	kɐr[e]tu	kɐr[ɛ]tu	0
carrapeto	kɐʀɐpetu	kɐʀɐpɛtu	kɐʀɐp[e]tu	kɐʀɐp[ɛ]tu	0
carrego	kɐʀeɡu	kɐʀɛɡu	kɐʀ[e]ɡu	kɐʀ[ɛ]ɡu	0
carrete	kɐʀetɨ	kɐʀɛtɨ	kɐʀ[e]tɨ	kɐʀ[ɛ]tɨ	0
casquete	kɐʃketɨ	kɐʃkɛtɨ	kɐʃk[e]tɨ	kɐʃk[ɛ]tɨ	0
casteleta	kɐʃtɨletɐ	kɐʃtɨlɛtɐ	kɐʃtɨl[e]tɐ	kɐʃtɨl[ɛ]tɐ	0
castrelo	kɐʃtrelu	kɐʃtrɛlu	kɐʃtr[e]lu	kɐʃtr[ɛ]lu	0
cavaleta	kɐvɐletɐ	kɐvɐlɛtɐ	kɐvɐl[e]tɐ	kɐvɐl[ɛ]tɐ	0
caveto	kɐvetu	kɐvɛtu	kɐv[e]tu	kɐv[ɛ]tu	0
cecocolostomia	sɛkukulɔʃtumiɐ	sekukuluʃtumiɐ	s[ɛ]kukul[ɔ]ʃtumiɐ	s[e]kukul[u]ʃtumiɐ	0
cecografia	sɛkuɡrɐfiɐ	sekuɡrɐfiɐ	s[ɛ]kuɡrɐfiɐ	s[e]kuɡrɐfiɐ	0
cecográfico	sɛkuɡrafiku	sekuɡrafiku	s[ɛ]kuɡrafiku	s[e]kuɡrafiku	0
cecógrafo	sɛkɔɡrɐfu	sekɔɡrɐfu	s[ɛ]kɔɡrɐfu	s[e]kɔɡrɐfu	0
cecotomia	sɛkutumiɐ	sekutumiɐ	s[ɛ]kutumiɐ	s[e]kutumiɐ	0
cediço	sɛdisu	sedisu	s[ɛ]disu	s[e]disu	0
cefalocordado	sɛfɐlɔkurdadu	sefɐlukurdadu	s[ɛ]fɐl[ɔ]kurdadu	s[e]fɐl[u]kurdadu	0
cefalopatia	sɛfɐlɔpɐtiɐ	sefɐlupɐtiɐ	s[ɛ]fɐl[ɔ]pɐtiɐ	s[e]fɐl[u]pɐtiɐ	0
cefalorraquidiano	sɛfɐlɔʀɐkidjɐnu	sefɐluʀɐkidiɐ̃nu	s[ɛ]fɐl[ɔ]ʀɐkid[j]ɐ[]nu	s[e]fɐl[u]ʀɐkid[i]ɐ[̃]nu	0
cefalotórax	sɛfɐlɔtɔraks	sefɐlutɔrɐks	s[ɛ]fɐl[ɔ]tɔr[a]ks	s[e]fɐl[u]tɔr[ɐ]ks	0
cefo	sefu	sɛfu	s[e]fu	s[ɛ]fu	0
cegada	sɛɡadɐ	seɡadɐ	s[ɛ]ɡadɐ	s[e]ɡadɐ	0
cegarrega	sɛɡɐʀɛɡɐ	seɡɐʀɛɡɐ	s[ɛ]ɡɐʀɛɡɐ	s[e]ɡɐʀɛɡɐ	0
cegueta	sɛɡetɐ	seɡetɐ	s[ɛ]ɡetɐ	s[e]ɡetɐ	0
celga	sɛɫɡɐ	seɫɡɐ	s[ɛ]ɫɡɐ	s[e]ɫɡɐ	0
celiomialgia	sɛljɔmiaɫʒiɐ	seliumiaɫʒiɐ	s[ɛ]lj[ɔ]miaɫʒiɐ	s[e]li[u]miaɫʒiɐ	0
celsitude	sɛɫsitudɨ	seɫsitudɨ	s[ɛ]ɫsitudɨ	s[e]ɫsitudɨ	0
celso	sɛɫsu	seɫsu	s[ɛ]ɫsu	s[e]ɫsu	0
celtas	sɛɫtɐʃ	seɫtɐʃ	s[ɛ]ɫtɐʃ	s[e]ɫtɐʃ	0
celta	sɛɫtɐ	seɫtɐ	s[ɛ]ɫtɐ	s[e]ɫtɐ	0
celtibérico	sɛɫtibɛriku	seɫtibɛriku	s[ɛ]ɫtibɛriku	s[e]ɫtibɛriku	0
celtiberos	sɛɫtibɛruʃ	seɫtibɛruʃ	s[ɛ]ɫtibɛruʃ	s[e]ɫtibɛruʃ	0
celtibero	sɛɫtibɛru	seɫtibɛru	s[ɛ]ɫtibɛru	s[e]ɫtibɛru	0
celtismo	sɛɫtiʒmu	seɫtiʒmu	s[ɛ]ɫtiʒmu	s[e]ɫtiʒmu	0
cepticismo	sɛptisiʒmu	septisiʒmu	s[ɛ]ptisiʒmu	s[e]ptisiʒmu	0
ceptrífero	sɛptrifɨru	septrifɨru	s[ɛ]ptrifɨru	s[e]ptrifɨru	0
ceptrígero	sɛptriʒɨru	septriʒɨru	s[ɛ]ptriʒɨru	s[e]ptriʒɨru	0
ceratalgia	sɛrɐtaɫʒiɐ	serɐtaɫʒiɐ	s[ɛ]rɐtaɫʒiɐ	s[e]rɐtaɫʒiɐ	0
cerda	serdɐ	sɛrdɐ	s[e]rdɐ	s[ɛ]rdɐ	0
cerebropata	sɛrɨbrɔpatɐ	serɨbrupatɐ	s[ɛ]rɨbr[ɔ]patɐ	s[e]rɨbr[u]patɐ	0
cerebropatia	sɛrɨbrɔpɐtiɐ	serɨbrupɐtiɐ	s[ɛ]rɨbr[ɔ]pɐtiɐ	s[e]rɨbr[u]pɐtiɐ	0
cerebroscopia	sɛrɨbrɔʃkupiɐ	serɨbruʃkupiɐ	s[ɛ]rɨbr[ɔ]ʃkupiɐ	s[e]rɨbr[u]ʃkupiɐ	0
cerebrospinal	sɛrɨbrɔʃpinaɫ	serɨbruʃpinaɫ	s[ɛ]rɨbr[ɔ]ʃpinaɫ	s[e]rɨbr[u]ʃpinaɫ	0
ceres	sɛrɨʃ	serɨʃ	s[ɛ]rɨʃ	s[e]rɨʃ	0
cerro	seʀu	sɛʀu	s[e]ʀu	s[ɛ]ʀu	0
cervicalgia	sɛrvikaɫʒiɐ	servikaɫʒiɐ	s[ɛ]rvikaɫʒiɐ	s[e]rvikaɫʒiɐ	0
cervicodinia	ʃɛrvikɔdiniɐ	servikudiniɐ	ʃ[ɛ]rvik[ɔ]diniɐ	s[e]rvik[u]diniɐ	0
cervo	sɛrvu	servu	s[ɛ]rvu	s[e]rvu	0
cessa	sesɐ	sɛsɐ	s[e]sɐ	s[ɛ]sɐ	0
ceticismo	sɛtisiʒmu	setisiʒmu	s[ɛ]tisiʒmu	s[e]tisiʒmu	0
cetoacidose	sɛtɔɐsidɔzɨ	setuɐsidɔzɨ	s[ɛ]t[ɔ]ɐsidɔzɨ	s[e]t[u]ɐsidɔzɨ	0
cetrífero	sɛtrifɨru	setrifɨru	s[ɛ]trifɨru	s[e]trifɨru	0
cetrígero	sɛtriʒɨru	setriʒɨru	s[ɛ]triʒɨru	s[e]triʒɨru	0
cevo	sevu	sɛvu	s[e]vu	s[ɛ]vu	0
chabeta	ʃɐbetɐ	ʃɐbɛtɐ	ʃɐb[e]tɐ	ʃɐb[ɛ]tɐ	0
chalreta	ʃaɫʀetɐ	ʃaɫʀɛtɐ	ʃaɫʀ[e]tɐ	ʃaɫʀ[ɛ]tɐ	0
chapelete	ʃɐpɨletɨ	ʃɐpɨlɛtɨ	ʃɐpɨl[e]tɨ	ʃɐpɨl[ɛ]tɨ	0
checoslovaco	ʃɛkɔʒluvaku	ʃekuʒluvaku	ʃ[ɛ]k[ɔ]ʒluvaku	ʃ[e]k[u]ʒluvaku	0
chede	ʃedɨ	ʃɛdɨ	ʃ[e]dɨ	ʃ[ɛ]dɨ	0
chedre	ʃedrɨ	ʃɛdrɨ	ʃ[e]drɨ	ʃ[ɛ]drɨ	0
cheireta	ʃɐjretɐ	ʃɐjrɛtɐ	ʃɐjr[e]tɐ	ʃɐjr[ɛ]tɐ	0
cheirete	ʃɐjrete	ʃɐjrɛtɨ	ʃɐjr[e]t[e]	ʃɐjr[ɛ]t[ɨ]	0
cheldra	ʃɛɫdrɐ	ʃeɫdrɐ	ʃ[ɛ]ɫdrɐ	ʃ[e]ɫdrɐ	0
chelpa	ʃɛɫpɐ	ʃeɫpɐ	ʃ[ɛ]ɫpɐ	ʃ[e]ɫpɐ	0
chelpudo	ʃɛɫpudu	ʃeɫpudu	ʃ[ɛ]ɫpudu	ʃ[e]ɫpudu	0
cherulé	ʃɛrulɛ	ʃerulɛ	ʃ[ɛ]rulɛ	ʃ[e]rulɛ	0
cheta	ʃetɐ	ʃɛtɐ	ʃ[e]tɐ	ʃ[ɛ]tɐ	0
chilete	ʃiletɨ	ʃilɛtɨ	ʃil[e]tɨ	ʃil[ɛ]tɨ	0
chilreta	ʃiɫʀetɐ	ʃiɫʀɛtɐ	ʃiɫʀ[e]tɐ	ʃiɫʀ[ɛ]tɐ	0
chiquel	ʃikɛɫ	ʃikeɫ	ʃik[ɛ]ɫ	ʃik[e]ɫ	0
chireta	ʃiretɐ	ʃirɛtɐ	ʃir[e]tɐ	ʃir[ɛ]tɐ	0
chumacete	ʃumɐsetɨ	ʃumɐsɛtɨ	ʃumɐs[e]tɨ	ʃumɐs[ɛ]tɨ	0
chupa-mel	ʃupɐmɛɫ	ʃupɐmeɫ	ʃupɐm[ɛ]ɫ	ʃupɐm[e]ɫ	0
chureta	ʃuretɐ	ʃurɛtɐ	ʃur[e]tɐ	ʃur[ɛ]tɐ	0
ciberneticista	sibɨrnɛtisiʃtɐ	sibɨrnetisiʃtɐ	sibɨrn[ɛ]tisiʃtɐ	sibɨrn[e]tisiʃtɐ	0
civeta	sivetɐ	sivɛtɐ	siv[e]tɐ	siv[ɛ]tɐ	0
clarete	klɐretɨ	klɐrɛtɨ	klɐr[e]tɨ	klɐr[ɛ]tɨ	0
clefta	klɛftɐ	kleftɐ	kl[ɛ]ftɐ	kl[e]ftɐ	0
clepsidra	klɛpsidrɐ	klepsidrɐ	kl[ɛ]psidrɐ	kl[e]psidrɐ	0
cleptocracia	klɛptɔkrɐsiɐ	kleptukrɐsiɐ	kl[ɛ]pt[ɔ]krɐsiɐ	kl[e]pt[u]krɐsiɐ	0
cleptocrata	klɛptɔkratɐ	kleptukratɐ	kl[ɛ]pt[ɔ]kratɐ	kl[e]pt[u]kratɐ	0
cleptofobia	klɛptɔfubiɐ	kleptufubiɐ	kl[ɛ]pt[ɔ]fubiɐ	kl[e]pt[u]fubiɐ	0
cleptófobo	klɛptɔfubu	kleptɔfubu	kl[ɛ]ptɔfubu	kl[e]ptɔfubu	0
cleptomaníaco	klɛptɔmɐniɐku	kleptumɐniɐku	kl[ɛ]pt[ɔ]mɐniɐku	kl[e]pt[u]mɐniɐku	0
cleptomania	klɛptɔmɐniɐ	kleptumɐniɐ	kl[ɛ]pt[ɔ]mɐniɐ	kl[e]pt[u]mɐniɐ	0
cleptômano	klɛptomɐnu	kleptomɐnu	kl[ɛ]ptomɐnu	kl[e]ptomɐnu	0
cleptómano	klɛptɔmɐnu	kleptɔmɐnu	kl[ɛ]ptɔmɐnu	kl[e]ptɔmɐnu	0
clerestório	klɛrɨʃtɔrju	klerɨʃtɔrju	kl[ɛ]rɨʃtɔrju	kl[e]rɨʃtɔrju	0
clerezia	klɛrɨziɐ	klerɨziɐ	kl[ɛ]rɨziɐ	kl[e]rɨziɐ	0
clericalismo	klɛrikɐliʒmu	klerikɐliʒmu	kl[ɛ]rikɐliʒmu	kl[e]rikɐliʒmu	0
clericalista	klɛrikɐliʃtɐ	klerikɐliʃtɐ	kl[ɛ]rikɐliʃtɐ	kl[e]rikɐliʃtɐ	0
clericalístico	klɛrikɐliʃtiku	klerikɐliʃtiku	kl[ɛ]rikɐliʃtiku	kl[e]rikɐliʃtiku	0
clericalizar	klɛrikɐlizar	klerikɐlizar	kl[ɛ]rikɐlizar	kl[e]rikɐlizar	0
clerical	klɛrikaɫ	klerikaɫ	kl[ɛ]rikaɫ	kl[e]rikaɫ	0
clericato	klɛrikatu	klerikatu	kl[ɛ]rikatu	kl[e]rikatu	0
clerocracia	klɛrɔkrɐsiɐ	klerukrɐsiɐ	kl[ɛ]r[ɔ]krɐsiɐ	kl[e]r[u]krɐsiɐ	0
clerofobia	klɛrɔfubiɐ	klerufubiɐ	kl[ɛ]r[ɔ]fubiɐ	kl[e]r[u]fubiɐ	0
cleromancia	klɛrɔmɐ̃siɐ	klerumɐ̃nsiɐ	kl[ɛ]r[ɔ]mɐ̃[]siɐ	kl[e]r[u]mɐ̃[n]siɐ	0
cleromante	klɛrɔmɐ̃tɨ	klerumɐ̃ntɨ	kl[ɛ]r[ɔ]mɐ̃[]tɨ	kl[e]r[u]mɐ̃[n]tɨ	0
clister	kliʃtɛr	kliʃter	kliʃt[ɛ]r	kliʃt[e]r	0
cobrelo	kubrelu	kubrɛlu	kubr[e]lu	kubr[ɛ]lu	0
codesso	kudesu	kudɛsu	kud[e]su	kud[ɛ]su	0
coevo	kwevu	kuɛvu	kw[e]vu	ku[ɛ]vu	0
colareta	kulɐretɐ	kulɐrɛtɐ	kulɐr[e]tɐ	kulɐr[ɛ]tɐ	0
colherete	kuʎɨretɨ	kuʎɨrɛtɨ	kuʎɨr[e]tɨ	kuʎɨr[ɛ]tɨ	0
colher-medida	kuʎɛrmɨdidɐ	kuʎermedidɐ	kuʎ[ɛ]rm[ɨ]didɐ	kuʎ[e]rm[e]didɐ	0
comerete	kumɨretɨ	kumɨrɛtɨ	kumɨr[e]tɨ	kumɨr[ɛ]tɨ	0
corneto	kurnetu	kurnɛtu	kurn[e]tu	kurn[ɛ]tu	0
cornozelo	kurnuzelu	kurnuzɛlu	kurnuz[e]lu	kurnuz[ɛ]lu	0
corselete	kursɨletɨ	kursɨlɛtɨ	kursɨl[e]tɨ	kursɨl[ɛ]tɨ	0
coteto	kutetu	kutɛtu	kut[e]tu	kut[ɛ]tu	0
coucelo	kowselu	kowsɛlu	kows[e]lu	kows[ɛ]lu	0
covilhete	kuviʎetɨ	kuviʎɛtɨ	kuviʎ[e]tɨ	kuviʎ[ɛ]tɨ	0
coxete	kuʃetɨ	kuʃɛtɨ	kuʃ[e]tɨ	kuʃ[ɛ]tɨ	0
crassipene	krɐsipɛnɨ	krɐsipenɨ	krɐsip[ɛ]nɨ	krɐsip[e]nɨ	0
cratego	krɐteɡu	krɐtɛɡu	krɐt[e]ɡu	krɐt[ɛ]ɡu	0
cravelo	krɐvelu	krɐvɛlu	krɐv[e]lu	krɐv[ɛ]lu	0
cravete	krɐvetɨ	krɐvɛtɨ	krɐv[e]tɨ	krɐv[ɛ]tɨ	0
crebro	krɛbru	krebru	kr[ɛ]bru	kr[e]bru	0
credifone	krɛdifɔnɨ	kredifonɨ	kr[ɛ]dif[ɔ]nɨ	kr[e]dif[o]nɨ	0
creme	krɛmɨ	kremɨ	kr[ɛ]mɨ	kr[e]mɨ	0
crenoterapia	krɛnɔtɨrɐpiɐ	krenuterɐpiɐ	kr[ɛ]n[ɔ]t[ɨ]rɐpiɐ	kr[e]n[u]t[e]rɐpiɐ	0
crenoterápico	krɛnɔtɨrapiku	krenutɨrapiku	kr[ɛ]n[ɔ]tɨrapiku	kr[e]n[u]tɨrapiku	0
creperia	krɛpɨriɐ	krepɨriɐ	kr[ɛ]pɨriɐ	kr[e]pɨriɐ	0
cresto	kreʃtu	krɛʃtu	kr[e]ʃtu	kr[ɛ]ʃtu	0
creta	kretɐ	krɛtɐ	kr[e]tɐ	kr[ɛ]tɐ	0
crevasse	krɛvasɨ	krevas	kr[ɛ]vas[ɨ]	kr[e]vas[]	0
criceto	krisetu	krisɛtu	kris[e]tu	kris[ɛ]tu	0
cricket	krikɛt	kriket	krik[ɛ]t	krik[e]t	0
crinipreto	krinipretu	kriniprɛtu	krinipr[e]tu	krinipr[ɛ]tu	0
cristelo	kriʃtelu	kriʃtɛlu	kriʃt[e]lu	kriʃt[ɛ]lu	0
cueba	kwɛbɐ	kuebɐ	kw[ɛ]bɐ	ku[e]bɐ	0
cupripene	kupripɛnɨ	kupripenɨ	kuprip[ɛ]nɨ	kuprip[e]nɨ	0
cutequela	kutɨkɛlɐ	kutɨkelɐ	kutɨk[ɛ]lɐ	kutɨk[e]lɐ	0
cyberbullying	sajbɛrbuliĩɡ	sajberbulin	sajb[ɛ]rbuliĩ[ɡ]	sajb[e]rbulin[]	0
decistere	dɨsiʃtɛrɨ	dɨsiʃterɨ	dɨsiʃt[ɛ]rɨ	dɨsiʃt[e]rɨ	0
defesso	dɨfesu	dɨfɛsu	dɨf[e]su	dɨf[ɛ]su	0
delta	dɛɫtɐ	deɫtɐ	d[ɛ]ɫtɐ	d[e]ɫtɐ	0
demo-liberalismo	dɛmɔlibɨrɐliʒmu	demulibɨrɐliʒmu	d[ɛ]m[ɔ]libɨrɐliʒmu	d[e]m[u]libɨrɐliʒmu	0
demonete	dɨmunetɨ	dɨmunɛtɨ	dɨmun[e]tɨ	dɨmun[ɛ]tɨ	0
deradelfo	dɨrɐdɛɫfu	dɨrɐdeɫfu	dɨrɐd[ɛ]ɫfu	dɨrɐd[e]ɫfu	0
derby	dɛrbi	derbi	d[ɛ]rbi	d[e]rbi	0
derrete	dɨʀetɨ	dɨʀɛtɨ	dɨʀ[e]tɨ	dɨʀ[ɛ]tɨ	0
desaferro	dɨzɐfeʀu	dɨzɐfɛʀu	dɨzɐf[e]ʀu	dɨzɐf[ɛ]ʀu	0
desafetação	dɨzɐfɛtɐsɐ̃w̃	dɨzɐfetɐsɐ̃w̃	dɨzɐf[ɛ]tɐsɐ̃w̃	dɨzɐf[e]tɐsɐ̃w̃	0
desafreguesar	dɨzɐfrɛɡɨzar	dɨzɐfreɡɨzar	dɨzɐfr[ɛ]ɡɨzar	dɨzɐfr[e]ɡɨzar	0
desanexação	dɨzɐnɛksɐsɐ̃w̃	dɨzɐneksɐsɐ̃w̃	dɨzɐn[ɛ]ksɐsɐ̃w̃	dɨzɐn[e]ksɐsɐ̃w̃	0
desaperto	dɨzɐpertu	dɨzɐpɛrtu	dɨzɐp[e]rtu	dɨzɐp[ɛ]rtu	0
desasselvajar	dɨzɐsɛɫvɐʒar	dɨzɐseɫvɐʒar	dɨzɐs[ɛ]ɫvɐʒar	dɨzɐs[e]ɫvɐʒar	0
desassossego	dɨzɐsuseɡu	dɨzɐsusɛɡu	dɨzɐsus[e]ɡu	dɨzɐsus[ɛ]ɡu	0
desaterro	dɨzɐteʀu	dɨzɐtɛʀu	dɨzɐt[e]ʀu	dɨzɐt[ɛ]ʀu	0
desavesso	dɨzɐvesu	dɨzɐvɛsu	dɨzɐv[e]su	dɨzɐv[ɛ]su	0
desbabelização	dɨʒbɐbɛlizɐsɐ̃w̃	dɨʒbɐbelizɐsɐ̃w̃	dɨʒbɐb[ɛ]lizɐsɐ̃w̃	dɨʒbɐb[e]lizɐsɐ̃w̃	0
desbabelizar	dɨʒbɐbɛlizar	dɨʒbɐbelizar	dɨʒbɐb[ɛ]lizar	dɨʒbɐb[e]lizar	0
descabelo	dɨʃkɐbelu	dɨʃkɐbɛlu	dɨʃkɐb[e]lu	dɨʃkɐb[ɛ]lu	0
descarrego	dɨʃkɐʀeɡu	dɨʃkɐʀɛɡu	dɨʃkɐʀ[e]ɡu	dɨʃkɐʀ[ɛ]ɡu	0
descoser	dɨʃkuzer	dɨʃkuzɛr	dɨʃkuz[e]r	dɨʃkuz[ɛ]r	0
desgoverno	dɨʒɡuvernu	dɨʒɡuvɛrnu	dɨʒɡuv[e]rnu	dɨʒɡuv[ɛ]rnu	0
desmazelo	dɨʒmɐzelu	dɨʒmɐzɛlu	dɨʒmɐz[e]lu	dɨʒmɐz[ɛ]lu	0
desmedro	dɨʒmedru	dɨʒmɛdru	dɨʒm[e]dru	dɨʒm[ɛ]dru	0
desmielinização	dɨʒmjɛlinizɐsɐ̃w̃	dɨʒmielinizɐsɐ̃w̃	dɨʒmj[ɛ]linizɐsɐ̃w̃	dɨʒmi[e]linizɐsɐ̃w̃	0
despego	dɨʃpeɡu	dɨʃpɛɡu	dɨʃp[e]ɡu	dɨʃp[ɛ]ɡu	0
despoetização	dɨʃpwɛtizɐsɐ̃w̃	dɨʃpuetizɐsɐ̃w̃	dɨʃpw[ɛ]tizɐsɐ̃w̃	dɨʃpu[e]tizɐsɐ̃w̃	0
despoetizado	dɨʃpwɛtizadu	dɨʃpuetizadu	dɨʃpw[ɛ]tizadu	dɨʃpu[e]tizadu	0
despoetizador	dɨʃpwɛtizɐdor	dɨʃpuetizɐdor	dɨʃpw[ɛ]tizɐdor	dɨʃpu[e]tizɐdor	0
despoetizar	dɨʃpwɛtizar	dɨʃpuetizar	dɨʃpw[ɛ]tizar	dɨʃpu[e]tizar	0
destelo	dɨʃtelu	dɨʃtɛlu	dɨʃt[e]lu	dɨʃt[ɛ]lu	0
desvelo	dɨʒvelu	dɨʒvɛlu	dɨʒv[e]lu	dɨʒv[ɛ]lu	0
didelfo	didɛɫfu	dideɫfu	did[ɛ]ɫfu	did[e]ɫfu	0
diedro	djɛdru	diedru	dj[ɛ]dru	di[e]dru	0
diesel	dizɛɫ	dizeɫ	diz[ɛ]ɫ	diz[e]ɫ	0
dispermo	diʃpɛrmu	diʃpermu	diʃp[ɛ]rmu	diʃp[e]rmu	0
dissaquela	disɐkɛlɐ	disɐkelɐ	disɐk[ɛ]lɐ	disɐk[e]lɐ	0
dissessa	disesɐ	disɛsɐ	dis[e]sɐ	dis[ɛ]sɐ	0
dobermann	dɔbɛrman	dɔbermɐm	dɔb[ɛ]rma[n]	dɔb[e]rmɐ[m]	0
doblete	dubletɨ	dublɛtɨ	dubl[e]tɨ	dubl[ɛ]tɨ	0
doceta	dusetɐ	dusɛtɐ	dus[e]tɐ	dus[ɛ]tɐ	0
dragonete	drɐɡunetɨ	drɐɡunɛtɨ	drɐɡun[e]tɨ	drɐɡun[ɛ]tɨ	0
dreda	drɛdɐ	dredɐ	dr[ɛ]dɐ	dr[e]dɐ	0
drepanócito	drɛpɐnɔsitu	drepɐnɔsitu	dr[ɛ]pɐnɔsitu	dr[e]pɐnɔsitu	0
drepanocitose	drɛpɐnɔsitɔzɨ	drepɐnusitɔzɨ	dr[ɛ]pɐn[ɔ]sitɔzɨ	dr[e]pɐn[u]sitɔzɨ	0
dresdense	drɛʒdẽsɨ	dreʒdẽnsɨ	dr[ɛ]ʒdẽsɨ[]	dr[e]ʒdẽns[ɨ]	0
droguete	druɡetɨ	druɡɛtɨ	druɡ[e]tɨ	druɡ[ɛ]tɨ	0
dupleto	dupletu	duplɛtu	dupl[e]tu	dupl[ɛ]tu	0
ebanista	ɛbɐniʃtɐ	ebɐniʃtɐ	[ɛ]bɐniʃtɐ	[e]bɐniʃtɐ	0
ebanita	ɛbɐnitɐ	ebɐnitɐ	[ɛ]bɐnitɐ	[e]bɐnitɐ	0
ebanite	ɛbɐnitɨ	ebɐnitɨ	[ɛ]bɐnitɨ	[e]bɐnitɨ	0
ebanizar	ɛbɐnizar	ebɐnizar	[ɛ]bɐnizar	[e]bɐnizar	0
ebenáceas	ɛbɨnasjɐʃ	ebɨnasiɐʃ	[ɛ]bɨnas[j]ɐʃ	[e]bɨnas[i]ɐʃ	0
ebenácea	ɛbɨnasjɐ	ebɨnasiɐ	[ɛ]bɨnas[j]ɐ	[e]bɨnas[i]ɐ	0
ebionismo	ɛbjuniʒmu	ebjuniʒmu	[ɛ]bjuniʒmu	[e]bjuniʒmu	0
ebionita	ɛbjunitɐ	ebjunitɐ	[ɛ]bjunitɐ	[e]bjunitɐ	0
ebonite	ɛbunitɨ	ebunitɨ	[ɛ]bunitɨ	[e]bunitɨ	0
eborária	ɛburarjɐ	eburarjɐ	[ɛ]burarjɐ	[e]burarjɐ	0
eborário	ɛburarju	eburarju	[ɛ]burarju	[e]burarju	0
eborense	ɛburẽsɨ	eburẽnsɨ	[ɛ]burẽsɨ[]	[e]burẽns[ɨ]	0
ebóreo	ɛbɔrju	ebɔriw	[ɛ]bɔrj[u]	[e]bɔri[w]	0
ebriático	ɛbrjatiku	ebriatiku	[ɛ]br[j]atiku	[e]br[i]atiku	0
ebriativo	ɛbrjɐtivu	ebriɐtivu	[ɛ]br[j]ɐtivu	[e]br[i]ɐtivu	0
ebriedade	ɛbrjɛdadɨ	ebriɨdadɨ	[ɛ]brj[ɛ]dadɨ	[e]bri[ɨ]dadɨ	0
ebriez	ɛbrjeʃ	ebrieʃ	[ɛ]br[j]eʃ	[e]br[i]eʃ	0
ebrioso	ɛbrjozu	ebriozu	[ɛ]br[j]ozu	[e]br[i]ozu	0
ebrirridente	ɛbriʀidẽtɨ	ebriʀidẽntɨ	[ɛ]briʀidẽtɨ[]	[e]briʀidẽnt[ɨ]	0
eburina	ɛburinɐ	eburinɐ	[ɛ]burinɐ	[e]burinɐ	0
eburnação	ɛburnɐsɐ̃w̃	eburnɐsɐ̃w̃	[ɛ]burnɐsɐ̃w̃	[e]burnɐsɐ̃w̃	0
ebúrneo	ɛburnju	eburniw	[ɛ]burnj[u]	[e]burni[w]	0
eburnite	ɛburnitɨ	eburnitɨ	[ɛ]burnitɨ	[e]burnitɨ	0
ecango	ɛkɐ̃ɡu	ekɐ̃nɡu	[ɛ]kɐ̃[]ɡu	[e]kɐ̃[n]ɡu	0
ecdêmico	ɛkdemiku	ekdemiku	[ɛ]kdemiku	[e]kdemiku	0
ecdémico	ɛkdɛmiku	ekdɛmiku	[ɛ]kdɛmiku	[e]kdɛmiku	0
ecdisona	ɛkdizonɐ	ekdizonɐ	[ɛ]kdizonɐ	[e]kdizonɐ	0
ecdótica	ɛkdɔtikɐ	ekdɔtikɐ	[ɛ]kdɔtikɐ	[e]kdɔtikɐ	0
ecdótico	ɛkdɔtiku	ekdɔtiku	[ɛ]kdɔtiku	[e]kdɔtiku	0
ecfonema	ɛkfunemɐ	ekfunemɐ	[ɛ]kfunemɐ	[e]kfunemɐ	0
ecfráctico	ɛkfratiku	ekfratiku	[ɛ]kfratiku	[e]kfratiku	0
ecfrástico	ɛkfraʃtiku	ekfraʃtiku	[ɛ]kfraʃtiku	[e]kfraʃtiku	0
ecfrático	ɛkfratiku	ekfratiku	[ɛ]kfratiku	[e]kfratiku	0
écharpe	eʃarpɨ	ɛʃɐrpɨ	[e]ʃ[a]rpɨ	[ɛ]ʃ[ɐ]rpɨ	0
echuabo	ɛʃwabu	eʃuabu	[ɛ]ʃ[w]abu	[e]ʃ[u]abu	0
eclogal	ɛkluɡaɫ	ekluɡaɫ	[ɛ]kluɡaɫ	[e]kluɡaɫ	0
ecloguista	ɛkluɡiʃtɐ	ekluɡiʃtɐ	[ɛ]kluɡiʃtɐ	[e]kluɡiʃtɐ	0
ecmnésia	ɛkmnɛzjɐ	ekmnɛzjɐ	[ɛ]kmnɛzjɐ	[e]kmnɛzjɐ	0
ecmofobia	ɛkmɔfubiɐ	ekmufubiɐ	[ɛ]km[ɔ]fubiɐ	[e]km[u]fubiɐ	0
ecocardiografia	ɛkɔkardjuɡrɐfiɐ	ekukɐrdjuɡrɐfiɐ	[ɛ]k[ɔ]k[a]rdjuɡrɐfiɐ	[e]k[u]k[ɐ]rdjuɡrɐfiɐ	0
ecocardiograma	ɛkɔkardjuɡrɐmɐ	ekukɐrdjuɡrɐ̃mɐ	[ɛ]k[ɔ]k[a]rdjuɡrɐ[]mɐ	[e]k[u]k[ɐ]rdjuɡrɐ[̃]mɐ	0
ecocatástrofe	ɛkɔkɐtaʃtrufɨ	ekukɐtaʃtrufɨ	[ɛ]k[ɔ]kɐtaʃtrufɨ	[e]k[u]kɐtaʃtrufɨ	0
ecocentro	ɛkɔsẽtru	ekusẽntru	[ɛ]k[ɔ]sẽtru[]	[e]k[u]sẽntr[u]	0
ecocida	ɛkɔsidɐ	ekusidɐ	[ɛ]k[ɔ]sidɐ	[e]k[u]sidɐ	0
ecocídio	ɛkɔsidju	ekusidju	[ɛ]k[ɔ]sidju	[e]k[u]sidju	0
ecoconsumidor	ɛkɔkõsumidor	ekukõnsumidor	[ɛ]k[ɔ]kõsumidor[]	[e]k[u]kõnsumido[r]	0
ecodesenvolvimento	ɛkɔdɨzẽvoɫvimẽtu	ekudɨzẽnvuɫvimẽntu	[ɛ]k[ɔ]dɨzẽvo[ɫ]vimẽtu[]	[e]k[u]dɨzẽn[]vuɫvimẽnt[u]	0
ecoeficiência	ɛkɔifisjẽsjɐ	ekuefisjẽnsjɐ	[ɛ]kɔ[i]fisjẽsjɐ[]	[e]ku[e]fisjẽnsj[ɐ]	0
ecoempresa	ɛkɔẽprezɐ	ekuẽmprezɐ	[ɛ]kɔẽprezɐ[]	[e]kuẽmprez[ɐ]	0
ecoencefalograma	ɛkɔẽsɛfɐluɡrɐmɐ	ekuẽnsɨfɐluɡrɐ̃mɐ	[ɛ]kɔẽsɛfɐluɡrɐ[m]ɐ[]	[e]kuẽnsɨfɐluɡ[r]ɐ̃m[ɐ]	0
ecoescola	ɛkɔiʃkɔlɐ	ekuɨʃkɔlɐ	[ɛ]kɔ[i]ʃkɔlɐ	[e]ku[ɨ]ʃkɔlɐ	0
ecografia	ɛkɔɡrɐfiɐ	ekuɡrɐfiɐ	[ɛ]k[ɔ]ɡrɐfiɐ	[e]k[u]ɡrɐfiɐ	0
ecográfico	ɛkuɡrafiku	ekuɡrafiku	[ɛ]kuɡrafiku	[e]kuɡrafiku	0
ecógrafo	ɛkɔɡrɐfu	ekɔɡrɐfu	[ɛ]kɔɡrɐfu	[e]kɔɡrɐfu	0
ecograma	ɛkɔɡrɐmɐ	ekuɡrɐ̃mɐ	[ɛ]k[ɔ]ɡrɐ[]mɐ	[e]k[u]ɡrɐ[̃]mɐ	0
ecoico	ɛkɔjku	ekɔjku	[ɛ]kɔjku	[e]kɔjku	0
ecóico	ɛkɔjku	ekɔjku	[ɛ]kɔjku	[e]kɔjku	0
ecolalia	ɛkɔlɐliɐ	ekulɐliɐ	[ɛ]k[ɔ]lɐliɐ	[e]k[u]lɐliɐ	0
ecolálico	ɛkɔlaliku	ekulaliku	[ɛ]k[ɔ]laliku	[e]k[u]laliku	0
ecolocação	ɛkɔlukɐsɐ̃w̃	ekulukɐsɐ̃w̃	[ɛ]k[ɔ]lukɐsɐ̃w̃	[e]k[u]lukɐsɐ̃w̃	0
ecolocador	ɛkɔlukɐdor	ekulukɐdor	[ɛ]k[ɔ]lukɐdor	[e]k[u]lukɐdor	0
ecolocalização	ɛkɔlukɐlizɐsɐ̃w̃	ekulukɐlizɐsɐ̃w̃	[ɛ]k[ɔ]lukɐlizɐsɐ̃w̃	[e]k[u]lukɐlizɐsɐ̃w̃	0
ecolocalizador	ɛkɔlukɐlizɐdor	ekulukɐlizɐdor	[ɛ]k[ɔ]lukɐlizɐdor	[e]k[u]lukɐlizɐdor	0
ecolocalizar	ɛkɔlukɐlizar	ekulukɐlizar	[ɛ]k[ɔ]lukɐlizar	[e]k[u]lukɐlizar	0
ecolocalizável	ɛkɔlukɐlizavɛɫ	ekulukɐlizavɛɫ	[ɛ]k[ɔ]lukɐlizavɛɫ	[e]k[u]lukɐlizavɛɫ	0
ecolocar	ɛkɔlukar	ekulukar	[ɛ]k[ɔ]lukar	[e]k[u]lukar	0
ecolocável	ɛkɔlukavɛɫ	ekulukavɛɫ	[ɛ]k[ɔ]lukavɛɫ	[e]k[u]lukavɛɫ	0
ecologia	ɛkuluʒiɐ	ekuluʒiɐ	[ɛ]kuluʒiɐ	[e]kuluʒiɐ	0
ecológico	ɛkulɔʒiku	ekulɔʒiku	[ɛ]kulɔʒiku	[e]kulɔʒiku	0
ecologista	ɛkuluʒiʃtɐ	ekuluʒiʃtɐ	[ɛ]kuluʒiʃtɐ	[e]kuluʒiʃtɐ	0
ecólogo	ɛkɔluɡu	ekɔluɡu	[ɛ]kɔluɡu	[e]kɔluɡu	0
ecometria	ɛkɔmɨtriɐ	ekumɨtriɐ	[ɛ]k[ɔ]mɨtriɐ	[e]k[u]mɨtriɐ	0
ecométrico	ɛkɔmɛtriku	ekumɛtriku	[ɛ]k[ɔ]mɛtriku	[e]k[u]mɛtriku	0
ecômetro	ɛkomɨtru	ekomɨtru	[ɛ]komɨtru	[e]komɨtru	0
ecómetro	ɛkɔmɨtru	ekɔmɨtru	[ɛ]kɔmɨtru	[e]kɔmɨtru	0
ecomimia	ɛkɔmimiɐ	ekumimiɐ	[ɛ]k[ɔ]mimiɐ	[e]k[u]mimiɐ	0
ecopista	ɛkɔpiʃtɐ	ekupiʃtɐ	[ɛ]k[ɔ]piʃtɐ	[e]k[u]piʃtɐ	0
ecoponto	ɛkɔpõtu	ekupõntu	[ɛ]k[ɔ]põtu[]	[e]k[u]põnt[u]	0
ecopraxia	ɛkɔpraksiɐ	ekuprɐsiɐ	[ɛ]k[ɔ]pra[k]siɐ	[e]k[u]prɐ[]siɐ	0
ecoproduto	ɛkɔprudutu	ekuprudutu	[ɛ]k[ɔ]prudutu	[e]k[u]prudutu	0
ecosfera	ɛkɔʃfɛrɐ	ekuʃfɛrɐ	[ɛ]k[ɔ]ʃfɛrɐ	[e]k[u]ʃfɛrɐ	0
ecosférico	ɛkɔʃfɛriku	ekuʃfɛriku	[ɛ]k[ɔ]ʃfɛriku	[e]k[u]ʃfɛriku	0
ecossistema	ɛkɔsiʃtemɐ	ekusiʃtemɐ	[ɛ]k[ɔ]siʃtemɐ	[e]k[u]siʃtemɐ	0
ecotaxa	ɛkɔtaʃɐ	ekutaʃɐ	[ɛ]k[ɔ]taʃɐ	[e]k[u]taʃɐ	0
ecótipo	ɛkɔtipu	ekɔtipu	[ɛ]kɔtipu	[e]kɔtipu	0
ecotonal	ɛkɔtunaɫ	ekutunaɫ	[ɛ]k[ɔ]tunaɫ	[e]k[u]tunaɫ	0
ecótono	ɛkɔtunu	ekɔtunu	[ɛ]kɔtunu	[e]kɔtunu	0
ecotoxicidade	ɛkɔtɔksisidadɨ	ekutuksisidadɨ	[ɛ]k[ɔ]t[ɔ]ksisidadɨ	[e]k[u]t[u]ksisidadɨ	0
ecotoxicologia	ɛkɔtɔksikuluʒiɐ	ekutuksikuluʒiɐ	[ɛ]k[ɔ]t[ɔ]ksikuluʒiɐ	[e]k[u]t[u]ksikuluʒiɐ	0
ecotoxicológico	ɛkɔtɔksikulɔʒiku	ekutuksikulɔʒiku	[ɛ]k[ɔ]t[ɔ]ksikulɔʒiku	[e]k[u]t[u]ksikulɔʒiku	0
ecotóxico	ɛkɔtɔksiku	ekutɔksiku	[ɛ]k[ɔ]tɔksiku	[e]k[u]tɔksiku	0
ecoturismo	ɛkɔturiʒmu	ekuturiʒmu	[ɛ]k[ɔ]turiʒmu	[e]k[u]turiʒmu	0
ecoturista	ɛkɔturiʃtɐ	ekuturiʃtɐ	[ɛ]k[ɔ]turiʃtɐ	[e]k[u]turiʃtɐ	0
ecoturístico	ɛkɔturiʃtiku	ekuturiʃtiku	[ɛ]k[ɔ]turiʃtiku	[e]k[u]turiʃtiku	0
ecplexia	ɛkplɛksiɐ	ekplɨksiɐ	[ɛ]kpl[ɛ]ksiɐ	[e]kpl[ɨ]ksiɐ	0
ecúleo	ɛkulju	ekuliw	[ɛ]kulj[u]	[e]kuli[w]	0
ecúmena	ɛkumɨnɐ	ekumɨnɐ	[ɛ]kumɨnɐ	[e]kumɨnɐ	0
eczematiforme	ɛkzemɐtifɔrmɨ	ekzɨmɐtifɔrmɨ	[ɛ]kz[e]mɐtifɔrmɨ	[e]kz[ɨ]mɐtifɔrmɨ	0
eczematização	ɛkzɨmɐtizɐsɐ̃w̃	ekzɨmɐtizɐsɐ̃w̃	[ɛ]kzɨmɐtizɐsɐ̃w̃	[e]kzɨmɐtizɐsɐ̃w̃	0
eczematoso	ɛkzemɐtozu	ekzɨmɐtozu	[ɛ]kz[e]mɐtozu	[e]kz[ɨ]mɐtozu	0
eczema	ɛkzemɐ	ekzemɐ	[ɛ]kzemɐ	[e]kzemɐ	0
edelvaisse	ɛdɛɫvajsɨ	edɨɫvajsɨ	[ɛ]d[ɛ]ɫvajsɨ	[e]d[ɨ]ɫvajsɨ	0
edênico	ɛdeniku	edeniku	[ɛ]deniku	[e]deniku	0
edénico	ɛdɛniku	edɛniku	[ɛ]dɛniku	[e]dɛniku	0
edenismo	ɛdɨniʒmu	edɨniʒmu	[ɛ]dɨniʒmu	[e]dɨniʒmu	0
edenita	ɛdɨnitɐ	edɨnitɐ	[ɛ]dɨnitɐ	[e]dɨnitɐ	0
edenite	ɛdɨnitɨ	edɨnitɨ	[ɛ]dɨnitɨ	[e]dɨnitɨ	0
edeoblenorragia	ɛdjɔblɛnɔʀɐʒiɐ	ediublɨnuʀɐʒiɐ	[ɛ]dj[ɔ]bl[ɛ]n[ɔ]ʀɐʒiɐ	[e]di[u]bl[ɨ]n[u]ʀɐʒiɐ	0
edeoblenorreia	ɛdjɔblɨnuʀɐjɐ	ediublɨnuʀɛjɐ	[ɛ]dj[ɔ]blɨnuʀ[ɐ]jɐ	[e]di[u]blɨnuʀ[ɛ]jɐ	0
edeoblenorréia	ɛdjɔblɨnuʀɐjɐ	ediublɨnuʀɛjɐ	[ɛ]dj[ɔ]blɨnuʀ[ɐ]jɐ	[e]di[u]blɨnuʀ[ɛ]jɐ	0
edeografia	ɛdjɔɡrɐfiɐ	ediuɡrɐfiɐ	[ɛ]dj[ɔ]ɡrɐfiɐ	[e]di[u]ɡrɐfiɐ	0
edeologia	ɛdjuluʒiɐ	ediuluʒiɐ	[ɛ]d[j]uluʒiɐ	[e]d[i]uluʒiɐ	0
edeológico	ɛdjulɔʒiku	ediulɔʒiku	[ɛ]d[j]ulɔʒiku	[e]d[i]ulɔʒiku	0
edeomania	ɛdjɔmɐniɐ	ediumɐniɐ	[ɛ]dj[ɔ]mɐniɐ	[e]di[u]mɐniɐ	0
edeoscopia	ɛdjɔʃkupiɐ	ediuʃkupiɐ	[ɛ]dj[ɔ]ʃkupiɐ	[e]di[u]ʃkupiɐ	0
edeoscópico	ɛdjɔʃkɔpiku	ediuʃkɔpiku	[ɛ]dj[ɔ]ʃkɔpiku	[e]di[u]ʃkɔpiku	0
edeotomia	ɛdjɔtumiɐ	ediutumiɐ	[ɛ]dj[ɔ]tumiɐ	[e]di[u]tumiɐ	0
edeotômico	ɛdjɔtomiku	ediutomiku	[ɛ]dj[ɔ]tomiku	[e]di[u]tomiku	0
edeotómico	ɛdjɔtɔmiku	ediutɔmiku	[ɛ]dj[ɔ]tɔmiku	[e]di[u]tɔmiku	0
edícula	ɛdikulɐ	edikulɐ	[ɛ]dikulɐ	[e]dikulɐ	0
edipiano	ɛdipjɐnu	edipiɐ̃nu	[ɛ]dip[j]ɐ[]nu	[e]dip[i]ɐ[̃]nu	0
edípico	ɛdipiku	edipiku	[ɛ]dipiku	[e]dipiku	0
edível	ɛdivɛɫ	edivɛɫ	[ɛ]divɛɫ	[e]divɛɫ	0
edredão	ɛdrɨdɐ̃w̃	edrɨdɐ̃w̃	[ɛ]drɨdɐ̃w̃	[e]drɨdɐ̃w̃	0
edredom	ɛdrɨdõ	edrɨdõm	[ɛ]drɨdõ[]	[e]drɨdõ[m]	0
edrioasteroides	ɛdrjɔɐʃtɨrɔjdɨʃ	edriuɐʃtɨrɔjdɨʃ	[ɛ]drj[ɔ]ɐʃtɨrɔjdɨʃ	[e]dri[u]ɐʃtɨrɔjdɨʃ	0
edrioasteróides	ɛdrjɔɐʃtɨrɔjdɨʃ	edriuɐʃtɨrɔjdɨʃ	[ɛ]drj[ɔ]ɐʃtɨrɔjdɨʃ	[e]dri[u]ɐʃtɨrɔjdɨʃ	0
edule	ɛdulɨ	edulɨ	[ɛ]dulɨ	[e]dulɨ	0
egocêntrico	ɛɡɔsẽtriku	eɡusẽntriku	[ɛ]ɡ[ɔ]sẽtriku[]	[e]ɡ[u]sẽntrik[u]	0
egocentrismo	ɛɡɔsẽtriʒmu	eɡusẽntriʒmu	[ɛ]ɡ[ɔ]sẽtriʒmu[]	[e]ɡ[u]sẽntriʒm[u]	0
egocentrista	ɛɡɔsẽtriʃtɐ	eɡusẽntriʃtɐ	[ɛ]ɡ[ɔ]sẽtriʃtɐ[]	[e]ɡ[u]sẽntriʃt[ɐ]	0
egofagia	ɛɡɔfɐʒiɐ	eɡufɐʒiɐ	[ɛ]ɡ[ɔ]fɐʒiɐ	[e]ɡ[u]fɐʒiɐ	0
egofonia	ɛɡɔfuniɐ	eɡufuniɐ	[ɛ]ɡ[ɔ]funiɐ	[e]ɡ[u]funiɐ	0
ególatra	ɛɡɔlɐtrɐ	eɡɔlɐtrɐ	[ɛ]ɡɔlɐtrɐ	[e]ɡɔlɐtrɐ	0
egolatria	ɛɡɔlɐtriɐ	eɡulɐtriɐ	[ɛ]ɡ[ɔ]lɐtriɐ	[e]ɡ[u]lɐtriɐ	0
egolátrico	ɛɡɔlatriku	eɡulatriku	[ɛ]ɡ[ɔ]latriku	[e]ɡ[u]latriku	0
egotismo	ɛɡɔtiʒmu	eɡutiʒmu	[ɛ]ɡ[ɔ]tiʒmu	[e]ɡ[u]tiʒmu	0
egotista	ɛɡɔtiʃtɐ	eɡutiʃtɐ	[ɛ]ɡ[ɔ]tiʃtɐ	[e]ɡ[u]tiʃtɐ	0
egotístico	ɛɡɔtiʃtiku	eɡutiʃtiku	[ɛ]ɡ[ɔ]tiʃtiku	[e]ɡ[u]tiʃtiku	0
eguada	ɛɡwadɐ	eɡwadɐ	[ɛ]ɡwadɐ	[e]ɡwadɐ	0
eguariço	ɛɡwɐrisu	eɡwɐrisu	[ɛ]ɡwɐrisu	[e]ɡwɐrisu	0
eka-alumínio	ɛkaluminju	ekɐɐluminju	[ɛ]ka[]luminju	[e]kɐ[ɐ]luminju	0
eka-boro	ɛkɐbɔru	ekɐbɔru	[ɛ]kɐbɔru	[e]kɐbɔru	0
ekaboro	ɛkɐbɔru	ekɐbɔru	[ɛ]kɐbɔru	[e]kɐbɔru	0
eka-césio	ɛkɐsɛzju	ekɐsɛzju	[ɛ]kɐsɛzju	[e]kɐsɛzju	0
ekacésio	ɛkɐsɛzju	ekɐsɛzju	[ɛ]kɐsɛzju	[e]kɐsɛzju	0
eka-iodo	ɛkɐjodu	ekɐiodu	[ɛ]kɐ[j]odu	[e]kɐ[i]odu	0
ekaiodo	ɛkɐjodu	ekɐjɔdu	[ɛ]kɐj[o]du	[e]kɐj[ɔ]du	0
eka-manganésio	ɛkɐmɐ̃ɡɐnɛzju	ekɐmɐ̃nɡɐnɛzju	[ɛ]kɐmɐ̃[]ɡɐnɛzju	[e]kɐmɐ̃[n]ɡɐnɛzju	0
ekamanganésio	ɛkɐmɐ̃ɡɐnɛzju	ekɐmɐ̃nɡɐnɛzju	[ɛ]kɐmɐ̃[]ɡɐnɛzju	[e]kɐmɐ̃[n]ɡɐnɛzju	0
eka-silício	ɛkɐsilisju	ekɐsilisju	[ɛ]kɐsilisju	[e]kɐsilisju	0
ekassilício	ɛkɐsilisju	ekɐsilisju	[ɛ]kɐsilisju	[e]kɐsilisju	0
eldorado	ɛɫdoradu	eɫduradu	[ɛ]ɫd[o]radu	[e]ɫd[u]radu	0
eleagnáceas	ɛljɐɡnasjɐʃ	eliɐɡnasiɐʃ	[ɛ]l[j]ɐɡnas[j]ɐʃ	[e]l[i]ɐɡnas[i]ɐʃ	0
eleagnácea	ɛljɐɡnasjɐ	eliɐɡnasiɐ	[ɛ]l[j]ɐɡnas[j]ɐ	[e]l[i]ɐɡnas[i]ɐ	0
eleágneas	ɛljaɡnjɐʃ	elɨaɡniɐʃ	[ɛ]l[j]aɡn[j]ɐʃ	[e]l[ɨ]aɡn[i]ɐʃ	0
eleágnea	ɛljaɡnjɐ	elɨaɡniɐ	[ɛ]l[j]aɡn[j]ɐ	[e]l[ɨ]aɡn[i]ɐ	0
eleagno	ɛljaɡnu	eliaɡnu	[ɛ]l[j]aɡnu	[e]l[i]aɡnu	0
eleata	ɛljatɐ	eliatɐ	[ɛ]l[j]atɐ	[e]l[i]atɐ	0
eleático	ɛljatiku	elɨatiku	[ɛ]l[j]atiku	[e]l[ɨ]atiku	0
eleatismo	ɛljɐtiʒmu	eliɐtiʒmu	[ɛ]l[j]ɐtiʒmu	[e]l[i]ɐtiʒmu	0
eleidina	ɛlɐjdinɐ	elɐjdinɐ	[ɛ]lɐjdinɐ	[e]lɐjdinɐ	0
eleídrico	ɛlɐidriku	elɨidriku	[ɛ]l[ɐ]idriku	[e]l[ɨ]idriku	0
elemicina	ɛlɨmisinɐ	elɨmisinɐ	[ɛ]lɨmisinɐ	[e]lɨmisinɐ	0
elêmico	ɛlemiku	elemiku	[ɛ]lemiku	[e]lemiku	0
elémico	ɛlɛmiku	elɛmiku	[ɛ]lɛmiku	[e]lɛmiku	0
elemieira	ɛlɨmjɐjrɐ	elɨmiɐjrɐ	[ɛ]lɨm[j]ɐjrɐ	[e]lɨm[i]ɐjrɐ	0
elemina	ɛlɨminɐ	elɨminɐ	[ɛ]lɨminɐ	[e]lɨminɐ	0
elemi	ɛlɨmi	elɨmi	[ɛ]lɨmi	[e]lɨmi	0
eleoceróleo	ɛljɔsɨrɔlju	eliusɨrɔliw	[ɛ]lj[ɔ]sɨrɔlj[u]	[e]li[u]sɨrɔli[w]	0
eleodendro	ɛljɔdẽdru	eliudẽndru	[ɛ]lj[ɔ]dẽdru[]	[e]li[u]dẽndr[u]	0
eleófago	ɛljɔfɐɡu	elɨɔfɐɡu	[ɛ]l[j]ɔfɐɡu	[e]l[ɨ]ɔfɐɡu	0
eleóleo	ɛljɔlju	elɨɔliw	[ɛ]l[j]ɔlj[u]	[e]l[ɨ]ɔli[w]	0
eleólico	ɛljɔliku	elɨɔliku	[ɛ]l[j]ɔliku	[e]l[ɨ]ɔliku	0
eleólito	ɛljɔlitu	elɨɔlitu	[ɛ]l[j]ɔlitu	[e]l[ɨ]ɔlitu	0
eleômetro	ɛljomɨtru	elɨomɨtru	[ɛ]l[j]omɨtru	[e]l[ɨ]omɨtru	0
eleómetro	ɛljɔmɨtru	elɨɔmɨtru	[ɛ]l[j]ɔmɨtru	[e]l[ɨ]ɔmɨtru	0
eleopatia	ɛljɔpɐtiɐ	eliupɐtiɐ	[ɛ]lj[ɔ]pɐtiɐ	[e]li[u]pɐtiɐ	0
eleúria	ɛljurjɐ	eliurjɐ	[ɛ]l[j]urjɐ	[e]l[i]urjɐ	0
eleúrico	ɛljuriku	eliuriku	[ɛ]l[j]uriku	[e]l[i]uriku	0
elfa	ɛɫfɐ	eɫfɐ	[ɛ]ɫfɐ	[e]ɫfɐ	0
elfo	ɛɫfu	eɫfu	[ɛ]ɫfu	[e]ɫfu	0
elidense	ɛlidẽsɨ	elidẽnsɨ	[ɛ]lidẽsɨ[]	[e]lidẽns[ɨ]	0
elite	ɛlitɨ	elitɨ	[ɛ]litɨ	[e]litɨ	0
elitismo	ɛlitiʒmu	elitiʒmu	[ɛ]litiʒmu	[e]litiʒmu	0
elitista	ɛlitiʃtɐ	elitiʃtɐ	[ɛ]litiʃtɐ	[e]litiʃtɐ	0
elitístico	ɛlitiʃtiku	elitiʃtiku	[ɛ]litiʃtiku	[e]litiʃtiku	0
elitizável	ɛlitizavɛɫ	elitizavɛɫ	[ɛ]litizavɛɫ	[e]litizavɛɫ	0
elitrópteros	ɛlitrɔptɨruʃ	elitrɔptɨruʃ	[ɛ]litrɔptɨruʃ	[e]litrɔptɨruʃ	0
elitrorragia	ɛlitrɔʀɐʒiɐ	elitruʀɐʒiɐ	[ɛ]litr[ɔ]ʀɐʒiɐ	[e]litr[u]ʀɐʒiɐ	0
elitrorreia	ɛlitrɔʀɐjɐ	elitruʀɛjɐ	[ɛ]litr[ɔ]ʀ[ɐ]jɐ	[e]litr[u]ʀ[ɛ]jɐ	0
elitrorréia	ɛlitrɔʀɐjɐ	elitruʀɛjɐ	[ɛ]litr[ɔ]ʀ[ɐ]jɐ	[e]litr[u]ʀ[ɛ]jɐ	0
elixar	ɛliksar	eliksar	[ɛ]liksar	[e]liksar	0
elmanismo	ɛɫmɐniʒmu	eɫmɐniʒmu	[ɛ]ɫmɐniʒmu	[e]ɫmɐniʒmu	0
elmanista	ɛɫmɐniʃtɐ	eɫmɐniʃtɐ	[ɛ]ɫmɐniʃtɐ	[e]ɫmɐniʃtɐ	0
elmo	ɛɫmu	eɫmu	[ɛ]ɫmu	[e]ɫmu	0
elpiniano	ɛɫpinjɐnu	eɫpiniɐ̃nu	[ɛ]ɫpin[j]ɐ[]nu	[e]ɫpin[i]ɐ[̃]nu	0
el-rei	ɛɫʀɐj	eɫʀɐj	[ɛ]ɫʀɐj	[e]ɫʀɐj	0
elurofilia	ɛlurɔfiliɐ	elurufiliɐ	[ɛ]lur[ɔ]filiɐ	[e]lur[u]filiɐ	0
elurofílico	ɛlurɔfiliku	elurufiliku	[ɛ]lur[ɔ]filiku	[e]lur[u]filiku	0
elurofobia	ɛlurɔfubiɐ	elurufubiɐ	[ɛ]lur[ɔ]fubiɐ	[e]lur[u]fubiɐ	0
elurofóbico	ɛlurɔfɔbiku	elurufɔbiku	[ɛ]lur[ɔ]fɔbiku	[e]lur[u]fɔbiku	0
elurófobo	ɛlurɔfubu	elurɔfubu	[ɛ]lurɔfubu	[e]lurɔfubu	0
elvense	ɛɫvẽsɨ	eɫvẽnsɨ	[ɛ]ɫvẽsɨ[]	[e]ɫvẽns[ɨ]	0
elzeviriano	ɛɫzɨvirjɐnu	eɫzɨviriɐ̃nu	[ɛ]ɫzɨvir[j]ɐ[]nu	[e]ɫzɨvir[i]ɐ[̃]nu	0
elzevir	ɛɫzɨvir	eɫzɨvir	[ɛ]ɫzɨvir	[e]ɫzɨvir	0
el	ɛɫ	eɫ	[ɛ]ɫ	[e]ɫ	0
emedebista	ɛmɨdebiʃtɐ	emɨdɨbiʃtɐ	[ɛ]mɨd[e]biʃtɐ	[e]mɨd[ɨ]biʃtɐ	0
emetofobia	ɛmɛtɔfubiɐ	emɨtufubiɐ	[ɛ]m[ɛ]t[ɔ]fubiɐ	[e]m[ɨ]t[u]fubiɐ	0
eme	ɛmɨ	emɨ	[ɛ]mɨ	[e]mɨ	0
emscheriano	ɛmʃɨrjɐnu	emʃɨriɐ̃nu	[ɛ]mʃɨr[j]ɐ[]nu	[e]mʃɨr[i]ɐ[̃]nu	0
enágua	ɛnaɡwɐ	enaɡwɐ	[ɛ]naɡwɐ	[e]naɡwɐ	0
enantiomórfico	ɛnɐ̃tjɔmɔrfiku	enɐ̃ntiumɔrfiku	[ɛ]nɐ̃[]tj[ɔ]mɔrfiku	[e]nɐ̃[n]ti[u]mɔrfiku	0
enantiomorfismo	ɛnɐ̃tjɔmurfiʒmu	enɐ̃ntiumurfiʒmu	[ɛ]nɐ̃[]tj[ɔ]murfiʒmu	[e]nɐ̃[n]ti[u]murfiʒmu	0
enantiotrópico	ɛnɐ̃tjɔtrɔpiku	enɐ̃ntiutrɔpiku	[ɛ]nɐ̃[]tj[ɔ]trɔpiku	[e]nɐ̃[n]ti[u]trɔpiku	0
ena	ɛnɐ	enɐ	[ɛ]nɐ	[e]nɐ	0
eneacampeão	ɛnjɐkɐ̃pjɐ̃w̃	eniɐkɐ̃mpiɐ̃w̃	[ɛ]n[j]ɐkɐ̃[]p[j]ɐ̃w̃	[e]n[i]ɐkɐ̃[m]p[i]ɐ̃w̃	0
eneacampeonato	ɛnjɐkɐ̃pjunatu	eniɐkɐ̃mpiunatu	[ɛ]n[j]ɐkɐ̃[]p[j]unatu	[e]n[i]ɐkɐ̃[m]p[i]unatu	0
eneágino	ɛnjaʒinu	enɨaʒinu	[ɛ]n[j]aʒinu	[e]n[ɨ]aʒinu	0
eneagonal	ɛnjɐɡunaɫ	eniɐɡunaɫ	[ɛ]n[j]ɐɡunaɫ	[e]n[i]ɐɡunaɫ	0
eneágono	ɛnjaɡunu	enɨaɡunu	[ɛ]n[j]aɡunu	[e]n[ɨ]aɡunu	0
eneagrama	ɛnjɐɡrɐmɐ	eniɐɡrɐ̃mɐ	[ɛ]n[j]ɐɡrɐ[]mɐ	[e]n[i]ɐɡrɐ[̃]mɐ	0
eneandria	ɛnjɐ̃driɐ	eniɐ̃ndriɐ	[ɛ]n[j]ɐ̃[]driɐ	[e]n[i]ɐ̃[n]driɐ	0
eneândria	ɛnjɐ̃drjɐ	enɨɐ̃ndriɐ	[ɛ]n[j]ɐ̃[]dr[j]ɐ	[e]n[ɨ]ɐ̃[n]dr[i]ɐ	0
eneandro	ɛnjɐ̃dru	eniɐ̃ndru	[ɛ]n[j]ɐ̃[]dru	[e]n[i]ɐ̃[n]dru	0
eneapétalo	ɛnjɐpɛtɐlu	eniɐpɛtɐlu	[ɛ]n[j]ɐpɛtɐlu	[e]n[i]ɐpɛtɐlu	0
eneassépalo	ɛnjɐsɛpɐlu	eniɐsɛpɐlu	[ɛ]n[j]ɐsɛpɐlu	[e]n[i]ɐsɛpɐlu	0
eneassilábico	ɛnjɐsilabiku	eniɐsilabiku	[ɛ]n[j]ɐsilabiku	[e]n[i]ɐsilabiku	0
eneassílabo	ɛnjɐsilɐbu	eniɐsilɐbu	[ɛ]n[j]ɐsilɐbu	[e]n[i]ɐsilɐbu	0
enense	ɛnẽsɨ	enẽnsɨ	[ɛ]nẽsɨ[]	[e]nẽns[ɨ]	0
eneolítico	ɛnɛɔlitiku	eniulitiku	[ɛ]nɛ[ɔ]litiku	[e]ni[u]litiku	0
ene	ɛnɨ	enɨ	[ɛ]nɨ	[e]nɨ	0
eniane	ɛnjɐnɨ	eniɐ̃nɨ	[ɛ]n[j]ɐ[]nɨ	[e]n[i]ɐ[̃]nɨ	0
enícola	ɛnikulɐ	enikulɐ	[ɛ]nikulɐ	[e]nikulɐ	0
enídride	ɛnidridɨ	enidridɨ	[ɛ]nidridɨ	[e]nidridɨ	0
enofilia	ɛnɔfiliɐ	enufiliɐ	[ɛ]n[ɔ]filiɐ	[e]n[u]filiɐ	0
enófilo	ɛnɔfilu	enɔfilu	[ɛ]nɔfilu	[e]nɔfilu	0
enofobia	ɛnɔfubiɐ	enufubiɐ	[ɛ]n[ɔ]fubiɐ	[e]n[u]fubiɐ	0
enófobo	ɛnɔfubu	enɔfubu	[ɛ]nɔfubu	[e]nɔfubu	0
enóforo	ɛnɔfuru	enɔfuru	[ɛ]nɔfuru	[e]nɔfuru	0
enoftalmia	ɛnɔftaɫmiɐ	enuftaɫmiɐ	[ɛ]n[ɔ]ftaɫmiɐ	[e]n[u]ftaɫmiɐ	0
enoftálmico	ɛnɔftaɫmiku	enuftaɫmiku	[ɛ]n[ɔ]ftaɫmiku	[e]n[u]ftaɫmiku	0
enografia	ɛnuɡrɐfiɐ	enuɡrɐfiɐ	[ɛ]nuɡrɐfiɐ	[e]nuɡrɐfiɐ	0
enográfico	ɛnuɡrafiku	enuɡrafiku	[ɛ]nuɡrafiku	[e]nuɡrafiku	0
enógrafo	ɛnɔɡrɐfu	enɔɡrɐfu	[ɛ]nɔɡrɐfu	[e]nɔɡrɐfu	0
enóleo	ɛnɔlju	enɔliw	[ɛ]nɔlj[u]	[e]nɔli[w]	0
enólico	ɛnɔliku	enɔliku	[ɛ]nɔliku	[e]nɔliku	0
enolina	ɛnulinɐ	enulinɐ	[ɛ]nulinɐ	[e]nulinɐ	0
enolismo	ɛnuliʒmu	enuliʒmu	[ɛ]nuliʒmu	[e]nuliʒmu	0
enologia	ɛnuluʒiɐ	enuluʒiɐ	[ɛ]nuluʒiɐ	[e]nuluʒiɐ	0
enológico	ɛnulɔʒiku	enulɔʒiku	[ɛ]nulɔʒiku	[e]nulɔʒiku	0
enologista	ɛnuluʒiʃtɐ	enuluʒiʃtɐ	[ɛ]nuluʒiʃtɐ	[e]nuluʒiʃtɐ	0
enólogo	ɛnɔluɡu	enɔluɡu	[ɛ]nɔluɡu	[e]nɔluɡu	0
enomancia	ɛnɔmɐ̃siɐ	enumɐ̃nsiɐ	[ɛ]n[ɔ]mɐ̃[]siɐ	[e]n[u]mɐ̃[n]siɐ	0
enomania	ɛnɔmɐniɐ	enumɐniɐ	[ɛ]n[ɔ]mɐniɐ	[e]n[u]mɐniɐ	0
enomel	ɛnɔmɛɫ	enumɛɫ	[ɛ]n[ɔ]mɛɫ	[e]n[u]mɛɫ	0
enometria	ɛnɔmɨtriɐ	enumɨtriɐ	[ɛ]n[ɔ]mɨtriɐ	[e]n[u]mɨtriɐ	0
enométrico	ɛnumɛtriku	enumɛtriku	[ɛ]numɛtriku	[e]numɛtriku	0
enômetro	ɛnomɨtru	enomɨtru	[ɛ]nomɨtru	[e]nomɨtru	0
enómetro	ɛnɔmɨtru	enɔmɨtru	[ɛ]nɔmɨtru	[e]nɔmɨtru	0
enoteca	ɛnɔtɛkɐ	enutɛkɐ	[ɛ]n[ɔ]tɛkɐ	[e]n[u]tɛkɐ	0
enotecnia	ɛnɔtɛkniɐ	enutɛkniɐ	[ɛ]n[ɔ]tɛkniɐ	[e]n[u]tɛkniɐ	0
enotécnico	ɛnɔtɛkniku	enutɛkniku	[ɛ]n[ɔ]tɛkniku	[e]n[u]tɛkniku	0
enotera	enutɛrɐ	enuterɐ	enut[ɛ]rɐ	enut[e]rɐ	0
enotermo	ɛnɔtɛrmu	enutermu	[ɛ]n[ɔ]t[ɛ]rmu	[e]n[u]t[e]rmu	0
eólico	ɛɔliku	eɔliku	[ɛ]ɔliku	[e]ɔliku	0
eólio	ɛɔlju	eɔlju	[ɛ]ɔlju	[e]ɔlju	0
eólito	ɛɔlitu	eɔlitu	[ɛ]ɔlitu	[e]ɔlitu	0
eôo	ɛou	eow	[ɛ]o[u]	[e]o[w]	0
epacridáceas	ɛpɐkridasjɐʃ	epɐkridasiɐʃ	[ɛ]pɐkridas[j]ɐʃ	[e]pɐkridas[i]ɐʃ	0
epacridácea	ɛpɐkridasjɐ	epɐkridasiɐ	[ɛ]pɐkridas[j]ɐ	[e]pɐkridas[i]ɐ	0
epácrida	ɛpakridɐ	epakridɐ	[ɛ]pakridɐ	[e]pakridɐ	0
epacrídeas	ɛpɐkridjɐʃ	epɐkridiɐʃ	[ɛ]pɐkrid[j]ɐʃ	[e]pɐkrid[i]ɐʃ	0
epacrídea	ɛpɐkridjɐ	epɐkridiɐ	[ɛ]pɐkrid[j]ɐ	[e]pɐkrid[i]ɐ	0
epanalepse	epɐnɐlɛpsɨ	epɐnɐlepsɨ	epɐnɐl[ɛ]psɨ	epɐnɐl[e]psɨ	0
epia	ɛpjɐ	epiɐ	[ɛ]p[j]ɐ	[e]p[i]ɐ	0
epiblástico	ɛpiblaʃtiku	epiblaʃtiku	[ɛ]piblaʃtiku	[e]piblaʃtiku	0
epiblasto	ɛpiblaʃtu	epiblaʃtu	[ɛ]piblaʃtu	[e]piblaʃtu	0
epicostal	ɛpikuʃtaɫ	epikuʃtaɫ	[ɛ]pikuʃtaɫ	[e]pikuʃtaɫ	0
epileptiforme	epilɛptifɔrmɨ	epileptifɔrmɨ	epil[ɛ]ptifɔrmɨ	epil[e]ptifɔrmɨ	0
epilinguístico	ɛpilĩɡwiʃtiku	epilĩnɡwiʃtiku	[ɛ]pilĩɡwiʃ[t]iku[]	[e]pilĩnɡw[]iʃtik[u]	0
epipleural	ɛpiplewraɫ	epiplewraɫ	[ɛ]piplewraɫ	[e]piplewraɫ	0
epirense	ɛpirẽsɨ	epirẽnsɨ	[ɛ]pirẽsɨ[]	[e]pirẽns[ɨ]	0
epissilogístico	ɛpisiluʒiʃtiku	episiluʒiʃtiku	[ɛ]pisiluʒiʃtiku	[e]pisiluʒiʃtiku	0
epivertebral	ɛpivɨrtɨbraɫ	epivertɨbraɫ	[ɛ]piv[ɨ]rtɨbraɫ	[e]piv[e]rtɨbraɫ	0
epocal	ɛpukaɫ	epukaɫ	[ɛ]pukaɫ	[e]pukaɫ	0
eporense	ɛpurẽsɨ	epurẽnsɨ	[ɛ]purẽsɨ[]	[e]purẽns[ɨ]	0
epóxido	ɛpɔksidu	epɔksidu	[ɛ]pɔksidu	[e]pɔksidu	0
epóxi	ɛpɔksi	epɔksi	[ɛ]pɔksi	[e]pɔksi	0
equeso	ɛkezu	ekezu	[ɛ]kezu	[e]kezu	0
equinácea	ɛkinasjɐ	ekwinasiɐ	[ɛ]k[]inas[j]ɐ	[e]k[w]inas[i]ɐ	0
eqüisseto	ekwisetu	ekwisɛtu	ekwis[e]tu	ekwis[ɛ]tu	0
erário	ɛrarju	erarju	[ɛ]rarju	[e]rarju	0
ergastenia	ɛrɡɐʃtɨniɐ	erɡɐʃtɨniɐ	[ɛ]rɡɐʃtɨniɐ	[e]rɡɐʃtɨniɐ	0
ergastênico	ɛrɡɐʃteniku	erɡɐʃteniku	[ɛ]rɡɐʃteniku	[e]rɡɐʃteniku	0
ergasténico	ɛrɡɐʃtɛniku	erɡɐʃtɛniku	[ɛ]rɡɐʃtɛniku	[e]rɡɐʃtɛniku	0
ergastoplasma	ɛrɡaʃtɔplaʒmɐ	erɡɐʃtuplaʒmɐ	[ɛ]rɡ[a]ʃt[ɔ]plaʒmɐ	[e]rɡ[ɐ]ʃt[u]plaʒmɐ	0
ergastulário	ɛrɡɐʃtularju	erɡɐʃtularju	[ɛ]rɡɐʃtularju	[e]rɡɐʃtularju	0
ergástulo	ɛrɡaʃtulu	erɡaʃtulu	[ɛ]rɡaʃtulu	[e]rɡaʃtulu	0
ergavicense	ɛrɡɐvisẽsɨ	erɡɐvisẽnsɨ	[ɛ]rɡɐvisẽsɨ[]	[e]rɡɐvisẽns[ɨ]	0
ergofobia	ɛrɡɔfubiɐ	erɡufubiɐ	[ɛ]rɡ[ɔ]fubiɐ	[e]rɡ[u]fubiɐ	0
ergógrafo	ɛrɡɔɡrɐfu	erɡɔɡrɐfu	[ɛ]rɡɔɡrɐfu	[e]rɡɔɡrɐfu	0
ergologia	ɛrɡuluʒiɐ	erɡuluʒiɐ	[ɛ]rɡuluʒiɐ	[e]rɡuluʒiɐ	0
ergológico	ɛrɡulɔʒiku	erɡulɔʒiku	[ɛ]rɡulɔʒiku	[e]rɡulɔʒiku	0
ergometria	ɛrɡɔmɨtriɐ	erɡumɨtriɐ	[ɛ]rɡ[ɔ]mɨtriɐ	[e]rɡ[u]mɨtriɐ	0
ergométrico	ɛrɡɔmɛtriku	erɡumɛtriku	[ɛ]rɡ[ɔ]mɛtriku	[e]rɡ[u]mɛtriku	0
ergômetro	ɛrɡomɨtru	erɡomɨtru	[ɛ]rɡomɨtru	[e]rɡomɨtru	0
ergómetro	ɛrɡɔmɨtru	erɡɔmɨtru	[ɛ]rɡɔmɨtru	[e]rɡɔmɨtru	0
ergonomia	ɛrɡunumiɐ	erɡunumiɐ	[ɛ]rɡunumiɐ	[e]rɡunumiɐ	0
ergonômico	ɛrɡunomiku	erɡunomiku	[ɛ]rɡunomiku	[e]rɡunomiku	0
ergonómico	ɛrɡunɔmiku	erɡunɔmiku	[ɛ]rɡunɔmiku	[e]rɡunɔmiku	0
ergonomista	ɛrɡunumiʃtɐ	erɡunumiʃtɐ	[ɛ]rɡunumiʃtɐ	[e]rɡunumiʃtɐ	0
ergosterol	ɛrɡɔʃtɨrɔɫ	erɡuʃtɨrɔɫ	[ɛ]rɡ[ɔ]ʃtɨrɔɫ	[e]rɡ[u]ʃtɨrɔɫ	0
ergoterapia	ɛrɡɔtɨrɐpiɐ	erɡuterɐpiɐ	[ɛ]rɡ[ɔ]t[ɨ]rɐpiɐ	[e]rɡ[u]t[e]rɐpiɐ	0
ergoterápico	ɛrɡɔtɨrapiku	erɡutɨrapiku	[ɛ]rɡ[ɔ]tɨrapiku	[e]rɡ[u]tɨrapiku	0
ergotina	ɛrɡutinɐ	erɡutinɐ	[ɛ]rɡutinɐ	[e]rɡutinɐ	0
ergotino	ɛrɡutinu	erɡutinu	[ɛ]rɡutinu	[e]rɡutinu	0
ergo	ɛrɡu	erɡu	[ɛ]rɡu	[e]rɡu	0
ericino	ɛrisinu	erisinu	[ɛ]risinu	[e]risinu	0
eritrão	ɛritrɐ̃w̃	eritrɐ̃w̃	[ɛ]ritrɐ̃w̃	[e]ritrɐ̃w̃	0
errino	ɛʀinu	eʀinu	[ɛ]ʀinu	[e]ʀinu	0
ervaçal	ɛrvɐsaɫ	ervɐsaɫ	[ɛ]rvɐsaɫ	[e]rvɐsaɫ	0
erva-do-salepo	ɛrvɐdusɐlepu	ɛrvɐdusɐlɛpu	ɛrvɐdusɐl[e]pu	ɛrvɐdusɐl[ɛ]pu	0
ervagem	ɛrvɐʒɐ̃j̃	ervaʒɐjn	[ɛ]rv[ɐ]ʒɐ[̃]j[̃]	[e]rv[a]ʒɐ[]j[n]	0
ervanária	ɛrvɐnarjɐ	ervɐnarjɐ	[ɛ]rvɐnarjɐ	[e]rvɐnarjɐ	0
ervanário	ɛrvɐnarju	ervɐnarju	[ɛ]rvɐnarju	[e]rvɐnarju	0
ervançal	ɛrvɐ̃saɫ	ervɐ̃nsaɫ	[ɛ]rvɐ̃[]saɫ	[e]rvɐ̃[n]saɫ	0
ervanço	ɛrvɐ̃su	ervɐ̃nsu	[ɛ]rvɐ̃[]su	[e]rvɐ̃[n]su	0
ervário	ɛrvarju	ervarju	[ɛ]rvarju	[e]rvarju	0
ervascal	ɛrvɐʃkaɫ	ervɐʃkaɫ	[ɛ]rvɐʃkaɫ	[e]rvɐʃkaɫ	0
ervasco	ɛrvaʃku	ervaʃku	[ɛ]rvaʃku	[e]rvaʃku	0
ervatão-porcino	ɛrvɐtɐ̃w̃pursinu	ervɐtɐ̃w̃pursinu	[ɛ]rvɐtɐ̃w̃pursinu	[e]rvɐtɐ̃w̃pursinu	0
ervatão	ɛrvɐtɐ̃w̃	ervɐtɐ̃w̃	[ɛ]rvɐtɐ̃w̃	[e]rvɐtɐ̃w̃	0
ervateiro	ɛrvɐtɐjru	ervɐtɐjru	[ɛ]rvɐtɐjru	[e]rvɐtɐjru	0
ervecer	ɛrvɨser	ervɨser	[ɛ]rvɨser	[e]rvɨser	0
ervedal	ɛrvɨdaɫ	ervɨdaɫ	[ɛ]rvɨdaɫ	[e]rvɨdaɫ	0
ervedeiro	ɛrvɨdɐjru	ervɨdɐjru	[ɛ]rvɨdɐjru	[e]rvɨdɐjru	0
erveira	ɛrvɐjrɐ	ervɐjrɐ	[ɛ]rvɐjrɐ	[e]rvɐjrɐ	0
erveiro	ɛrvɐjru	ervɐjru	[ɛ]rvɐjru	[e]rvɐjru	0
erviço	ɛrvisu	ervisu	[ɛ]rvisu	[e]rvisu	0
ervinha	ɛrviɲɐ	erviɲɐ	[ɛ]rviɲɐ	[e]rviɲɐ	0
ervoso	ɛrvozu	ervozu	[ɛ]rvozu	[e]rvozu	0
esocídeos	ɛzɔsidjuʃ	ezusidiwʃ	[ɛ]z[ɔ]sidj[u]ʃ	[e]z[u]sidi[w]ʃ	0
este-oeste	ɛʃtɔɛʃtɨ	eʃtɨuɛʃtɨ	[ɛ]ʃtɔ[]ɛʃtɨ	[e]ʃtɨ[u]ɛʃtɨ	0
esurino	ɛzurinu	ezurinu	[ɛ]zurinu	[e]zurinu	0
eta-ferro	ɛtɐfɛʀu	etɐfɛʀu	[ɛ]tɐfɛʀu	[e]tɐfɛʀu	0
etário	ɛtarju	etarju	[ɛ]tarju	[e]tarju	0
eterificação	ɛtɨrifikɐsɐ̃w̃	etɨrifikɐsɐ̃w̃	[ɛ]tɨrifikɐsɐ̃w̃	[e]tɨrifikɐsɐ̃w̃	0
eterificar	ɛtɨrifikar	etɨrifikar	[ɛ]tɨrifikar	[e]tɨrifikar	0
eterismo	ɛtɨriʒmu	etɨriʒmu	[ɛ]tɨriʒmu	[e]tɨriʒmu	0
eterização	ɛtɨrizɐsɐ̃w̃	etɨrizɐsɐ̃w̃	[ɛ]tɨrizɐsɐ̃w̃	[e]tɨrizɐsɐ̃w̃	0
eterizador	ɛtɨrizɐdor	etɨrizɐdor	[ɛ]tɨrizɐdor	[e]tɨrizɐdor	0
eterizar	ɛtɨrizar	etɨrizar	[ɛ]tɨrizar	[e]tɨrizar	0
eterolato	ɛtɨrulatu	etɨrulatu	[ɛ]tɨrulatu	[e]tɨrulatu	0
eterolatura	ɛtɨrulɐturɐ	etɨrulɐturɐ	[ɛ]tɨrulɐturɐ	[e]tɨrulɐturɐ	0
eteróleo	ɛtɨrɔlju	etɨrɔliw	[ɛ]tɨrɔlj[u]	[e]tɨrɔli[w]	0
eteromania	ɛtɨrɔmɐniɐ	etɨrumɐniɐ	[ɛ]tɨr[ɔ]mɐniɐ	[e]tɨr[u]mɐniɐ	0
eterômano	ɛtɨromɐnu	etɨromɐnu	[ɛ]tɨromɐnu	[e]tɨromɐnu	0
eterómano	ɛtɨrɔmɐnu	etɨrɔmɐnu	[ɛ]tɨrɔmɐnu	[e]tɨrɔmɐnu	0
etésio	ɛtɛzju	etɛzju	[ɛ]tɛzju	[e]tɛzju	0
eticista	ɛtisiʃtɐ	etisiʃtɐ	[ɛ]tisiʃtɐ	[e]tisiʃtɐ	0
etilamina	ɛtilɐminɐ	etilɐminɐ	[ɛ]tilɐminɐ	[e]tilɐminɐ	0
etilato	ɛtilatu	etilatu	[ɛ]tilatu	[e]tilatu	0
etilênico	ɛtileniku	etileniku	[ɛ]tileniku	[e]tileniku	0
etilénico	ɛtilɛniku	etilɛniku	[ɛ]tilɛniku	[e]tilɛniku	0
etilenoglicol	ɛtilenuɡlikɔɫ	etilenuɡlikɔɫ	[ɛ]tilenuɡlikɔɫ	[e]tilenuɡlikɔɫ	0
etileno	ɛtilenu	etilenu	[ɛ]tilenu	[e]tilenu	0
etílico	ɛtiliku	etiliku	[ɛ]tiliku	[e]tiliku	0
etilizado	ɛtilizadu	etilizadu	[ɛ]tilizadu	[e]tilizadu	0
etilizar	ɛtilizar	etilizar	[ɛ]tilizar	[e]tilizar	0
etilo	ɛtilu	etilu	[ɛ]tilu	[e]tilu	0
etino	ɛtinu	etinu	[ɛ]tinu	[e]tinu	0
etiologia	ɛtjuluʒiɐ	etiuluʒiɐ	[ɛ]t[j]uluʒiɐ	[e]t[i]uluʒiɐ	0
etiológico	ɛtjulɔʒiku	etiulɔʒiku	[ɛ]t[j]ulɔʒiku	[e]t[i]ulɔʒiku	0
etmoidal	ɛtmɔjdaɫ	etmojdaɫ	[ɛ]tm[ɔ]jdaɫ	[e]tm[o]jdaɫ	0
etmóideo	ɛtmɔjdju	etmɔjdiw	[ɛ]tmɔjdj[u]	[e]tmɔjdi[w]	0
etmoide	ɛtmɔjdɨ	etmɔjdɨ	[ɛ]tmɔjdɨ	[e]tmɔjdɨ	0
etmóide	ɛtmɔjdɨ	etmɔjdɨ	[ɛ]tmɔjdɨ	[e]tmɔjdɨ	0
etmoidite	ɛtmɔjditɨ	etmojditɨ	[ɛ]tm[ɔ]jditɨ	[e]tm[o]jditɨ	0
etnarca	ɛtnarkɐ	etnarkɐ	[ɛ]tnarkɐ	[e]tnarkɐ	0
etnarquia	ɛtnɐrkiɐ	etnɐrkiɐ	[ɛ]tnɐrkiɐ	[e]tnɐrkiɐ	0
etnia	ɛtniɐ	etniɐ	[ɛ]tniɐ	[e]tniɐ	0
etnicidade	ɛtnisidadɨ	etnisidadɨ	[ɛ]tnisidadɨ	[e]tnisidadɨ	0
etnicismo	ɛtnisiʒmu	etnisiʒmu	[ɛ]tnisiʒmu	[e]tnisiʒmu	0
etnobiologia	ɛtnɔbjuluʒiɐ	etnubiuluʒiɐ	[ɛ]tn[ɔ]b[j]uluʒiɐ	[e]tn[u]b[i]uluʒiɐ	0
etnobotânica	ɛtnɔbutɐnikɐ	etnubutɐ̃nikɐ	[ɛ]tn[ɔ]butɐ[]nikɐ	[e]tn[u]butɐ[̃]nikɐ	0
etnobotânico	ɛtnɔbutɐniku	etnubutɐ̃niku	[ɛ]tn[ɔ]butɐ[]niku	[e]tn[u]butɐ[̃]niku	0
etnocentrismo	ɛtnɔsẽtriʒmu	etnusẽntriʒmu	[ɛ]tn[ɔ]sẽtriʒmu[]	[e]tn[u]sẽntriʒm[u]	0
etnocídio	ɛtnɔsidju	etnusidju	[ɛ]tn[ɔ]sidju	[e]tn[u]sidju	0
etnodiceia	ɛtnɔdisɐjɐ	etnudisɛjɐ	[ɛ]tn[ɔ]dis[ɐ]jɐ	[e]tn[u]dis[ɛ]jɐ	0
etnodicéia	ɛtnɔdisɐjɐ	etnudisɛjɐ	[ɛ]tn[ɔ]dis[ɐ]jɐ	[e]tn[u]dis[ɛ]jɐ	0
etnogenia	ɛtnɔʒɨniɐ	etnuʒɨniɐ	[ɛ]tn[ɔ]ʒɨniɐ	[e]tn[u]ʒɨniɐ	0
etnogênico	ɛtnɔʒeniku	etnuʒeniku	[ɛ]tn[ɔ]ʒeniku	[e]tn[u]ʒeniku	0
etnogénico	ɛtnɔʒɛniku	etnuʒɛniku	[ɛ]tn[ɔ]ʒɛniku	[e]tn[u]ʒɛniku	0
etnogeografia	ɛtnɔʒjuɡrɐfiɐ	etnuʒiuɡrɐfiɐ	[ɛ]tn[ɔ]ʒ[j]uɡrɐfiɐ	[e]tn[u]ʒ[i]uɡrɐfiɐ	0
etnografia	ɛtnuɡrɐfiɐ	etnuɡrɐfiɐ	[ɛ]tnuɡrɐfiɐ	[e]tnuɡrɐfiɐ	0
etnográfico	ɛtnuɡrafiku	etnuɡrafiku	[ɛ]tnuɡrafiku	[e]tnuɡrafiku	0
etnógrafo	ɛtnɔɡrɐfu	etnɔɡrɐfu	[ɛ]tnɔɡrɐfu	[e]tnɔɡrɐfu	0
etnologia	ɛtnuluʒiɐ	etnuluʒiɐ	[ɛ]tnuluʒiɐ	[e]tnuluʒiɐ	0
etnológico	ɛtnulɔʒiku	etnulɔʒiku	[ɛ]tnulɔʒiku	[e]tnulɔʒiku	0
etnologista	ɛtnuluʒiʃtɐ	etnuluʒiʃtɐ	[ɛ]tnuluʒiʃtɐ	[e]tnuluʒiʃtɐ	0
etnólogo	ɛtnɔluɡu	etnɔluɡu	[ɛ]tnɔluɡu	[e]tnɔluɡu	0
etnometria	ɛtnɔmɨtriɐ	etnumɨtriɐ	[ɛ]tn[ɔ]mɨtriɐ	[e]tn[u]mɨtriɐ	0
etnomusicologia	ɛtnɔmuzikuluʒiɐ	etnumuzikuluʒiɐ	[ɛ]tn[ɔ]muzikuluʒiɐ	[e]tn[u]muzikuluʒiɐ	0
etnomusicológico	ɛtnɔmuzikulɔʒiku	etnumuzikulɔʒiku	[ɛ]tn[ɔ]muzikulɔʒiku	[e]tn[u]muzikulɔʒiku	0
etnomusicólogo	ɛtnɔmuzikɔluɡu	etnumuzikɔluɡu	[ɛ]tn[ɔ]muzikɔluɡu	[e]tn[u]muzikɔluɡu	0
etnonímia	ɛtnunimjɐ	etnunimjɐ	[ɛ]tnunimjɐ	[e]tnunimjɐ	0
etnonímico	ɛtnunimiku	etnunimiku	[ɛ]tnunimiku	[e]tnunimiku	0
etnônimo	ɛtnonimu	etnonimu	[ɛ]tnonimu	[e]tnonimu	0
etnónimo	ɛtnɔnimu	etnɔnimu	[ɛ]tnɔnimu	[e]tnɔnimu	0
etnopsicologia	ɛtnɔpsikuluʒiɐ	etnupsikuluʒiɐ	[ɛ]tn[ɔ]psikuluʒiɐ	[e]tn[u]psikuluʒiɐ	0
etocracia	ɛtɔkrɐsiɐ	etukrɐsiɐ	[ɛ]t[ɔ]krɐsiɐ	[e]t[u]krɐsiɐ	0
etogenia	ɛtɔʒɨniɐ	etuʒɨniɐ	[ɛ]t[ɔ]ʒɨniɐ	[e]t[u]ʒɨniɐ	0
etogênico	ɛtɔʒeniku	etuʒeniku	[ɛ]t[ɔ]ʒeniku	[e]t[u]ʒeniku	0
etogénico	ɛtɔʒɛniku	etuʒɛniku	[ɛ]t[ɔ]ʒɛniku	[e]t[u]ʒɛniku	0
etognosia	ɛtɔɡnuziɐ	etuɡnuziɐ	[ɛ]t[ɔ]ɡnuziɐ	[e]t[u]ɡnuziɐ	0
etognóstico	ɛtɔɡnɔʃtiku	etuɡnɔʃtiku	[ɛ]t[ɔ]ɡnɔʃtiku	[e]t[u]ɡnɔʃtiku	0
etografia	ɛtɔɡrɐfiɐ	etuɡrɐfiɐ	[ɛ]t[ɔ]ɡrɐfiɐ	[e]t[u]ɡrɐfiɐ	0
etólio	ɛtɔlju	etɔlju	[ɛ]tɔlju	[e]tɔlju	0
etologia	ɛtuluʒiɐ	etuluʒiɐ	[ɛ]tuluʒiɐ	[e]tuluʒiɐ	0
etológico	ɛtulɔʒiku	etulɔʒiku	[ɛ]tulɔʒiku	[e]tulɔʒiku	0
etologista	ɛtuluʒiʃtɐ	etuluʒiʃtɐ	[ɛ]tuluʒiʃtɐ	[e]tuluʒiʃtɐ	0
etólogo	ɛtɔluɡu	etɔluɡu	[ɛ]tɔluɡu	[e]tɔluɡu	0
etopeia	ɛtupɐjɐ	etupɛjɐ	[ɛ]tup[ɐ]jɐ	[e]tup[ɛ]jɐ	0
etopéia	ɛtupɐjɐ	etupɛjɐ	[ɛ]tup[ɐ]jɐ	[e]tup[ɛ]jɐ	0
etopeu	ɛtupew	etupew	[ɛ]tupew	[e]tupew	0
euritermo	ewritɛrmu	ewritermu	ewrit[ɛ]rmu	ewrit[e]rmu	0
evalve	ɛvaɫvɨ	evaɫvɨ	[ɛ]vaɫvɨ	[e]vaɫvɨ	0
eviternidade	ɛvitɨrnidadɨ	eviternidadɨ	[ɛ]vit[ɨ]rnidadɨ	[e]vit[e]rnidadɨ	0
eviterno	ɛvitɛrnu	evitɛrnu	[ɛ]vitɛrnu	[e]vitɛrnu	0
evoé	ɛvuɛ	evuɛ	[ɛ]vuɛ	[e]vuɛ	0
exequátur	ɛzɛkwatur	ezɨkwatur	[ɛ]z[ɛ]kwatur	[e]z[ɨ]kwatur	0
exodôncia	ɛzɔdõsjɐ	ezudõnsjɐ	[ɛ]z[ɔ]dõsjɐ[]	[e]z[u]dõnsj[ɐ]	0
faceto	fɐsetu	fɐsɛtu	fɐs[e]tu	fɐs[ɛ]tu	0
falconete	faɫkunetɨ	faɫkunɛtɨ	faɫkun[e]tɨ	faɫkun[ɛ]tɨ	0
falperra	faɫpeʀɐ	faɫpɛʀɐ	faɫp[e]ʀɐ	faɫp[ɛ]ʀɐ	0
famelgo	fɐmɛɫɡu	fɐmeɫɡu	fɐm[ɛ]ɫɡu	fɐm[e]ɫɡu	0
fanerocristal	fɐnɛrɔkriʃtaɫ	fɐnerukriʃtaɫ	fɐn[ɛ]r[ɔ]kriʃtaɫ	fɐn[e]r[u]kriʃtaɫ	0
fanerogamia	fɐnɛrɔɡɐmiɐ	fɐneruɡɐmiɐ	fɐn[ɛ]r[ɔ]ɡɐmiɐ	fɐn[e]r[u]ɡɐmiɐ	0
fanerogâmicas	fɐnɛrɔɡɐmikɐʃ	fɐneruɡɐ̃mikɐʃ	fɐn[ɛ]r[ɔ]ɡɐ[]mikɐʃ	fɐn[e]r[u]ɡɐ[̃]mikɐʃ	0
fanerogâmico	fɐnɛrɔɡɐmiku	fɐneruɡɐ̃miku	fɐn[ɛ]r[ɔ]ɡɐ[]miku	fɐn[e]r[u]ɡɐ[̃]miku	0
fanerozoico	fɐnɛrɔzɔjku	fɐneruzɔjku	fɐn[ɛ]r[ɔ]zɔjku	fɐn[e]r[u]zɔjku	0
fanerozóico	fɐnɛrɔzɔjku	fɐneruzɔjku	fɐn[ɛ]r[ɔ]zɔjku	fɐn[e]r[u]zɔjku	0
fardeta	fɐrdetɐ	fɐrdɛtɐ	fɐrd[e]tɐ	fɐrd[ɛ]tɐ	0
far-west	farwest	farwɛst	farw[e]st	farw[ɛ]st	0
fedavelha	fɛdɐvɛʎɐ	fedɐveʎɐ	f[ɛ]dɐv[ɛ]ʎɐ	f[e]dɐv[e]ʎɐ	0
fedevelha	fɛdɨvɛʎɐ	fedɨveʎɐ	f[ɛ]dɨv[ɛ]ʎɐ	f[e]dɨv[e]ʎɐ	0
fel-da-terra	fɛɫdɐtɛʀɐ	feɫdɐtɛʀɐ	f[ɛ]ɫdɐtɛʀɐ	f[e]ɫdɐtɛʀɐ	0
feldspático	fɛɫdʃpatiku	feɫdspatiku	f[ɛ]ɫd[ʃ]patiku	f[e]ɫd[s]patiku	0
feldspato	fɛɫdʃpatu	feɫdspatu	f[ɛ]ɫd[ʃ]patu	f[e]ɫd[s]patu	0
feldspatoide	fɛɫdʃpɐtɔjdɨ	feɫdspɐtɔjdɨ	f[ɛ]ɫd[ʃ]pɐtɔjdɨ	f[e]ɫd[s]pɐtɔjdɨ	0
feldspatóide	fɛɫdʃpɐtɔjdɨ	feɫdspɐtɔjdɨ	f[ɛ]ɫd[ʃ]pɐtɔjdɨ	f[e]ɫd[s]pɐtɔjdɨ	0
fel	fɛɫ	feɫ	f[ɛ]ɫ	f[e]ɫ	0
felga	fɛɫɡɐ	feɫɡɐ	f[ɛ]ɫɡɐ	f[e]ɫɡɐ	0
felgudo	fɛɫɡudu	feɫɡudu	f[ɛ]ɫɡudu	f[e]ɫɡudu	0
felgueira	fɛɫɡɐjrɐ	feɫɡɐjrɐ	f[ɛ]ɫɡɐjrɐ	f[e]ɫɡɐjrɐ	0
felgueirense	fɛɫɡɐjrẽsɨ	feɫɡɐjrẽnsɨ	f[ɛ]ɫɡɐjrẽsɨ[]	f[e]ɫɡɐjrẽns[ɨ]	0
feloderma	fɛlɔdɛrmɐ	feludermɐ	f[ɛ]l[ɔ]d[ɛ]rmɐ	f[e]l[u]d[e]rmɐ	0
feloderme	fɛlɔdɛrmɨ	feludɛrmɨ	f[ɛ]l[ɔ]dɛrmɨ	f[e]l[u]dɛrmɨ	0
felogênio	fɛlɔʒenju	feluʒenju	f[ɛ]l[ɔ]ʒenju	f[e]l[u]ʒenju	0
felogénio	fɛlɔʒɛnju	feluʒɛnju	f[ɛ]l[ɔ]ʒɛnju	f[e]l[u]ʒɛnju	0
feloplástica	fɛlɔplaʃtikɐ	feluplaʃtikɐ	f[ɛ]l[ɔ]plaʃtikɐ	f[e]l[u]plaʃtikɐ	0
felpudo	fɛɫpudu	feɫpudu	f[ɛ]ɫpudu	f[e]ɫpudu	0
felsite	fɛɫsitɨ	feɫsitɨ	f[ɛ]ɫsitɨ	f[e]ɫsitɨ	0
felsítico	fɛɫsitiku	feɫsitiku	f[ɛ]ɫsitiku	f[e]ɫsitiku	0
felsito	fɛɫsitu	feɫsitu	f[ɛ]ɫsitu	f[e]ɫsitu	0
fenocristal	fɛnɔkriʃtaɫ	fenukriʃtaɫ	f[ɛ]n[ɔ]kriʃtaɫ	f[e]n[u]kriʃtaɫ	0
fenotexto	fɛnɔtɐjʃtu	fenuteʃtu	f[ɛ]n[ɔ]tɐ[j]ʃtu	f[e]n[u]te[]ʃtu	0
fenotípico	fɛnɔtipiku	fenutipiku	f[ɛ]n[ɔ]tipiku	f[e]n[u]tipiku	0
fenótipo	fɛnɔtipu	fenɔtipu	f[ɛ]nɔtipu	f[e]nɔtipu	0
ferrabrás	fɛʀɐbraʃ	feʀɐbraʃ	f[ɛ]ʀɐbraʃ	f[e]ʀɐbraʃ	0
ferreléctrico	fɛʀilɛktriku	feʀɨlɛtriku	f[ɛ]ʀ[i]lɛ[k]triku	f[e]ʀ[ɨ]lɛ[]triku	0
ferrelétrico	fɛʀilɛtriku	feʀɨlɛtriku	f[ɛ]ʀ[i]lɛtriku	f[e]ʀ[ɨ]lɛtriku	0
ferribote	fɛʀibɔtɨ	feʀibɔtɨ	f[ɛ]ʀibɔtɨ	f[e]ʀibɔtɨ	0
ferricálcico	fɛʀikaɫsiku	feʀikaɫsiku	f[ɛ]ʀikaɫsiku	f[e]ʀikaɫsiku	0
ferricianeto	fɛʀisjɐnetu	feʀisiɐnetu	f[ɛ]ʀis[j]ɐnetu	f[e]ʀis[i]ɐnetu	0
ferridoxina	fɛʀidɔksinɐ	feʀiduksinɐ	f[ɛ]ʀid[ɔ]ksinɐ	f[e]ʀid[u]ksinɐ	0
ferrielectricidade	fɛʀilɛtrisidadɨ	feʀielɛtrisidadɨ	f[ɛ]ʀi[]lɛtrisidadɨ	f[e]ʀi[e]lɛtrisidadɨ	0
ferrieléctrico	fɛʀilɛtriku	feʀiɨlɛtriku	f[ɛ]ʀi[]lɛtriku	f[e]ʀi[ɨ]lɛtriku	0
ferrieletricidade	fɛʀilɛtrisidadɨ	feʀielɨtrisidadɨ	f[ɛ]ʀi[]l[ɛ]trisidadɨ	f[e]ʀi[e]l[ɨ]trisidadɨ	0
ferrielétrico	fɛʀilɛtriku	feʀiɨlɛtriku	f[ɛ]ʀi[]lɛtriku	f[e]ʀi[ɨ]lɛtriku	0
ferrimagnético	fɛʀimaɡnɛtiku	feʀimɐɡnɛtiku	f[ɛ]ʀim[a]ɡnɛtiku	f[e]ʀim[ɐ]ɡnɛtiku	0
ferrinho	fɛʀiɲu	feʀiɲu	f[ɛ]ʀiɲu	f[e]ʀiɲu	0
ferritina	fɛʀitinɐ	feʀitinɐ	f[ɛ]ʀitinɐ	f[e]ʀitinɐ	0
ferrocarbônico	fɛʀɔkɐrboniku	feʀukɐrboniku	f[ɛ]ʀ[ɔ]kɐrboniku	f[e]ʀ[u]kɐrboniku	0
ferrocarbónico	fɛʀɔkɐrbɔniku	feʀukɐrbɔniku	f[ɛ]ʀ[ɔ]kɐrbɔniku	f[e]ʀ[u]kɐrbɔniku	0
ferrocianeto	fɛʀɔsjɐnetu	feʀusiɐnetu	f[ɛ]ʀ[ɔ]s[j]ɐnetu	f[e]ʀ[u]s[i]ɐnetu	0
ferrocrômio	fɛʀɔkromju	feʀukromju	f[ɛ]ʀ[ɔ]kromju	f[e]ʀ[u]kromju	0
ferrocrómio	fɛʀɔkrɔmju	feʀukrɔmju	f[ɛ]ʀ[ɔ]krɔmju	f[e]ʀ[u]krɔmju	0
ferroeléctrico	fɛʀɔilɛtriku	feʀuɨlɛtriku	f[ɛ]ʀɔ[i]lɛtriku	f[e]ʀu[ɨ]lɛtriku	0
ferroelétrico	fɛʀɔilɛtriku	feʀuɨlɛtriku	f[ɛ]ʀɔ[i]lɛtriku	f[e]ʀu[ɨ]lɛtriku	0
ferromagnesiano	fɛʀɔmaɡnɨzjɐnu	feʀumɐɡnɨziɐ̃nu	f[ɛ]ʀ[ɔ]m[a]ɡnɨz[j]ɐ[]nu	f[e]ʀ[u]m[ɐ]ɡnɨz[i]ɐ[̃]nu	0
ferromagnético	fɛʀɔmaɡnɛtiku	feʀumɐɡnɛtiku	f[ɛ]ʀ[ɔ]m[a]ɡnɛtiku	f[e]ʀ[u]m[ɐ]ɡnɛtiku	0
ferromagnetismo	fɛʀɔmaɡnɨtiʒmu	feʀumɐɡnɨtiʒmu	f[ɛ]ʀ[ɔ]m[a]ɡnɨtiʒmu	f[e]ʀ[u]m[ɐ]ɡnɨtiʒmu	0
ferroprussiato	fɛʀɔprusjatu	feʀuprusiatu	f[ɛ]ʀ[ɔ]prus[j]atu	f[e]ʀ[u]prus[i]atu	0
ferrovia	fɛʀɔviɐ	feʀuviɐ	f[ɛ]ʀ[ɔ]viɐ	f[e]ʀ[u]viɐ	0
ferroviário	fɛʀɔvjarju	feʀuviarju	f[ɛ]ʀ[ɔ]v[j]arju	f[e]ʀ[u]v[i]arju	0
feteira	fɛtɐjrɐ	fetɐjrɐ	f[ɛ]tɐjrɐ	f[e]tɐjrɐ	0
fetiche	fɛtiʃɨ	fetiʃɨ	f[ɛ]tiʃɨ	f[e]tiʃɨ	0
fetichismo	fɛtiʃiʒmu	fetiʃiʒmu	f[ɛ]tiʃiʒmu	f[e]tiʃiʒmu	0
fetichista	fɛtiʃiʃtɐ	fetiʃiʃtɐ	f[ɛ]tiʃiʃtɐ	f[e]tiʃiʃtɐ	0
fetichístico	fɛtiʃiʃtiku	fetiʃiʃtiku	f[ɛ]tiʃiʃtiku	f[e]tiʃiʃtiku	0
feticida	fɛtisidɐ	fetisidɐ	f[ɛ]tisidɐ	f[e]tisidɐ	0
feticídio	fɛtisidju	fetisidju	f[ɛ]tisidju	f[e]tisidju	0
fetidez	fɛtideʃ	fetideʃ	f[ɛ]tideʃ	f[e]tideʃ	0
fetopatia	fɛtɔpɐtiɐ	fetupɐtiɐ	f[ɛ]t[ɔ]pɐtiɐ	f[e]t[u]pɐtiɐ	0
fezada	fɛzadɐ	fezadɐ	f[ɛ]zadɐ	f[e]zadɐ	0
fezinha	fɛziɲɐ	feziɲɐ	f[ɛ]ziɲɐ	f[e]ziɲɐ	0
fidalguete	fidaɫɡetɨ	fidaɫɡɛtɨ	fidaɫɡ[e]tɨ	fidaɫɡ[ɛ]tɨ	0
filadelfo	filɐdɛɫfu	filɐdeɫfu	filɐd[ɛ]ɫfu	filɐd[e]ɫfu	0
filerete	filɨretɨ	filɨrɛtɨ	filɨr[e]tɨ	filɨr[ɛ]tɨ	0
fissipene	fisipɛnɨ	fisipenɨ	fisip[ɛ]nɨ	fisip[e]nɨ	0
fiveleta	fivɨletɐ	fivɨlɛtɐ	fivɨl[e]tɐ	fivɨl[ɛ]tɐ	0
flagelo	flɐʒelu	flɐʒɛlu	flɐʒ[e]lu	flɐʒ[ɛ]lu	0
flebectasia	flɛbɛktɐziɐ	flebɛtɐziɐ	fl[ɛ]bɛ[k]tɐziɐ	fl[e]bɛ[]tɐziɐ	0
fleboangioma	flɛbɔɐ̃ʒjomɐ	flebuɐ̃nʒiomɐ	fl[ɛ]b[ɔ]ɐ̃[]ʒ[j]omɐ	fl[e]b[u]ɐ̃[n]ʒ[i]omɐ	0
flebografia	flɛbɔɡrɐfiɐ	flebuɡrɐfiɐ	fl[ɛ]b[ɔ]ɡrɐfiɐ	fl[e]b[u]ɡrɐfiɐ	0
flebográfico	flɛbɔɡrafiku	flebuɡrafiku	fl[ɛ]b[ɔ]ɡrafiku	fl[e]b[u]ɡrafiku	0
flebólito	flɛbɔlitu	flebɔlitu	fl[ɛ]bɔlitu	fl[e]bɔlitu	0
flebologia	flɛbuluʒiɐ	flebuluʒiɐ	fl[ɛ]buluʒiɐ	fl[e]buluʒiɐ	0
flebopatia	flɛbɔpɐtiɐ	flebupɐtiɐ	fl[ɛ]b[ɔ]pɐtiɐ	fl[e]b[u]pɐtiɐ	0
fleborragia	flɛbɔʀɐʒiɐ	flebuʀɐʒiɐ	fl[ɛ]b[ɔ]ʀɐʒiɐ	fl[e]b[u]ʀɐʒiɐ	0
fleborrágico	flɛbuʀaʒiku	flebuʀaʒiku	fl[ɛ]buʀaʒiku	fl[e]buʀaʒiku	0
flebosclerose	flɛbɔʃklɨrɔzɨ	flebuʃklɨrɔzɨ	fl[ɛ]b[ɔ]ʃklɨrɔzɨ	fl[e]b[u]ʃklɨrɔzɨ	0
flebotomia	flɛbɔtumiɐ	flebutumiɐ	fl[ɛ]b[ɔ]tumiɐ	fl[e]b[u]tumiɐ	0
flebotômico	flɛbɔtomiku	flebutomiku	fl[ɛ]b[ɔ]tomiku	fl[e]b[u]tomiku	0
flebotómico	flɛbɔtɔmiku	flebutɔmiku	fl[ɛ]b[ɔ]tɔmiku	fl[e]b[u]tɔmiku	0
flebotomizar	flɛbɔtumizar	flebutumizar	fl[ɛ]b[ɔ]tumizar	fl[e]b[u]tumizar	0
flebótomo	flɛbɔtumu	flebɔtumu	fl[ɛ]bɔtumu	fl[e]bɔtumu	0
flebotrombose	flɛbɔtrõbɔzɨ	flebutrõmbɔzɨ	fl[ɛ]b[ɔ]trõbɔzɨ[]	fl[e]b[u]trõmbɔz[ɨ]	0
flegma	flɛɡmɐ	fleɡmɐ	fl[ɛ]ɡmɐ	fl[e]ɡmɐ	0
flegmasia	flɛɡmɐziɐ	fleɡmɐziɐ	fl[ɛ]ɡmɐziɐ	fl[e]ɡmɐziɐ	0
flegmonoso	flɛɡmunozu	fleɡmunozu	fl[ɛ]ɡmunozu	fl[e]ɡmunozu	0
fleme	flɛmɨ	flemɨ	fl[ɛ]mɨ	fl[e]mɨ	0
flerte	flertɨ	flɛrtɨ	fl[e]rtɨ	fl[ɛ]rtɨ	0
fletido	flɛtidu	fletidu	fl[ɛ]tidu	fl[e]tidu	0
flexibilidade	flɛksibilidadɨ	fleksibilidadɨ	fl[ɛ]ksibilidadɨ	fl[e]ksibilidadɨ	0
flexibilização	flɛksibilizɐsɐ̃w̃	fleksibilizɐsɐ̃w̃	fl[ɛ]ksibilizɐsɐ̃w̃	fl[e]ksibilizɐsɐ̃w̃	0
flexibilizar	flɛksibilizar	fleksibilizar	fl[ɛ]ksibilizar	fl[e]ksibilizar	0
flexigurança	flɛksiɡurɐ̃sɐ	fleksiɡurɐ̃nsɐ	fl[ɛ]ksiɡurɐ̃[]sɐ	fl[e]ksiɡurɐ̃[n]sɐ	0
flexíloquo	flɛksilukwu	fleksilukwu	fl[ɛ]ksilukwu	fl[e]ksilukwu	0
fleximetria	flɛksimɨtria	fleksimɨtriɐ	fl[ɛ]ksimɨtri[a]	fl[e]ksimɨtri[ɐ]	0
flexímetro	flɛksimɨtru	fleksimɨtru	fl[ɛ]ksimɨtru	fl[e]ksimɨtru	0
flexiologia	flɛksjuluʒiɐ	fleksiuluʒiɐ	fl[ɛ]ks[j]uluʒiɐ	fl[e]ks[i]uluʒiɐ	0
flexional	flɛksjunaɫ	fleksjunaɫ	fl[ɛ]ksjunaɫ	fl[e]ksjunaɫ	0
flexionar	flɛksjunar	fleksjunar	fl[ɛ]ksjunar	fl[e]ksjunar	0
flexionável	flɛksjunavɛɫ	fleksjunavɛɫ	fl[ɛ]ksjunavɛɫ	fl[e]ksjunavɛɫ	0
flexionismo	flɛksjuniʒmu	fleksjuniʒmu	fl[ɛ]ksjuniʒmu	fl[e]ksjuniʒmu	0
flexípede	flɛksipɨdɨ	fleksipɨdɨ	fl[ɛ]ksipɨdɨ	fl[e]ksipɨdɨ	0
flexissegurança	flɛksisɨɡurɐ̃sɐ	fleksiseɡurɐ̃nsɐ	fl[ɛ]ksis[ɨ]ɡurɐ̃[]sɐ	fl[e]ksis[e]ɡurɐ̃[n]sɐ	0
flexível	flɛksivɛɫ	fleksivɛɫ	fl[ɛ]ksivɛɫ	fl[e]ksivɛɫ	0
flexivo	flɛksivu	fleksivu	fl[ɛ]ksivu	fl[e]ksivu	0
flexografia	flɛksuɡrɐfiɐ	fleksuɡrɐfiɐ	fl[ɛ]ksuɡrɐfiɐ	fl[e]ksuɡrɐfiɐ	0
flexográfico	flɛksuɡrafiku	fleksuɡrafiku	fl[ɛ]ksuɡrafiku	fl[e]ksuɡrafiku	0
flexório	flɛksɔrju	fleksɔrju	fl[ɛ]ksɔrju	fl[e]ksɔrju	0
flexuosidade	flɛkswuzidadɨ	flekswuzidadɨ	fl[ɛ]kswuzidadɨ	fl[e]kswuzidadɨ	0
flexuoso	flɛkswozu	flekswozu	fl[ɛ]kswozu	fl[e]kswozu	0
flexura	flɛksurɐ	fleksurɐ	fl[ɛ]ksurɐ	fl[e]ksurɐ	0
flipper	flipɛr	fliper	flip[ɛ]r	flip[e]r	0
floreta	fluretɐ	flurɛtɐ	flur[e]tɐ	flur[ɛ]tɐ	0
flor-mel	flormɛɫ	flormeɫ	florm[ɛ]ɫ	florm[e]ɫ	0
folhepo	fuʎepu	fuʎɛpu	fuʎ[e]pu	fuʎ[ɛ]pu	0
folheta	fuʎetɐ	fuʎɛtɐ	fuʎ[e]tɐ	fuʎ[ɛ]tɐ	0
forreta	fuʀetɐ	fuʀɛtɐ	fuʀ[e]tɐ	fuʀ[ɛ]tɐ	0
fosseta	fusetɐ	fusɛtɐ	fus[e]tɐ	fus[ɛ]tɐ	0
fossete	fusetɨ	fusɛtɨ	fus[e]tɨ	fus[ɛ]tɨ	0
fradete	frɐdetɨ	frɐdɛtɨ	frɐd[e]tɨ	frɐd[ɛ]tɨ	0
fraquete	frɐketɨ	frɐkɛtɨ	frɐk[e]tɨ	frɐk[ɛ]tɨ	0
freguesia	frɛɡɨziɐ	freɡɨziɐ	fr[ɛ]ɡɨziɐ	fr[e]ɡɨziɐ	0
fulvipene	fuɫvipɛnɨ	fuɫvipenɨ	fuɫvip[ɛ]nɨ	fuɫvip[e]nɨ	0
furgoneta	furɡunɛtɐ	furɡunetɐ	furɡun[ɛ]tɐ	furɡun[e]tɐ	0
fuscipene	fuʃsipɛnɨ	fuʃsipenɨ	fuʃsip[ɛ]nɨ	fuʃsip[e]nɨ	0
fuselo	fuzelu	fuzɛlu	fuz[e]lu	fuz[ɛ]lu	0
gacheta	ɡɐʃetɐ	ɡɐʃɛtɐ	ɡɐʃ[e]tɐ	ɡɐʃ[ɛ]tɐ	0
gaipelo	ɡajpelu	ɡajpɛlu	ɡajp[e]lu	ɡajp[ɛ]lu	0
gaiperra	ɡajpeʀɐ	ɡajpɛʀɐ	ɡajp[e]ʀɐ	ɡajp[ɛ]ʀɐ	0
galero	ɡɐlɛru	ɡɐleru	ɡɐl[ɛ]ru	ɡɐl[e]ru	0
galveta	ɡaɫvetɐ	ɡaɫvɛtɐ	ɡaɫv[e]tɐ	ɡaɫv[ɛ]tɐ	0
gamelo	ɡɐmelu	ɡɐmɛlu	ɡɐm[e]lu	ɡɐm[ɛ]lu	0
garaveto	ɡɐrɐvetu	ɡɐrɐvɛtu	ɡɐrɐv[e]tu	ɡɐrɐv[ɛ]tu	0
garceta	ɡɐrsetɐ	ɡɐrsɛtɐ	ɡɐrs[e]tɐ	ɡɐrs[ɛ]tɐ	0
garete	ɡɐretɨ	ɡɐrɛtɨ	ɡɐr[e]tɨ	ɡɐr[ɛ]tɨ	0
garfete	ɡɐrfetɨ	ɡɐrfɛtɨ	ɡɐrf[e]tɨ	ɡɐrf[ɛ]tɨ	0
garotete	ɡɐrutetɨ	ɡɐrutɛtɨ	ɡɐrut[e]tɨ	ɡɐrut[ɛ]tɨ	0
garrafa-termo	ɡɐʀafɐtɛrmu	ɡɐʀafɐtermu	ɡɐʀafɐt[ɛ]rmu	ɡɐʀafɐt[e]rmu	0
garrafa-termos	ɡɐʀafɐtɛrmuʃ	ɡɐʀafɐtermuʃ	ɡɐʀafɐt[ɛ]rmuʃ	ɡɐʀafɐt[e]rmuʃ	0
gasguete	ɡɐʒɡetɨ	ɡɐʒɡɛtɨ	ɡɐʒɡ[e]tɨ	ɡɐʒɡ[ɛ]tɨ	0
gasnete	ɡɐʒnetɨ	ɡɐʒnɛtɨ	ɡɐʒn[e]tɨ	ɡɐʒn[ɛ]tɨ	0
gaveto	ɡɐvetu	ɡɐvɛtu	ɡɐv[e]tu	ɡɐv[ɛ]tu	0
gaviete	ɡɐvjetɨ	ɡɐviɛtɨ	ɡɐvj[e]tɨ	ɡɐvi[ɛ]tɨ	0
gebre	ʒebrɨ	ʒɛbrɨ	ʒ[e]brɨ	ʒ[ɛ]brɨ	0
gel	ʒɛɫ	ʒeɫ	ʒ[ɛ]ɫ	ʒ[e]ɫ	0
gene	ʒɛnɨ	ʒenɨ	ʒ[ɛ]nɨ	ʒ[e]nɨ	0
genitocrural	ʒɛnitɔkruraɫ	ʒenitukruraɫ	ʒ[ɛ]nit[ɔ]kruraɫ	ʒ[e]nit[u]kruraɫ	0
genitofemoral	ʒɛnitɔfɨmuraɫ	ʒenitufɨmuraɫ	ʒ[ɛ]nit[ɔ]fɨmuraɫ	ʒ[e]nit[u]fɨmuraɫ	0
genitospinal	ʒɛnitɔʃpinaɫ	ʒenituʃpinaɫ	ʒ[ɛ]nit[ɔ]ʃpinaɫ	ʒ[e]nit[u]ʃpinaɫ	0
genopatia	ʒɛnɔpɐtiɐ	ʒenupɐtiɐ	ʒ[ɛ]n[ɔ]pɐtiɐ	ʒ[e]n[u]pɐtiɐ	0
genoplastia	ʒɛnɔplɐʃtiɐ	ʒenuplɐʃtiɐ	ʒ[ɛ]n[ɔ]plɐʃtiɐ	ʒ[e]n[u]plɐʃtiɐ	0
genoplástico	ʒɛnɔplaʃtiku	ʒenuplaʃtiku	ʒ[ɛ]n[ɔ]plaʃtiku	ʒ[e]n[u]plaʃtiku	0
genotexto	ʒɛnɔtɐjʃtu	ʒenuteʃtu	ʒ[ɛ]n[ɔ]tɐ[j]ʃtu	ʒ[e]n[u]te[]ʃtu	0
gestaltismo	ɡɛʃtaɫtiʒmu	ɡeʃtaɫtiʒmu	ɡ[ɛ]ʃtaɫtiʒmu	ɡ[e]ʃtaɫtiʒmu	0
gestaltista	ɡɛʃtaɫtiʃtɐ	ɡeʃtaɫtiʃtɐ	ɡ[ɛ]ʃtaɫtiʃtɐ	ɡ[e]ʃtaɫtiʃtɐ	0
gestual	ʒɛʃtwaɫ	ʒeʃtuaɫ	ʒ[ɛ]ʃt[w]aɫ	ʒ[e]ʃt[u]aɫ	0
gipaeto	ʒipɐetu	ʒipɐɛtu	ʒipɐ[e]tu	ʒipɐ[ɛ]tu	0
gneto	ɡnetu	ɡnɛtu	ɡn[e]tu	ɡn[ɛ]tu	0
goivete	ɡojvetɨ	ɡojvɛtɨ	ɡojv[e]tɨ	ɡojv[ɛ]tɨ	0
gonete	ɡunetɨ	ɡunɛtɨ	ɡun[e]tɨ	ɡun[ɛ]tɨ	0
gorgoleta	ɡurɡuletɐ	ɡurɡulɛtɐ	ɡurɡul[e]tɐ	ɡurɡul[ɛ]tɐ	0
gorjete	ɡurʒetɨ	ɡurʒɛtɨ	ɡurʒ[e]tɨ	ɡurʒ[ɛ]tɨ	0
gospel	ɡɔʃpɛɫ	ɡɔʃpeɫ	ɡɔʃp[ɛ]ɫ	ɡɔʃp[e]ɫ	0
graceta	ɡrɐsetɐ	ɡrɐsɛtɐ	ɡrɐs[e]tɐ	ɡrɐs[ɛ]tɐ	0
grasseta	ɡrɐsetɐ	ɡrɐsɛtɐ	ɡrɐs[e]tɐ	ɡrɐs[ɛ]tɐ	0
graveta	ɡrɐvetɐ	ɡrɐvɛtɐ	ɡrɐv[e]tɐ	ɡrɐv[ɛ]tɐ	0
grecomania	ɡrɛkɔmɐniɐ	ɡrekumɐniɐ	ɡr[ɛ]k[ɔ]mɐniɐ	ɡr[e]k[u]mɐniɐ	0
gresiforme	ɡrɛzifɔrmɨ	ɡrezifɔrmɨ	ɡr[ɛ]zifɔrmɨ	ɡr[e]zifɔrmɨ	0
greva	ɡrevɐ	ɡrɛvɐ	ɡr[e]vɐ	ɡr[ɛ]vɐ	0
grevista	ɡrɛviʃtɐ	ɡreviʃtɐ	ɡr[ɛ]viʃtɐ	ɡr[e]viʃtɐ	0
griseta	ɡrizetɐ	ɡrizɛtɐ	ɡriz[e]tɐ	ɡriz[ɛ]tɐ	0
grumelo	ɡrumelu	ɡrumɛlu	ɡrum[e]lu	ɡrum[ɛ]lu	0
grupeto	ɡrupetu	ɡrupɛtu	ɡrup[e]tu	ɡrup[ɛ]tu	0
guarda-leme	ɡwardɐlɛmɨ	ɡwardɐlemɨ	ɡwardɐl[ɛ]mɨ	ɡwardɐl[e]mɨ	0
guarda-republicano	ɡwardɐʀɛpublikɐnu	ɡwardɐʀepublikɐ̃nu	ɡwardɐʀ[ɛ]publikɐ[]nu	ɡwardɐʀ[e]publikɐ[̃]nu	0
guebro	ɡɛbru	ɡebru	ɡ[ɛ]bru	ɡ[e]bru	0
guelelo	ɡelelu	ɡelɛlu	ɡel[e]lu	ɡel[ɛ]lu	0
guelmo	ɡɛɫmu	ɡeɫmu	ɡ[ɛ]ɫmu	ɡ[e]ɫmu	0
guelra	ɡɛɫʀɐ	ɡeɫʀɐ	ɡ[ɛ]ɫʀɐ	ɡ[e]ɫʀɐ	0
guelricho	ɡɛɫʀiʃu	ɡeɫʀiʃu	ɡ[ɛ]ɫʀiʃu	ɡ[e]ɫʀiʃu	0
guelrita	ɡɛɫʀitu	ɡeɫʀitɐ	ɡ[ɛ]ɫʀit[u]	ɡ[e]ɫʀit[ɐ]	0
guesso	ɡesu	ɡɛsu	ɡ[e]su	ɡ[ɛ]su	0
guetização	ɡɛtizɐsɐ̃w̃	ɡetizɐsɐ̃w̃	ɡ[ɛ]tizɐsɐ̃w̃	ɡ[e]tizɐsɐ̃w̃	0
guetizar	ɡɛtizar	ɡetizar	ɡ[ɛ]tizar	ɡ[e]tizar	0
gueze	ɡɛzɨ	ɡezɨ	ɡ[ɛ]zɨ	ɡ[e]zɨ	0
guta-percha	ɡutɐpɛrʃɐ	ɡutɐperʃɐ	ɡutɐp[ɛ]rʃɐ	ɡutɐp[e]rʃɐ	0
hafiestesímetro	ɐfjɛʃtɨzimɨtru	ɐfieʃtɨzimɨtru	ɐfj[ɛ]ʃtɨzimɨtru	ɐfi[e]ʃtɨzimɨtru	0
harpa-eólia	arpɐɛɔljɐ	arpɐeɔljɐ	arpɐ[ɛ]ɔljɐ	arpɐ[e]ɔljɐ	0
haustelo	awʃtelu	awʃtɛlu	awʃt[e]lu	awʃt[ɛ]lu	0
hebdomadário	ɛbdumɐdarju	ebdumɐdarju	[ɛ]bdumɐdarju	[e]bdumɐdarju	0
hebdômada	ɛbdomɐdɐ	ebdomɐdɐ	[ɛ]bdomɐdɐ	[e]bdomɐdɐ	0
hebdómada	ɛbdɔmɐdɐ	ebdɔmɐdɐ	[ɛ]bdɔmɐdɐ	[e]bdɔmɐdɐ	0
hebdomático	ɛbdumatiku	ebdumatiku	[ɛ]bdumatiku	[e]bdumatiku	0
hebridense	ɛbridẽsɨ	ebridẽnsɨ	[ɛ]bridẽsɨ[]	[e]bridẽns[ɨ]	0
hecatomba	ɛkɐtõbɐ	ekɐtõmbɐ	[ɛ]kɐtõbɐ[]	[e]kɐtõmb[ɐ]	0
hecatombe	ɛkɐtõbɨ	ekɐtõmbɨ	[ɛ]kɐtõbɨ[]	[e]kɐtõmb[ɨ]	0
hecatostilo	ɛkɐtuʃtilu	ekɐtuʃtilu	[ɛ]kɐtuʃtilu	[e]kɐtuʃtilu	0
hederáceo	ɛdɨrasju	edɨrasiw	[ɛ]dɨrasj[u]	[e]dɨrasi[w]	0
hederiforme	ɛdɨrifɔrmɨ	edɨrifɔrmɨ	[ɛ]dɨrifɔrmɨ	[e]dɨrifɔrmɨ	0
hederígero	ɛdɨriʒɨru	edɨriʒɨru	[ɛ]dɨriʒɨru	[e]dɨriʒɨru	0
hederina	ɛdɨrinu	edɨrinɐ	[ɛ]dɨrin[u]	[e]dɨrin[ɐ]	0
hederoso	ɛdɨrozu	edɨrozu	[ɛ]dɨrozu	[e]dɨrozu	0
heie	ɛj	ejɨ	[ɛ]j[]	[e]j[ɨ]	0
hela	elɐ	ɛlɐ	[e]lɐ	[ɛ]lɐ	0
helciário	ɛɫsjarju	eɫsiarju	[ɛ]ɫs[j]arju	[e]ɫs[i]arju	0
helcose	ɛɫkɔzɨ	eɫkɔzɨ	[ɛ]ɫkɔzɨ	[e]ɫkɔzɨ	0
heléboro-branco	ɛlɛburubrɐ̃ku	elɛburubrɐ̃nku	[ɛ]lɛburubrɐ̃[]ku	[e]lɛburubrɐ̃[n]ku	0
heléboro	ɛlɛburu	elɛburu	[ɛ]lɛburu	[e]lɛburu	0
helespontíaco	ɛlɨʃpõtiɐku	elɨʃpõntiɐku	[ɛ]lɨʃpõtiɐku[]	[e]lɨʃpõntiɐk[u]	0
helespôntico	ɛlɨʃpõtiku	elɨʃpõntiku	[ɛ]lɨʃpõtiku[]	[e]lɨʃpõntik[u]	0
heliantina	ɛljɐ̃tinɐ	eliɐ̃ntinɐ	[ɛ]l[j]ɐ̃[]tinɐ	[e]l[i]ɐ̃[n]tinɐ	0
heliantíneas	ɛljɐ̃tinjɐʃ	eliɐ̃ntiniɐʃ	[ɛ]l[j]ɐ̃[]tin[j]ɐʃ	[e]l[i]ɐ̃[n]tin[i]ɐʃ	0
helianto	ɛljɐ̃tu	eliɐ̃ntu	[ɛ]l[j]ɐ̃[]tu	[e]l[i]ɐ̃[n]tu	0
helião	ɛljɐ̃w̃	eliɐ̃w̃	[ɛ]l[j]ɐ̃w̃	[e]l[i]ɐ̃w̃	0
heliasta	ɛljaʃtɐ	eliaʃtɐ	[ɛ]l[j]aʃtɐ	[e]l[i]aʃtɐ	0
helicicultor	ɛlisikuɫtor	elisikuɫtor	[ɛ]lisikuɫtor	[e]lisikuɫtor	0
helicicultura	ɛlisikuɫturɐ	elisikuɫturɐ	[ɛ]lisikuɫturɐ	[e]lisikuɫturɐ	0
helícidas	ɛlisidɐʃ	elisidɐʃ	[ɛ]lisidɐʃ	[e]lisidɐʃ	0
helícida	ɛlisidɐ	elisidɐ	[ɛ]lisidɐ	[e]lisidɐ	0
helicídeos	ɛlisidjuʃ	elisidiwʃ	[ɛ]lisidj[u]ʃ	[e]lisidi[w]ʃ	0
helicídeo	ɛlisidju	elisidiw	[ɛ]lisidj[u]	[e]lisidi[w]	0
heliciforme	ɛlisifɔrmɨ	elisifɔrmɨ	[ɛ]lisifɔrmɨ	[e]lisifɔrmɨ	0
helicoidal	ɛlikɔjdaɫ	elikojdaɫ	[ɛ]lik[ɔ]jdaɫ	[e]lik[o]jdaɫ	0
helicoide	ɛlikɔjdɨ	elikɔjdɨ	[ɛ]likɔjdɨ	[e]likɔjdɨ	0
helicóide	ɛlikɔjdɨ	elikɔjdɨ	[ɛ]likɔjdɨ	[e]likɔjdɨ	0
helicômetro	ɛlikomɨtru	elikomɨtru	[ɛ]likomɨtru	[e]likomɨtru	0
helicómetro	ɛlikɔmɨtru	elikɔmɨtru	[ɛ]likɔmɨtru	[e]likɔmɨtru	0
heliconiano	ɛlikunjɐnu	elikuniɐ̃nu	[ɛ]likun[j]ɐ[]nu	[e]likun[i]ɐ[̃]nu	0
helicônio	ɛlikonju	elikonju	[ɛ]likonju	[e]likonju	0
helicónio	ɛlikɔnju	elikɔnju	[ɛ]likɔnju	[e]likɔnju	0
helicópode	ɛlikɔpudɨ	elikɔpudɨ	[ɛ]likɔpudɨ	[e]likɔpudɨ	0
helicóptero	ɛlikɔptɨru	elikɔptɨru	[ɛ]likɔptɨru	[e]likɔptɨru	0
helicotrema	ɛlikutremɐ	elikutremɐ	[ɛ]likutremɐ	[e]likutremɐ	0
helicriso	ɛlikrizu	elikrizu	[ɛ]likrizu	[e]likrizu	0
helícula	ɛlikulɐ	elikulɐ	[ɛ]likulɐ	[e]likulɐ	0
heliocêntrico	ɛljɔsẽtriku	eliusẽntriku	[ɛ]lj[ɔ]sẽtriku[]	[e]li[u]sẽntrik[u]	0
heliocentrismo	ɛljɔsẽtriʒmu	eliusẽntriʒmu	[ɛ]lj[ɔ]sẽtriʒmu[]	[e]li[u]sẽntriʒm[u]	0
heliocometa	ɛljɔkumetɐ	eliukumetɐ	[ɛ]lj[ɔ]kumetɐ	[e]li[u]kumetɐ	0
heliocromia	ɛljɔkrumiɐ	eliukrumiɐ	[ɛ]lj[ɔ]krumiɐ	[e]li[u]krumiɐ	0
heliocrômico	ɛljɔkromiku	eliukromiku	[ɛ]lj[ɔ]kromiku	[e]li[u]kromiku	0
heliocrómico	ɛljɔkrɔmiku	eliukrɔmiku	[ɛ]lj[ɔ]krɔmiku	[e]li[u]krɔmiku	0
heliofíleas	ɛljɔfiljɐʃ	eliufiliɐʃ	[ɛ]lj[ɔ]fil[j]ɐʃ	[e]li[u]fil[i]ɐʃ	0
heliofilia	ɛljɔfiliɐ	eliufiliɐ	[ɛ]lj[ɔ]filiɐ	[e]li[u]filiɐ	0
heliófilo	ɛljɔfilu	eliɔfilu	[ɛ]l[j]ɔfilu	[e]l[i]ɔfilu	0
heliófito	ɛljɔfitu	eliɔfitu	[ɛ]l[j]ɔfitu	[e]l[i]ɔfitu	0
heliofobia	ɛljɔfubiɐ	eliufubiɐ	[ɛ]lj[ɔ]fubiɐ	[e]li[u]fubiɐ	0
heliófobo	ɛljɔfubu	eliɔfubu	[ɛ]l[j]ɔfubu	[e]l[i]ɔfubu	0
heliofotômetro	ɛljɔfutomɨtru	eliufutomɨtru	[ɛ]lj[ɔ]futomɨtru	[e]li[u]futomɨtru	0
heliofotómetro	ɛljɔfutɔmɨtru	eliufutɔmɨtru	[ɛ]lj[ɔ]futɔmɨtru	[e]li[u]futɔmɨtru	0
heliófugo	ɛljɔfuɡu	eliɔfuɡu	[ɛ]l[j]ɔfuɡu	[e]l[i]ɔfuɡu	0
heliografia	ɛljɔɡrɐfiɐ	eliuɡrɐfiɐ	[ɛ]lj[ɔ]ɡrɐfiɐ	[e]li[u]ɡrɐfiɐ	0
heliográfico	ɛljɔɡrafiku	eliuɡrafiku	[ɛ]lj[ɔ]ɡrafiku	[e]li[u]ɡrafiku	0
heliógrafo	ɛljɔɡrɐfu	eliɔɡrɐfu	[ɛ]l[j]ɔɡrɐfu	[e]l[i]ɔɡrɐfu	0
heliogravador	ɛljɔɡrɐvɐdor	eliuɡrɐvɐdor	[ɛ]lj[ɔ]ɡrɐvɐdor	[e]li[u]ɡrɐvɐdor	0
heliogravura	ɛljɔɡrɐvurɐ	eliuɡrɐvurɐ	[ɛ]lj[ɔ]ɡrɐvurɐ	[e]li[u]ɡrɐvurɐ	0
heliolatria	ɛljɔlɐtriɐ	eliulɐtriɐ	[ɛ]lj[ɔ]lɐtriɐ	[e]li[u]lɐtriɐ	0
heliolátrico	ɛljɔlatriku	eliulatriku	[ɛ]lj[ɔ]latriku	[e]li[u]latriku	0
helioloxodromia	ɛljɔluksudrumiɐ	eliuluksudrumiɐ	[ɛ]lj[ɔ]luksudrumiɐ	[e]li[u]luksudrumiɐ	0
heliométrico	ɛljɔmɛtriku	eliumɛtriku	[ɛ]lj[ɔ]mɛtriku	[e]li[u]mɛtriku	0
heliômetro	ɛljomɨtru	eljomɨtru	[ɛ]ljomɨtru	[e]ljomɨtru	0
heliómetro	ɛljɔmɨtru	eliɔmɨtru	[ɛ]l[j]ɔmɨtru	[e]l[i]ɔmɨtru	0
heliomotor	ɛljɔmutor	eliumutor	[ɛ]lj[ɔ]mutor	[e]li[u]mutor	0
heliopatia	ɛljɔpɐtiɐ	eliupɐtiɐ	[ɛ]lj[ɔ]pɐtiɐ	[e]li[u]pɐtiɐ	0
heliopático	ɛljɔpatiku	eliupatiku	[ɛ]lj[ɔ]patiku	[e]li[u]patiku	0
helioplastia	ɛljɔplɐʃtiɐ	eliuplɐʃtiɐ	[ɛ]lj[ɔ]plɐʃtiɐ	[e]li[u]plɐʃtiɐ	0
helioscopia	ɛljɔʃkupiɐ	eliuʃkupiɐ	[ɛ]lj[ɔ]ʃkupiɐ	[e]li[u]ʃkupiɐ	0
helioscópico	ɛljɔʃkɔpiku	eliuʃkɔpiku	[ɛ]lj[ɔ]ʃkɔpiku	[e]li[u]ʃkɔpiku	0
helioscópio	ɛljɔʃkɔpju	eliuʃkɔpju	[ɛ]lj[ɔ]ʃkɔpju	[e]li[u]ʃkɔpju	0
heliose	ɛljɔzɨ	eliɔzɨ	[ɛ]l[j]ɔzɨ	[e]l[i]ɔzɨ	0
heliostático	ɛljɔʃtatiku	eliuʃtatiku	[ɛ]lj[ɔ]ʃtatiku	[e]li[u]ʃtatiku	0
helióstato	ɛljɔʃtɐtu	eliɔʃtɐtu	[ɛ]l[j]ɔʃtɐtu	[e]l[i]ɔʃtɐtu	0
heliotecnia	ɛljɔtɛkniɐ	eliutɛkniɐ	[ɛ]lj[ɔ]tɛkniɐ	[e]li[u]tɛkniɐ	0
heliotécnico	ɛljɔtɛkniku	eliutɛkniku	[ɛ]lj[ɔ]tɛkniku	[e]li[u]tɛkniku	0
helioterapia	ɛljɔtɨrɐpiɐ	eliutɨrɐpiɐ	[ɛ]lj[ɔ]tɨrɐpiɐ	[e]li[u]tɨrɐpiɐ	0
helioterápico	ɛljɔtɨrapiku	eliutɨrapiku	[ɛ]lj[ɔ]tɨrapiku	[e]li[u]tɨrapiku	0
heliotermômetro	ɛljɔtɨrmomɨtru	eliutɨrmomɨtru	[ɛ]lj[ɔ]tɨrmomɨtru	[e]li[u]tɨrmomɨtru	0
heliotermómetro	ɛljɔtɨrmɔmɨtru	eliutɨrmɔmɨtru	[ɛ]lj[ɔ]tɨrmɔmɨtru	[e]li[u]tɨrmɔmɨtru	0
heliotropia	ɛljɔtrupiɐ	eliutrupiɐ	[ɛ]lj[ɔ]trupiɐ	[e]li[u]trupiɐ	0
heliotrópico	ɛljɔtrɔpiku	eliutrɔpiku	[ɛ]lj[ɔ]trɔpiku	[e]li[u]trɔpiku	0
heliotrópio	ɛljɔtrɔpju	eliutrɔpju	[ɛ]lj[ɔ]trɔpju	[e]li[u]trɔpju	0
heliotropismo	ɛljɔtrupiʒmu	eliutrupiʒmu	[ɛ]lj[ɔ]trupiʒmu	[e]li[u]trupiʒmu	0
heliozoário	ɛljɔzwarju	eliuzuarju	[ɛ]lj[ɔ]z[w]arju	[e]li[u]z[u]arju	0
heliporto	ɛliportu	eliportu	[ɛ]liportu	[e]liportu	0
heliportuário	ɛlipurtwarju	elipurtwarju	[ɛ]lipurtwarju	[e]lipurtwarju	0
helitransportado	ɛlitrɐ̃ʃpurtadu	elitrɐ̃nʃpurtadu	[ɛ]litrɐ̃[]ʃpurtadu	[e]litrɐ̃[n]ʃpurtadu	0
helitransportar	ɛlitrɐ̃ʃpurtar	elitrɐ̃nʃpurtar	[ɛ]litrɐ̃[]ʃpurtar	[e]litrɐ̃[n]ʃpurtar	0
helmintêmese	ɛɫmĩtemɨzɨ	eɫmĩntemɨzɨ	[ɛ]ɫmĩtemɨ[z]ɨ[]	[e]ɫmĩnte[m]ɨz[ɨ]	0
helmintémese	ɛɫmĩtɛmɨzɨ	eɫmĩntɛmɨzɨ	[ɛ]ɫmĩtɛmɨ[z]ɨ[]	[e]ɫmĩntɛ[m]ɨz[ɨ]	0
helmintíase	ɛɫmĩtiɐzɨ	eɫmĩntiɐzɨ	[ɛ]ɫmĩtiɐzɨ[]	[e]ɫmĩntiɐz[ɨ]	0
helmíntico	ɛɫmĩtiku	eɫmĩntiku	[ɛ]ɫmĩtiku[]	[e]ɫmĩntik[u]	0
helmintoide	ɛɫmĩtɔjdɨ	eɫmĩntɔjdɨ	[ɛ]ɫmĩtɔjdɨ[]	[e]ɫmĩntɔjd[ɨ]	0
helmintóide	ɛɫmĩtɔjdɨ	eɫmĩntɔjdɨ	[ɛ]ɫmĩtɔjdɨ[]	[e]ɫmĩntɔjd[ɨ]	0
helmintologia	ɛɫmĩtuluʒiɐ	eɫmĩntuluʒiɐ	[ɛ]ɫmĩtu[l]uʒiɐ[]	[e]ɫmĩn[t]uluʒi[ɐ]	0
helmintológico	ɛɫmĩtulɔʒiku	eɫmĩntulɔʒiku	[ɛ]ɫmĩtulɔʒiku[]	[e]ɫmĩntulɔʒik[u]	0
helmintologista	ɛɫmĩtuluʒiʃtɐ	eɫmĩntuluʒiʃtɐ	[ɛ]ɫmĩtu[l]uʒiʃtɐ[]	[e]ɫmĩn[t]uluʒiʃt[ɐ]	0
helmintólogo	ɛɫmĩtɔluɡu	eɫmĩntɔluɡu	[ɛ]ɫmĩtɔlu[ɡ]u[]	[e]ɫmĩntɔ[l]uɡ[u]	0
helminto	ɛɫmĩtu	eɫmĩntu	[ɛ]ɫmĩtu[]	[e]ɫmĩnt[u]	0
helófito	ɛlɔfitu	elɔfitu	[ɛ]lɔfitu	[e]lɔfitu	0
helveciano	ɛɫvɨsjɐnu	eɫvɨsiɐ̃nu	[ɛ]ɫvɨs[j]ɐ[]nu	[e]ɫvɨs[i]ɐ[̃]nu	0
helvécios	ɛɫvɛsjuʃ	eɫvɛsɪuʃ	[ɛ]ɫvɛs[j]uʃ	[e]ɫvɛs[ɪ]uʃ	0
helvécio	ɛɫvɛsju	eɫvɛsju	[ɛ]ɫvɛsju	[e]ɫvɛsju	0
helvético	ɛɫvɛtiku	eɫvɛtiku	[ɛ]ɫvɛtiku	[e]ɫvɛtiku	0
hemaglutinação	ɛmɐɡlutinɐsɐ̃w̃	emɐɡlutinɐsɐ̃w̃	[ɛ]mɐɡlutinɐsɐ̃w̃	[e]mɐɡlutinɐsɐ̃w̃	0
hemangioma	ɛmɐ̃ʒjomɐ	emɐ̃nʒiomɐ	[ɛ]mɐ̃[]ʒ[j]omɐ	[e]mɐ̃[n]ʒ[i]omɐ	0
hemera	emɛrɐ	emerɐ	em[ɛ]rɐ	em[e]rɐ	0
hemiacefalia	ɛmiɐsɨfɐliɐ	emiɐsɨfɐliɐ	[ɛ]miɐsɨfɐliɐ	[e]miɐsɨfɐliɐ	0
hemiacéfalo	ɛmiɐsɛfɐlu	emiɐsɛfɐlu	[ɛ]miɐsɛfɐlu	[e]miɐsɛfɐlu	0
hemiagnosia	ɛmiɐɡnuziɐ	emiɐɡnuziɐ	[ɛ]miɐɡnuziɐ	[e]miɐɡnuziɐ	0
hemialgia	ɛmiaɫʒiɐ	emiaɫʒiɐ	[ɛ]miaɫʒiɐ	[e]miaɫʒiɐ	0
hemiálgico	ɛmjaɫʒiku	emiaɫʒiku	[ɛ]m[j]aɫʒiku	[e]m[i]aɫʒiku	0
hemianestesia	ɛmiɐnɨʃtɨziɐ	emiɐneʃtɨziɐ	[ɛ]miɐn[ɨ]ʃtɨziɐ	[e]miɐn[e]ʃtɨziɐ	0
hemianopsia	ɛmiɐnɔpsiɐ	emiɐnupsiɐ	[ɛ]miɐn[ɔ]psiɐ	[e]miɐn[u]psiɐ	0
hemiascomicetes	ɛmjɐʃkɔmisɛtɨʃ	emiɐʃkumisɛtɨʃ	[ɛ]m[j]ɐʃk[ɔ]misɛtɨʃ	[e]m[i]ɐʃk[u]misɛtɨʃ	0
hemibalismo	ɛmibɐliʒmu	emibɐliʒmu	[ɛ]mibɐliʒmu	[e]mibɐliʒmu	0
hemibraquidoma	ɛmibrɐkidomɐ	emibrɐkidomɐ	[ɛ]mibrɐkidomɐ	[e]mibrɐkidomɐ	0
hemicelulose	ɛmisɨlulɔzɨ	emiselulɔzɨ	[ɛ]mis[ɨ]lulɔzɨ	[e]mis[e]lulɔzɨ	0
hemicíclico	ɛmisikliku	emisikliku	[ɛ]misikliku	[e]misikliku	0
hemiciclo	ɛmisiklu	emisiklu	[ɛ]misiklu	[e]misiklu	0
hemicilíndrico	ɛmisilĩdriku	emisilĩndriku	[ɛ]misilĩdriku[]	[e]misilĩndrik[u]	0
hemicilindro	ɛmisilĩdru	emisilĩndru	[ɛ]misilĩdru[]	[e]misilĩndr[u]	0
hemicordado	ɛmikurdadu	emikurdadu	[ɛ]mikurdadu	[e]mikurdadu	0
hemicrania	ɛmikrɐniɐ	emikrɐniɐ	[ɛ]mikrɐniɐ	[e]mikrɐniɐ	0
hemicrânico	ɛmikrɐniku	emikrɐ̃niku	[ɛ]mikrɐ[]niku	[e]mikrɐ[̃]niku	0
hemiedria	ɛmiɛdriɐ	emiɨdriɐ	[ɛ]mi[ɛ]driɐ	[e]mi[ɨ]driɐ	0
hemiédrico	ɛmiɛdriku	emjɛdriku	[ɛ]m[i]ɛdriku	[e]m[j]ɛdriku	0
hemiélitro	ɛmiɛlitru	emjɛlitru	[ɛ]m[i]ɛlitru	[e]m[j]ɛlitru	0
hemifacial	ɛmifɐsjaɫ	emifɐsiaɫ	[ɛ]mifɐs[j]aɫ	[e]mifɐs[i]aɫ	0
hemilabial	ɛmilɐbjaɫ	emilɐbiaɫ	[ɛ]milɐb[j]aɫ	[e]milɐb[i]aɫ	0
hemilateral	ɛmilɐtɨraɫ	emilɐtɨraɫ	[ɛ]milɐtɨraɫ	[e]milɐtɨraɫ	0
hemilingual	ɛmilĩɡwaɫ	emilĩnɡwaɫ	[ɛ]milĩɡwaɫ[]	[e]milĩnɡwa[ɫ]	0
hemimacrodoma	ɛmimakrɔdomɐ	emimɐkrudomɐ	[ɛ]mim[a]kr[ɔ]domɐ	[e]mim[ɐ]kr[u]domɐ	0
hemimetabólico	ɛmimɨtɐbɔliku	emimetɐbɔliku	[ɛ]mim[ɨ]tɐbɔliku	[e]mim[e]tɐbɔliku	0
hemimorfia	ɛmimurfiɐ	emimurfiɐ	[ɛ]mimurfiɐ	[e]mimurfiɐ	0
hemimórfico	ɛmimɔrfiku	emimɔrfiku	[ɛ]mimɔrfiku	[e]mimɔrfiku	0
hemimorfita	ɛmimurfitɐ	emimurfitɐ	[ɛ]mimurfitɐ	[e]mimurfitɐ	0
hemimorfite	ɛmimurfitɨ	emimurfitɨ	[ɛ]mimurfitɨ	[e]mimurfitɨ	0
hemíono	ɛmiunu	emiwnu	[ɛ]mi[u]nu	[e]mi[w]nu	0
hemiopia	ɛmjupiɐ	emiupiɐ	[ɛ]m[j]upiɐ	[e]m[i]upiɐ	0
hemiortodoma	ɛmiɔrtɔdomɐ	emiurtudomɐ	[ɛ]mi[ɔ]rt[ɔ]domɐ	[e]mi[u]rt[u]domɐ	0
hemiparesia	ɛmipɐrɨziɐ	emipɐrɨziɐ	[ɛ]mipɐrɨziɐ	[e]mipɐrɨziɐ	0
hemipatia	ɛmipɐtiɐ	emipɐtiɐ	[ɛ]mipɐtiɐ	[e]mipɐtiɐ	0
hemipirâmide	ɛmipirɐmidɨ	emipirɐ̃midɨ	[ɛ]mipirɐ[]midɨ	[e]mipirɐ[̃]midɨ	0
hemiplegia	ɛmiplɛʒiɐ	emiplɨʒiɐ	[ɛ]mipl[ɛ]ʒiɐ	[e]mipl[ɨ]ʒiɐ	0
hemiplégico	ɛmiplɛʒiku	emiplɛʒiku	[ɛ]miplɛʒiku	[e]miplɛʒiku	0
hemiplexia	ɛmiplɛksiɐ	emiplɨksiɐ	[ɛ]mipl[ɛ]ksiɐ	[e]mipl[ɨ]ksiɐ	0
hemiprismático	ɛmipriʒmatiku	emipriʒmatiku	[ɛ]mipriʒmatiku	[e]mipriʒmatiku	0
hemiprisma	ɛmipriʒmɐ	emipriʒmɐ	[ɛ]mipriʒmɐ	[e]mipriʒmɐ	0
hemíptero	ɛmiptɨru	emiptɨru	[ɛ]miptɨru	[e]miptɨru	0
hemistíquio	ɛmiʃtikju	emiʃtikiw	[ɛ]miʃtikj[u]	[e]miʃtiki[w]	0
hemitriteia	ɛmitritɐjɐ	emitritɛjɐ	[ɛ]mitrit[ɐ]jɐ	[e]mitrit[ɛ]jɐ	0
hemitritéia	ɛmitritɐjɐ	emitritɛjɐ	[ɛ]mitrit[ɐ]jɐ	[e]mitrit[ɛ]jɐ	0
hemitropia	ɛmitrupiɐ	emitrupiɐ	[ɛ]mitrupiɐ	[e]mitrupiɐ	0
hemitrópico	ɛmitrɔpiku	emitrɔpiku	[ɛ]mitrɔpiku	[e]mitrɔpiku	0
hemítropo	ɛmitrupu	emitrupu	[ɛ]mitrupu	[e]mitrupu	0
hemoaglutinação	ɛmɔɐɡlutinɐsɐ̃w̃	emuɐɡlutinɐsɐ̃w̃	[ɛ]m[ɔ]ɐɡlutinɐsɐ̃w̃	[e]m[u]ɐɡlutinɐsɐ̃w̃	0
hemocianina	ɛmɔsjɐninɐ	emusiɐninɐ	[ɛ]m[ɔ]s[j]ɐninɐ	[e]m[u]s[i]ɐninɐ	0
hemocitometria	ɛmɔsitɔmɨtriɐ	emusitumɨtriɐ	[ɛ]m[ɔ]sit[ɔ]mɨtriɐ	[e]m[u]sit[u]mɨtriɐ	0
hemocitômetro	ɛmɔsitomɨtru	emusitomɨtru	[ɛ]m[ɔ]sitomɨtru	[e]m[u]sitomɨtru	0
hemocitómetro	ɛmɔsitɔmɨtru	emusitɔmɨtru	[ɛ]m[ɔ]sitɔmɨtru	[e]m[u]sitɔmɨtru	0
hemoclasia	ɛmɔklɐziɐ	emuklɐziɐ	[ɛ]m[ɔ]klɐziɐ	[e]m[u]klɐziɐ	0
hemoclástico	ɛmɔklaʃtiku	emuklaʃtiku	[ɛ]m[ɔ]klaʃtiku	[e]m[u]klaʃtiku	0
hemoconcentração	ɛmɔkõsẽtrɐsɐ̃w̃	emukõnsẽntrɐsɐ̃w̃	[ɛ]m[ɔ]kõsẽtrɐsɐ̃w̃[]	[e]m[u]kõnsẽntrɐsɐ̃w[̃]	0
hemocrinia	ɛmɔkriniɐ	emukriniɐ	[ɛ]m[ɔ]kriniɐ	[e]m[u]kriniɐ	0
hemocromatose	ɛmɔkrɔmɐtɔzɨ	emukrumɐtɔzɨ	[ɛ]m[ɔ]kr[ɔ]mɐtɔzɨ	[e]m[u]kr[u]mɐtɔzɨ	0
hemocromatósico	ɛmɔkrɔmɐtɔziku	emukrumɐtɔziku	[ɛ]m[ɔ]kr[ɔ]mɐtɔziku	[e]m[u]kr[u]mɐtɔziku	0
hemocultura	ɛmɔkuɫturɐ	emukuɫturɐ	[ɛ]m[ɔ]kuɫturɐ	[e]m[u]kuɫturɐ	0
hemodiagnóstico	ɛmɔdjɐɡnɔʃtiku	emudiɐɡnɔʃtiku	[ɛ]m[ɔ]d[j]ɐɡnɔʃtiku	[e]m[u]d[i]ɐɡnɔʃtiku	0
hemodialisador	ɛmɔdjɐlizɐdor	emudiɐlizɐdor	[ɛ]m[ɔ]d[j]ɐlizɐdor	[e]m[u]d[i]ɐlizɐdor	0
hemodialisado	ɛmɔdjɐlizadu	emudiɐlizadu	[ɛ]m[ɔ]d[j]ɐlizadu	[e]m[u]d[i]ɐlizadu	0
hemodialisar	ɛmɔdjɐlizar	emudiɐlizar	[ɛ]m[ɔ]d[j]ɐlizar	[e]m[u]d[i]ɐlizar	0
hemodiálise	ɛmɔdjalizɨ	emudializɨ	[ɛ]m[ɔ]d[j]alizɨ	[e]m[u]d[i]alizɨ	0
hemodiluição	ɛmɔdilwisɐ̃w̃	emudiluisɐ̃w̃	[ɛ]m[ɔ]dil[w]isɐ̃w̃	[e]m[u]dil[u]isɐ̃w̃	0
hemodinâmica	ɛmɔdinɐmikɐ	emudinɐ̃mikɐ	[ɛ]m[ɔ]dinɐ[]mikɐ	[e]m[u]dinɐ[̃]mikɐ	0
hemodinamômetro	ɛmɔdinɐmomɨtru	emudinɐmomɨtru	[ɛ]m[ɔ]dinɐmomɨtru	[e]m[u]dinɐmomɨtru	0
hemodinamómetro	ɛmɔdinɐmɔmɨtru	emudinɐmɔmɨtru	[ɛ]m[ɔ]dinɐmɔmɨtru	[e]m[u]dinɐmɔmɨtru	0
hemofilia	ɛmɔfiliɐ	emufiliɐ	[ɛ]m[ɔ]filiɐ	[e]m[u]filiɐ	0
hemofílico	ɛmɔfiliku	emufiliku	[ɛ]m[ɔ]filiku	[e]m[u]filiku	0
hemoflagelado	ɛmɔflɐʒɨladu	emuflɐʒɨladu	[ɛ]m[ɔ]flɐʒɨladu	[e]m[u]flɐʒɨladu	0
hemofobia	ɛmɔfubiɐ	emufubiɐ	[ɛ]m[ɔ]fubiɐ	[e]m[u]fubiɐ	0
hemoftalmia	ɛmɔftaɫmiɐ	emuftaɫmiɐ	[ɛ]m[ɔ]ftaɫmiɐ	[e]m[u]ftaɫmiɐ	0
hemoftalmo	ɛmɔftaɫmu	emuftaɫmu	[ɛ]m[ɔ]ftaɫmu	[e]m[u]ftaɫmu	0
hemoglobina	ɛmɔɡlubinɐ	emuɡlubinɐ	[ɛ]m[ɔ]ɡlubinɐ	[e]m[u]ɡlubinɐ	0
hemoglobinômetro	ɛmɔɡlubinomɨtru	emuɡlubinomɨtru	[ɛ]m[ɔ]ɡlubinomɨtru	[e]m[u]ɡlubinomɨtru	0
hemoglobinómetro	ɛmɔɡlubinɔmɨtru	emuɡlubinɔmɨtru	[ɛ]m[ɔ]ɡlubinɔmɨtru	[e]m[u]ɡlubinɔmɨtru	0
hemoglobinopatia	ɛmɔɡlubinɔpɐtiɐ	emuɡlubinupɐtiɐ	[ɛ]m[ɔ]ɡlubin[ɔ]pɐtiɐ	[e]m[u]ɡlubin[u]pɐtiɐ	0
hemoglobinúria	ɛmɔɡlubinurjɐ	emuɡlubinurjɐ	[ɛ]m[ɔ]ɡlubinurjɐ	[e]m[u]ɡlubinurjɐ	0
hemoglobinúrico	ɛmɔɡlubinuriku	emuɡlubinuriku	[ɛ]m[ɔ]ɡlubinuriku	[e]m[u]ɡlubinuriku	0
hemograma	ɛmɔɡrɐmɐ	emuɡrɐ̃mɐ	[ɛ]m[ɔ]ɡrɐ[]mɐ	[e]m[u]ɡrɐ[̃]mɐ	0
hemolinfa	ɛmɔlĩfɐ	emulĩnfɐ	[ɛ]m[ɔ]lĩfɐ[]	[e]m[u]lĩnf[ɐ]	0
hemólise	ɛmɔlizɨ	emɔlizɨ	[ɛ]mɔlizɨ	[e]mɔlizɨ	0
hemolisina	ɛmɔlizinɐ	emulizinɐ	[ɛ]m[ɔ]lizinɐ	[e]m[u]lizinɐ	0
hemolítico	ɛmɔlitiku	emulitiku	[ɛ]m[ɔ]litiku	[e]m[u]litiku	0
hemômetro	ɛmomɨtru	emomɨtru	[ɛ]momɨtru	[e]momɨtru	0
hemómetro	ɛmɔmɨtru	emɔmɨtru	[ɛ]mɔmɨtru	[e]mɔmɨtru	0
hemopatia	ɛmɔpɐtiɐ	emupɐtiɐ	[ɛ]m[ɔ]pɐtiɐ	[e]m[u]pɐtiɐ	0
hemopático	ɛmɔpatiku	emupatiku	[ɛ]m[ɔ]patiku	[e]m[u]patiku	0
hemopericárdio	ɛmɔpɨrikardju	emuperikardju	[ɛ]m[ɔ]p[ɨ]rikardju	[e]m[u]p[e]rikardju	0
hemoperitoneu	ɛmɔpɨritunew	emuperitunew	[ɛ]m[ɔ]p[ɨ]ritunew	[e]m[u]p[e]ritunew	0
hemoplástico	ɛmɔplaʃtiku	emuplaʃtiku	[ɛ]m[ɔ]plaʃtiku	[e]m[u]plaʃtiku	0
hemoptise	ɛmɔptizɨ	emuptizɨ	[ɛ]m[ɔ]ptizɨ	[e]m[u]ptizɨ	0
hemoptoico	ɛmɔptɔjku	emuptɔjku	[ɛ]m[ɔ]ptɔjku	[e]m[u]ptɔjku	0
hemoptóico	ɛmɔptɔjku	emuptɔjku	[ɛ]m[ɔ]ptɔjku	[e]m[u]ptɔjku	0
hemorragia	ɛmuʀɐʒiɐ	emuʀɐʒiɐ	[ɛ]muʀɐʒiɐ	[e]muʀɐʒiɐ	0
hemorrágico	ɛmuʀaʒiku	emuʀaʒiku	[ɛ]muʀaʒiku	[e]muʀaʒiku	0
hemorroidal	ɛmuʀɔjdaɫ	emuʀojdaɫ	[ɛ]muʀ[ɔ]jdaɫ	[e]muʀ[o]jdaɫ	0
hemorroidário	ɛmuʀɔjdarju	emuʀojdarju	[ɛ]muʀ[ɔ]jdarju	[e]muʀ[o]jdarju	0
hemorroida	ɛmuʀɔjdɐ	emuʀɔjdɐ	[ɛ]muʀɔjdɐ	[e]muʀɔjdɐ	0
hemorróida	ɛmuʀɔjdɐ	emuʀɔjdɐ	[ɛ]muʀɔjdɐ	[e]muʀɔjdɐ	0
hemorroidectomia	ɛmuʀɔjdɛktumiɐ	emuʀojdɨtumiɐ	[ɛ]muʀ[ɔ]jdɛ[k]tumiɐ	[e]muʀ[o]jdɨ[]tumiɐ	0
hemorroide	ɛmuʀɔjdɨ	emuʀɔjdɨ	[ɛ]muʀɔjdɨ	[e]muʀɔjdɨ	0
hemorróide	ɛmuʀɔjdɨ	emuʀɔjdɨ	[ɛ]muʀɔjdɨ	[e]muʀɔjdɨ	0
hemorroidoso	ɛmuʀɔjdozu	emuʀojdozu	[ɛ]muʀ[ɔ]jdozu	[e]muʀ[o]jdozu	0
hemorroíssa	ɛmuʀwisɐ	emuʀuisɐ	[ɛ]muʀ[w]isɐ	[e]muʀ[u]isɐ	0
hemoscopia	ɛmɔʃkupiɐ	emuʃkupiɐ	[ɛ]m[ɔ]ʃkupiɐ	[e]m[u]ʃkupiɐ	0
hemospasia	ɛmɔʃpaziɐ	emuʃpɐziɐ	[ɛ]m[ɔ]ʃp[a]ziɐ	[e]m[u]ʃp[ɐ]ziɐ	0
hemospóridas	ɛmɔʃpɔridɐʃ	emuʃpɔridɐʃ	[ɛ]m[ɔ]ʃpɔridɐʃ	[e]m[u]ʃpɔridɐʃ	0
hemosporídeo	ɛmɔʃpuridju	emuʃpuridiw	[ɛ]m[ɔ]ʃpuridj[u]	[e]m[u]ʃpuridi[w]	0
hemossiderina	ɛmɔsidɨrinɐ	emusidɨrinɐ	[ɛ]m[ɔ]sidɨrinɐ	[e]m[u]sidɨrinɐ	0
hemossiderose	ɛmɔsidɨrɔzɨ	emusidɨrɔzɨ	[ɛ]m[ɔ]sidɨrɔzɨ	[e]m[u]sidɨrɔzɨ	0
hemóstase	ɛmɔʃtɐzɨ	emɔʃtɐzɨ	[ɛ]mɔʃtɐzɨ	[e]mɔʃtɐzɨ	0
hemostasia	ɛmɔʃtɐziɐ	emuʃtɐziɐ	[ɛ]m[ɔ]ʃtɐziɐ	[e]m[u]ʃtɐziɐ	0
hemostática	ɛmɔʃtatikɐ	emuʃtatikɐ	[ɛ]m[ɔ]ʃtatikɐ	[e]m[u]ʃtatikɐ	0
hemostático	ɛmɔʃtatiku	emuʃtatiku	[ɛ]m[ɔ]ʃtatiku	[e]m[u]ʃtatiku	0
hemoterapia	ɛmɔtɨrɐpiɐ	emuterɐpiɐ	[ɛ]m[ɔ]t[ɨ]rɐpiɐ	[e]m[u]t[e]rɐpiɐ	0
hemoterápico	ɛmɔtɨrapiku	emutɨrapiku	[ɛ]m[ɔ]tɨrapiku	[e]m[u]tɨrapiku	0
hemotexia	ɛmɔtɛksiɐ	emutɨksiɐ	[ɛ]m[ɔ]t[ɛ]ksiɐ	[e]m[u]t[ɨ]ksiɐ	0
hemotórax	ɛmɔtɔraks	emutɔrɐks	[ɛ]m[ɔ]tɔr[a]ks	[e]m[u]tɔr[ɐ]ks	0
hemotoxia	ɛmɔtɔksiɐ	emutuksiɐ	[ɛ]m[ɔ]t[ɔ]ksiɐ	[e]m[u]t[u]ksiɐ	0
hemotóxico	ɛmɔtɔksiku	emutɔksiku	[ɛ]m[ɔ]tɔksiku	[e]m[u]tɔksiku	0
hemotoxina	ɛmɔtɔksinɐ	emutuksinɐ	[ɛ]m[ɔ]t[ɔ]ksinɐ	[e]m[u]t[u]ksinɐ	0
hemúlidas	ɛmulidɐʃ	emulidɐʃ	[ɛ]mulidɐʃ	[e]mulidɐʃ	0
hemúlida	ɛmulidɐ	emulidɐ	[ɛ]mulidɐ	[e]mulidɐ	0
hemulídeos	ɛmulidjuʃ	emulidiwʃ	[ɛ]mulidj[u]ʃ	[e]mulidi[w]ʃ	0
hemulídeo	ɛmulidju	emulidiw	[ɛ]mulidj[u]	[e]mulidi[w]	0
hena	ɛnɐ	enɐ	[ɛ]nɐ	[e]nɐ	0
henoteísmo	ɛnɔtɐiʒmu	enutɨiʒmu	[ɛ]n[ɔ]t[ɐ]iʒmu	[e]n[u]t[ɨ]iʒmu	0
henoteísta	ɛnɔtɐiʃtɐ	enutɨiʃtɐ	[ɛ]n[ɔ]t[ɐ]iʃtɐ	[e]n[u]t[ɨ]iʃtɐ	0
henoteístico	ɛnɔtɐiʃtiku	enutɨiʃtiku	[ɛ]n[ɔ]t[ɐ]iʃtiku	[e]n[u]t[ɨ]iʃtiku	0
heparina	ɛpɐrinɐ	epɐrinɐ	[ɛ]pɐrinɐ	[e]pɐrinɐ	0
hepatalgia	ɛpɐtaɫʒiɐ	epɐtaɫʒiɐ	[ɛ]pɐtaɫʒiɐ	[e]pɐtaɫʒiɐ	0
hepatálgico	ɛpɐtaɫʒiku	epɐtaɫʒiku	[ɛ]pɐtaɫʒiku	[e]pɐtaɫʒiku	0
hepatal	ɛpɐtaɫ	epɐtaɫ	[ɛ]pɐtaɫ	[e]pɐtaɫ	0
hepatectomia	ɛpɐtɛktumiɐ	epɐtɛtumiɐ	[ɛ]pɐtɛ[k]tumiɐ	[e]pɐtɛ[]tumiɐ	0
hepática	ɛpatikɐ	epatikɐ	[ɛ]patikɐ	[e]patikɐ	0
hepático	ɛpatiku	epatiku	[ɛ]patiku	[e]patiku	0
hepatismo	ɛpɐtiʒmu	epɐtiʒmu	[ɛ]pɐtiʒmu	[e]pɐtiʒmu	0
hepatita	ɛpɐtitɨ	epɐtitɐ	[ɛ]pɐtit[ɨ]	[e]pɐtit[ɐ]	0
hepatização	ɛpɐtizɐsɐ̃w̃	epɐtizɐsɐ̃w̃	[ɛ]pɐtizɐsɐ̃w̃	[e]pɐtizɐsɐ̃w̃	0
hepatizado	ɛpɐtizadu	epɐtizadu	[ɛ]pɐtizadu	[e]pɐtizadu	0
hepatizar	ɛpɐtizar	epɐtizar	[ɛ]pɐtizar	[e]pɐtizar	0
hepatocele	ɛpɐtɔsɛlɨ	epɐtusɛlɨ	[ɛ]pɐt[ɔ]sɛlɨ	[e]pɐt[u]sɛlɨ	0
hepatocelular	ɛpɐtɔsɨlular	epɐtusɨlular	[ɛ]pɐt[ɔ]sɨlular	[e]pɐt[u]sɨlular	0
hepatocirrose	ɛpatɔsiʀɔzɨ	epɐtusiʀɔzɨ	[ɛ]p[a]t[ɔ]siʀɔzɨ	[e]p[ɐ]t[u]siʀɔzɨ	0
hepatocístico	ɛpɐtɔsiʃtiku	epɐtusiʃtiku	[ɛ]pɐt[ɔ]siʃtiku	[e]pɐt[u]siʃtiku	0
hepatócito	ɛpɐtɔsitu	epɐtɔsitu	[ɛ]pɐtɔsitu	[e]pɐtɔsitu	0
hepatogástrico	ɛpatɔɡaʃtriku	epɐtuɡaʃtriku	[ɛ]p[a]t[ɔ]ɡaʃtriku	[e]p[ɐ]t[u]ɡaʃtriku	0
hepatogastrite	ɛpatɔɡɐʃtritɨ	epɐtuɡɐʃtritɨ	[ɛ]p[a]t[ɔ]ɡɐʃtritɨ	[e]p[ɐ]t[u]ɡɐʃtritɨ	0
hepatolienal	ɛpatɔljenaɫ	epɐtuliɨnaɫ	[ɛ]p[a]t[ɔ]lj[e]naɫ	[e]p[ɐ]t[u]li[ɨ]naɫ	0
hepatologia	ɛpɐtuluʒiɐ	epɐtuluʒiɐ	[ɛ]pɐtuluʒiɐ	[e]pɐtuluʒiɐ	0
hepatológico	ɛpɐtulɔʒiku	epɐtulɔʒiku	[ɛ]pɐtulɔʒiku	[e]pɐtulɔʒiku	0
hepatólogo	ɛpɐtɔluɡu	epɐtɔluɡu	[ɛ]pɐtɔluɡu	[e]pɐtɔluɡu	0
hepatoma	ɛpɐtomɐ	epɐtomɐ	[ɛ]pɐtomɐ	[e]pɐtomɐ	0
hepatomegalia	ɛpatɔmɛɡɐliɐ	epɐtumɨɡɐliɐ	[ɛ]p[a]t[ɔ]m[ɛ]ɡɐliɐ	[e]p[ɐ]t[u]m[ɨ]ɡɐliɐ	0
hepatopâncreas	ɛpatɔpɐ̃krjɐʃ	epɐtupɐ̃nkriɐʃ	[ɛ]p[a]t[ɔ]pɐ̃[]kr[j]ɐʃ	[e]p[ɐ]t[u]pɐ̃[n]kr[i]ɐʃ	0
hepatopatia	ɛpɐtɔpɐtiɐ	epɐtupɐtiɐ	[ɛ]pɐt[ɔ]pɐtiɐ	[e]pɐt[u]pɐtiɐ	0
hepatorrenal	ɛpatɔʀɨnaɫ	epɐtuʀɨnaɫ	[ɛ]p[a]t[ɔ]ʀɨnaɫ	[e]p[ɐ]t[u]ʀɨnaɫ	0
hepatoscopia	ɛpɐtɔʃkupiɐ	epɐtuʃkupiɐ	[ɛ]pɐt[ɔ]ʃkupiɐ	[e]pɐt[u]ʃkupiɐ	0
hepatotomia	ɛpatɔtumiɐ	epɐtutumiɐ	[ɛ]p[a]t[ɔ]tumiɐ	[e]p[ɐ]t[u]tumiɐ	0
hepatotômico	ɛpatɔtomiku	epɐtutomiku	[ɛ]p[a]t[ɔ]tomiku	[e]p[ɐ]t[u]tomiku	0
hepatotómico	ɛpatutɔmiku	epɐtutɔmiku	[ɛ]p[a]tutɔmiku	[e]p[ɐ]tutɔmiku	0
hepatotoxicidade	ɛpatɔtɔksisidadɨ	epɐtutuksisidadɨ	[ɛ]p[a]t[ɔ]t[ɔ]ksisidadɨ	[e]p[ɐ]t[u]t[u]ksisidadɨ	0
heptacampeão	ɛptɐkɐ̃pjɐ̃w̃	eptɐkɐ̃mpiɐ̃w̃	[ɛ]ptɐkɐ̃[]p[j]ɐ̃w̃	[e]ptɐkɐ̃[m]p[i]ɐ̃w̃	0
heptacampeonato	ɛptɐkɐ̃pjunatu	eptɐkɐ̃mpiunatu	[ɛ]ptɐkɐ̃[]p[j]unatu	[e]ptɐkɐ̃[m]p[i]unatu	0
heptacorde	ɛptɐkɔrdɨ	eptɐkɔrdɨ	[ɛ]ptɐkɔrdɨ	[e]ptɐkɔrdɨ	0
heptacórdio	ɛptɐkɔrdju	eptɐkɔrdju	[ɛ]ptɐkɔrdju	[e]ptɐkɔrdju	0
heptacordo	ɛptɐkɔrdu	eptɐkordu	[ɛ]ptɐk[ɔ]rdu	[e]ptɐk[o]rdu	0
heptadáctilo	ɛptɐdaktilu	eptɐdatilu	[ɛ]ptɐda[k]tilu	[e]ptɐda[]tilu	0
heptadátilo	ɛptɐdatilu	eptɐdatilu	[ɛ]ptɐdatilu	[e]ptɐdatilu	0
heptaédrico	ɛptɐɛdriku	eptɐɛdriku	[ɛ]ptɐɛdriku	[e]ptɐɛdriku	0
heptaedro	ɛptɐɛdru	eptɐɛdru	[ɛ]ptɐɛdru	[e]ptɐɛdru	0
heptagonal	ɛptɐɡunaɫ	eptɐɡunaɫ	[ɛ]ptɐɡunaɫ	[e]ptɐɡunaɫ	0
heptágono	ɛptaɡunu	eptaɡunu	[ɛ]ptaɡunu	[e]ptaɡunu	0
heptâmetro	ɛptɐmɨtru	eptɐ̃mɨtru	[ɛ]ptɐ[]mɨtru	[e]ptɐ[̃]mɨtru	0
heptandria	ɛptɐ̃driɐ	eptɐ̃ndriɐ	[ɛ]ptɐ̃[]driɐ	[e]ptɐ̃[n]driɐ	0
heptândria	ɛptɐ̃drjɐ	eptɐ̃ndriɐ	[ɛ]ptɐ̃[]dr[j]ɐ	[e]ptɐ̃[n]dr[i]ɐ	0
heptandro	ɛptɐ̃dru	eptɐ̃ndru	[ɛ]ptɐ̃[]dru	[e]ptɐ̃[n]dru	0
heptanemo	ɛptɐnemu	eptɐnemu	[ɛ]ptɐnemu	[e]ptɐnemu	0
heptano	ɛptɐnu	eptɐ̃nu	[ɛ]ptɐ[]nu	[e]ptɐ[̃]nu	0
heptapétalo	ɛptɐpɛtɐlu	eptɐpɛtɐlu	[ɛ]ptɐpɛtɐlu	[e]ptɐpɛtɐlu	0
heptarca	ɛptarkɐ	eptarkɐ	[ɛ]ptarkɐ	[e]ptarkɐ	0
heptarquia	ɛptɐrkiɐ	eptɐrkiɐ	[ɛ]ptɐrkiɐ	[e]ptɐrkiɐ	0
heptárquico	ɛptarkiku	eptarkiku	[ɛ]ptarkiku	[e]ptarkiku	0
heptassépalo	ɛptɐsɛpɐlu	eptɐsɛpɐlu	[ɛ]ptɐsɛpɐlu	[e]ptɐsɛpɐlu	0
heptassilábico	ɛptɐsilabiku	eptɐsilabiku	[ɛ]ptɐsilabiku	[e]ptɐsilabiku	0
heptassílabo	ɛptɐsilɐbu	eptɐsilɐbu	[ɛ]ptɐsilɐbu	[e]ptɐsilɐbu	0
heptateuco	ɛptɐtewku	eptɐtewku	[ɛ]ptɐtewku	[e]ptɐtewku	0
heptatlo	ɛptatlu	eptatlu	[ɛ]ptatlu	[e]ptatlu	0
heracleias	ɛrɐklɐjɐʃ	erɐklejɐʃ	[ɛ]rɐkl[ɐ]jɐʃ	[e]rɐkl[e]jɐʃ	0
heraclidas	ɛrɐklidɐʃ	erɐklidɐʃ	[ɛ]rɐklidɐʃ	[e]rɐklidɐʃ	0
heraclitismo	ɛrɐklitiʒmu	erɐklitiʒmu	[ɛ]rɐklitiʒmu	[e]rɐklitiʒmu	0
heráldica	ɛraɫdikɐ	eraɫdikɐ	[ɛ]raɫdikɐ	[e]raɫdikɐ	0
heráldico	ɛraɫdiku	eraɫdiku	[ɛ]raɫdiku	[e]raɫdiku	0
heraldo	ɛraɫdu	eraɫdu	[ɛ]raɫdu	[e]raɫdu	0
herbáceo	ɛrbasju	erbasiw	[ɛ]rbasj[u]	[e]rbasi[w]	0
herbanário	ɛrbɐnarju	erbɐnarju	[ɛ]rbɐnarju	[e]rbɐnarju	0
herbário	ɛrbarju	erbarju	[ɛ]rbarju	[e]rbarju	0
herbático	ɛrbatiku	erbatiku	[ɛ]rbatiku	[e]rbatiku	0
herbicida	ɛrbisidɐ	erbisidɐ	[ɛ]rbisidɐ	[e]rbisidɐ	0
herbícola	ɛrbikulɐ	erbikulɐ	[ɛ]rbikulɐ	[e]rbikulɐ	0
herbífero	ɛrbifɨru	erbifɨru	[ɛ]rbifɨru	[e]rbifɨru	0
herbiforme	ɛrbifɔrmɨ	erbifɔrmɨ	[ɛ]rbifɔrmɨ	[e]rbifɔrmɨ	0
herbívoro	ɛrbivuru	erbivuru	[ɛ]rbivuru	[e]rbivuru	0
herbolária	ɛrbularjɐ	erbularjɐ	[ɛ]rbularjɐ	[e]rbularjɐ	0
herbolário	ɛrbularju	erbularju	[ɛ]rbularju	[e]rbularju	0
herbóreo	ɛrbɔrju	erbɔriw	[ɛ]rbɔrj[u]	[e]rbɔri[w]	0
herborista	ɛrburiʃtɐ	erburiʃtɐ	[ɛ]rburiʃtɐ	[e]rburiʃtɐ	0
herborização	ɛrburizɐsɐ̃w̃	erburizɐsɐ̃w̃	[ɛ]rburizɐsɐ̃w̃	[e]rburizɐsɐ̃w̃	0
herborizador	ɛrburizɐdor	erburizɐdor	[ɛ]rburizɐdor	[e]rburizɐdor	0
herborizado	ɛrburizadu	erburizadu	[ɛ]rburizadu	[e]rburizadu	0
herborizante	ɛrburizɐtɨ	erburizɐ̃ntɨ	[ɛ]rburizɐtɨ[]	[e]rburizɐ̃nt[ɨ]	0
herborizar	ɛrburizar	erburizar	[ɛ]rburizar	[e]rburizar	0
herboso	ɛrbozu	erbozu	[ɛ]rbozu	[e]rbozu	0
herciniano	ɛrsinjɐnu	ersiniɐ̃nu	[ɛ]rsin[j]ɐ[]nu	[e]rsin[i]ɐ[̃]nu	0
hercínio	ɛrsinju	ersinju	[ɛ]rsinju	[e]rsinju	0
hercúleo	ɛrkulju	erkuliw	[ɛ]rkulj[u]	[e]rkuli[w]	0
herero	erɛru	ereru	er[ɛ]ru	er[e]ru	0
hereros	erɛruʃ	ereruʃ	er[ɛ]ruʃ	er[e]ruʃ	0
herífuga	ɛrifuɡɐ	erifuɡɐ	[ɛ]rifuɡɐ	[e]rifuɡɐ	0
hermafrodita	ɛrmɐfrɔditɐ	ermɐfruditɐ	[ɛ]rmɐfr[ɔ]ditɐ	[e]rmɐfr[u]ditɐ	0
hermafroditismo	ɛrmɐfrɔditiʒmu	ermɐfruditiʒmu	[ɛ]rmɐfr[ɔ]ditiʒmu	[e]rmɐfr[u]ditiʒmu	0
hermafrodito	ɛrmɐfrɔditu	ermɐfruditu	[ɛ]rmɐfr[ɔ]ditu	[e]rmɐfr[u]ditu	0
herma	ɛrmɐ	ermɐ	[ɛ]rmɐ	[e]rmɐ	0
hermeneuta	ɛrmɨnewtɐ	ermɨnewtɐ	[ɛ]rmɨnewtɐ	[e]rmɨnewtɐ	0
hermenêutica	ɛrmɨnewtikɐ	ermɨnewtikɐ	[ɛ]rmɨnewtikɐ	[e]rmɨnewtikɐ	0
hermesianismo	ɛrmɨzjɐniʒmu	ermɨziɐniʒmu	[ɛ]rmɨz[j]ɐniʒmu	[e]rmɨz[i]ɐniʒmu	0
hermesiano	ɛrmɨzjɐnu	ermɨziɐ̃nu	[ɛ]rmɨz[j]ɐ[]nu	[e]rmɨz[i]ɐ[̃]nu	0
hermodáctilo	ɛrmɔdaktilu	ermudatilu	[ɛ]rm[ɔ]da[k]tilu	[e]rm[u]da[]tilu	0
hermodátilo	ɛrmɔdatilu	ermudatilu	[ɛ]rm[ɔ]datilu	[e]rm[u]datilu	0
herniação	ɛrnjɐsɐ̃w̃	erniɐsɐ̃w̃	[ɛ]rn[j]ɐsɐ̃w̃	[e]rn[i]ɐsɐ̃w̃	0
herniado	ɛrnjadu	erniadu	[ɛ]rn[j]adu	[e]rn[i]adu	0
hernial	ɛrnjaɫ	erniaɫ	[ɛ]rn[j]aɫ	[e]rn[i]aɫ	0
herniária	ɛrnjarjɐ	erniarjɐ	[ɛ]rn[j]arjɐ	[e]rn[i]arjɐ	0
herniário	ɛrnjarju	erniarju	[ɛ]rn[j]arju	[e]rn[i]arju	0
hernioplastia	ɛrnjɔplɐʃtiɐ	erniuplɐʃtiɐ	[ɛ]rnj[ɔ]plɐʃtiɐ	[e]rni[u]plɐʃtiɐ	0
herniorrafia	ɛrnjɔʀɐfiɐ	erniuʀɐfiɐ	[ɛ]rnj[ɔ]ʀɐfiɐ	[e]rni[u]ʀɐfiɐ	0
hernioso	ɛrnjozu	erniozu	[ɛ]rn[j]ozu	[e]rn[i]ozu	0
herniotomia	ɛrnjɔtumiɐ	erniutumiɐ	[ɛ]rnj[ɔ]tumiɐ	[e]rni[u]tumiɐ	0
herniotômico	ɛrnjɔtomiku	erniutomiku	[ɛ]rnj[ɔ]tomiku	[e]rni[u]tomiku	0
herniotómico	ɛrnjɔtɔmiku	erniutɔmiku	[ɛ]rnj[ɔ]tɔmiku	[e]rni[u]tɔmiku	0
herpético	ɛrpɛtiku	erpɛtiku	[ɛ]rpɛtiku	[e]rpɛtiku	0
herpetismo	ɛrpɨtiʒmu	erpɨtiʒmu	[ɛ]rpɨtiʒmu	[e]rpɨtiʒmu	0
herpetografia	ɛrpɨtuɡrɐfiɐ	erpɨtuɡrɐfiɐ	[ɛ]rpɨtuɡrɐfiɐ	[e]rpɨtuɡrɐfiɐ	0
herpetográfico	ɛrpɨtuɡrafiku	erpɨtuɡrafiku	[ɛ]rpɨtuɡrafiku	[e]rpɨtuɡrafiku	0
herpetógrafo	ɛrpɨtɔɡrɐfu	erpɨtɔɡrɐfu	[ɛ]rpɨtɔɡrɐfu	[e]rpɨtɔɡrɐfu	0
herpetológico	ɛrpɨtulɔʒiku	erpɨtulɔʒiku	[ɛ]rpɨtulɔʒiku	[e]rpɨtulɔʒiku	0
herpetologista	ɛrpɨtuluʒiʃtɐ	erpɨtuluʒiʃtɐ	[ɛ]rpɨtuluʒiʃtɐ	[e]rpɨtuluʒiʃtɐ	0
herpetólogo	ɛrpɨtɔluɡu	erpɨtɔluɡu	[ɛ]rpɨtɔluɡu	[e]rpɨtɔluɡu	0
herzegóvino	ɛrzɨɡɔvinu	erzɨɡɔvinu	[ɛ]rzɨɡɔvinu	[e]rzɨɡɔvinu	0
hesicasmo	ɛzikaʒmu	ezikaʒmu	[ɛ]zikaʒmu	[e]zikaʒmu	0
hesicasta	ɛzikaʃtɐ	ezikaʃtɐ	[ɛ]zikaʃtɐ	[e]zikaʃtɐ	0
hetera	ɛtɨrɐ	eterɐ	[ɛ]t[ɨ]rɐ	[e]t[e]rɐ	0
heteriarca	ɛtɨrjarkɐ	etɨriarkɐ	[ɛ]tɨr[j]arkɐ	[e]tɨr[i]arkɐ	0
heteria	ɛtɨriɐ	etɨriɐ	[ɛ]tɨriɐ	[e]tɨriɐ	0
heterismo	ɛtɨriʒmu	etɨriʒmu	[ɛ]tɨriʒmu	[e]tɨriʒmu	0
heterista	ɛtɨriʃtɐ	etɨriʃtɐ	[ɛ]tɨriʃtɐ	[e]tɨriʃtɐ	0
heteroavaliação	ɛtɨrɔɐvɐljɐsɐ̃w̃	etɨruɐvɐliɐsɐ̃w̃	[ɛ]tɨr[ɔ]ɐvɐl[j]ɐsɐ̃w̃	[e]tɨr[u]ɐvɐl[i]ɐsɐ̃w̃	0
heterobrânquia	ɛtɨrɔbrɐ̃kjɐ	etɨrubrɐ̃nkiɐ	[ɛ]tɨr[ɔ]brɐ̃[]k[j]ɐ	[e]tɨr[u]brɐ̃[n]k[i]ɐ	0
heterobrânquio	ɛtɨrɔbrɐ̃kju	etɨrubrɐ̃nkiw	[ɛ]tɨr[ɔ]brɐ̃[]kj[u]	[e]tɨr[u]brɐ̃[n]ki[w]	0
heterocariose	ɛtɨrɔkɐrjozɨ	etɨrukɐriɔzɨ	[ɛ]tɨr[ɔ]kɐrj[o]zɨ	[e]tɨr[u]kɐri[ɔ]zɨ	0
heterocariótico	ɛtɨrɔkɐrjɔtiku	etɨrukɐriɔtiku	[ɛ]tɨr[ɔ]kɐr[j]ɔtiku	[e]tɨr[u]kɐr[i]ɔtiku	0
heterocário	ɛtɨrɔkarju	etɨrukarju	[ɛ]tɨr[ɔ]karju	[e]tɨr[u]karju	0
heterocarpo	ɛtɨrɔkarpu	etɨrukarpu	[ɛ]tɨr[ɔ]karpu	[e]tɨr[u]karpu	0
heterocerco	ɛtɨrɔserku	etɨruserku	[ɛ]tɨr[ɔ]serku	[e]tɨr[u]serku	0
heterocíclico	ɛtɨrɔsikliku	etɨrusikliku	[ɛ]tɨr[ɔ]sikliku	[e]tɨr[u]sikliku	0
heterocisto	ɛtɨrɔsiʃtu	etɨrusiʃtu	[ɛ]tɨr[ɔ]siʃtu	[e]tɨr[u]siʃtu	0
heteroclamídeo	ɛtɨrɔklɐmidju	etɨruklɐmidiw	[ɛ]tɨr[ɔ]klɐmidj[u]	[e]tɨr[u]klɐmidi[w]	0
heteróclise	ɛtɨrɔklizɨ	etɨrɔklizɨ	[ɛ]tɨrɔklizɨ	[e]tɨrɔklizɨ	0
heteróclito	ɛtɨrɔklitu	etɨrɔklitu	[ɛ]tɨrɔklitu	[e]tɨrɔklitu	0
heterocromatina	ɛtɨrɔkrɔmɐtinɐ	etɨrukrumɐtinɐ	[ɛ]tɨr[ɔ]kr[ɔ]mɐtinɐ	[e]tɨr[u]kr[u]mɐtinɐ	0
heterocromia	ɛtɨrɔkrumiɐ	etɨrukrumiɐ	[ɛ]tɨr[ɔ]krumiɐ	[e]tɨr[u]krumiɐ	0
heterocromossoma	ɛtɨrɔkrɔmɔsomɐ	etɨrukrumusomɐ	[ɛ]tɨr[ɔ]kr[ɔ]m[ɔ]somɐ	[e]tɨr[u]kr[u]m[u]somɐ	0
heterocromossomo	ɛtɨrɔkrɔmɔsomu	etɨrukrumusomu	[ɛ]tɨr[ɔ]kr[ɔ]m[ɔ]somu	[e]tɨr[u]kr[u]m[u]somu	0
heterodáctilo	ɛtɨrɔdaktilu	etɨrudatilu	[ɛ]tɨr[ɔ]da[k]tilu	[e]tɨr[u]da[]tilu	0
heterodátilo	ɛtɨrɔdatilu	etɨrudatilu	[ɛ]tɨr[ɔ]datilu	[e]tɨr[u]datilu	0
heterodermo	ɛtɨrɔdɛrmu	etɨrudermu	[ɛ]tɨr[ɔ]d[ɛ]rmu	[e]tɨr[u]d[e]rmu	0
heterodésmico	ɛtɨrɔdɛʒmiku	etɨrudɛʒmiku	[ɛ]tɨr[ɔ]dɛʒmiku	[e]tɨr[u]dɛʒmiku	0
heterodiegético	ɛtɨrɔdjɛʒɛtiku	etɨrudiɨʒɛtiku	[ɛ]tɨr[ɔ]dj[ɛ]ʒɛtiku	[e]tɨr[u]di[ɨ]ʒɛtiku	0
heterodinâmico	ɛtɨrɔdinɐmiku	etɨrudinɐ̃miku	[ɛ]tɨr[ɔ]dinɐ[]miku	[e]tɨr[u]dinɐ[̃]miku	0
heteródino	ɛtɨrɔdinu	etɨrɔdinu	[ɛ]tɨrɔdinu	[e]tɨrɔdinu	0
heterodonte	ɛtɨrɔdõtɨ	etɨrudõntɨ	[ɛ]tɨr[ɔ]dõtɨ[]	[e]tɨr[u]dõnt[ɨ]	0
heterodoxia	ɛtɨrɔdɔksiɐ	etɨruduksiɐ	[ɛ]tɨr[ɔ]d[ɔ]ksiɐ	[e]tɨr[u]d[u]ksiɐ	0
heterodoxo	ɛtɨrɔdɔksu	etɨrudɔksu	[ɛ]tɨr[ɔ]dɔksu	[e]tɨr[u]dɔksu	0
heterofilo	ɛtɨrɔfilu	etɨrufilu	[ɛ]tɨr[ɔ]filu	[e]tɨr[u]filu	0
heterófilo	ɛtɨrɔfilu	etɨrɔfilu	[ɛ]tɨrɔfilu	[e]tɨrɔfilu	0
heterofonia	ɛtɨrɔfuniɐ	etɨrufuniɐ	[ɛ]tɨr[ɔ]funiɐ	[e]tɨr[u]funiɐ	0
heterofônico	ɛtɨrɔfoniku	etɨrufoniku	[ɛ]tɨr[ɔ]foniku	[e]tɨr[u]foniku	0
heterofónico	ɛtɨrɔfɔniku	etɨrufɔniku	[ɛ]tɨr[ɔ]fɔniku	[e]tɨr[u]fɔniku	0
heteroforia	ɛtɨrɔfuriɐ	etɨrufuriɐ	[ɛ]tɨr[ɔ]furiɐ	[e]tɨr[u]furiɐ	0
heteroftalmia	ɛtɨrɔftaɫmiɐ	etɨruftaɫmiɐ	[ɛ]tɨr[ɔ]ftaɫmiɐ	[e]tɨr[u]ftaɫmiɐ	0
heteroftálmico	ɛtɨrɔftaɫmiku	etɨruftaɫmiku	[ɛ]tɨr[ɔ]ftaɫmiku	[e]tɨr[u]ftaɫmiku	0
heterogamia	ɛtɨrɔɡɐmiɐ	etɨruɡɐmiɐ	[ɛ]tɨr[ɔ]ɡɐmiɐ	[e]tɨr[u]ɡɐmiɐ	0
heterogâmico	ɛtɨrɔɡɐmiku	etɨruɡɐ̃miku	[ɛ]tɨr[ɔ]ɡɐ[]miku	[e]tɨr[u]ɡɐ[̃]miku	0
heterógamo	ɛtɨrɔɡɐmu	etɨrɔɡɐmu	[ɛ]tɨrɔɡɐmu	[e]tɨrɔɡɐmu	0
heterogeneidade	ɛtɨrɔʒɨnɐjdadɨ	etɨruʒɨnɐjdadɨ	[ɛ]tɨr[ɔ]ʒɨnɐjdadɨ	[e]tɨr[u]ʒɨnɐjdadɨ	0
heterogeneização	ɛtɨrɔʒɨnɐjzɐsɐ̃w̃	etɨruʒɨnɐjzɐsɐ̃w̃	[ɛ]tɨr[ɔ]ʒɨnɐjzɐsɐ̃w̃	[e]tɨr[u]ʒɨnɐjzɐsɐ̃w̃	0
heterogeneizador	ɛtɨrɔʒɨnɐjzɐdor	etɨruʒɨnɐjzɐdor	[ɛ]tɨr[ɔ]ʒɨnɐjzɐdor	[e]tɨr[u]ʒɨnɐjzɐdor	0
heterogeneizado	ɛtɨrɔʒɨnɐjzadu	etɨruʒɨnɐjzadu	[ɛ]tɨr[ɔ]ʒɨnɐjzadu	[e]tɨr[u]ʒɨnɐjzadu	0
heterogeneizante	ɛtɨrɔʒɨnɐjzɐ̃tɨ	etɨruʒɨnɐjzɐ̃ntɨ	[ɛ]tɨr[ɔ]ʒɨnɐjzɐ̃[]tɨ	[e]tɨr[u]ʒɨnɐjzɐ̃[n]tɨ	0
heterogeneizar	ɛtɨrɔʒɨnɐjzar	etɨruʒɨnɐjzar	[ɛ]tɨr[ɔ]ʒɨnɐjzar	[e]tɨr[u]ʒɨnɐjzar	0
heterogêneo	ɛtɨrɔʒenju	etɨruʒeniw	[ɛ]tɨr[ɔ]ʒenj[u]	[e]tɨr[u]ʒeni[w]	0
heterogéneo	ɛtɨrɔʒɛnju	etɨruʒɛniw	[ɛ]tɨr[ɔ]ʒɛnj[u]	[e]tɨr[u]ʒɛni[w]	0
heterogênese	ɛtɨrɔʒenɨzɨ	etɨruʒenɨzɨ	[ɛ]tɨr[ɔ]ʒenɨzɨ	[e]tɨr[u]ʒenɨzɨ	0
heterogénese	ɛtɨrɔʒɛnɨzɨ	etɨruʒɛnɨzɨ	[ɛ]tɨr[ɔ]ʒɛnɨzɨ	[e]tɨr[u]ʒɛnɨzɨ	0
heterogenesia	ɛtɨrɔʒɨnɨziɐ	etɨruʒɨnɨziɐ	[ɛ]tɨr[ɔ]ʒɨnɨziɐ	[e]tɨr[u]ʒɨnɨziɐ	0
heterogenético	ɛtɨrɔʒɨnɛtiku	etɨruʒɨnɛtiku	[ɛ]tɨr[ɔ]ʒɨnɛtiku	[e]tɨr[u]ʒɨnɛtiku	0
heterogenia	ɛtɨrɔʒɨniɐ	etɨruʒɨniɐ	[ɛ]tɨr[ɔ]ʒɨniɐ	[e]tɨr[u]ʒɨniɐ	0
heterogênico	ɛtɨrɔʒeniku	etɨruʒeniku	[ɛ]tɨr[ɔ]ʒeniku	[e]tɨr[u]ʒeniku	0
heterogénico	ɛtɨrɔʒɛniku	etɨruʒɛniku	[ɛ]tɨr[ɔ]ʒɛniku	[e]tɨr[u]ʒɛniku	0
heterógino	ɛtɨrɔʒinu	etɨrɔʒinu	[ɛ]tɨrɔʒinu	[e]tɨrɔʒinu	0
heterogonia	ɛtɨrɔɡuniɐ	etɨruɡuniɐ	[ɛ]tɨr[ɔ]ɡuniɐ	[e]tɨr[u]ɡuniɐ	0
heterógono	ɛtɨrɔɡunu	etɨrɔɡunu	[ɛ]tɨrɔɡunu	[e]tɨrɔɡunu	0
heteroinfeção	ɛtɨrɔĩfɛsɐ̃w̃	etɨruĩnfɨsɐ̃w̃	[ɛ]tɨrɔĩfɛsɐ̃[w]̃[]	[e]tɨruĩnfɨs[ɐ]̃w[̃]	0
heteroinfecção	ɛtɨrɔĩfɛksɐ̃w̃	etɨruĩnfɛsɐ̃w̃	[ɛ]tɨrɔĩfɛk[]sɐ̃w̃	[e]tɨruĩnf[ɛ]sɐ̃w̃	0
heterolateral	ɛtɨrɔlɐtɨraɫ	etɨrulɐtɨraɫ	[ɛ]tɨr[ɔ]lɐtɨraɫ	[e]tɨr[u]lɐtɨraɫ	0
heterolécito	ɛtɨrɔlɛsitu	etɨrulɛsitu	[ɛ]tɨr[ɔ]lɛsitu	[e]tɨr[u]lɛsitu	0
heteroliteral	ɛtɨrɔlitɨraɫ	etɨrulitɨraɫ	[ɛ]tɨr[ɔ]litɨraɫ	[e]tɨr[u]litɨraɫ	0
heterólogo	ɛtɨrɔluɡu	etɨrɔluɡu	[ɛ]tɨrɔluɡu	[e]tɨrɔluɡu	0
heterometabólico	ɛtɨrɔmɨtɐbɔliku	etɨrumɨtɐbɔliku	[ɛ]tɨr[ɔ]mɨtɐbɔliku	[e]tɨr[u]mɨtɐbɔliku	0
heterometria	ɛtɨrɔmɨtriɐ	etɨrumɨtriɐ	[ɛ]tɨr[ɔ]mɨtriɐ	[e]tɨr[u]mɨtriɐ	0
heterométrico	ɛtɨrɔmɛtriku	etɨrumɛtriku	[ɛ]tɨr[ɔ]mɛtriku	[e]tɨr[u]mɛtriku	0
heteromorfia	ɛtɨrɔmurfiɐ	etɨrumurfiɐ	[ɛ]tɨr[ɔ]murfiɐ	[e]tɨr[u]murfiɐ	0
heteromórfico	ɛtɨrɔmɔrfiku	etɨrumɔrfiku	[ɛ]tɨr[ɔ]mɔrfiku	[e]tɨr[u]mɔrfiku	0
heteromorfismo	ɛtɨrɔmurfiʒmu	etɨrumurfiʒmu	[ɛ]tɨr[ɔ]murfiʒmu	[e]tɨr[u]murfiʒmu	0
heteromorfo	ɛtɨrɔmɔrfu	etɨrumorfu	[ɛ]tɨr[ɔ]m[ɔ]rfu	[e]tɨr[u]m[o]rfu	0
heteronímia	ɛtɨrɔnimjɐ	etɨrunimjɐ	[ɛ]tɨr[ɔ]nimjɐ	[e]tɨr[u]nimjɐ	0
heteronímico	ɛtɨrɔnimiku	etɨrunimiku	[ɛ]tɨr[ɔ]nimiku	[e]tɨr[u]nimiku	0
heterônimo	ɛtɨronimu	etɨronimu	[ɛ]tɨronimu	[e]tɨronimu	0
heterónimo	ɛtɨrɔnimu	etɨrɔnimu	[ɛ]tɨrɔnimu	[e]tɨrɔnimu	0
heteronomia	ɛtɨrɔnumiɐ	etɨrunumiɐ	[ɛ]tɨr[ɔ]numiɐ	[e]tɨr[u]numiɐ	0
heteronômico	ɛtɨrɔnomiku	etɨrunomiku	[ɛ]tɨr[ɔ]nomiku	[e]tɨr[u]nomiku	0
heteronómico	ɛtɨrɔnɔmiku	etɨrunɔmiku	[ɛ]tɨr[ɔ]nɔmiku	[e]tɨr[u]nɔmiku	0
heteronuclear	ɛtɨrɔnukljar	etɨrunukliar	[ɛ]tɨr[ɔ]nukl[j]ar	[e]tɨr[u]nukl[i]ar	0
heteropatia	ɛtɨrɔpɐtiɐ	etɨrupɐtiɐ	[ɛ]tɨr[ɔ]pɐtiɐ	[e]tɨr[u]pɐtiɐ	0
heteropático	ɛtɨrɔpatiku	etɨrupatiku	[ɛ]tɨr[ɔ]patiku	[e]tɨr[u]patiku	0
heteropétalo	ɛtɨrɔpɛtɐlu	etɨrupɛtɐlu	[ɛ]tɨr[ɔ]pɛtɐlu	[e]tɨr[u]pɛtɐlu	0
heteroplastia	ɛtɨrɔplɐʃtiɐ	etɨruplɐʃtiɐ	[ɛ]tɨr[ɔ]plɐʃtiɐ	[e]tɨr[u]plɐʃtiɐ	0
heteroplástico	ɛtɨrɔplaʃtiku	etɨruplaʃtiku	[ɛ]tɨr[ɔ]plaʃtiku	[e]tɨr[u]plaʃtiku	0
heterópode	ɛtɨrɔpudɨ	etɨrɔpudɨ	[ɛ]tɨrɔpudɨ	[e]tɨrɔpudɨ	0
heteropolar	ɛtɨrɔpular	etɨrupular	[ɛ]tɨr[ɔ]pular	[e]tɨr[u]pular	0
heteroproteína	ɛtɨrɔprɔtɐinɐ	etɨruprutɨinɐ	[ɛ]tɨr[ɔ]pr[ɔ]t[ɐ]inɐ	[e]tɨr[u]pr[u]t[ɨ]inɐ	0
heteróptero	ɛtɨrɔptɨru	etɨrɔptɨru	[ɛ]tɨrɔptɨru	[e]tɨrɔptɨru	0
heteróscios	ɛtɨrɔʃsjuʃ	etɨrɔʃsɪuʃ	[ɛ]tɨrɔʃs[j]uʃ	[e]tɨrɔʃs[ɪ]uʃ	0
heteroscopia	ɛtɨrɔʃkupiɐ	etɨruʃkupiɐ	[ɛ]tɨr[ɔ]ʃkupiɐ	[e]tɨr[u]ʃkupiɐ	0
heterósido	ɛtɨrɔzidu	etɨrɔzidu	[ɛ]tɨrɔzidu	[e]tɨrɔzidu	0
heterospóreo	ɛtɨrɔʃpɔrju	etɨruʃpɔriw	[ɛ]tɨr[ɔ]ʃpɔrj[u]	[e]tɨr[u]ʃpɔri[w]	0
heterospórico	ɛtɨrɔʃpɔriku	etɨruʃpɔriku	[ɛ]tɨr[ɔ]ʃpɔriku	[e]tɨr[u]ʃpɔriku	0
heterossexualidade	ɛtɨrɔsɛkswɐlidadɨ	etɨrusɨksuɐlidadɨ	[ɛ]tɨr[ɔ]s[ɛ]ks[w]ɐlidadɨ	[e]tɨr[u]s[ɨ]ks[u]ɐlidadɨ	0
heterossexual	ɛtɨrɔsɛkswaɫ	etɨrusɨksuaɫ	[ɛ]tɨr[ɔ]s[ɛ]ks[w]aɫ	[e]tɨr[u]s[ɨ]ks[u]aɫ	0
heterotálico	ɛtɨrɔtaliku	etɨrutaliku	[ɛ]tɨr[ɔ]taliku	[e]tɨr[u]taliku	0
heterotalismo	ɛtɨrɔtɐliʒmu	etɨrutɐliʒmu	[ɛ]tɨr[ɔ]tɐliʒmu	[e]tɨr[u]tɐliʒmu	0
heterotaxia	ɛtɨrɔtaksiɐ	etɨrutɐksiɐ	[ɛ]tɨr[ɔ]t[a]ksiɐ	[e]tɨr[u]t[ɐ]ksiɐ	0
heterotérmico	ɛtɨrɔtɛrmiku	etɨrutɛrmiku	[ɛ]tɨr[ɔ]tɛrmiku	[e]tɨr[u]tɛrmiku	0
heterotético	ɛtɨrɔtɛtiku	etɨrutɛtiku	[ɛ]tɨr[ɔ]tɛtiku	[e]tɨr[u]tɛtiku	0
heterotipia	ɛtɨrɔtipiɐ	etɨrutipiɐ	[ɛ]tɨr[ɔ]tipiɐ	[e]tɨr[u]tipiɐ	0
heterotípico	ɛtɨrɔtipiku	etɨrutipiku	[ɛ]tɨr[ɔ]tipiku	[e]tɨr[u]tipiku	0
heterótipo	ɛtɨrɔtipu	etɨrɔtipu	[ɛ]tɨrɔtipu	[e]tɨrɔtipu	0
heterotopia	ɛtɨrɔtupiɐ	etɨrutupiɐ	[ɛ]tɨr[ɔ]tupiɐ	[e]tɨr[u]tupiɐ	0
heterotópico	ɛtɨrɔtɔpiku	etɨrutɔpiku	[ɛ]tɨr[ɔ]tɔpiku	[e]tɨr[u]tɔpiku	0
heterótrico	ɛtɨrɔtriku	etɨrɔtriku	[ɛ]tɨrɔtriku	[e]tɨrɔtriku	0
heterotrófico	ɛtɨrɔtrɔfiku	etɨrutrɔfiku	[ɛ]tɨr[ɔ]trɔfiku	[e]tɨr[u]trɔfiku	0
heterotropia	ɛtɨrɔtrupiɐ	etɨrutrupiɐ	[ɛ]tɨr[ɔ]trupiɐ	[e]tɨr[u]trupiɐ	0
heterotrópico	ɛtɨrɔtrɔpiku	etɨrutrɔpiku	[ɛ]tɨr[ɔ]trɔpiku	[e]tɨr[u]trɔpiku	0
heterozigótico	ɛtɨrɔziɡɔtiku	etɨruziɡɔtiku	[ɛ]tɨr[ɔ]ziɡɔtiku	[e]tɨr[u]ziɡɔtiku	0
heterozigoto	ɛtɨrɔziɡotu	etɨruziɡotu	[ɛ]tɨr[ɔ]ziɡotu	[e]tɨr[u]ziɡotu	0
heterozoário	ɛtɨrɔzwarju	etɨruzuarju	[ɛ]tɨr[ɔ]z[w]arju	[e]tɨr[u]z[u]arju	0
heticidade	ɛtisidadɨ	etisidadɨ	[ɛ]tisidadɨ	[e]tisidadɨ	0
hidraeroplano	idrɐɛrɔplɐnu	idrɐeruplɐ̃nu	idrɐ[ɛ]r[ɔ]plɐ[]nu	idrɐ[e]r[u]plɐ[̃]nu	0
higiene	iʒjɛnɨ	iʒienɨ	iʒj[ɛ]nɨ	iʒi[e]nɨ	0
higienização	iʒjɛnizɐsɐ̃w̃	iʒienizɐsɐ̃w̃	iʒj[ɛ]nizɐsɐ̃w̃	iʒi[e]nizɐsɐ̃w̃	0
higienizado	iʒjɛnizadu	iʒienizadu	iʒj[ɛ]nizadu	iʒi[e]nizadu	0
higienizador	iʒjɛnizɐdor	iʒienizɐdor	iʒj[ɛ]nizɐdor	iʒi[e]nizɐdor	0
higienizar	iʒjɛnizar	iʒienizar	iʒj[ɛ]nizar	iʒi[e]nizar	0
hipersialose	ipersjɐlɔzɨ	ipɛrsiɐlɔzɨ	ip[e]rs[j]ɐlɔzɨ	ip[ɛ]rs[i]ɐlɔzɨ	0
homodermo	ɔmɔdɛrmu	ɔmɔdermu	ɔmɔd[ɛ]rmu	ɔmɔd[e]rmu	0
homossexualidade	ɔmɔsɛkswalidadɨ	ɔmɔseksuɐlidadɨ	ɔmɔs[ɛ]ksw[a]lidadɨ	ɔmɔs[e]ksu[ɐ]lidadɨ	0
homossexualismo	ɔmɔsɛkswɐliʒmu	ɔmɔseksuɐliʒmu	ɔmɔs[ɛ]ks[w]ɐliʒmu	ɔmɔs[e]ks[u]ɐliʒmu	0
homossexual	ɔmɔsɛkswaɫ	ɔmɔseksuaɫ	ɔmɔs[ɛ]ks[w]aɫ	ɔmɔs[e]ks[u]aɫ	0
homotermo	ɔmɔtɛrmu	ɔmɔtermu	ɔmɔt[ɛ]rmu	ɔmɔt[e]rmu	0
idoleto	iduletu	idulɛtu	idul[e]tu	idul[ɛ]tu	0
iene	jɛnɨ	ienɨ	j[ɛ]nɨ	i[e]nɨ	0
ilheta	iʎetɐ	iʎɛtɐ	iʎ[e]tɐ	iʎ[ɛ]tɐ	0
intermezzo	intɛrmɛtsɔ	intermezo	int[ɛ]rmɛts[ɔ]	int[e]rmezo[]	0
irrefletidamente	iʀɨflɛtidɐmẽtɨ	iʀɨfletidɐmẽntɨ	iʀɨfl[ɛ]tidɐmẽtɨ[]	iʀɨfl[e]tidɐmẽnt[ɨ]	0
isadelfo	izɐdɛɫfu	izɐdeɫfu	izɐd[ɛ]ɫfu	izɐd[e]ɫfu	0
iucatego	jukɐteɡu	jukɐtɛɡu	jukɐt[e]ɡu	jukɐt[ɛ]ɡu	0
janelo	ʒɐnelu	ʒɐnɛlu	ʒɐn[e]lu	ʒɐn[ɛ]lu	0
jeffersônia	ʒɛfɨrsonjɐ	ʒefɨrsonjɐ	ʒ[ɛ]fɨrsonjɐ	ʒ[e]fɨrsonjɐ	0
jeffersónia	ʒɛfɨrsɔnjɐ	ʒefɨrsɔnjɐ	ʒ[ɛ]fɨrsɔnjɐ	ʒ[e]fɨrsɔnjɐ	0
jerarca	ʒɛrarkɐ	ʒerarkɐ	ʒ[ɛ]rarkɐ	ʒ[e]rarkɐ	0
jerarquia	ʒɛrɐrkiɐ	ʒerɐrkiɐ	ʒ[ɛ]rɐrkiɐ	ʒ[e]rɐrkiɐ	0
jeroglífico	ʒɛrɔɡlifiku	ʒeruɡlifiku	ʒ[ɛ]r[ɔ]ɡlifiku	ʒ[e]r[u]ɡlifiku	0
jeróglifo	ʒɛrɔɡlifu	ʒerɔɡlifu	ʒ[ɛ]rɔɡlifu	ʒ[e]rɔɡlifu	0
jurubeba-menor	ʒurubebɐmɨnɔr	ʒurubɛbɐmɨnɔr	ʒurub[e]bɐmɨnɔr	ʒurub[ɛ]bɐmɨnɔr	0
jurubeba	ʒurubebɐ	ʒurubɛbɐ	ʒurub[e]bɐ	ʒurub[ɛ]bɐ	0
kepléria	kɛplɛrjɐ	keplɛrjɐ	k[ɛ]plɛrjɐ	k[e]plɛrjɐ	0
kremlin	krɛmlĩ	kremilĩn	kr[ɛ]m[]lĩ[]	kr[e]m[i]lĩ[n]	0
labelo	lɐbelu	lɐbɛlu	lɐb[e]lu	lɐb[ɛ]lu	0
labrega	lɐbreɡɐ	lɐbrɛɡɐ	lɐbr[e]ɡɐ	lɐbr[ɛ]ɡɐ	0
labresto	lɐbreʃtu	lɐbrɛʃtu	lɐbr[e]ʃtu	lɐbr[ɛ]ʃtu	0
lacete	lɐsetɨ	lɐsɛtɨ	lɐs[e]tɨ	lɐs[ɛ]tɨ	0
lagareta	lɐɡɐretɐ	lɐɡɐrɛtɐ	lɐɡɐr[e]tɐ	lɐɡɐr[ɛ]tɐ	0
lamelibrânquio	lɐmɛlibrɐ̃kju	lɐmelibrɐ̃nkiw	lɐm[ɛ]librɐ̃[]kj[u]	lɐm[e]librɐ̃[n]ki[w]	0
lamelicórneo	lɐmɛlikɔrnju	lɐmelikɔrniw	lɐm[ɛ]likɔrnj[u]	lɐm[e]likɔrni[w]	0
lameliforme	lɐmɛlifɔrmɨ	lɐmelifɔrmɨ	lɐm[ɛ]lifɔrmɨ	lɐm[e]lifɔrmɨ	0
lamelirrostro	lɐmɛliʀoʃtru	lɐmeliʀɔʃtru	lɐm[ɛ]liʀ[o]ʃtru	lɐm[e]liʀ[ɔ]ʃtru	0
largueto	lɐrɡetu	lɐrɡɛtu	lɐrɡ[e]tu	lɐrɡ[ɛ]tu	0
latipene	lɐtipɛnɨ	lɐtipenɨ	lɐtip[ɛ]nɨ	lɐtip[e]nɨ	0
lausperene	lawʃpɨrɛnɨ	lawʃpɨrenɨ	lawʃpɨr[ɛ]nɨ	lawʃpɨr[e]nɨ	0
lava-remo	lavɐʀɛmu	lavɐʀemu	lavɐʀ[ɛ]mu	lavɐʀ[e]mu	0
laverca	lɐvɛrkɐ	lɐverkɐ	lɐv[ɛ]rkɐ	lɐv[e]rkɐ	0
laverco	lɐvɛrku	lɐverku	lɐv[ɛ]rku	lɐv[e]rku	0
lecionação	lɛsjunɐsɐ̃w̃	lesjunɐsɐ̃w̃	l[ɛ]sjunɐsɐ̃w̃	l[e]sjunɐsɐ̃w̃	0
lecionador	lɛsjunɐdor	lesjunɐdor	l[ɛ]sjunɐdor	l[e]sjunɐdor	0
lecionando	lɛsjunɐ̃du	lesjunɐ̃ndu	l[ɛ]sjunɐ̃[]du	l[e]sjunɐ̃[n]du	0
lecionário	lɛsjunarju	lesjunarju	l[ɛ]sjunarju	l[e]sjunarju	0
lecionar	lɛsjunar	lesjunar	l[ɛ]sjunar	l[e]sjunar	0
lecionável	lɛsjunavɛɫ	lesjunavɛɫ	l[ɛ]sjunavɛɫ	l[e]sjunavɛɫ	0
lecionista	lɛsjuniʃtɐ	lesjuniʃtɐ	l[ɛ]sjuniʃtɐ	l[e]sjuniʃtɐ	0
leguória	lɛɡwɔrjɐ	leɡwɔrjɐ	l[ɛ]ɡwɔrjɐ	l[e]ɡwɔrjɐ	0
leia	lɛjɐ	lejɐ	l[ɛ]jɐ	l[e]jɐ	0
leite-creme	lɐjtɨkrɛmɨ	lɐjtɨkremɨ	lɐjtɨkr[ɛ]mɨ	lɐjtɨkr[e]mɨ	0
leme	lɛmɨ	lemɨ	l[ɛ]mɨ	l[e]mɨ	0
lemingue	lɛmĩɡɨ	lemĩnɡwɨ	l[ɛ]mĩɡɨ[]	l[e]mĩnɡw[ɨ]	0
lêmingue	lɛmĩɡɨ	lemĩnɡwɨ	l[ɛ]mĩɡɨ[]	l[e]mĩnɡw[ɨ]	0
lemnáceas	lɛmnasjɐʃ	lemnasiɐʃ	l[ɛ]mnas[j]ɐʃ	l[e]mnas[i]ɐʃ	0
lemnáceo	lɛmnasju	lemnasiw	l[ɛ]mnasj[u]	l[e]mnasi[w]	0
lemna	lɛmnɐ	lemnɐ	l[ɛ]mnɐ	l[e]mnɐ	0
lemniscata	lɛmniʃkatɐ	lemniʃkatɐ	l[ɛ]mniʃkatɐ	l[e]mniʃkatɐ	0
lemniscato	lɛmniʃkatu	lemniʃkatu	l[ɛ]mniʃkatu	l[e]mniʃkatu	0
lemnisco	lɛmniʃku	lemniʃku	l[ɛ]mniʃku	l[e]mniʃku	0
lemo	lɛmu	lemu	l[ɛ]mu	l[e]mu	0
lene	lɛnɨ	lenɨ	l[ɛ]nɨ	l[e]nɨ	0
leninismo	lɛniniʒmu	leniniʒmu	l[ɛ]niniʒmu	l[e]niniʒmu	0
leninista	lɛniniʃtɐ	leniniʃtɐ	l[ɛ]niniʃtɐ	l[e]niniʃtɐ	0
leninístico	lɛniniʃtiku	leniniʃtiku	l[ɛ]niniʃtiku	l[e]niniʃtiku	0
lepidez	lɛpideʃ	lepideʃ	l[ɛ]pideʃ	l[e]pideʃ	0
lepídio	lɛpidju	lepidju	l[ɛ]pidju	l[e]pidju	0
lepidoblástico	lɛpidɔblaʃtiku	lepidublaʃtiku	l[ɛ]pid[ɔ]blaʃtiku	l[e]pid[u]blaʃtiku	0
lepidocarpo	lɛpidɔkarpu	lepidukarpu	l[ɛ]pid[ɔ]karpu	l[e]pid[u]karpu	0
lepidócero	lɛpidɔsɨru	lepidɔsɨru	l[ɛ]pidɔsɨru	l[e]pidɔsɨru	0
lepidolita	lɛpidulitɐ	lepidulitɐ	l[ɛ]pidulitɐ	l[e]pidulitɐ	0
lepidolite	lɛpidulitɨ	lepidulitɨ	l[ɛ]pidulitɨ	l[e]pidulitɨ	0
lepidolítico	lɛpidulitiku	lepidulitiku	l[ɛ]pidulitiku	l[e]pidulitiku	0
lepidomelano	lɛpidɔmɨlɐnu	lepidumɨlɐ̃nu	l[ɛ]pid[ɔ]mɨlɐ[]nu	l[e]pid[u]mɨlɐ[̃]nu	0
lepidópidas	lɛpidɔpidɐʃ	lepidɔpidɐʃ	l[ɛ]pidɔpidɐʃ	l[e]pidɔpidɐʃ	0
lepidóptero	lɛpidɔptɨru	lepidɔptɨru	l[ɛ]pidɔptɨru	l[e]pidɔptɨru	0
lepidossirene	lɛpidɔsirɛnɨ	lepidusirenɨ	l[ɛ]pid[ɔ]sir[ɛ]nɨ	l[e]pid[u]sir[e]nɨ	0
leptinite	lɛptinitɨ	leptinitɨ	l[ɛ]ptinitɨ	l[e]ptinitɨ	0
leptocéfalo	lɛptɔsɛfɐlu	leptusɛfɐlu	l[ɛ]pt[ɔ]sɛfɐlu	l[e]pt[u]sɛfɐlu	0
leptologia	lɛptuluʒiɐ	leptuluʒiɐ	l[ɛ]ptuluʒiɐ	l[e]ptuluʒiɐ	0
leptológico	lɛptulɔʒiku	leptulɔʒiku	l[ɛ]ptulɔʒiku	l[e]ptulɔʒiku	0
leptomeninge	lɛptɔmɨnĩʒɨ	leptumɨnĩnʒɨ	l[ɛ]pt[ɔ]mɨnĩʒɨ[]	l[e]pt[u]mɨnĩnʒ[ɨ]	0
leptomeningioma	lɛptɔmɨnĩʒjomɐ	leptumenĩnʒiomɐ	l[ɛ]pt[ɔ]m[ɨ]nĩʒjomɐ[]	l[e]pt[u]m[e]nĩnʒiom[ɐ]	0
leptospira	lɛptɔʃpirɐ	leptuʃpirɐ	l[ɛ]pt[ɔ]ʃpirɐ	l[e]pt[u]ʃpirɐ	0
leptospirose	lɛptɔʃpirɔzɨ	leptuʃpirɔzɨ	l[ɛ]pt[ɔ]ʃpirɔzɨ	l[e]pt[u]ʃpirɔzɨ	0
leptossômico	lɛptɔsomiku	leptusomiku	l[ɛ]pt[ɔ]somiku	l[e]pt[u]somiku	0
leptossómico	lɛptɔsɔmiku	leptusɔmiku	l[ɛ]pt[ɔ]sɔmiku	l[e]pt[u]sɔmiku	0
lepturíneos	lɛpturinjuʃ	lepturiniwʃ	l[ɛ]pturinj[u]ʃ	l[e]pturini[w]ʃ	0
lerca	lɛrkɐ	lerkɐ	l[ɛ]rkɐ	l[e]rkɐ	0
lerdo	lerdu	lɛrdu	l[e]rdu	l[ɛ]rdu	0
leréia	lɛrjɐ	lerɛjɐ	l[ɛ]r[]jɐ	l[e]r[ɛ]jɐ	0
leso	lezu	lɛzu	l[e]zu	l[ɛ]zu	0
lestada	lɛʃtadɐ	leʃtadɐ	l[ɛ]ʃtadɐ	l[e]ʃtadɐ	0
letissimulação	lɛtisimulɐsɐ̃w̃	letisimulɐsɐ̃w̃	l[ɛ]tisimulɐsɐ̃w̃	l[e]tisimulɐsɐ̃w̃	0
letivo	lɛtivu	letivu	l[ɛ]tivu	l[e]tivu	0
letomaníaco	lɛtɔmɐniɐku	letumɐniɐku	l[ɛ]t[ɔ]mɐniɐku	l[e]t[u]mɐniɐku	0
letomania	lɛtɔmɐniɐ	letumɐniɐ	l[ɛ]t[ɔ]mɐniɐ	l[e]t[u]mɐniɐ	0
lexema	lɛksemɐ	leksemɐ	l[ɛ]ksemɐ	l[e]ksemɐ	0
lexia	lɛksiɐ	leksiɐ	l[ɛ]ksiɐ	l[e]ksiɐ	0
lexicalização	lɛksikɐlizɐsɐ̃w̃	leksikɐlizɐsɐ̃w̃	l[ɛ]ksikɐlizɐsɐ̃w̃	l[e]ksikɐlizɐsɐ̃w̃	0
lexicalizado	lɛksikɐlizadu	leksikɐlizadu	l[ɛ]ksikɐlizadu	l[e]ksikɐlizadu	0
lexicalizar	lɛksikɐlizar	leksikɐlizar	l[ɛ]ksikɐlizar	l[e]ksikɐlizar	0
lexical	lɛksikaɫ	leksikaɫ	l[ɛ]ksikaɫ	l[e]ksikaɫ	0
lexicografar	lɛksikuɡrɐfar	leksikuɡrɐfar	l[ɛ]ksikuɡrɐfar	l[e]ksikuɡrɐfar	0
lexicografia	lɛksikuɡrɐfiɐ	leksikuɡrɐfiɐ	l[ɛ]ksikuɡrɐfiɐ	l[e]ksikuɡrɐfiɐ	0
lexicográfico	lɛksikuɡrafiku	leksikuɡrafiku	l[ɛ]ksikuɡrafiku	l[e]ksikuɡrafiku	0
lexicógrafo	lɛksikɔɡrɐfu	leksikɔɡrɐfu	l[ɛ]ksikɔɡrɐfu	l[e]ksikɔɡrɐfu	0
lexicologia	lɛksikuluʒiɐ	leksikuluʒiɐ	l[ɛ]ksikuluʒiɐ	l[e]ksikuluʒiɐ	0
lexicológico	lɛksikulɔʒiku	leksikulɔʒiku	l[ɛ]ksikulɔʒiku	l[e]ksikulɔʒiku	0
lexicólogo	lɛksikɔluɡu	leksikɔluɡu	l[ɛ]ksikɔluɡu	l[e]ksikɔluɡu	0
lexiologia	lɛksjuluʒiɐ	leksiuluʒiɐ	l[ɛ]ks[j]uluʒiɐ	l[e]ks[i]uluʒiɐ	0
lexiológico	lɛksjulɔʒiku	leksiulɔʒiku	l[ɛ]ks[j]ulɔʒiku	l[e]ks[i]ulɔʒiku	0
licoperdo	likupɛrdu	likuperdu	likup[ɛ]rdu	likup[e]rdu	0
limonete	limunetɨ	limunɛtɨ	limun[e]tɨ	limun[ɛ]tɨ	0
listelo	liʃtelu	liʃtɛlu	liʃt[e]lu	liʃt[ɛ]lu	0
lobete	lubetɨ	lubɛtɨ	lub[e]tɨ	lub[ɛ]tɨ	0
lobeto	lubetu	lubɛtu	lub[e]tu	lub[ɛ]tu	0
loquete	luketɨ	lukɛtɨ	luk[e]tɨ	luk[ɛ]tɨ	0
lua-de-mel	luɐdɨmɛɫ	luɐdɨmeɫ	luɐdɨm[ɛ]ɫ	luɐdɨm[e]ɫ	0
lucifer	lusifɛr	lusifer	lusif[ɛ]r	lusif[e]r	0
lumaquela	lumɐkɛlɐ	lumɐkelɐ	lumɐk[ɛ]lɐ	lumɐk[e]lɐ	0
luzetro	luzetru	luzɛtru	luz[e]tru	luz[ɛ]tru	0
macarronete	mɐkɐʀunetɨ	mɐkɐʀunɛtɨ	mɐkɐʀun[e]tɨ	mɐkɐʀun[ɛ]tɨ	0
magrete	mɐɡretɨ	mɐɡrɛtɨ	mɐɡr[e]tɨ	mɐɡr[ɛ]tɨ	0
malesso	mɐlesu	mɐlɛsu	mɐl[e]su	mɐl[ɛ]su	0
manager	mɛnɐʒɐr	menɐʒɐr	m[ɛ]nɐʒɐr	m[e]nɐʒɐr	0
maniguete	mɐniɡetɨ	mɐniɡɛtɨ	mɐniɡ[e]tɨ	mɐniɡ[ɛ]tɨ	0
maniquete	mɐniketɨ	mɐnikɛtɨ	mɐnik[e]tɨ	mɐnik[ɛ]tɨ	0
maquela	mɐkɛlɐ	mɐkelɐ	mɐk[ɛ]lɐ	mɐk[e]lɐ	0
maquieta	mɐkjetɐ	mɐkiɛtɐ	mɐkj[e]tɐ	mɐki[ɛ]tɐ	0
marcheta	mɐrʃetɐ	mɐrʃɛtɐ	mɐrʃ[e]tɐ	mɐrʃ[ɛ]tɐ	0
marxismo-leninismo	marksiʒmulɛniniʒmu	marksiʒmuleniniʒmu	marksiʒmul[ɛ]niniʒmu	marksiʒmul[e]niniʒmu	0
marxista-leninista	marksiʃtɐlɛniniʃtɐ	marksiʃtɐleniniʃtɐ	marksiʃtɐl[ɛ]niniʃtɐ	marksiʃtɐl[e]niniʃtɐ	0
matebele	mɐtɨbelɨ	mɐtɨbɛlɨ	mɐtɨb[e]lɨ	mɐtɨb[ɛ]lɨ	0
maubere	mawbɛrɨ	mawberɨ	mawb[ɛ]rɨ	mawb[e]rɨ	0
mauberes	mawbɛrɨʃ	mawberɨʃ	mawb[ɛ]rɨʃ	mawb[e]rɨʃ	0
mecatrônica	mɛkɐtronikɐ	mekɐtronikɐ	m[ɛ]kɐtronikɐ	m[e]kɐtronikɐ	0
mecatrónica	mɛkɐtrɔnikɐ	mekɐtrɔnikɐ	m[ɛ]kɐtrɔnikɐ	m[e]kɐtrɔnikɐ	0
meda	mɛdɐ	medɐ	m[ɛ]dɐ	m[e]dɐ	0
media	mɛdjɐ	mediɐ	m[ɛ]d[j]ɐ	m[e]d[i]ɐ	0
medicamente	mɛdikɐmẽtɨ	medikɐmẽntɨ	m[ɛ]dikɐmẽtɨ[]	m[e]dikɐmẽnt[ɨ]	0
medicomania	mɛdikɔmɐniɐ	medikumɐniɐ	m[ɛ]dik[ɔ]mɐniɐ	m[e]dik[u]mɐniɐ	0
mediocracia	mɛdjɔkrɐsiɐ	mediukrɐsiɐ	m[ɛ]dj[ɔ]krɐsiɐ	m[e]di[u]krɐsiɐ	0
megálito	mɛɡalitu	meɡalitu	m[ɛ]ɡalitu	m[e]ɡalitu	0
megárico	mɛɡariku	meɡariku	m[ɛ]ɡariku	m[e]ɡariku	0
megásporo	mɛɡaʃpuru	meɡaʃpuru	m[ɛ]ɡaʃpuru	m[e]ɡaʃpuru	0
melaxanto	mɛlɐksɐ̃tu	melɐʃɐ̃ntu	m[ɛ]lɐk[s]ɐ̃[]tu	m[e]lɐʃ[]ɐ̃[n]tu	0
melca	mɛɫkɐ	meɫkɐ	m[ɛ]ɫkɐ	m[e]ɫkɐ	0
melgacense	mɛɫɡɐsẽsɨ	meɫɡɐsẽnsɨ	m[ɛ]ɫɡɐsẽsɨ[]	m[e]ɫɡɐsẽns[ɨ]	0
melgotão	mɛɫɡutɐ̃w̃	meɫɡutɐ̃w̃	m[ɛ]ɫɡutɐ̃w̃	m[e]ɫɡutɐ̃w̃	0
melgoteiro	mɛɫɡutɐjru	meɫɡutɐjru	m[ɛ]ɫɡutɐjru	m[e]ɫɡutɐjru	0
melgueira	mɛɫɡɐjrɐ	meɫɡɐjrɐ	m[ɛ]ɫɡɐjrɐ	m[e]ɫɡɐjrɐ	0
mel	mɛɫ	meɫ	m[ɛ]ɫ	m[e]ɫ	0
melodrama	mɛlɔdrɐmɐ	meludrɐ̃mɐ	m[ɛ]l[ɔ]drɐ[]mɐ	m[e]l[u]drɐ[̃]mɐ	0
melodramático	mɛlɔdrɐmatiku	meludrɐmatiku	m[ɛ]l[ɔ]drɐmatiku	m[e]l[u]drɐmatiku	0
melodramatizar	mɛlɔdrɐmɐtizar	meludrɐmɐtizar	m[ɛ]l[ɔ]drɐmɐtizar	m[e]l[u]drɐmɐtizar	0
melodramaturgia	mɛlɔdrɐmɐturʒiɐ	meludrɐmɐturʒiɐ	m[ɛ]l[ɔ]drɐmɐturʒiɐ	m[e]l[u]drɐmɐturʒiɐ	0
melodramaturgo	mɛlɔdrɐmɐturɡu	meludrɐmɐturɡu	m[ɛ]l[ɔ]drɐmɐturɡu	m[e]l[u]drɐmɐturɡu	0
melofilia	mɛlɔfiliɐ	melufiliɐ	m[ɛ]l[ɔ]filiɐ	m[e]l[u]filiɐ	0
melofone	mɛlɔfɔnɨ	melufonɨ	m[ɛ]l[ɔ]f[ɔ]nɨ	m[e]l[u]f[o]nɨ	0
melografia	mɛlɔɡrɐfiɐ	meluɡrɐfiɐ	m[ɛ]l[ɔ]ɡrɐfiɐ	m[e]l[u]ɡrɐfiɐ	0
melográfico	mɛlɔɡrafiku	meluɡrafiku	m[ɛ]l[ɔ]ɡrafiku	m[e]l[u]ɡrafiku	0
melomaníaco	mɛlɔmɐniɐku	melumɐniɐku	m[ɛ]l[ɔ]mɐniɐku	m[e]l[u]mɐniɐku	0
melomania	mɛlɔmɐniɐ	melumɐniɐ	m[ɛ]l[ɔ]mɐniɐ	m[e]l[u]mɐniɐ	0
meloplastia	mɛlɔplɐʃtiɐ	meluplɐʃtiɐ	m[ɛ]l[ɔ]plɐʃtiɐ	m[e]l[u]plɐʃtiɐ	0
meloplástico	mɛlɔplaʃtiku	meluplaʃtiku	m[ɛ]l[ɔ]plaʃtiku	m[e]l[u]plaʃtiku	0
meloterapia	mɛlɔtɨrɐpiɐ	meluterɐpiɐ	m[ɛ]l[ɔ]t[ɨ]rɐpiɐ	m[e]l[u]t[e]rɐpiɐ	0
meloterápico	mɛlɔtɨrapiku	melutɨrapiku	m[ɛ]l[ɔ]tɨrapiku	m[e]l[u]tɨrapiku	0
melquetrefe	mɛɫkɨtrɛfɨ	meɫkɨtrɛfɨ	m[ɛ]ɫkɨtrɛfɨ	m[e]ɫkɨtrɛfɨ	0
melra	mɛɫʀɐ	meɫʀɐ	m[ɛ]ɫʀɐ	m[e]ɫʀɐ	0
melriacho	mɛɫʀjaʃu	meɫʀiaʃu	m[ɛ]ɫʀ[j]aʃu	m[e]ɫʀ[i]aʃu	0
melroado	mɛɫʀwadu	meɫʀuadu	m[ɛ]ɫʀ[w]adu	m[e]ɫʀ[u]adu	0
melro-azul	mɛɫʀwɐzuɫ	meɫʀuɐzuɫ	m[ɛ]ɫʀ[w]ɐzuɫ	m[e]ɫʀ[u]ɐzuɫ	0
melro-buraqueiro	mɛɫʀuburɐkɐjru	meɫʀuburɐkɐjru	m[ɛ]ɫʀuburɐkɐjru	m[e]ɫʀuburɐkɐjru	0
melro-cachoeiro	mɛɫʀukaʃwɐjru	meɫʀukɐʃuɐjru	m[ɛ]ɫʀuk[a]ʃ[w]ɐjru	m[e]ɫʀuk[ɐ]ʃ[u]ɐjru	0
melro-da-rocha	mɛɫʀudɐʀɔʃɐ	meɫʀudɐʀɔʃɐ	m[ɛ]ɫʀudɐʀɔʃɐ	m[e]ɫʀudɐʀɔʃɐ	0
melro-do-rio	mɛɫʀuduʀiu	meɫʀuduʀiw	m[ɛ]ɫʀuduʀi[u]	m[e]ɫʀuduʀi[w]	0
melro	mɛɫʀu	meɫʀu	m[ɛ]ɫʀu	m[e]ɫʀu	0
melro-pedreiro	mɛɫʀupɨdrɐjru	meɫʀupedrɐjru	m[ɛ]ɫʀup[ɨ]drɐjru	m[e]ɫʀup[e]drɐjru	0
melro-peixeiro	mɛɫʀupɐjʃɐjru	meɫʀupɐjʃɐjru	m[ɛ]ɫʀupɐjʃɐjru	m[e]ɫʀupɐjʃɐjru	0
melro-preto	mɛɫʀupretu	meɫʀupretu	m[ɛ]ɫʀupretu	m[e]ɫʀupretu	0
memento	mɛmẽtɔ	memẽntu	m[ɛ]mẽtɔ[]	m[e]mẽnt[u]	0
menopausa	mɛnɔpawzɐ	menupawzɐ	m[ɛ]n[ɔ]pawzɐ	m[e]n[u]pawzɐ	0
menopáusico	mɛnɔpawziku	menupawziku	m[ɛ]n[ɔ]pawziku	m[e]n[u]pawziku	0
menorragia	mɛnɔʀɐʒiɐ	menuʀɐʒiɐ	m[ɛ]n[ɔ]ʀɐʒiɐ	m[e]n[u]ʀɐʒiɐ	0
menostasia	mɛnuʃtɐziɐ	menuʃtɐziɐ	m[ɛ]nuʃtɐziɐ	m[e]nuʃtɐziɐ	0
merca	mɛrkɐ	merkɐ	m[ɛ]rkɐ	m[e]rkɐ	0
merce	mɛrsɨ	mersɨ	m[ɛ]rsɨ	m[e]rsɨ	0
merchandising	mɛrʃɐ̃dajzĩɡ	merʃɐ̃ndajzin	m[ɛ]rʃɐ̃[]dajzĩ[ɡ]	m[e]rʃɐ̃[n]dajzi[n]	0
meritamente	mɛritɐmẽtɨ	meritɐmẽntɨ	m[ɛ]ritɐmẽtɨ[]	m[e]ritɐmẽnt[ɨ]	0
meritocrata	mɛritɔkratɐ	meritukratɐ	m[ɛ]rit[ɔ]kratɐ	m[e]rit[u]kratɐ	0
meritocrático	mɛritɔkratiku	meritukratiku	m[ɛ]rit[ɔ]kratiku	m[e]rit[u]kratiku	0
merma	mɛrmɐ	mermɐ	m[ɛ]rmɐ	m[e]rmɐ	0
meroblástico	mɛrɔblaʃtiku	merublaʃtiku	m[ɛ]r[ɔ]blaʃtiku	m[e]r[u]blaʃtiku	0
merobrigense	mɛrɔbriʒẽsɨ	merubriʒẽnsɨ	m[ɛ]r[ɔ]briʒẽsɨ[]	m[e]r[u]briʒẽns[ɨ]	0
merocele	mɛrɔsɛlɨ	merusɛlɨ	m[ɛ]r[ɔ]sɛlɨ	m[e]r[u]sɛlɨ	0
merocoxalgia	mɛrɔkɔksaɫʒiɐ	merukuksaɫʒiɐ	m[ɛ]r[ɔ]k[ɔ]ksaɫʒiɐ	m[e]r[u]k[u]ksaɫʒiɐ	0
meroedria	mɛrɔɛdriɐ	meruɨdriɐ	m[ɛ]rɔ[ɛ]driɐ	m[e]ru[ɨ]driɐ	0
meroédrico	mɛrɔɛdriku	meruɛdriku	m[ɛ]r[ɔ]ɛdriku	m[e]r[u]ɛdriku	0
meronímia	mɛrɔnimjɐ	merunimjɐ	m[ɛ]r[ɔ]nimjɐ	m[e]r[u]nimjɐ	0
merônimo	mɛronimu	meronimu	m[ɛ]ronimu	m[e]ronimu	0
merónimo	mɛrɔnimu	merɔnimu	m[ɛ]rɔnimu	m[e]rɔnimu	0
merozoito	mɛrɔzɔjtu	meruzojtu	m[ɛ]r[ɔ]z[ɔ]jtu	m[e]r[u]z[o]jtu	0
merozóito	mɛrɔzɔjtu	meruzɔjtu	m[ɛ]r[ɔ]zɔjtu	m[e]r[u]zɔjtu	0
mescalina	mɛʃkɐlinɐ	meʃkɐlinɐ	m[ɛ]ʃkɐlinɐ	m[e]ʃkɐlinɐ	0
mesclado	mɛʃkladu	meʃkladu	m[ɛ]ʃkladu	m[e]ʃkladu	0
mesoamericano	mɛzɔɐmɨrikɐnu	mezuɐmerikɐ̃nu	m[ɛ]z[ɔ]ɐm[ɨ]rikɐ[]nu	m[e]z[u]ɐm[e]rikɐ[̃]nu	0
mesoblasto	mɛzɔblaʃtu	mezublaʃtu	m[ɛ]z[ɔ]blaʃtu	m[e]z[u]blaʃtu	0
mesocárpico	mɛzɔkarpiku	mezukarpiku	m[ɛ]z[ɔ]karpiku	m[e]z[u]karpiku	0
mesocárpio	mɛzɔkarpju	mezukarpju	m[ɛ]z[ɔ]karpju	m[e]z[u]karpju	0
mesocarpo	mɛzɔkarpu	mezukarpu	m[ɛ]z[ɔ]karpu	m[e]z[u]karpu	0
mesocefalia	mɛzɔsɨfɐliɐ	mezusefɐliɐ	m[ɛ]z[ɔ]s[ɨ]fɐliɐ	m[e]z[u]s[e]fɐliɐ	0
mesocefalite	mɛzɔsɨfɐlitɨ	mezusefɐlitɨ	m[ɛ]z[ɔ]s[ɨ]fɐlitɨ	m[e]z[u]s[e]fɐlitɨ	0
mesocéfalo	mɛzɔsɛfɐlu	mezusɛfɐlu	m[ɛ]z[ɔ]sɛfɐlu	m[e]z[u]sɛfɐlu	0
mesocisto	mɛzɔsiʃtu	mezusiʃtu	m[ɛ]z[ɔ]siʃtu	m[e]z[u]siʃtu	0
mesóclise	mɛzɔklizɨ	mezɔklizɨ	m[ɛ]zɔklizɨ	m[e]zɔklizɨ	0
mesoclítica	mɛzɔklitikɐ	mezuklitikɐ	m[ɛ]z[ɔ]klitikɐ	m[e]z[u]klitikɐ	0
mesoclítico	mɛzɔklitiku	mezuklitiku	m[ɛ]z[ɔ]klitiku	m[e]z[u]klitiku	0
mesocolo	mɛzɔkɔlu	mezukɔlu	m[ɛ]z[ɔ]kɔlu	m[e]z[u]kɔlu	0
mesocólon	mɛzɔkɔlɔn	mezukɔlõm	m[ɛ]z[ɔ]kɔlɔn[]	m[e]z[u]kɔlõ[m]	0
mesocracia	mɛzɔkrɐsiɐ	mezukrɐsiɐ	m[ɛ]z[ɔ]krɐsiɐ	m[e]z[u]krɐsiɐ	0
mesocrático	mɛzɔkratiku	mezukratiku	m[ɛ]z[ɔ]kratiku	m[e]z[u]kratiku	0
mesoderma	mɛzɔdɛrmɐ	mezudermɐ	m[ɛ]z[ɔ]d[ɛ]rmɐ	m[e]z[u]d[e]rmɐ	0
mesoderme	mɛzɔdɛrmɨ	mezudɛrmɨ	m[ɛ]z[ɔ]dɛrmɨ	m[e]z[u]dɛrmɨ	0
mesodérmico	mɛzɔdɛrmiku	mezudɛrmiku	m[ɛ]z[ɔ]dɛrmiku	m[e]z[u]dɛrmiku	0
mesoeconomia	mɛzɔikɔnumiɐ	mezuekunumiɐ	m[ɛ]zɔ[i]k[ɔ]numiɐ	m[e]zu[e]k[u]numiɐ	0
mesofalange	mɛzɔfɐlɐ̃ʒɨ	mezufɐlɐ̃nʒɨ	m[ɛ]z[ɔ]fɐlɐ̃[]ʒɨ	m[e]z[u]fɐlɐ̃[n]ʒɨ	0
mesofilo	mɛzɔfilu	mezufilu	m[ɛ]z[ɔ]filu	m[e]z[u]filu	0
mesogástrico	mɛzɔɡaʃtriku	mezuɡaʃtriku	m[ɛ]z[ɔ]ɡaʃtriku	m[e]z[u]ɡaʃtriku	0
mesogástrio	mɛzɔɡaʃtrju	mezuɡaʃtriw	m[ɛ]z[ɔ]ɡaʃtrj[u]	m[e]z[u]ɡaʃtri[w]	0
mesogleia	mɛzɔɡlɐjɐ	mezuɡlɛjɐ	m[ɛ]z[ɔ]ɡl[ɐ]jɐ	m[e]z[u]ɡl[ɛ]jɐ	0
mesogléia	mɛzɔɡlɐjɐ	mezuɡlɛjɐ	m[ɛ]z[ɔ]ɡl[ɐ]jɐ	m[e]z[u]ɡl[ɛ]jɐ	0
mesolítico	mɛzɔlitiku	mezulitiku	m[ɛ]z[ɔ]litiku	m[e]z[u]litiku	0
mesologia	mɛzuluʒiɐ	mezuluʒiɐ	m[ɛ]zuluʒiɐ	m[e]zuluʒiɐ	0
mesomérico	mɛzɔmɛriku	mezumɛriku	m[ɛ]z[ɔ]mɛriku	m[e]z[u]mɛriku	0
mesômero	mɛzomɨru	mezomɨru	m[ɛ]zomɨru	m[e]zomɨru	0
mesómero	mɛzɔmɨru	mezɔmɨru	m[ɛ]zɔmɨru	m[e]zɔmɨru	0
meso	mɛzu	mezu	m[ɛ]zu	m[e]zu	0
mesonefro	mɛzɔnefru	mezunefru	m[ɛ]z[ɔ]nefru	m[e]z[u]nefru	0
mesônefro	mɛzɔnefru	mezonɨfru	m[ɛ]z[ɔ]n[e]fru	m[e]z[o]n[ɨ]fru	0
mesónefro	mɛzɔnɨfru	mezɔnɨfru	m[ɛ]zɔnɨfru	m[e]zɔnɨfru	0
mesopausa	mɛzɔpawzɐ	mezupawzɐ	m[ɛ]z[ɔ]pawzɐ	m[e]z[u]pawzɐ	0
mesopotâmia	mɛzɔputɐmjɐ	mezuputɐ̃mjɐ	m[ɛ]z[ɔ]putɐ[]mjɐ	m[e]z[u]putɐ[̃]mjɐ	0
mesopotâmico	mɛzɔputɐmiku	mezuputɐ̃miku	m[ɛ]z[ɔ]putɐ[]miku	m[e]z[u]putɐ[̃]miku	0
mesorrecto	mɛzɔʀɛtu	mezuʀɛtu	m[ɛ]z[ɔ]ʀɛtu	m[e]z[u]ʀɛtu	0
mesorreto	mɛzɔʀɛtu	mezuʀɛtu	m[ɛ]z[ɔ]ʀɛtu	m[e]z[u]ʀɛtu	0
mesosfera	mɛzɔʃfɛrɐ	mezuʃfɛrɐ	m[ɛ]z[ɔ]ʃfɛrɐ	m[e]z[u]ʃfɛrɐ	0
mesosférico	mɛzɔʃfɛriku	mezuʃfɛriku	m[ɛ]z[ɔ]ʃfɛriku	m[e]z[u]ʃfɛriku	0
mesospermo	mɛzɔʃpɛrmu	mezuʃpermu	m[ɛ]z[ɔ]ʃp[ɛ]rmu	m[e]z[u]ʃp[e]rmu	0
mesotelial	mɛzɔtɨljaɫ	mezuteliaɫ	m[ɛ]z[ɔ]t[ɨ]l[j]aɫ	m[e]z[u]t[e]l[i]aɫ	0
mesotelioma	mɛzɔtɨljomɐ	mezuteliomɐ	m[ɛ]z[ɔ]t[ɨ]l[j]omɐ	m[e]z[u]t[e]l[i]omɐ	0
mesotélio	mɛzɔtɛlju	mezutɛlju	m[ɛ]z[ɔ]tɛlju	m[e]z[u]tɛlju	0
mesotenar	mɛzɔtɨnar	mezutɨnar	m[ɛ]z[ɔ]tɨnar	m[e]z[u]tɨnar	0
mesoterapia	mɛzɔtɨrɐpiɐ	mezuterɐpiɐ	m[ɛ]z[ɔ]t[ɨ]rɐpiɐ	m[e]z[u]t[e]rɐpiɐ	0
mesoterápico	mɛzɔtɨrapiku	mezutɨrapiku	m[ɛ]z[ɔ]tɨrapiku	m[e]z[u]tɨrapiku	0
mesotimpânico	mɛzɔtĩpɐniku	mezutĩmpɐ̃niku	m[ɛ]z[ɔ]tĩpɐniku[]	m[e]z[u]tĩmpɐ̃nik[u]	0
mesotórax	mɛzɔtɔraks	mezutɔrɐks	m[ɛ]z[ɔ]tɔr[a]ks	m[e]z[u]tɔr[ɐ]ks	0
mesotrófico	mɛzɔtrɔfiku	mezutrɔfiku	m[ɛ]z[ɔ]trɔfiku	m[e]z[u]trɔfiku	0
mesozeugma	mɛzɔzewɡmɐ	mezuzɨuɡmɐ	m[ɛ]z[ɔ]ze[w]ɡmɐ	m[e]z[u]zɨ[u]ɡmɐ	0
mesozoico	mɛzɔzɔjku	mezuzɔjku	m[ɛ]z[ɔ]zɔjku	m[e]z[u]zɔjku	0
mesozóico	mɛzɔzɔjku	mezuzɔjku	m[ɛ]z[ɔ]zɔjku	m[e]z[u]zɔjku	0
mesozona	mɛzɔzonɐ	mezuzonɐ	m[ɛ]z[ɔ]zonɐ	m[e]z[u]zonɐ	0
mester	mɨʃtɛr	mɨʃter	mɨʃt[ɛ]r	mɨʃt[e]r	0
metacarpiano	mɛtɐkɐrpjɐnu	metɐkɐrpiɐ̃nu	m[ɛ]tɐkɐrp[j]ɐ[]nu	m[e]tɐkɐrp[i]ɐ[̃]nu	0
metacárpico	mɛtɐkarpiku	metɐkarpiku	m[ɛ]tɐkarpiku	m[e]tɐkarpiku	0
metacárpio	mɛtɐkarpju	metɐkarpju	m[ɛ]tɐkarpju	m[e]tɐkarpju	0
metacarpo	mɛtɐkarpu	metɐkarpu	m[ɛ]tɐkarpu	m[e]tɐkarpu	0
metacêntrico	mɛtɐsẽtriku	metɐsẽntriku	m[ɛ]tɐsẽtriku[]	m[e]tɐsẽntrik[u]	0
metacentro	mɛtɐsẽtru	metɐsẽntru	m[ɛ]tɐsẽtru[]	m[e]tɐsẽntr[u]	0
metacismo	mɛtɐsiʒmu	metɐsiʒmu	m[ɛ]tɐsiʒmu	m[e]tɐsiʒmu	0
metacognição	mɛtɐkɔɡnisɐ̃w̃	metɐkuɡnisɐ̃w̃	m[ɛ]tɐk[ɔ]ɡnisɐ̃w̃	m[e]tɐk[u]ɡnisɐ̃w̃	0
metacognitivo	mɛtɐkɔɡnitivu	metɐkuɡnitivu	m[ɛ]tɐk[ɔ]ɡnitivu	m[e]tɐk[u]ɡnitivu	0
metacromasia	mɛtɐkrɔmɐziɐ	metɐkrumɐziɐ	m[ɛ]tɐkr[ɔ]mɐziɐ	m[e]tɐkr[u]mɐziɐ	0
metacromático	mɛtɐkrɔmatiku	metɐkrumatiku	m[ɛ]tɐkr[ɔ]matiku	m[e]tɐkr[u]matiku	0
metacromatismo	mɛtɐkrɔmɐtiʒmu	metɐkrumɐtiʒmu	m[ɛ]tɐkr[ɔ]mɐtiʒmu	m[e]tɐkr[u]mɐtiʒmu	0
metacronismo	mɛtɐkruniʒmu	metɐkruniʒmu	m[ɛ]tɐkruniʒmu	m[e]tɐkruniʒmu	0
metadona	mɛtɐdonɐ	metɐdonɐ	m[ɛ]tɐdonɐ	m[e]tɐdonɐ	0
metaesterno	mɛtɐʃtɛrnu	metɐɨʃtɛrnu	m[ɛ]tɐ[]ʃtɛrnu	m[e]tɐ[ɨ]ʃtɛrnu	0
metafacial	mɛtɐfɐsjaɫ	metɐfɐsiaɫ	m[ɛ]tɐfɐs[j]aɫ	m[e]tɐfɐs[i]aɫ	0
metafalange	mɛtɐfɐlɐ̃ʒɨ	metɐfɐlɐ̃nʒɨ	m[ɛ]tɐfɐlɐ̃[]ʒɨ	m[e]tɐfɐlɐ̃[n]ʒɨ	0
metaficção	mɛtɐfiksɐ̃w̃	metɐfisɐ̃w̃	m[ɛ]tɐfi[k]sɐ̃w̃	m[e]tɐfi[]sɐ̃w̃	0
metaficcional	mɛtɐfiksjunaɫ	metɐfisjunaɫ	m[ɛ]tɐfi[k]sjunaɫ	m[e]tɐfi[]sjunaɫ	0
metafisicar	mɛtɐfizikar	metɐfizikar	m[ɛ]tɐfizikar	m[e]tɐfizikar	0
metafisicismo	mɛtɐfizisiʒmu	metɐfizisiʒmu	m[ɛ]tɐfizisiʒmu	m[e]tɐfizisiʒmu	0
metafloema	mɛtɐflwemɐ	metɐfluemɐ	m[ɛ]tɐfl[w]emɐ	m[e]tɐfl[u]emɐ	0
metafônico	mɛtɐfoniku	metɐfoniku	m[ɛ]tɐfoniku	m[e]tɐfoniku	0
metafónico	mɛtɐfɔniku	metɐfɔniku	m[ɛ]tɐfɔniku	m[e]tɐfɔniku	0
metagaláctico	mɛtɐɡɐlaktiku	metɐɡɐlatiku	m[ɛ]tɐɡɐla[k]tiku	m[e]tɐɡɐla[]tiku	0
metagaláxia	mɛtɐɡɐlaksjɐ	metɐɡɐlaksjɐ	m[ɛ]tɐɡɐlaksjɐ	m[e]tɐɡɐlaksjɐ	0
metagênese	mɛtɐʒenɨzɨ	metɐʒenɨzɨ	m[ɛ]tɐʒenɨzɨ	m[e]tɐʒenɨzɨ	0
metagénese	mɛtɐʒɛnɨzɨ	metɐʒɛnɨzɨ	m[ɛ]tɐʒɛnɨzɨ	m[e]tɐʒɛnɨzɨ	0
metageometria	mɛtɐʒjumɨtriɐ	metɐʒiumɨtriɐ	m[ɛ]tɐʒ[j]umɨtriɐ	m[e]tɐʒ[i]umɨtriɐ	0
metageométrico	mɛtɐʒjumɛtriku	metɐʒiumɛtriku	m[ɛ]tɐʒ[j]umɛtriku	m[e]tɐʒ[i]umɛtriku	0
metagoge	mɛtɐɡɔʒɨ	metɐɡɔʒɨ	m[ɛ]tɐɡɔʒɨ	m[e]tɐɡɔʒɨ	0
metagrama	mɛtɐɡrɐmɐ	metɐɡrɐ̃mɐ	m[ɛ]tɐɡrɐ[]mɐ	m[e]tɐɡrɐ[̃]mɐ	0
meta-história	mɛtɐiʃtɔrjɐ	metɐiʃtɔrjɐ	m[ɛ]tɐiʃtɔrjɐ	m[e]tɐiʃtɔrjɐ	0
metalinguagem	mɛtɐlĩɡwaʒɐ̃j̃	metɐlĩnɡwaʒɐjn	m[ɛ]tɐlĩɡwaʒɐ̃[]j[̃]	m[e]tɐlĩnɡwaʒ[ɐ]j[n]	0
metalinguística	mɛtɐlĩɡwiʃtikɐ	metɐlĩnɡwiʃtikɐ	m[ɛ]tɐlĩɡwiʃ[t]ikɐ[]	m[e]tɐlĩnɡw[]iʃtik[ɐ]	0
metalinguístico	mɛtɐlĩɡwiʃtiku	metɐlĩnɡwiʃtiku	m[ɛ]tɐlĩɡwiʃ[t]iku[]	m[e]tɐlĩnɡw[]iʃtik[u]	0
metalógica	mɛtɐlɔʒikɐ	metɐlɔʒikɐ	m[ɛ]tɐlɔʒikɐ	m[e]tɐlɔʒikɐ	0
metamatemática	mɛtɐmɐtɨmatikɐ	metɐmɐtɨmatikɐ	m[ɛ]tɐmɐtɨmatikɐ	m[e]tɐmɐtɨmatikɐ	0
metamatemático	mɛtɐmɐtɨmatiku	metɐmɐtɨmatiku	m[ɛ]tɐmɐtɨmatiku	m[e]tɐmɐtɨmatiku	0
metamielócito	mɛtɐmjɛlɔsitu	metɐmiɨlɔsitu	m[ɛ]tɐmj[ɛ]lɔsitu	m[e]tɐmi[ɨ]lɔsitu	0
meta	mɛtɐ	metɐ	m[ɛ]tɐ	m[e]tɐ	0
metanacional	mɛtɐnasjunaɫ	metɐnɐsjunaɫ	m[ɛ]tɐn[a]sjunaɫ	m[e]tɐn[ɐ]sjunaɫ	0
metanefrídio	mɛtɐnɨfridju	metɐnɨfridju	m[ɛ]tɐnɨfridju	m[e]tɐnɨfridju	0
metaplasia	mɛtɐplɐziɐ	metɐplɐziɐ	m[ɛ]tɐplɐziɐ	m[e]tɐplɐziɐ	0
metaplasma	mɛtɐplaʒmɐ	metɐplaʒmɐ	m[ɛ]tɐplaʒmɐ	m[e]tɐplaʒmɐ	0
metaplasmo	mɛtɐplaʒmu	metɐplaʒmu	m[ɛ]tɐplaʒmu	m[e]tɐplaʒmu	0
metaplástico	mɛtɐplaʃtiku	metɐplaʃtiku	m[ɛ]tɐplaʃtiku	m[e]tɐplaʃtiku	0
metapoema	mɛtɐpwemɐ	metɐpuemɐ	m[ɛ]tɐp[w]emɐ	m[e]tɐp[u]emɐ	0
metapsicologia	mɛtɐpsikuluʒiɐ	metɐpsikuluʒiɐ	m[ɛ]tɐpsikuluʒiɐ	m[e]tɐpsikuluʒiɐ	0
metapsicológico	mɛtɐpsikulɔʒiku	metɐpsikulɔʒiku	m[ɛ]tɐpsikulɔʒiku	m[e]tɐpsikulɔʒiku	0
metapsíquica	mɛtɐpsikikɐ	metɐpsikikɐ	m[ɛ]tɐpsikikɐ	m[e]tɐpsikikɐ	0
metapsíquico	mɛtɐpsikiku	metɐpsikiku	m[ɛ]tɐpsikiku	m[e]tɐpsikiku	0
metassedimento	mɛtɐsɨdimẽtu	metɐsedimẽntu	m[ɛ]tɐs[ɨ]dimẽtu[]	m[e]tɐs[e]dimẽnt[u]	0
metassíncrise	mɛtɐsĩkrizɨ	metɐsĩnkrizɨ	m[ɛ]tɐsĩkrizɨ[]	m[e]tɐsĩnkriz[ɨ]	0
metassomatismo	mɛtɐsumɐtiʒmu	metɐsumɐtiʒmu	m[ɛ]tɐsumɐtiʒmu	m[e]tɐsumɐtiʒmu	0
metassomatose	mɛtɐsumɐtɔzɨ	metɐsumɐtɔzɨ	m[ɛ]tɐsumɐtɔzɨ	m[e]tɐsumɐtɔzɨ	0
metasterno	mɛtɐʃtɛrnu	metɐʃtɛrnu	m[ɛ]tɐʃtɛrnu	m[e]tɐʃtɛrnu	0
metastômio	mɛtɐʃtomju	metɐʃtomju	m[ɛ]tɐʃtomju	m[e]tɐʃtomju	0
metastómio	mɛtɐʃtɔmju	metɐʃtɔmju	m[ɛ]tɐʃtɔmju	m[e]tɐʃtɔmju	0
metatarsalgia	mɛtɐtarsaɫʒiɐ	metɐtɐrsaɫʒiɐ	m[ɛ]tɐt[a]rsaɫʒiɐ	m[e]tɐt[ɐ]rsaɫʒiɐ	0
metatársico	mɛtɐtarsiku	metɐtarsiku	m[ɛ]tɐtarsiku	m[e]tɐtarsiku	0
metatarso	mɛtɐtarsu	metɐtarsu	m[ɛ]tɐtarsu	m[e]tɐtarsu	0
metatérios	mɛtɐtɛrjuʃ	metɐtɛrɪuʃ	m[ɛ]tɐtɛr[j]uʃ	m[e]tɐtɛr[ɪ]uʃ	0
metatético	mɛtɐtɛtiku	metɐtɛtiku	m[ɛ]tɐtɛtiku	m[e]tɐtɛtiku	0
metatipia	mɛtɐtipiɐ	metɐtipiɐ	m[ɛ]tɐtipiɐ	m[e]tɐtipiɐ	0
metatípico	mɛtɐtipiku	metɐtipiku	m[ɛ]tɐtipiku	m[e]tɐtipiku	0
metatórax	mɛtɐtɔraks	metɐtɔrɐks	m[ɛ]tɐtɔr[a]ks	m[e]tɐtɔr[ɐ]ks	0
metazoário	mɛtɐzwarju	metɐzuarju	m[ɛ]tɐz[w]arju	m[e]tɐz[u]arju	0
metazoico	mɛtɐzɔjku	metɐzɔjku	m[ɛ]tɐzɔjku	m[e]tɐzɔjku	0
metazóico	mɛtɐzɔjku	metɐzɔjku	m[ɛ]tɐzɔjku	m[e]tɐzɔjku	0
metomaníaco	mɛtɔmɐniɐku	metumɐniɐku	m[ɛ]t[ɔ]mɐniɐku	m[e]t[u]mɐniɐku	0
metomania	mɛtɔmɐniɐ	metumɐniɐ	m[ɛ]t[ɔ]mɐniɐ	m[e]t[u]mɐniɐ	0
metoposcopia	mɛtɔpɔʃkupiɐ	metupuʃkupiɐ	m[ɛ]t[ɔ]p[ɔ]ʃkupiɐ	m[e]t[u]p[u]ʃkupiɐ	0
metopóscopo	mɛtɔpɔʃkupu	metupɔʃkupu	m[ɛ]t[ɔ]pɔʃkupu	m[e]t[u]pɔʃkupu	0
metóxido	mɛtɔksidu	metɔksidu	m[ɛ]tɔksidu	m[e]tɔksidu	0
metrocele	mɛtrɔsɛlɨ	metrusɛlɨ	m[ɛ]tr[ɔ]sɛlɨ	m[e]tr[u]sɛlɨ	0
metromaníaca	mɛtrɔmɐniɐkɐ	metrumɐniɐkɐ	m[ɛ]tr[ɔ]mɐniɐkɐ	m[e]tr[u]mɐniɐkɐ	0
metropatia	mɛtrɔpɐtiɐ	metrupɐtiɐ	m[ɛ]tr[ɔ]pɐtiɐ	m[e]tr[u]pɐtiɐ	0
metropático	mɛtrɔpatiku	metrupatiku	m[ɛ]tr[ɔ]patiku	m[e]tr[u]patiku	0
metropolítico	mɛtrɔpulitiku	metrupulitiku	m[ɛ]tr[ɔ]pulitiku	m[e]tr[u]pulitiku	0
metrorragia	mɛtrɔʀɐʒiɐ	metruʀɐʒiɐ	m[ɛ]tr[ɔ]ʀɐʒiɐ	m[e]tr[u]ʀɐʒiɐ	0
metrossexualidade	mɛtrɔsɛkswɐlidadɨ	metruseksuɐlidadɨ	m[ɛ]tr[ɔ]s[ɛ]ks[w]ɐlidadɨ	m[e]tr[u]s[e]ks[u]ɐlidadɨ	0
metrossexual	mɛtrɔsɛkswaɫ	metruseksuaɫ	m[ɛ]tr[ɔ]s[ɛ]ks[w]aɫ	m[e]tr[u]s[e]ks[u]aɫ	0
metrotomia	mɛtrɔtumiɐ	metrutumiɐ	m[ɛ]tr[ɔ]tumiɐ	m[e]tr[u]tumiɐ	0
metrotômico	mɛtrɔtomiku	metrutomiku	m[ɛ]tr[ɔ]tomiku	m[e]tr[u]tomiku	0
metrotómico	mɛtrɔtɔmiku	metrutɔmiku	m[ɛ]tr[ɔ]tɔmiku	m[e]tr[u]tɔmiku	0
metroviário	mɛtrɔvjarju	metruviarju	m[ɛ]tr[ɔ]v[j]arju	m[e]tr[u]v[i]arju	0
mezinha	mɛziɲɐ	meziɲɐ	m[ɛ]ziɲɐ	m[e]ziɲɐ	0
mezinhar	mɛziɲar	meziɲar	m[ɛ]ziɲar	m[e]ziɲar	0
mezinheiro	mɛziɲɐjru	meziɲɐjru	m[ɛ]ziɲɐjru	m[e]ziɲɐjru	0
mezinhice	mɛziɲisɨ	meziɲisɨ	m[ɛ]ziɲisɨ	m[e]ziɲisɨ	0
microlepidóptero	mikrɔlɛpidɔptɨru	mikrɔlepidɔptɨru	mikrɔl[ɛ]pidɔptɨru	mikrɔl[e]pidɔptɨru	0
micropegmatítico	mikrɔpɛɡmɐtitiku	mikrɔpeɡmɐtitiku	mikrɔp[ɛ]ɡmɐtitiku	mikrɔp[e]ɡmɐtitiku	0
micropegmatito	mikrɔpɛɡmɐtitu	mikrɔpeɡmɐtitu	mikrɔp[ɛ]ɡmɐtitu	mikrɔp[e]ɡmɐtitu	0
micropipeta	mikrɔpipetɐ	mikrɔpipɛtɐ	mikrɔpip[e]tɐ	mikrɔpip[ɛ]tɐ	0
milhete	miʎetɨ	miʎɛtɨ	miʎ[e]tɨ	miʎ[ɛ]tɨ	0
milistere	miliʃtɛrɨ	miliʃterɨ	miliʃt[ɛ]rɨ	miliʃt[e]rɨ	0
minete	minɛtɨ	minetɨ	min[ɛ]tɨ	min[e]tɨ	0
miquelete	mikɨletɨ	mikɨlɛtɨ	mikɨl[e]tɨ	mikɨl[ɛ]tɨ	0
misticeto	miʃtisetu	miʃtisɛtu	miʃtis[e]tu	miʃtis[ɛ]tu	0
mitene	mitɛnɨ	mitenɨ	mit[ɛ]nɨ	mit[e]nɨ	0
mocheta	muʃetɐ	muʃɛtɐ	muʃ[e]tɐ	muʃ[ɛ]tɐ	0
mofeta	mufetɐ	mufɛtɐ	muf[e]tɐ	muf[ɛ]tɐ	0
monete	munetɨ	munɛtɨ	mun[e]tɨ	mun[ɛ]tɨ	0
morteirete	murtɐjretɨ	murtɐjrɛtɨ	murtɐjr[e]tɨ	murtɐjr[ɛ]tɨ	0
morzelo	murzelu	murzɛlu	murz[e]lu	murz[ɛ]lu	0
mosleme	muʒlɛmɨ	muʒlemɨ	muʒl[ɛ]mɨ	muʒl[e]mɨ	0
moteto	mutetu	mutɛtu	mut[e]tu	mut[ɛ]tu	0
motoreta	muturetɐ	muturɛtɐ	mutur[e]tɐ	mutur[ɛ]tɐ	0
mozeta	muzetɐ	muzɛtɐ	muz[e]tɐ	muz[ɛ]tɐ	0
muene	mwɛnɨ	muenɨ	mw[ɛ]nɨ	mu[e]nɨ	0
muezo	mwɛzu	muezu	mw[ɛ]zu	mu[e]zu	0
mufete	mufetɨ	mufɛtɨ	muf[e]tɨ	muf[ɛ]tɨ	0
multietnicidade	muɫtiɛtnisidadɨ	muɫtietnisidadɨ	muɫti[ɛ]tnisidadɨ	muɫti[e]tnisidadɨ	0
multiplexação	muɫtiplɛksɐsɐ̃w̃	muɫtipleksɐsɐ̃w̃	muɫtipl[ɛ]ksɐsɐ̃w̃	muɫtipl[e]ksɐsɐ̃w̃	0
multiplexador	muɫtiplɛksɐdor	muɫtipleksɐdor	muɫtipl[ɛ]ksɐdor	muɫtipl[e]ksɐdor	0
muquete	muketɨ	mukɛtɨ	muk[e]tɨ	muk[ɛ]tɨ	0
murete	muretɨ	murɛtɨ	mur[e]tɨ	mur[ɛ]tɨ	0
murzelo	murzelu	murzɛlu	murz[e]lu	murz[ɛ]lu	0
napelo	nɐpelu	nɐpɛlu	nɐp[e]lu	nɐp[ɛ]lu	0
nécessaire	nesesɛrɨ	nesɛsɛʀɨ	nes[e]sɛ[r]ɨ	nes[ɛ]sɛ[ʀ]ɨ	0
nefroblastoma	nɛfrɔblɐʃtomɐ	nefrublɐʃtomɐ	n[ɛ]fr[ɔ]blɐʃtomɐ	n[e]fr[u]blɐʃtomɐ	0
nefroscopia	nɛfrɔʃkupiɐ	nefruʃkupiɐ	n[ɛ]fr[ɔ]ʃkupiɐ	n[e]fr[u]ʃkupiɐ	0
nefroscópio	nɛfrɔʃkɔpju	nefruʃkɔpju	n[ɛ]fr[ɔ]ʃkɔpju	n[e]fr[u]ʃkɔpju	0
nelense	nɛlẽsɨ	nelẽnsɨ	n[ɛ]lẽsɨ[]	n[e]lẽns[ɨ]	0
nenecar	nɛnɛkar	nenɨkar	n[ɛ]n[ɛ]kar	n[e]n[ɨ]kar	0
neófilo	nɛɔfilu	neɔfilu	n[ɛ]ɔfilu	n[e]ɔfilu	0
neófito	nɛɔfitu	neɔfitu	n[ɛ]ɔfitu	n[e]ɔfitu	0
neófobo	nɛɔfubu	neɔfubu	n[ɛ]ɔfubu	n[e]ɔfubu	0
neógala	nɛɔɡɐlɐ	neɔɡɐlɐ	n[ɛ]ɔɡɐlɐ	n[e]ɔɡɐlɐ	0
neógamo	nɛɔɡɐmu	neɔɡɐmu	n[ɛ]ɔɡɐmu	n[e]ɔɡɐmu	0
neógrafo	nɛɔɡrɐfu	neɔɡrɐfu	n[ɛ]ɔɡrɐfu	n[e]ɔɡrɐfu	0
neórnitas	nɛɔrnitɐʃ	neɔrnitɐʃ	n[ɛ]ɔrnitɐʃ	n[e]ɔrnitɐʃ	0
neótipo	nɛɔtipu	neɔtipu	n[ɛ]ɔtipu	n[e]ɔtipu	0
neptunais	nɛptunajʃ	neptunajʃ	n[ɛ]ptunajʃ	n[e]ptunajʃ	0
neptuniano	nɛptunjɐnu	neptuniɐ̃nu	n[ɛ]ptun[j]ɐ[]nu	n[e]ptun[i]ɐ[̃]nu	0
neptunino	nɛptuninu	neptuninu	n[ɛ]ptuninu	n[e]ptuninu	0
neptúnio	nɛptunju	neptunju	n[ɛ]ptunju	n[e]ptunju	0
neptunismo	nɛptuniʒmu	neptuniʒmu	n[ɛ]ptuniʒmu	n[e]ptuniʒmu	0
neptunista	nɛptuniʃtɐ	neptuniʃtɐ	n[ɛ]ptuniʃtɐ	n[e]ptuniʃtɐ	0
neptuno	nɛptunu	neptunu	n[ɛ]ptunu	n[e]ptunu	0
neriáceas	nɛrjasjɐʃ	neriasiɐʃ	n[ɛ]r[j]as[j]ɐʃ	n[e]r[i]as[i]ɐʃ	0
neritoplâncton	nɛritɔplɐ̃ktɔn	nerituplɐ̃nktõm	n[ɛ]rit[ɔ]plɐ̃[]ktɔn[]	n[e]rit[u]plɐ̃[n]ktõ[m]	0
neroniano	nɛrunjɐnu	neruniɐ̃nu	n[ɛ]run[j]ɐ[]nu	n[e]run[i]ɐ[̃]nu	0
nertobrigense	nɛrtɔbriʒẽsɨ	nertubriʒẽnsɨ	n[ɛ]rt[ɔ]briʒẽsɨ[]	n[e]rt[u]briʒẽns[ɨ]	0
nesossilicato	nɛzɔsilikatu	nezusilikatu	n[ɛ]z[ɔ]silikatu	n[e]z[u]silikatu	0
nessora	nɛsɔrɐ	nesorɐ	n[ɛ]s[ɔ]rɐ	n[e]s[o]rɐ	0
netiqueta	nɛtiketɐ	netiketɐ	n[ɛ]tiketɐ	n[e]tiketɐ	0
netunais	nɛtunajʃ	netunajʃ	n[ɛ]tunajʃ	n[e]tunajʃ	0
netuniano	nɛtunjɐnu	netuniɐ̃nu	n[ɛ]tun[j]ɐ[]nu	n[e]tun[i]ɐ[̃]nu	0
netunino	nɛtuninu	netuninu	n[ɛ]tuninu	n[e]tuninu	0
netúnio	nɛtunju	netunju	n[ɛ]tunju	n[e]tunju	0
netunismo	nɛtuniʒmu	netuniʒmu	n[ɛ]tuniʒmu	n[e]tuniʒmu	0
netunista	nɛtuniʃtɐ	netuniʃtɐ	n[ɛ]tuniʃtɐ	n[e]tuniʃtɐ	0
netuno	nɛtunu	netunu	n[ɛ]tunu	n[e]tunu	0
nhemer-nhemer	ɲɨmɛrɲɨmɛr	ɲɨmerɲɨmer	ɲɨm[ɛ]rɲɨm[ɛ]r	ɲɨm[e]rɲɨm[e]r	0
nigripene	niɡripɛnɨ	niɡripenɨ	niɡrip[ɛ]nɨ	niɡrip[e]nɨ	0
noveleta	nuvɨletɐ	nuvɨlɛtɐ	nuvɨl[e]tɐ	nuvɨl[ɛ]tɐ	0
nueres	nwɛrɨʃ	nuerɨʃ	nw[ɛ]rɨʃ	nu[e]rɨʃ	0
nuer	nwɛr	nuer	nw[ɛ]r	nu[e]r	0
ob-reptício	ɔbʀɛptisju	ɔbʀeptisju	ɔbʀ[ɛ]ptisju	ɔbʀ[e]ptisju	0
odaxesmo	ɔdɐksɛʒmu	ɔdɐkseʒmu	ɔdɐks[ɛ]ʒmu	ɔdɐks[e]ʒmu	0
ofego	ɔfeɡu	ɔfɛɡu	ɔf[e]ɡu	ɔf[ɛ]ɡu	0
olede	ɔledɨ	ɔlɛdɨ	ɔl[e]dɨ	ɔl[ɛ]dɨ	0
olhete	ɔʎetɨ	ɔʎɛtɨ	ɔʎ[e]tɨ	ɔʎ[ɛ]tɨ	0
orcaneta	ɔrkɐnɛtɐ	ɔrkɐnetɐ	ɔrkɐn[ɛ]tɐ	ɔrkɐn[e]tɐ	0
orreta	ɔʀetɐ	ɔʀɛtɐ	ɔʀ[e]tɐ	ɔʀ[ɛ]tɐ	0
ourelo	owrelu	owrɛlu	owr[e]lu	owr[ɛ]lu	0
overdose	ovɛrdɔzɨ	overdɔzɨ	ov[ɛ]rdɔzɨ	ov[e]rdɔzɨ	0
oxiemoglobina	ɔksjɛmɔɡlubinɐ	ɔksiemuɡlubinɐ	ɔksj[ɛ]m[ɔ]ɡlubinɐ	ɔksi[e]m[u]ɡlubinɐ	0
oxissulfureto	ɔksisuɫfuretu	ɔksisuɫfurɛtu	ɔksisuɫfur[e]tu	ɔksisuɫfur[ɛ]tu	0
paguer	pɐɡɛr	pɐɡer	pɐɡ[ɛ]r	pɐɡ[e]r	0
palhete	pɐʎetɨ	pɐʎɛtɨ	pɐʎ[e]tɨ	pɐʎ[ɛ]tɨ	0
palheto	pɐʎetu	pɐʎɛtu	pɐʎ[e]tu	pɐʎ[ɛ]tu	0
panelo	pɐnelu	pɐnɛlu	pɐn[e]lu	pɐn[ɛ]lu	0
papa-mel	papɐmɛɫ	papɐmeɫ	papɐm[ɛ]ɫ	papɐm[e]ɫ	0
paparreta	pɐpɐʀetɐ	pɐpɐʀɛtɐ	pɐpɐʀ[e]tɐ	pɐpɐʀ[ɛ]tɐ	0
paracetamol	pɐrɐsɛtɐmɔɫ	pɐrɐsetɐ̃mɔɫ	pɐrɐs[ɛ]tɐ[]mɔɫ	pɐrɐs[e]tɐ[̃]mɔɫ	0
paralelepípedo	pɐrɐlɛlɨpipɨdu	pɐrɐlelɨpipɨdu	pɐrɐl[ɛ]lɨpipɨdu	pɐrɐl[e]lɨpipɨdu	0
paralelinérveo	pɐrɐlɛlinɛrvju	pɐrɐlelinɛrviw	pɐrɐl[ɛ]linɛrvj[u]	pɐrɐl[e]linɛrvi[w]	0
paralelogramo	pɐrɐlɛluɡrɐmu	pɐrɐleluɡrɐ̃mu	pɐrɐl[ɛ]luɡrɐ[]mu	pɐrɐl[e]luɡrɐ[̃]mu	0
parguete	pɐrɡetɨ	pɐrɡɛtɨ	pɐrɡ[e]tɨ	pɐrɡ[ɛ]tɨ	0
parietotemporal	pɐrjɛtɔtẽpuraɫ	pɐrietutẽmpuraɫ	pɐrj[ɛ]t[ɔ]tẽpuraɫ[]	pɐri[e]t[u]tẽmpura[ɫ]	0
pássaro-do-mel	pasɐrudumɛɫ	pasɐrudumeɫ	pasɐrudum[ɛ]ɫ	pasɐrudum[e]ɫ	0
patego	pɐteɡu	pɐtɛɡu	pɐt[e]ɡu	pɐt[ɛ]ɡu	0
patelo	pɐtelu	pɐtɛlu	pɐt[e]lu	pɐt[ɛ]lu	0
patera	pɐtɛrɐ	pɐterɐ	pɐt[ɛ]rɐ	pɐt[e]rɐ	0
peco	peku	pɛku	p[e]ku	p[ɛ]ku	0
pedicura	pɛdikurɐ	pedikurɐ	p[ɛ]dikurɐ	p[e]dikurɐ	0
pedicure	pɛdikurɨ	pedikurɨ	p[ɛ]dikurɨ	p[e]dikurɨ	0
pedicuro	pɛdikuru	pedikuru	p[ɛ]dikuru	p[e]dikuru	0
pediforme	pɛdifɔrmɨ	pedifɔrmɨ	p[ɛ]difɔrmɨ	p[e]difɔrmɨ	0
pedigree	pɛdiɡri	pediɡriɨ	p[ɛ]diɡri[]	p[e]diɡri[ɨ]	0
pedofobia	pɛdɔfubiɐ	pedufubiɐ	p[ɛ]d[ɔ]fubiɐ	p[e]d[u]fubiɐ	0
pedofóbico	pɛdɔfɔbiku	pedufɔbiku	p[ɛ]d[ɔ]fɔbiku	p[e]d[u]fɔbiku	0
pedófobo	pɛdɔfubu	pedɔfubu	p[ɛ]dɔfubu	p[e]dɔfubu	0
pedogamia	pɛdɔɡɐmiɐ	peduɡɐmiɐ	p[ɛ]d[ɔ]ɡɐmiɐ	p[e]d[u]ɡɐmiɐ	0
pedogênese	pɛdɔʒenɨzɨ	peduʒenɨzɨ	p[ɛ]d[ɔ]ʒenɨzɨ	p[e]d[u]ʒenɨzɨ	0
pedogénese	pɛdɔʒɛnɨzɨ	peduʒɛnɨzɨ	p[ɛ]d[ɔ]ʒɛnɨzɨ	p[e]d[u]ʒɛnɨzɨ	0
pedoiro	pɛdojru	pedojru	p[ɛ]dojru	p[e]dojru	0
pedopsiquiatra	pɛdɔpsikjatrɐ	pedupsikiatrɐ	p[ɛ]d[ɔ]psik[j]atrɐ	p[e]d[u]psik[i]atrɐ	0
pedopsiquiatria	pɛdɔpsikjɐtriɐ	pedupsikiɐtriɐ	p[ɛ]d[ɔ]psik[j]ɐtriɐ	p[e]d[u]psik[i]ɐtriɐ	0
pedopsiquiátrico	pɛdɔpsikjatriku	pedupsikiatriku	p[ɛ]d[ɔ]psik[j]atriku	p[e]d[u]psik[i]atriku	0
pedótriba	pɛdɔtribɐ	pedɔtribɐ	p[ɛ]dɔtribɐ	p[e]dɔtribɐ	0
pedouro	pɛdowru	pedowru	p[ɛ]dowru	p[e]dowru	0
pega-do-mar	peɡɐdumar	pɛɡɐdumar	p[e]ɡɐdumar	p[ɛ]ɡɐdumar	0
pegamassa	pɛɡɐmasɐ	peɡɐmasɐ	p[ɛ]ɡɐmasɐ	p[e]ɡɐmasɐ	0
pega-rabuda	peɡɐʀɐbudɐ	pɛɡɐʀɐbudɐ	p[e]ɡɐʀɐbudɐ	p[ɛ]ɡɐʀɐbudɐ	0
pegas	peɡɐʃ	pɛɡɐʃ	p[e]ɡɐʃ	p[ɛ]ɡɐʃ	0
pegmático	pɛɡmatiku	peɡmatiku	p[ɛ]ɡmatiku	p[e]ɡmatiku	0
pegmatite	pɛɡmɐtitɨ	peɡmɐtitɨ	p[ɛ]ɡmɐtitɨ	p[e]ɡmɐtitɨ	0
pegmatítico	pɛɡmɐtitiku	peɡmɐtitiku	p[ɛ]ɡmɐtitiku	p[e]ɡmɐtitiku	0
pegmatito-gráfico	pɛɡmɐtituɡrafiku	peɡmɐtituɡrafiku	p[ɛ]ɡmɐtituɡrafiku	p[e]ɡmɐtituɡrafiku	0
pegmatitoide	pɛɡmɐtɔjdɨ	peɡmɐtitɔjdɨ	p[ɛ]ɡmɐtɔjdɨ[]	p[e]ɡmɐtitɔjd[ɨ]	0
pegmatitóide	pɛɡmɐtɔjdɨ	peɡmɐtitɔjdɨ	p[ɛ]ɡmɐtɔjdɨ[]	p[e]ɡmɐtitɔjd[ɨ]	0
pegmatito	pɛɡmɐtitu	peɡmɐtitu	p[ɛ]ɡmɐtitu	p[e]ɡmɐtitu	0
peiofe	pɛjɔfɨ	pejofɨ	p[ɛ]j[ɔ]fɨ	p[e]j[o]fɨ	0
pelmatodinia	pɛɫmatɔdiniɐ	peɫmɐtudiniɐ	p[ɛ]ɫm[a]t[ɔ]diniɐ	p[e]ɫm[ɐ]t[u]diniɐ	0
pelmatozoário	pɛɫmɐtuzwarju	peɫmɐtuzuarju	p[ɛ]ɫmɐtuz[w]arju	p[e]ɫmɐtuz[u]arju	0
peltado	pɛɫtadu	peɫtadu	p[ɛ]ɫtadu	p[e]ɫtadu	0
pelta	pɛɫtɐ	peɫtɐ	p[ɛ]ɫtɐ	p[e]ɫtɐ	0
peltasta	pɛɫtaʃtɐ	peɫtaʃtɐ	p[ɛ]ɫtaʃtɐ	p[e]ɫtaʃtɐ	0
pelteno	pɛɫtenu	peɫtenu	p[ɛ]ɫtenu	p[e]ɫtenu	0
peltiforme	pɛɫtifɔrmɨ	peɫtifɔrmɨ	p[ɛ]ɫtifɔrmɨ	p[e]ɫtifɔrmɨ	0
peltocéfalo	pɛɫtɔsɛfɐlu	peɫtusɛfɐlu	p[ɛ]ɫt[ɔ]sɛfɐlu	p[e]ɫt[u]sɛfɐlu	0
peltre	pɛɫtrɨ	peɫtrɨ	p[ɛ]ɫtrɨ	p[e]ɫtrɨ	0
pelve	pɛɫvɨ	peɫvɨ	p[ɛ]ɫvɨ	p[e]ɫvɨ	0
pelviforme	pɛɫvifɔrmɨ	peɫvifɔrmɨ	p[ɛ]ɫvifɔrmɨ	p[e]ɫvifɔrmɨ	0
pelvimetria	pɛɫvimɨtriɐ	peɫvimɨtriɐ	p[ɛ]ɫvimɨtriɐ	p[e]ɫvimɨtriɐ	0
pelvímetro	pɛɫvimɨtru	peɫvimɨtru	p[ɛ]ɫvimɨtru	p[e]ɫvimɨtru	0
pelvitomia	pɛɫvitumiɐ	peɫvitumiɐ	p[ɛ]ɫvitumiɐ	p[e]ɫvitumiɐ	0
penálti	pɛnaɫti	penaɫti	p[ɛ]naɫti	p[e]naɫti	0
penalty	pɛnaɫti	penaɫti	p[ɛ]naɫti	p[e]naɫti	0
peneplanície	pɛnɛplɐnisji	penɨplɐnisjɨ	p[ɛ]n[ɛ]plɐnisj[i]	p[e]n[ɨ]plɐnisj[ɨ]	0
pene	pɛnɨ	penɨ	p[ɛ]nɨ	p[e]nɨ	0
peniforme	pɛnifɔrmɨ	penifɔrmɨ	p[ɛ]nifɔrmɨ	p[e]nifɔrmɨ	0
peninervado	pɛninɨrvadu	peninɨrvadu	p[ɛ]ninɨrvadu	p[e]ninɨrvadu	0
peninérveo	pɛninɛrvju	peninɛrviw	p[ɛ]ninɛrvj[u]	p[e]ninɛrvi[w]	0
penipotente	pɛniputẽtɨ	peniputẽntɨ	p[ɛ]niputẽtɨ[]	p[e]niputẽnt[ɨ]	0
pepa	pepa	pɛpɐ	p[e]p[a]	p[ɛ]p[ɐ]	0
peplo	pɛplu	peplu	p[ɛ]plu	p[e]plu	0
pepsia	pɛpsiɐ	pepsiɐ	p[ɛ]psiɐ	p[e]psiɐ	0
pepsina	pɛpsinɐ	pepsinɐ	p[ɛ]psinɐ	p[e]psinɐ	0
peptídeo	pɛptidju	peptidiw	p[ɛ]ptidj[u]	p[e]ptidi[w]	0
peptídico	pɛptidiku	peptidiku	p[ɛ]ptidiku	p[e]ptidiku	0
peptídio	pɛptidju	peptidju	p[ɛ]ptidju	p[e]ptidju	0
peptização	pɛptizɐsɐ̃w̃	peptizɐsɐ̃w̃	p[ɛ]ptizɐsɐ̃w̃	p[e]ptizɐsɐ̃w̃	0
peptizante	pɛptizɐ̃tɨ	peptizɐ̃ntɨ	p[ɛ]ptizɐ̃[]tɨ	p[e]ptizɐ̃[n]tɨ	0
peptizar	pɛptizar	peptizar	p[ɛ]ptizar	p[e]ptizar	0
peptona	pɛptonɐ	peptonɐ	p[ɛ]ptonɐ	p[e]ptonɐ	0
peptonização	pɛptunizɐsɐ̃w̃	peptunizɐsɐ̃w̃	p[ɛ]ptunizɐsɐ̃w̃	p[e]ptunizɐsɐ̃w̃	0
peptonizar	pɛptunizar	peptunizar	p[ɛ]ptunizar	p[e]ptunizar	0
perborato	pɛrburatu	perburatu	p[ɛ]rburatu	p[e]rburatu	0
perca-negra	pɛrkɐneɡrɐ	perkɐneɡrɐ	p[ɛ]rkɐneɡrɐ	p[e]rkɐneɡrɐ	0
percha	pɛrʃɐ	perʃɐ	p[ɛ]rʃɐ	p[e]rʃɐ	0
perclorato	pɛrkluratu	perkluratu	p[ɛ]rkluratu	p[e]rkluratu	0
perclórico	pɛrklɔriku	perklɔriku	p[ɛ]rklɔriku	p[e]rklɔriku	0
percluso	pɛrkluzu	perkluzu	p[ɛ]rkluzu	p[e]rkluzu	0
perestroica	pɛrɛʃtrɔjkɐ	perɨʃtrɔjkɐ	p[ɛ]r[ɛ]ʃtrɔjkɐ	p[e]r[ɨ]ʃtrɔjkɐ	0
perestróica	pɛrɛʃtrɔjkɐ	perɨʃtrɔjkɐ	p[ɛ]r[ɛ]ʃtrɔjkɐ	p[e]r[ɨ]ʃtrɔjkɐ	0
perestroika	pɛrɛʃtrɔjkɐ	perɨʃtrojkɐ	p[ɛ]r[ɛ]ʃtr[ɔ]jkɐ	p[e]r[ɨ]ʃtr[o]jkɐ	0
periadenite	pɛriɐdɨnitɨ	periɐdɨnitɨ	p[ɛ]riɐdɨnitɨ	p[e]riɐdɨnitɨ	0
periadenoidite	pɛriɐdɨnɔjditɨ	periɐdɨnojditɨ	p[ɛ]riɐdɨn[ɔ]jditɨ	p[e]riɐdɨn[o]jditɨ	0
perianal	pɛriɐnaɫ	periɐ̃naɫ	p[ɛ]riɐ[]naɫ	p[e]riɐ[̃]naɫ	0
períclase	pɛriklɐzɨ	periklɐzɨ	p[ɛ]riklɐzɨ	p[e]riklɐzɨ	0
periclinal	pɛriklinaɫ	periklinaɫ	p[ɛ]riklinaɫ	p[e]riklinaɫ	0
periclina	pɛriklinɐ	periklinɐ	p[ɛ]riklinɐ	p[e]riklinɐ	0
peridental	pɛridẽtaɫ	peridẽntaɫ	p[ɛ]ridẽtaɫ[]	p[e]ridẽnta[ɫ]	0
peridentário	pɛridẽtarju	peridentarju	p[ɛ]ridẽ[]tarju	p[e]ride[n]tarju	0
periencefalite	pɛriẽsɨfɐlitɨ	periẽnsɨfɐlitɨ	p[ɛ]riẽsɨfɐlitɨ[]	p[e]riẽnsɨfɐlit[ɨ]	0
periglacial	pɛriɡlɐsjaɫ	periɡlɐsiaɫ	p[ɛ]riɡlɐs[j]aɫ	p[e]riɡlɐs[i]aɫ	0
perilinfa	pɛrilĩfɐ	perilĩnfɐ	p[ɛ]rilĩfɐ[]	p[e]rilĩnf[ɐ]	0
perimorfose	pɛrimurfɔzɨ	perimurfɔzɨ	p[ɛ]rimurfɔzɨ	p[e]rimurfɔzɨ	0
periodontal	pɛrjɔdõtaɫ	periudõntaɫ	p[ɛ]rj[ɔ]dõtaɫ[]	p[e]ri[u]dõnta[ɫ]	0
periodontite	pɛrjɔdõtitɨ	periudõntitɨ	p[ɛ]rj[ɔ]dõt[i]tɨ[]	p[e]ri[u]dõ[n]tit[ɨ]	0
periodonto	pɛrjɔdõtu	periudõntu	p[ɛ]rj[ɔ]dõtu[]	p[e]ri[u]dõnt[u]	0
perioftalmia	pɛriɔftaɫmiɐ	periuftaɫmiɐ	p[ɛ]ri[ɔ]ftaɫmiɐ	p[e]ri[u]ftaɫmiɐ	0
perioral	pɛrioraɫ	periuraɫ	p[ɛ]ri[o]raɫ	p[e]ri[u]raɫ	0
periorbital	pɛriɔrbitaɫ	periurbitaɫ	p[ɛ]ri[ɔ]rbitaɫ	p[e]ri[u]rbitaɫ	0
peripateticamente	pɛripatɛtikɐmẽtɨ	peripɐtɛtikɐmẽntɨ	p[ɛ]rip[a]tɛtikɐmẽtɨ[]	p[e]rip[ɐ]tɛtikɐmẽnt[ɨ]	0
peripatético	pɛripatɛtiku	peripɐtɛtiku	p[ɛ]rip[a]tɛtiku	p[e]rip[ɐ]tɛtiku	0
peripatetismo	pɛripatɛtiʒmu	peripɐtɨtiʒmu	p[ɛ]rip[a]t[ɛ]tiʒmu	p[e]rip[ɐ]t[ɨ]tiʒmu	0
peripatetizar	pɛripatɛtizar	peripɐtɨtizar	p[ɛ]rip[a]t[ɛ]tizar	p[e]rip[ɐ]t[ɨ]tizar	0
peripétalo	pɛripɛtɐlu	peripɛtɐlu	p[ɛ]ripɛtɐlu	p[e]ripɛtɐlu	0
peripneumonia	pɛripnewmuniɐ	peripnewmuniɐ	p[ɛ]ripnewmuniɐ	p[e]ripnewmuniɐ	0
peripneumônico	pɛripnewmoniku	peripnewmoniku	p[ɛ]ripnewmoniku	p[e]ripnewmoniku	0
peripneumónico	pɛripnewmɔniku	peripnewmɔniku	p[ɛ]ripnewmɔniku	p[e]ripnewmɔniku	0
periproctal	pɛriprɔktaɫ	periprutaɫ	p[ɛ]riprɔ[k]taɫ	p[e]ripru[]taɫ	0
periprocto	pɛriprɔktu	periprotu	p[ɛ]riprɔ[k]tu	p[e]ripro[]tu	0
perissigmoidite	pɛrisiɡmɔjditɨ	perisiɡmojditɨ	p[ɛ]risiɡm[ɔ]jditɨ	p[e]risiɡm[o]jditɨ	0
perissodáctilo	pɛrisɔdaktilu	perisudatilu	p[ɛ]ris[ɔ]da[k]tilu	p[e]ris[u]da[]tilu	0
perissodátilo	pɛrisɔdatilu	perisudatilu	p[ɛ]ris[ɔ]datilu	p[e]ris[u]datilu	0
peritiroidite	pɛritirɔjditɨ	peritirojditɨ	p[ɛ]ritir[ɔ]jditɨ	p[e]ritir[o]jditɨ	0
periurbanização	pɛrjurbɐnizɐsɐ̃w̃	periurbɐnizɐsɐ̃w̃	p[ɛ]r[j]urbɐnizɐsɐ̃w̃	p[e]r[i]urbɐnizɐsɐ̃w̃	0
periurbano	pɛrjurbɐnu	periurbɐ̃nu	p[ɛ]r[j]urbɐ[]nu	p[e]r[i]urbɐ[̃]nu	0
perivascular	pɛrivɐʃkular	perivɐʃkular	p[ɛ]rivɐʃkular	p[e]rivɐʃkular	0
perla	pɛrlɐ	perlɐ	p[ɛ]rlɐ	p[e]rlɐ	0
perlite	pɛrlitɨ	perlitɨ	p[ɛ]rlitɨ	p[e]rlitɨ	0
permanganato	pɛrmɐ̃ɡɐnatu	permɐ̃nɡɐnatu	p[ɛ]rmɐ̃[]ɡɐnatu	p[e]rmɐ̃[n]ɡɐnatu	0
permangânico	pɛrmɐ̃ɡɐniku	permɐ̃nɡɐ̃niku	p[ɛ]rmɐ̃[]ɡɐ[]niku	p[e]rmɐ̃[n]ɡɐ[̃]niku	0
permanganização	pɛrmɐ̃ɡɐnizɐsɐ̃w̃	permɐ̃nɡɐnizɐsɐ̃w̃	p[ɛ]rmɐ̃[]ɡɐnizɐsɐ̃w̃	p[e]rmɐ̃[n]ɡɐnizɐsɐ̃w̃	0
permanganizar	pɛrmɐ̃ɡɐnizar	permɐ̃nɡɐnizar	p[ɛ]rmɐ̃[]ɡɐnizar	p[e]rmɐ̃[n]ɡɐnizar	0
permocarbônico	pɛrmɔkɐrboniku	permukɐrboniku	p[ɛ]rm[ɔ]kɐrboniku	p[e]rm[u]kɐrboniku	0
permocarbónico	pɛrmɔkɐrbɔniku	permukɐrbɔniku	p[ɛ]rm[ɔ]kɐrbɔniku	p[e]rm[u]kɐrbɔniku	0
pernicurto	pɛrnikurtu	pernikurtu	p[ɛ]rnikurtu	p[e]rnikurtu	0
pernilongo	pɛrnilõɡu	pernilõnɡu	p[ɛ]rnilõɡu[]	p[e]rnilõnɡ[u]	0
pernitrato	pɛrnitratu	pernitratu	p[ɛ]rnitratu	p[e]rnitratu	0
pernítrico	pɛrnitriku	pernitriku	p[ɛ]rnitriku	p[e]rnitriku	0
peroxidação	pɛrɔksidɐsɐ̃w̃	peruksidɐsɐ̃w̃	p[ɛ]r[ɔ]ksidɐsɐ̃w̃	p[e]r[u]ksidɐsɐ̃w̃	0
peroxidar	pɛrɔksidar	peruksidar	p[ɛ]r[ɔ]ksidar	p[e]r[u]ksidar	0
peróxido	pɛrɔksidu	perɔksidu	p[ɛ]rɔksidu	p[e]rɔksidu	0
peroxoanião	pɛrɔksɔɐnjɐ̃w̃	peruksuɐniɐ̃w̃	p[ɛ]r[ɔ]ks[ɔ]ɐn[j]ɐ̃w̃	p[e]r[u]ks[u]ɐn[i]ɐ̃w̃	0
peroxoborato	pɛrɔksɔburatu	peruksuburatu	p[ɛ]r[ɔ]ks[ɔ]buratu	p[e]r[u]ks[u]buratu	0
peroxodissulfato	pɛrɔksɔdisuɫfatu	peruksudisuɫfatu	p[ɛ]r[ɔ]ks[ɔ]disuɫfatu	p[e]r[u]ks[u]disuɫfatu	0
peroxodissulfúrico	pɛrɔksɔdisuɫfuriku	peruksudisuɫfuriku	p[ɛ]r[ɔ]ks[ɔ]disuɫfuriku	p[e]r[u]ks[u]disuɫfuriku	0
peroxonitrato	pɛrɔksɔnitratu	peruksunitratu	p[ɛ]r[ɔ]ks[ɔ]nitratu	p[e]r[u]ks[u]nitratu	0
peroxonítrico	pɛrɔksɔnitriku	peruksunitriku	p[ɛ]r[ɔ]ks[ɔ]nitriku	p[e]r[u]ks[u]nitriku	0
perra	peʀɐ	pɛʀɐ	p[e]ʀɐ	p[ɛ]ʀɐ	0
perro	peʀu	pɛʀu	p[e]ʀu	p[ɛ]ʀu	0
peru-selvagem	pɨrusɛɫvaʒɐ̃j̃	pɨruseɫvaʒɐjn	pɨrus[ɛ]ɫvaʒɐ[̃]j[̃]	pɨrus[e]ɫvaʒɐ[]j[n]	0
pesa	pezɐ	pɛzɐ	p[e]zɐ	p[ɛ]zɐ	0
pessimismo	pɛsimiʒmu	pesimiʒmu	p[ɛ]simiʒmu	p[e]simiʒmu	0
pessimista	pɛsimiʃtɐ	pesimiʃtɐ	p[ɛ]simiʃtɐ	p[e]simiʃtɐ	0
pesticida	pɛʃtisidɐ	peʃtisidɐ	p[ɛ]ʃtisidɐ	p[e]ʃtisidɐ	0
petabyte	pɛtɐbajtɨ	petɐbitɨ	p[ɛ]tɐba[j]tɨ	p[e]tɐbi[]tɨ	0
petanca	pɛtɐ̃kɐ	petɐ̃nkɐ	p[ɛ]tɐ̃[]kɐ	p[e]tɐ̃[n]kɐ	0
peto	petu	pɛtu	p[e]tu	p[ɛ]tu	0
peto-real	petuʀjaɫ	pɛtuʀiaɫ	p[e]tuʀ[j]aɫ	p[ɛ]tuʀ[i]aɫ	0
petrino	pɛtrinu	petrinu	p[ɛ]trinu	p[e]trinu	0
petrocório	pɛtrɔkɔrju	petrukɔrju	p[ɛ]tr[ɔ]kɔrju	p[e]tr[u]kɔrju	0
petrodólar	pɛtrɔdɔlar	petrudɔlɐr	p[ɛ]tr[ɔ]dɔl[a]r	p[e]tr[u]dɔl[ɐ]r	0
petrogênese	pɛtrɔʒenɨzɨ	petruʒenɨzɨ	p[ɛ]tr[ɔ]ʒenɨzɨ	p[e]tr[u]ʒenɨzɨ	0
petrogénese	pɛtrɔʒɛnɨzɨ	petruʒɛnɨzɨ	p[ɛ]tr[ɔ]ʒɛnɨzɨ	p[e]tr[u]ʒɛnɨzɨ	0
petrogenia	pɛtrɔʒɨniɐ	petruʒɨniɐ	p[ɛ]tr[ɔ]ʒɨniɐ	p[e]tr[u]ʒɨniɐ	0
petrogênico	pɛtrɔʒeniku	petruʒeniku	p[ɛ]tr[ɔ]ʒeniku	p[e]tr[u]ʒeniku	0
petrogénico	pɛtrɔʒɛniku	petruʒɛniku	p[ɛ]tr[ɔ]ʒɛniku	p[e]tr[u]ʒɛniku	0
petromax	pɛtrɔmaks	petrumaks	p[ɛ]tr[ɔ]maks	p[e]tr[u]maks	0
petroquímica	pɛtrɔkimikɐ	petrukimikɐ	p[ɛ]tr[ɔ]kimikɐ	p[e]tr[u]kimikɐ	0
petroquímico	pɛtrɔkimiku	petrukimiku	p[ɛ]tr[ɔ]kimiku	p[e]tr[u]kimiku	0
petrossílex	pɛtrɔsilɛks	petrusilɛks	p[ɛ]tr[ɔ]silɛks	p[e]tr[u]silɛks	0
petrossílice	pɛtrɔsilisɨ	petrusilisɨ	p[ɛ]tr[ɔ]silisɨ	p[e]tr[u]silisɨ	0
peva	pevɐ	pɛvɐ	p[e]vɐ	p[ɛ]vɐ	0
pezorro	pɛzoʀu	pezoʀu	p[ɛ]zoʀu	p[e]zoʀu	0
pezudo	pɛzudu	pezudu	p[ɛ]zudu	p[e]zudu	0
pezunho	pɛzuɲu	pezũɲu	p[ɛ]zu[]ɲu	p[e]zu[̃]ɲu	0
picadete	pikɐdetɨ	pikɐdɛtɨ	pikɐd[e]tɨ	pikɐd[ɛ]tɨ	0
pilarete	pilɐretɨ	pilɐrɛtɨ	pilɐr[e]tɨ	pilɐr[ɛ]tɨ	0
pilharete	piʎɐretɨ	piʎɐrɛtɨ	piʎɐr[e]tɨ	piʎɐr[ɛ]tɨ	0
pilheta	piʎetɐ	piʎɛtɐ	piʎ[e]tɐ	piʎ[ɛ]tɐ	0
pilrete	piɫʀetɨ	piɫʀɛtɨ	piɫʀ[e]tɨ	piɫʀ[ɛ]tɨ	0
pispirreta	piʃpiʀetɐ	piʃpiʀɛtɐ	piʃpiʀ[e]tɐ	piʃpiʀ[ɛ]tɐ	0
pistoleta	piʃtuletɐ	piʃtulɛtɐ	piʃtul[e]tɐ	piʃtul[ɛ]tɐ	0
pistolete	piʃtuletɨ	piʃtulɛtɨ	piʃtul[e]tɨ	piʃtul[ɛ]tɨ	0
pivete	pivetɨ	pivɛtɨ	piv[e]tɨ	piv[ɛ]tɨ	0
planipene	plɐnipɛnɨ	plɐnipenɨ	plɐnip[ɛ]nɨ	plɐnip[e]nɨ	0
plegida	plɛʒidɐ	pleʒidɐ	pl[ɛ]ʒidɐ	pl[e]ʒidɐ	0
plesiossauro	plɛzjɔsawru	pleziusawru	pl[ɛ]zj[ɔ]sawru	pl[e]zi[u]sawru	0
plessímetro	plɛsimɨtru	plesimɨtru	pl[ɛ]simɨtru	pl[e]simɨtru	0
plessômetro	plɛsomɨtru	plesomɨtru	pl[ɛ]somɨtru	pl[e]somɨtru	0
plessómetro	plɛsɔmɨtru	plesɔmɨtru	pl[ɛ]sɔmɨtru	pl[e]sɔmɨtru	0
pletismografia	plɛtiʒmɔɡrɐfiɐ	pletiʒmuɡrɐfiɐ	pl[ɛ]tiʒm[ɔ]ɡrɐfiɐ	pl[e]tiʒm[u]ɡrɐfiɐ	0
pletismográfico	plɛtiʒmɔɡrafiku	pletiʒmuɡrafiku	pl[ɛ]tiʒm[ɔ]ɡrafiku	pl[e]tiʒm[u]ɡrafiku	0
pletora	plɛtɔrɐ	pletɔrɐ	pl[ɛ]tɔrɐ	pl[e]tɔrɐ	0
pletórico	plɛtɔriku	pletɔriku	pl[ɛ]tɔriku	pl[e]tɔriku	0
pletorizar	plɛturizar	pleturizar	pl[ɛ]turizar	pl[e]turizar	0
plexiforme	plɛksifɔrmɨ	pleksifɔrmɨ	pl[ɛ]ksifɔrmɨ	pl[e]ksifɔrmɨ	0
plexiglas	plɛksiɡlaʃ	pleksiɡlɐʃ	pl[ɛ]ksiɡl[a]ʃ	pl[e]ksiɡl[ɐ]ʃ	0
pobreta	pubretɐ	pubrɛtɐ	pubr[e]tɐ	pubr[ɛ]tɐ	0
pobrete	pubretɨ	pubrɛtɨ	pubr[e]tɨ	pubr[ɛ]tɨ	0
portelo	purtelu	purtɛlu	purt[e]lu	purt[ɛ]lu	0
praceta	prɐsetɐ	prɐsɛtɐ	prɐs[e]tɐ	prɐs[ɛ]tɐ	0
precognição	prɛkɔɡnisɐ̃w̃	prekuɡnisɐ̃w̃	pr[ɛ]k[ɔ]ɡnisɐ̃w̃	pr[e]k[u]ɡnisɐ̃w̃	0
precognitivo	prɛkɔɡnitivu	prekuɡnitivu	pr[ɛ]k[ɔ]ɡnitivu	pr[e]k[u]ɡnitivu	0
precógnito	prɛkɔɡnitu	prekɔɡnitu	pr[ɛ]kɔɡnitu	pr[e]kɔɡnitu	0
preconceção	prɛkõsɛsɐ̃w̃	prekõnsɨsɐ̃w̃	pr[ɛ]kõs[ɛ]sɐ̃[w]̃[]	pr[e]kõ[n]sɨs[ɐ]̃w[̃]	0
preconcepção	prɛkõsɛsɐ̃w̃	prekõnsɨpsɐ̃w̃	pr[ɛ]kõs[ɛ]sɐ̃w[]̃[]	pr[e]kõ[n]sɨps[ɐ]̃w[̃]	0
precondição	prɛkõdisɐ̃w̃	prekõndisɐ̃w̃	pr[ɛ]kõdisɐ̃[w]̃[]	pr[e]kõndis[ɐ]̃w[̃]	0
precondicionar	prɛkõdisjunar	prekõndisjunar	pr[ɛ]kõdisjunar[]	pr[e]kõndisjuna[r]	0
precordal	prɛkurdaɫ	prekurdaɫ	pr[ɛ]kurdaɫ	pr[e]kurdaɫ	0
precordialgia	prɛkurdjaɫʒiɐ	prekurdiaɫʒiɐ	pr[ɛ]kurd[j]aɫʒiɐ	pr[e]kurd[i]aɫʒiɐ	0
precordial	prɛkurdjaɫ	prekurdiaɫ	pr[ɛ]kurd[j]aɫ	pr[e]kurd[i]aɫ	0
precórdio	prɛkɔrdju	prekɔrdju	pr[ɛ]kɔrdju	pr[e]kɔrdju	0
predefinição	prɛdɨfinisɐ̃w̃	predɨfinisɐ̃w̃	pr[ɛ]dɨfinisɐ̃w̃	pr[e]dɨfinisɐ̃w̃	0
predefinir	prɛdɨfinir	predɨfinir	pr[ɛ]dɨfinir	pr[e]dɨfinir	0
pregorexia	prɛɡɔrɛksiɐ	preɡurɨksiɐ	pr[ɛ]ɡ[ɔ]r[ɛ]ksiɐ	pr[e]ɡ[u]r[ɨ]ksiɐ	0
preguista	prɛɡiʃtɐ	preɡiʃtɐ	pr[ɛ]ɡiʃtɐ	pr[e]ɡiʃtɐ	0
prehnita	prɛnitɐ	prenitɐ	pr[ɛ]nitɐ	pr[e]nitɐ	0
prehnite	prɛnitɨ	prenitɨ	pr[ɛ]nitɨ	pr[e]nitɨ	0
prelista	prɛliʃtɐ	preliʃtɐ	pr[ɛ]liʃtɐ	pr[e]liʃtɐ	0
prenomeação	prɛnumjɐsɐ̃w̃	prenumiɐsɐ̃w̃	pr[ɛ]num[j]ɐsɐ̃w̃	pr[e]num[i]ɐsɐ̃w̃	0
pressirrostro	prɛsiʀoʃtru	presiʀɔʃtru	pr[ɛ]siʀ[o]ʃtru	pr[e]siʀ[ɔ]ʃtru	0
pressorreceptor	prɛsɔʀɨsɛtor	presuʀesɨptor	pr[ɛ]s[ɔ]ʀ[ɨ]sɛ[]tor	pr[e]s[u]ʀ[e]sɨ[p]tor	0
pressorrecetor	prɛsɔʀɨsɛtor	presuʀesɨtor	pr[ɛ]s[ɔ]ʀ[ɨ]s[ɛ]tor	pr[e]s[u]ʀ[e]s[ɨ]tor	0
preternatural	prɛtɛrnɐturaɫ	pretɨrnɐturaɫ	pr[ɛ]t[ɛ]rnɐturaɫ	pr[e]t[ɨ]rnɐturaɫ	0
pretônico	prɛtoniku	pretoniku	pr[ɛ]toniku	pr[e]toniku	0
pretónico	prɛtɔniku	pretɔniku	pr[ɛ]tɔniku	pr[e]tɔniku	0
procero	prusɛru	pruseru	prus[ɛ]ru	prus[e]ru	0
proprietariado	prupriɛtɐrjadu	pruprietɐriadu	prupri[ɛ]tɐr[j]adu	prupri[e]tɐr[i]adu	0
provete	pruvetɨ	pruvɛtɨ	pruv[e]tɨ	pruv[ɛ]tɨ	0
quadragesimal	kwɐdrɐʒɛzimaɫ	kwɐdrɐʒezimaɫ	kwɐdrɐʒ[ɛ]zimaɫ	kwɐdrɐʒ[e]zimaɫ	0
quadrelo	kwɐdrelu	kwɐdrɛlu	kwɐdr[e]lu	kwɐdr[ɛ]lu	0
quadripene	kwɐdripɛnɨ	kwɐdripenɨ	kwɐdrip[ɛ]nɨ	kwɐdrip[e]nɨ	0
quadrirreme	kwɐdriʀɛmɨ	kwɐdriʀemɨ	kwɐdriʀ[ɛ]mɨ	kwɐdriʀ[e]mɨ	0
quebra-cabeça	kɛbrɐkɐbesɐʃ	kebrɐkɐbesɐ	k[ɛ]brɐkɐbesɐ[ʃ]	k[e]brɐkɐbesɐ[]	0
quebra-cabeças	kɛbrɐkɐbesɐʃ	kebrɐkɐbesɐʃ	k[ɛ]brɐkɐbesɐʃ	k[e]brɐkɐbesɐʃ	0
quebra-cana	kɛbrɐkɐnɐ	kebrɐkɐ̃nɐ	k[ɛ]brɐkɐ[]nɐ	k[e]brɐkɐ[̃]nɐ	0
quebra-costas	kɛbrɐkɔʃtɐʃ	kebrɐkɔʃtɐʃ	k[ɛ]brɐkɔʃtɐʃ	k[e]brɐkɔʃtɐʃ	0
quebra-costelas	kɛbrɐkuʃtɛlɐʃ	kebrɐkuʃtɛlɐʃ	k[ɛ]brɐkuʃtɛlɐʃ	k[e]brɐkuʃtɛlɐʃ	0
quebra-esquinas	kɛbrɐiʃkinɐʃ	kebrɐʃkinɐʃ	k[ɛ]brɐ[i]ʃkinɐʃ	k[e]brɐ[]ʃkinɐʃ	0
quebra-galho	kɛbrɐɡaʎu	kebrɐɡaʎu	k[ɛ]brɐɡaʎu	k[e]brɐɡaʎu	0
quebra-gelo	kɛbrɐʒelu	kebrɐʒelu	k[ɛ]brɐʒelu	k[e]brɐʒelu	0
quebra-jejum	kɛbrɐʒɨʒũ	kebrɐʒɨʒũm	k[ɛ]brɐʒɨʒũ[]	k[e]brɐʒɨʒũ[m]	0
quebra	kɛbrɐ	kebrɐ	k[ɛ]brɐ	k[e]brɐ	0
quebra-luz	kɛbrɐluʃ	kebrɐluʃ	k[ɛ]brɐluʃ	k[e]brɐluʃ	0
quebra-mar	kɛbrɐmar	kebrɐmar	k[ɛ]brɐmar	k[e]brɐmar	0
quebra-molas	kɛbrɐmɔlɐʃ	kebrɐmɔlɐʃ	k[ɛ]brɐmɔlɐʃ	k[e]brɐmɔlɐʃ	0
quebra-nozes	kɛbrɐnɔzɨʃ	kebrɐnɔzɨʃ	k[ɛ]brɐnɔzɨʃ	k[e]brɐnɔzɨʃ	0
quebra-panelas	kɛbrɐpɐnɛlɐʃ	kebrɐpɐnɛlɐʃ	k[ɛ]brɐpɐnɛlɐʃ	k[e]brɐpɐnɛlɐʃ	0
quebra-vento	kɛbrɐvẽtu	kebrɐvẽntu	k[ɛ]brɐvẽtu[]	k[e]brɐvẽnt[u]	0
quebro	kɛbru	kebru	k[ɛ]bru	k[e]bru	0
queca	kɛkɐ	kekɐ	k[ɛ]kɐ	k[e]kɐ	0
quede	kɛdɨ	kedɨ	k[ɛ]dɨ	k[e]dɨ	0
quedes	kɛdɨʃ	kedɨʃ	k[ɛ]dɨʃ	k[e]dɨʃ	0
quefirina	kɛfirinɐ	kefirinɐ	k[ɛ]firinɐ	k[e]firinɐ	0
quefiroterapia	kɛfirɔtɨrɐpiɐ	kefirutɨrɐpiɐ	k[ɛ]fir[ɔ]tɨrɐpiɐ	k[e]fir[u]tɨrɐpiɐ	0
queleto	keletu	kelɛtu	kel[e]tu	kel[ɛ]tu	0
quelma	kɛɫmɐ	keɫmɐ	k[ɛ]ɫmɐ	k[e]ɫmɐ	0
quelme	kɛɫmɨ	keɫmɨ	k[ɛ]ɫmɨ	k[e]ɫmɨ	0
queniano	kɛnjɐnu	keniɐ̃nu	k[ɛ]n[j]ɐ[]nu	k[e]n[i]ɐ[̃]nu	0
queque	kɛkɨ	kekɨ	k[ɛ]kɨ	k[e]kɨ	0
queratalgia	kɛrɐtaɫʒiɐ	kerɐtaɫʒiɐ	k[ɛ]rɐtaɫʒiɐ	k[e]rɐtaɫʒiɐ	0
qüercina	kwɛrsinɐ	kwersinɐ	kw[ɛ]rsinɐ	kw[e]rsinɐ	0
qüercite	kwɛrsitɨ	kwersitɨ	kw[ɛ]rsitɨ	kw[e]rsitɨ	0
qüercitrina	kwɛrsitrinɐ	kwersitrinɐ	kw[ɛ]rsitrinɐ	kw[e]rsitrinɐ	0
qüerco	kwɛrku	kwerku	kw[ɛ]rku	kw[e]rku	0
quermes	kɛrmɨʃ	kermɨʃ	k[ɛ]rmɨʃ	k[e]rmɨʃ	0
quero-quero	kɛrukɛru	kerukeru	k[ɛ]ruk[ɛ]ru	k[e]ruk[e]ru	0
quete-quete	kɛtɨkɛtɨ	ketɨketɨ	k[ɛ]tɨk[ɛ]tɨ	k[e]tɨk[e]tɨ	0
quibebe	kibebɨ	kibɛbɨ	kib[e]bɨ	kib[ɛ]bɨ	0
quileba	kilɛbɐ	kilebɐ	kil[ɛ]bɐ	kil[e]bɐ	0
quimuezo	kimwɛzu	kimuezu	kimw[ɛ]zu	kimu[e]zu	0
quissequele	kisɨkɛlɨ	kisɨkelɨ	kisɨk[ɛ]lɨ	kisɨk[e]lɨ	0
rabisseco	ʀɐbiseku	ʀɐbisɛku	ʀɐbis[e]ku	ʀɐbis[ɛ]ku	0
racheta	ʀɐʃetɐ	ʀɐʃɛtɐ	ʀɐʃ[e]tɐ	ʀɐʃ[ɛ]tɐ	0
ralheta	ʀɐʎetɐ	ʀɐʎɛtɐ	ʀɐʎ[e]tɐ	ʀɐʎ[ɛ]tɐ	0
ralhete	ʀɐʎetɨ	ʀɐʎɛtɨ	ʀɐʎ[e]tɨ	ʀɐʎ[ɛ]tɨ	0
ramilhete	ʀɐmiʎetɨ	ʀɐmiʎɛtɨ	ʀɐmiʎ[e]tɨ	ʀɐmiʎ[ɛ]tɨ	0
rapazete	ʀɐpɐzetɨ	ʀɐpɐzɛtɨ	ʀɐpɐz[e]tɨ	ʀɐpɐz[ɛ]tɨ	0
rastelo	ʀɐʃtelu	ʀɐʃtɛlu	ʀɐʃt[e]lu	ʀɐʃt[ɛ]lu	0
reça	ʀɛsɐ	ʀesɐ	ʀ[ɛ]sɐ	ʀ[e]sɐ	0
reciano	ʀɛsjɐnu	ʀesiɐ̃nu	ʀ[ɛ]s[j]ɐ[]nu	ʀ[e]s[i]ɐ[̃]nu	0
reciário	ʀɛsjɐrju	ʀesiarju	ʀ[ɛ]sj[ɐ]rju	ʀ[e]si[a]rju	0
recordista	ʀɛkɔrdiʃtɐ	ʀekɔrdiʃtɐ	ʀ[ɛ]kɔrdiʃtɐ	ʀ[e]kɔrdiʃtɐ	0
record	ʀɛkɔrdɨ	ʀekɔrd	ʀ[ɛ]kɔrd[ɨ]	ʀ[e]kɔrd[]	0
reflada	ʀɛfladɐ	ʀefladɐ	ʀ[ɛ]fladɐ	ʀ[e]fladɐ	0
regabofe	ʀɛɡɐbɔfɨ	ʀeɡɐbɔfɨ	ʀ[ɛ]ɡɐbɔfɨ	ʀ[e]ɡɐbɔfɨ	0
regabofista	ʀɛɡɐbufiʃtɐ	ʀeɡɐbufiʃtɐ	ʀ[ɛ]ɡɐbufiʃtɐ	ʀ[e]ɡɐbufiʃtɐ	0
regiano	ʀɛʒjɐnu	ʀeʒiɐ̃nu	ʀ[ɛ]ʒ[j]ɐ[]nu	ʀ[e]ʒ[i]ɐ[̃]nu	0
regicida	ʀɛʒisidɐ	ʀeʒisidɐ	ʀ[ɛ]ʒisidɐ	ʀ[e]ʒisidɐ	0
regicídio	ʀɛʒisidju	ʀeʒisidju	ʀ[ɛ]ʒisidju	ʀ[e]ʒisidju	0
regiolectal	ʀɛʒiɔlɛtaɫ	ʀeʒiulɛtaɫ	ʀ[ɛ]ʒi[ɔ]lɛtaɫ	ʀ[e]ʒi[u]lɛtaɫ	0
regiolecto	ʀɛʒjɔlɛtu	ʀeʒiulɛtu	ʀ[ɛ]ʒj[ɔ]lɛtu	ʀ[e]ʒi[u]lɛtu	0
regioletal	ʀɛʒiɔlɛtaɫ	ʀeʒiulɨtaɫ	ʀ[ɛ]ʒi[ɔ]l[ɛ]taɫ	ʀ[e]ʒi[u]l[ɨ]taɫ	0
regioleto	ʀɛʒjɔlɛtu	ʀeʒiulɛtu	ʀ[ɛ]ʒj[ɔ]lɛtu	ʀ[e]ʒi[u]lɛtu	0
regloscópio	ʀɛɡlɔʃkɔpju	ʀeɡluʃkɔpju	ʀ[ɛ]ɡl[ɔ]ʃkɔpju	ʀ[e]ɡl[u]ʃkɔpju	0
regnicídio	ʀɛɡnisidju	ʀeɡnisidju	ʀ[ɛ]ɡnisidju	ʀ[e]ɡnisidju	0
rego	ʀeɡu	ʀɛɡu	ʀ[e]ɡu	ʀ[ɛ]ɡu	0
reguada	ʀɛɡwadɐ	ʀeɡwadɐ	ʀ[ɛ]ɡwadɐ	ʀ[e]ɡwadɐ	0
reguense	ʀɛɡwẽsɨ	ʀeɡẽnsɨ	ʀ[ɛ]ɡwẽ[]sɨ	ʀ[e]ɡẽ[n]sɨ	0
regüense	ʀɛɡwẽsɨ	ʀeɡuẽnsɨ	ʀ[ɛ]ɡwẽsɨ[]	ʀ[e]ɡuẽns[ɨ]	0
reixelo	ʀɐjʃelu	ʀɐjʃɛlu	ʀɐjʃ[e]lu	ʀɐjʃ[ɛ]lu	0
reizete	ʀɐjzetɨ	ʀɐjzɛtɨ	ʀɐjz[e]tɨ	ʀɐjz[ɛ]tɨ	0
relvedo	ʀɛɫvedu	ʀeɫvedu	ʀ[ɛ]ɫvedu	ʀ[e]ɫvedu	0
relvejar	ʀɛɫvɨʒar	ʀeɫvɨʒar	ʀ[ɛ]ɫvɨʒar	ʀ[e]ɫvɨʒar	0
relvoso	ʀɛɫvozu	ʀeɫvozu	ʀ[ɛ]ɫvozu	ʀ[e]ɫvozu	0
remo	ʀɛmu	ʀemu	ʀ[ɛ]mu	ʀ[e]mu	0
repa	ʀepɐ	ʀɛpɐ	ʀ[e]pɐ	ʀ[ɛ]pɐ	0
reptação	ʀɛptɐsɐ̃w̃	ʀeptɐsɐ̃w̃	ʀ[ɛ]ptɐsɐ̃w̃	ʀ[e]ptɐsɐ̃w̃	0
reptador	ʀɛptɐdor	ʀeptɐdor	ʀ[ɛ]ptɐdor	ʀ[e]ptɐdor	0
reptamento	ʀɛptɐmẽtu	ʀeptɐmẽntu	ʀ[ɛ]ptɐmẽtu[]	ʀ[e]ptɐmẽnt[u]	0
reptante	ʀɛptɐ̃tɨ	ʀeptɐ̃ntɨ	ʀ[ɛ]ptɐ̃[]tɨ	ʀ[e]ptɐ̃[n]tɨ	0
reptilário	ʀɛptilarju	ʀeptilarju	ʀ[ɛ]ptilarju	ʀ[e]ptilarju	0
reptilíneo	ʀɛptilinju	ʀeptiliniw	ʀ[ɛ]ptilinj[u]	ʀ[e]ptilini[w]	0
reptilizar	ʀɛptilizar	ʀeptilizar	ʀ[ɛ]ptilizar	ʀ[e]ptilizar	0
republicanismo	ʀɛpublikɐniʒmu	ʀepublikɐniʒmu	ʀ[ɛ]publikɐniʒmu	ʀ[e]publikɐniʒmu	0
republicanização	ʀɛpublikɐnizɐsɐ̃w̃	ʀepublikɐnizɐsɐ̃w̃	ʀ[ɛ]publikɐnizɐsɐ̃w̃	ʀ[e]publikɐnizɐsɐ̃w̃	0
republicanizar	ʀɛpublikɐnizar	ʀepublikɐnizar	ʀ[ɛ]publikɐnizar	ʀ[e]publikɐnizar	0
republicano	ʀɛpublikɐnu	ʀepublikɐ̃nu	ʀ[ɛ]publikɐ[]nu	ʀ[e]publikɐ[̃]nu	0
república	ʀɛpublikɐ	ʀepublikɐ	ʀ[ɛ]publikɐ	ʀ[e]publikɐ	0
republicida	ʀɛpublisidɐ	ʀepublisidɐ	ʀ[ɛ]publisidɐ	ʀ[e]publisidɐ	0
republicídio	ʀɛpublisidju	ʀepublisidju	ʀ[ɛ]publisidju	ʀ[e]publisidju	0
repúblico	ʀɛpubliku	ʀepubliku	ʀ[ɛ]publiku	ʀ[e]publiku	0
republiqueiro	ʀɛpublikɐjru	ʀepublikɐjru	ʀ[ɛ]publikɐjru	ʀ[e]publikɐjru	0
resendense	ʀɛzẽdẽsɨ	ʀezẽndẽnsɨ	ʀ[ɛ]zẽdẽsɨ[]	ʀ[e]zẽndẽns[ɨ]	0
reso	ʀɛzu	ʀezu	ʀ[ɛ]zu	ʀ[e]zu	0
respe	ʀɛʃpɨ	ʀeʃpɨ	ʀ[ɛ]ʃpɨ	ʀ[e]ʃpɨ	0
resseco	ʀɨseku	ʀɨsɛku	ʀɨs[e]ku	ʀɨs[ɛ]ku	0
ressesso	ʀɨsesu	ʀɨsɛsu	ʀɨs[e]su	ʀɨs[ɛ]su	0
ressurrecional	ʀɨsuʀɛsjunaɫ	ʀɨsuʀesjunaɫ	ʀɨsuʀ[ɛ]sjunaɫ	ʀɨsuʀ[e]sjunaɫ	0
resveratrol	ʀɛʒvɛratrɔɫ	ʀeʒvɨrɐtrɔɫ	ʀ[ɛ]ʒv[ɛ]r[a]trɔɫ	ʀ[e]ʒv[ɨ]r[ɐ]trɔɫ	0
retaguarda	ʀɛtɐɡwardɐ	ʀetɐɡwardɐ	ʀ[ɛ]tɐɡwardɐ	ʀ[e]tɐɡwardɐ	0
retangularidade	ʀɛtɐ̃ɡulɐridadɨ	ʀetɐ̃nɡulɐridadɨ	ʀ[ɛ]tɐ̃[]ɡulɐridadɨ	ʀ[e]tɐ̃[n]ɡulɐridadɨ	0
retangular	ʀɛtɐ̃ɡular	ʀetɐ̃nɡular	ʀ[ɛ]tɐ̃[]ɡular	ʀ[e]tɐ̃[n]ɡular	0
retângulo	ʀɛtɐ̃ɡulu	ʀetɐ̃nɡulu	ʀ[ɛ]tɐ̃[]ɡulu	ʀ[e]tɐ̃[n]ɡulu	0
retiano	ʀɛtjɐnu	ʀetiɐ̃nu	ʀ[ɛ]t[j]ɐ[]nu	ʀ[e]t[i]ɐ[̃]nu	0
reticórneo	ʀɛtikɔrnju	ʀetikɔrniw	ʀ[ɛ]tikɔrnj[u]	ʀ[e]tikɔrni[w]	0
retidão	ʀɛtidɐ̃w̃	ʀetidɐ̃w̃	ʀ[ɛ]tidɐ̃w̃	ʀ[e]tidɐ̃w̃	0
retificação	ʀɛtifikɐsɐ̃w̃	ʀetifikɐsɐ̃w̃	ʀ[ɛ]tifikɐsɐ̃w̃	ʀ[e]tifikɐsɐ̃w̃	0
retificador	ʀɛtifikɐdor	ʀetifikɐdor	ʀ[ɛ]tifikɐdor	ʀ[e]tifikɐdor	0
retificar	ʀɛtifikar	ʀetifikar	ʀ[ɛ]tifikar	ʀ[e]tifikar	0
retificativo	ʀɛtifikɐtivu	ʀetifikɐtivu	ʀ[ɛ]tifikɐtivu	ʀ[e]tifikɐtivu	0
retificável	ʀɛtifikavɛɫ	ʀetifikavɛɫ	ʀ[ɛ]tifikavɛɫ	ʀ[e]tifikavɛɫ	0
retígrado	ʀɛtiɡrɐdu	ʀetiɡrɐdu	ʀ[ɛ]tiɡrɐdu	ʀ[e]tiɡrɐdu	0
retilinearidade	ʀɛtilinjɐridadɨ	ʀetiliniɐridadɨ	ʀ[ɛ]tilin[j]ɐridadɨ	ʀ[e]tilin[i]ɐridadɨ	0
retilíneo	ʀɛtilinju	ʀetiliniw	ʀ[ɛ]tilinj[u]	ʀ[e]tilini[w]	0
retirrostro	ʀɛtiʀoʃtru	ʀetiʀɔʃtru	ʀ[ɛ]tiʀ[o]ʃtru	ʀ[e]tiʀ[ɔ]ʃtru	0
retite	ʀɛtitɨ	ʀetitɨ	ʀ[ɛ]titɨ	ʀ[e]titɨ	0
retitude	ʀɛtitudɨ	ʀetitudɨ	ʀ[ɛ]titudɨ	ʀ[e]titudɨ	0
retocele	ʀɛtɔsɛlɨ	ʀetusɛlɨ	ʀ[ɛ]t[ɔ]sɛlɨ	ʀ[e]t[u]sɛlɨ	0
retococcígeo	ʀɛtɔkɔksiʒju	ʀetukusiʒiw	ʀ[ɛ]t[ɔ]kɔ[k]siʒj[u]	ʀ[e]t[u]ku[]siʒi[w]	0
retocolite	ʀɛtɔkɔlitɨ	ʀetukulitɨ	ʀ[ɛ]t[ɔ]k[ɔ]litɨ	ʀ[e]t[u]k[u]litɨ	0
retoricão	ʀɛturikɐ̃w̃	ʀeturikɐ̃w̃	ʀ[ɛ]turikɐ̃w̃	ʀ[e]turikɐ̃w̃	0
retoricar	ʀɛturikar	ʀeturikar	ʀ[ɛ]turikar	ʀ[e]turikar	0
retórica	ʀɛtɔrikɐ	ʀetɔrikɐ	ʀ[ɛ]tɔrikɐ	ʀ[e]tɔrikɐ	0
retoricismo	ʀɛturisiʒmu	ʀeturisiʒmu	ʀ[ɛ]turisiʒmu	ʀ[e]turisiʒmu	0
retórico	ʀɛtɔriku	ʀetɔriku	ʀ[ɛ]tɔriku	ʀ[e]tɔriku	0
retorismo	ʀɛturiʒmu	ʀeturiʒmu	ʀ[ɛ]turiʒmu	ʀ[e]turiʒmu	0
retoscopia	ʀɛtɔʃkupiɐ	ʀetuʃkupiɐ	ʀ[ɛ]t[ɔ]ʃkupiɐ	ʀ[e]t[u]ʃkupiɐ	0
retoscópico	ʀɛtɔʃkɔpiku	ʀetuʃkɔpiku	ʀ[ɛ]t[ɔ]ʃkɔpiku	ʀ[e]t[u]ʃkɔpiku	0
retoscópio	ʀɛtɔʃkɔpju	ʀetuʃkɔpju	ʀ[ɛ]t[ɔ]ʃkɔpju	ʀ[e]t[u]ʃkɔpju	0
retotomia	ʀɛtɔtumiɐ	ʀetutumiɐ	ʀ[ɛ]t[ɔ]tumiɐ	ʀ[e]t[u]tumiɐ	0
retouretral	ʀɛtɔurɨtraɫ	ʀetowrɨtraɫ	ʀ[ɛ]tɔ[u]rɨtraɫ	ʀ[e]to[w]rɨtraɫ	0
retovaginal	ʀɛtɔvɐʒinaɫ	ʀetuvɐʒinaɫ	ʀ[ɛ]t[ɔ]vɐʒinaɫ	ʀ[e]t[u]vɐʒinaɫ	0
retricial	ʀɛtrisjaɫ	ʀetrisiaɫ	ʀ[ɛ]tris[j]aɫ	ʀ[e]tris[i]aɫ	0
retrofoguete	ʀɛtrɔfuɡetɨ	ʀɛtrɔfuɡɛtɨ	ʀɛtrɔfuɡ[e]tɨ	ʀɛtrɔfuɡ[ɛ]tɨ	0
retrógnato	ʀɛtrɔɡnɐtu	ʀetrɔɡnɐtu	ʀ[ɛ]trɔɡnɐtu	ʀ[e]trɔɡnɐtu	0
retrospetividade	ʀɛtrɔʃpɛtividadɨ	ʀɛtrɔʃpetividadɨ	ʀɛtrɔʃp[ɛ]tividadɨ	ʀɛtrɔʃp[e]tividadɨ	0
retrossexual	ʀɛtrɔsɛkswaɫ	ʀɛtrɔseksuaɫ	ʀɛtrɔs[ɛ]ks[w]aɫ	ʀɛtrɔs[e]ks[u]aɫ	0
retrotrair	ʀɛtrɔtrɐir	ʀetrutrɐir	ʀ[ɛ]tr[ɔ]trɐir	ʀ[e]tr[u]trɐir	0
returetral	ʀɛtuʀɛtraɫ	ʀeturɨtraɫ	ʀ[ɛ]tuʀ[ɛ]traɫ	ʀ[e]tur[ɨ]traɫ	0
ribete	ʀibetɨ	ʀibɛtɨ	ʀib[e]tɨ	ʀib[ɛ]tɨ	0
rigveda	ʀiɡvɛdɐ	ʀiɡvedɐ	ʀiɡv[ɛ]dɐ	ʀiɡv[e]dɐ	0
robalete	ʀubɐletɨ	ʀubɐlɛtɨ	ʀubɐl[e]tɨ	ʀubɐl[ɛ]tɨ	0
rodelo	ʀudelu	ʀudɛlu	ʀud[e]lu	ʀud[ɛ]lu	0
rodeta	ʀudetɐ	ʀudɛtɐ	ʀud[e]tɐ	ʀud[ɛ]tɐ	0
rodete	ʀudetɨ	ʀudɛtɨ	ʀud[e]tɨ	ʀud[ɛ]tɨ	0
rodopelo	ʀudupelu	ʀudupɛlu	ʀudup[e]lu	ʀudup[ɛ]lu	0
rofego	ʀufeɡu	ʀufɛɡu	ʀuf[e]ɡu	ʀuf[ɛ]ɡu	0
rosete	ʀuzetɨ	ʀuzɛtɨ	ʀuz[e]tɨ	ʀuz[ɛ]tɨ	0
saberete	sɐbɨretɨ	sɐbɨrɛtɨ	sɐbɨr[e]tɨ	sɐbɨr[ɛ]tɨ	0
salepo	sɐlepu	sɐlɛpu	sɐl[e]pu	sɐl[ɛ]pu	0
salero	sɐlɛru	sɐleru	sɐl[ɛ]ru	sɐl[e]ru	0
salmonete-preto	saɫmunetɨpretu	saɫmunɛtɨpretu	saɫmun[e]tɨpretu	saɫmun[ɛ]tɨpretu	0
salmonete	saɫmunetɨ	saɫmunɛtɨ	saɫmun[e]tɨ	saɫmun[ɛ]tɨ	0
salter	saɫtɛr	saɫter	saɫt[ɛ]r	saɫt[e]r	0
salve	saɫvɛ	saɫve	saɫv[ɛ]	saɫv[e]	0
salveta	saɫvetɐ	saɫvɛtɐ	saɫv[e]tɐ	saɫv[ɛ]tɐ	0
samelo	sɐmelu	sɐmɛlu	sɐm[e]lu	sɐm[ɛ]lu	0
sapateta	sɐpɐtetɐ	sɐpɐtɛtɐ	sɐpɐt[e]tɐ	sɐpɐt[ɛ]tɐ	0
scherzando	skɛrtsɐ̃do	skertsɐndo	sk[ɛ]rtsɐ[̃]do	sk[e]rtsɐ[n]do	0
scherzo	skɛrtso	skertso	sk[ɛ]rtso	sk[e]rtso	0
seciar	sɛsjar	sesiar	s[ɛ]s[j]ar	s[e]s[i]ar	0
secional	sɛsjunaɫ	sesjunaɫ	s[ɛ]sjunaɫ	s[e]sjunaɫ	0
secionamento	sɛsjunɐmẽtu	sesjunɐmẽntu	s[ɛ]sjunɐmẽtu[]	s[e]sjunɐmẽnt[u]	0
secionar	sɛsjunar	sesjunar	s[ɛ]sjunar	s[e]sjunar	0
secionável	sɛsjunavɛɫ	sesjunavɛɫ	s[ɛ]sjunavɛɫ	s[e]sjunavɛɫ	0
segeiro	sɛʒɐjru	seʒɐjru	s[ɛ]ʒɐjru	s[e]ʒɐjru	0
segmentação	sɛɡmẽtɐsɐ̃w̃	seɡmẽntɐsɐ̃w̃	s[ɛ]ɡmẽtɐ[s]ɐ̃[w]̃[]	s[e]ɡmẽn[t]ɐs[ɐ]̃w[̃]	0
segmentário	sɛɡmẽtɐrju	seɡmẽntarju	s[ɛ]ɡmẽtɐrju[]	s[e]ɡmẽntarj[u]	0
segmentável	sɛɡmẽtavɛɫ	seɡmẽntavɛɫ	s[ɛ]ɡmẽtavɛɫ[]	s[e]ɡmẽntavɛ[ɫ]	0
segmento	sɛɡmẽtu	seɡmẽntu	s[ɛ]ɡmẽtu[]	s[e]ɡmẽnt[u]	0
segnícia	sɛɡnisjɐ	seɡnisjɐ	s[ɛ]ɡnisjɐ	s[e]ɡnisjɐ	0
segnície	sɛɡnisji	seɡnisjɨ	s[ɛ]ɡnisj[i]	s[e]ɡnisj[ɨ]	0
selvagem	sɛɫvaʒɐ̃j̃	seɫvaʒɐjn	s[ɛ]ɫvaʒɐ[̃]j[̃]	s[e]ɫvaʒɐ[]j[n]	0
selvagíneo	sɛɫvɐʒinju	seɫvɐʒiniw	s[ɛ]ɫvɐʒinj[u]	s[e]ɫvɐʒini[w]	0
selvagino	sɛɫvɐʒinu	seɫvɐʒinu	s[ɛ]ɫvɐʒinu	s[e]ɫvɐʒinu	0
selvagismo	sɛɫvɐʒiʒmu	seɫvɐʒiʒmu	s[ɛ]ɫvɐʒiʒmu	s[e]ɫvɐʒiʒmu	0
selvajaria	sɛɫvɐʒɐriɐ	seɫvɐʒɐriɐ	s[ɛ]ɫvɐʒɐriɐ	s[e]ɫvɐʒɐriɐ	0
selva	sɛɫvɐ	seɫvɐ	s[ɛ]ɫvɐ	s[e]ɫvɐ	0
selvático	sɛɫvatiku	seɫvatiku	s[ɛ]ɫvatiku	s[e]ɫvatiku	0
selvícola	sɛɫvikulɐ	seɫvikulɐ	s[ɛ]ɫvikulɐ	s[e]ɫvikulɐ	0
selvoso	sɛɫvozu	seɫvozu	s[ɛ]ɫvozu	s[e]ɫvozu	0
semi-acerbo	sɨmiɐserbu	sɨmiɐsɛrbu	sɨmiɐs[e]rbu	sɨmiɐs[ɛ]rbu	0
semiacerbo	sɨmiɐserbu	sɨmiɐsɛrbu	sɨmiɐs[e]rbu	sɨmiɐs[ɛ]rbu	0
semi-hebdomadário	sɨmiɛbdumɐdarju	sɨmiebdumɐdarju	sɨmi[ɛ]bdumɐdarju	sɨmi[e]bdumɐdarju	0
semi-herbáceo	sɨmiɛrbasju	sɨmierbasiw	sɨmi[ɛ]rbasj[u]	sɨmi[e]rbasi[w]	0
semi-selvagem	sɨmisɛɫvaʒɐ̃j̃	sɨmiseɫvaʒɐjn	sɨmis[ɛ]ɫvaʒɐ[̃]j[̃]	sɨmis[e]ɫvaʒɐ[]j[n]	0
semnopitécidas	sɛmnɔpitɛsidɐʃ	semnupitɛsidɐʃ	s[ɛ]mn[ɔ]pitɛsidɐʃ	s[e]mn[u]pitɛsidɐʃ	0
semnopitecídeos	sɛmnɔpitɨsidjuʃ	semnupitɨsidiwʃ	s[ɛ]mn[ɔ]pitɨsidj[u]ʃ	s[e]mn[u]pitɨsidi[w]ʃ	0
sepse	sɛpsɨ	sepsɨ	s[ɛ]psɨ	s[e]psɨ	0
sepsia	sɛpsiɐ	sepsiɐ	s[ɛ]psiɐ	s[e]psiɐ	0
sepsina	sɛpsinɐ	sepsinɐ	s[ɛ]psinɐ	s[e]psinɐ	0
septado	sɛptadu	septadu	s[ɛ]ptadu	s[e]ptadu	0
septempedano	sɛptẽpɨdɐnu	septẽmpɨdɐ̃nu	s[ɛ]ptẽpɨdɐnu[]	s[e]ptẽmpɨdɐ̃n[u]	0
septêmplice	sɛptẽplisɨ	septẽmplisɨ	s[ɛ]ptẽplisɨ[]	s[e]ptẽmplis[ɨ]	0
septenado	sɛptɨnadu	septɨnadu	s[ɛ]ptɨnadu	s[e]ptɨnadu	0
septenal	sɛptɨnaɫ	septɨnaɫ	s[ɛ]ptɨnaɫ	s[e]ptɨnaɫ	0
septenário	sɛptɨnarju	septɨnarju	s[ɛ]ptɨnarju	s[e]ptɨnarju	0
septena	sɛptenɐ	septenɐ	s[ɛ]ptenɐ	s[e]ptenɐ	0
septenato	sɛptɨnatu	septɨnatu	s[ɛ]ptɨnatu	s[e]ptɨnatu	0
septênfluo	sɛptẽflwu	septẽnfluw	s[ɛ]ptẽflw[]u[]	s[e]ptẽnf[l]u[w]	0
septenial	sɛptɨnjaɫ	septɨniaɫ	s[ɛ]ptɨn[j]aɫ	s[e]ptɨn[i]aɫ	0
septênio	sɛptenju	septenju	s[ɛ]ptenju	s[e]ptenju	0
septénio	sɛptɛnju	septɛnju	s[ɛ]ptɛnju	s[e]ptɛnju	0
septenvirado	sɛptẽviradu	septẽnviradu	s[ɛ]ptẽviradu[]	s[e]ptẽnvirad[u]	0
septenviral	sɛptẽviraɫ	septẽnviraɫ	s[ɛ]ptẽviraɫ[]	s[e]ptẽnvira[ɫ]	0
septenvirato	sɛptẽviratu	septẽnviratu	s[ɛ]ptẽviratu[]	s[e]ptẽnvirat[u]	0
septênviro	sɛptẽviru	septẽnviru	s[ɛ]ptẽviru[]	s[e]ptẽnvir[u]	0
septeto	sɛptetu	septɛtu	s[ɛ]pt[e]tu	s[e]pt[ɛ]tu	0
septicemia	sɛptisɨmiɐ	septisɨmiɐ	s[ɛ]ptisɨmiɐ	s[e]ptisɨmiɐ	0
septicêmico	sɛptisemiku	septisemiku	s[ɛ]ptisemiku	s[e]ptisemiku	0
septicémico	sɛptisɛmiku	septisɛmiku	s[ɛ]ptisɛmiku	s[e]ptisɛmiku	0
septicidade	sɛptisidadɨ	septisidadɨ	s[ɛ]ptisidadɨ	s[e]ptisidadɨ	0
septicida	sɛptisidɐ	septisidɐ	s[ɛ]ptisidɐ	s[e]ptisidɐ	0
septicole	sɛptikɔlɨ	septikɔlɨ	s[ɛ]ptikɔlɨ	s[e]ptikɔlɨ	0
septicolor	sɛptikulor	septikulor	s[ɛ]ptikulor	s[e]ptikulor	0
septicorde	sɛptikɔrdɨ	septikɔrdɨ	s[ɛ]ptikɔrdɨ	s[e]ptikɔrdɨ	0
septífero	sɛptifɨru	septifɨru	s[ɛ]ptifɨru	s[e]ptifɨru	0
septifólio	sɛptifɔlju	septifɔlju	s[ɛ]ptifɔlju	s[e]ptifɔlju	0
septífrago	sɛptifrɐɡu	septifrɐɡu	s[ɛ]ptifrɐɡu	s[e]ptifrɐɡu	0
septilião	sɛptiljɐ̃w̃	septiliɐ̃w̃	s[ɛ]ptil[j]ɐ̃w̃	s[e]ptil[i]ɐ̃w̃	0
septimano	sɛptimɐnu	septimɐ̃nu	s[ɛ]ptimɐ[]nu	s[e]ptimɐ[̃]nu	0
septímano	sɛptimɐnu	septimɐnu	s[ɛ]ptimɐnu	s[e]ptimɐnu	0
septimestre	sɛptimɛʃtrɨ	septimɛʃtrɨ	s[ɛ]ptimɛʃtrɨ	s[e]ptimɛʃtrɨ	0
septissilábico	sɛptisilabiku	septisilabiku	s[ɛ]ptisilabiku	s[e]ptisilabiku	0
septissílabo	sɛptisilɐbu	septisilɐbu	s[ɛ]ptisilɐbu	s[e]ptisilɐbu	0
septíssono	sɛptisunu	septisunu	s[ɛ]ptisunu	s[e]ptisunu	0
septívoco	sɛptivuku	septivuku	s[ɛ]ptivuku	s[e]ptivuku	0
septoso	sɛptozu	septozu	s[ɛ]ptozu	s[e]ptozu	0
septuagenário	sɛptwɐʒɨnarju	septuɐʒɨnarju	s[ɛ]pt[w]ɐʒɨnarju	s[e]pt[u]ɐʒɨnarju	0
septuagésima	sɛptwɐʒɛzimɐ	septuɐʒɛzimɐ	s[ɛ]pt[w]ɐʒɛzimɐ	s[e]pt[u]ɐʒɛzimɐ	0
septupleta	sɛptuplɛtɐ	septuplɛtɐ	s[ɛ]ptuplɛtɐ	s[e]ptuplɛtɐ	0
septuplicar	sɛptuplikar	septuplikar	s[ɛ]ptuplikar	s[e]ptuplikar	0
septusse	sɛptusɨ	septusɨ	s[ɛ]ptusɨ	s[e]ptusɨ	0
seres	sɛrɨʃ	serɨʃ	s[ɛ]rɨʃ	s[e]rɨʃ	0
sere	sɛrɨ	serɨ	s[ɛ]rɨ	s[e]rɨ	0
seroconversão	sɛrɔkõvɨrsɐ̃w̃	serukõnvɨrsɐ̃w̃	s[ɛ]r[ɔ]kõvɨrsɐ̃[w]̃[]	s[e]r[u]kõnvɨrs[ɐ]̃w[̃]	0
serodiagnóstico	sɛrɔdjɐɡnɔʃtiku	serudiɐɡnɔʃtiku	s[ɛ]r[ɔ]d[j]ɐɡnɔʃtiku	s[e]r[u]d[i]ɐɡnɔʃtiku	0
seronegatividade	sɛrɔnɨɡɐtividadɨ	seruneɡɐtividadɨ	s[ɛ]r[ɔ]n[ɨ]ɡɐtividadɨ	s[e]r[u]n[e]ɡɐtividadɨ	0
seronegativo	sɛrɔnɨɡɐtivu	seruneɡɐtivu	s[ɛ]r[ɔ]n[ɨ]ɡɐtivu	s[e]r[u]n[e]ɡɐtivu	0
seropositivo	sɛrɔpuzitivu	serupuzitivu	s[ɛ]r[ɔ]puzitivu	s[e]r[u]puzitivu	0
serossanguíneo	sɛrɔsɐ̃ɡwinju	serusɐ̃nɡwiniw	s[ɛ]r[ɔ]sɐ̃[]ɡwinj[u]	s[e]r[u]sɐ̃[n]ɡwini[w]	0
serossangüíneo	sɛrɔsɐ̃ɡwinju	serusɐ̃nɡuiniw	s[ɛ]r[ɔ]sɐ̃[]ɡ[w]inj[u]	s[e]r[u]sɐ̃[n]ɡ[u]ini[w]	0
seroterapia	sɛrɔtɨrɐpiɐ	seruterɐpiɐ	s[ɛ]r[ɔ]t[ɨ]rɐpiɐ	s[e]r[u]t[e]rɐpiɐ	0
seroterápico	sɛrɔtɨrapiku	serutɨrapiku	s[ɛ]r[ɔ]tɨrapiku	s[e]r[u]tɨrapiku	0
serotipo	sɛrɔtipu	serutipu	s[ɛ]r[ɔ]tipu	s[e]r[u]tipu	0
serpe	sɛrpɨ	serpɨ	s[ɛ]rpɨ	s[e]rpɨ	0
serro	seʀu	sɛʀu	s[e]ʀu	s[ɛ]ʀu	0
servocomando	sɛrvɔkumɐ̃du	servukumɐ̃ndu	s[ɛ]rv[ɔ]kumɐ̃[]du	s[e]rv[u]kumɐ̃[n]du	0
servofreio	sɛrvɔfrɐju	servufreju	s[ɛ]rv[ɔ]fr[ɐ]ju	s[e]rv[u]fr[e]ju	0
servomecanismo	sɛrvɔmɨkɐniʒmu	servumekɐniʒmu	s[ɛ]rv[ɔ]m[ɨ]kɐniʒmu	s[e]rv[u]m[e]kɐniʒmu	0
servomotor	sɛrvɔmutor	servumutor	s[ɛ]rv[ɔ]mutor	s[e]rv[u]mutor	0
sesquiáltera	sɛʃkiaɫtɨrɐ	seʃkiaɫtɨrɐ	s[ɛ]ʃkiaɫtɨrɐ	s[e]ʃkiaɫtɨrɐ	0
sesquiáltero	sɛʃkiaɫtɨru	seʃkiaɫtɨru	s[ɛ]ʃkiaɫtɨru	s[e]ʃkiaɫtɨru	0
sesquicentenário	sɛʃkisẽtɨnarju	seʃkisẽntɨnarju	s[ɛ]ʃkisẽt[ɨ]narju[]	s[e]ʃkisẽ[]ntɨnarj[u]	0
sesquióxido	sɛʃkiɔksidu	seʃkiɔksidu	s[ɛ]ʃkiɔksidu	s[e]ʃkiɔksidu	0
sesquipedal	sɛʃkipɨdaɫ	seʃkipɨdaɫ	s[ɛ]ʃkipɨdaɫ	s[e]ʃkipɨdaɫ	0
sesquitércio	sɛʃkitɛrsju	seʃkitɛrsju	s[ɛ]ʃkitɛrsju	s[e]ʃkitɛrsju	0
sesquiterpeno	sɛʃkitɨrpenu	seʃkitɨrpenu	s[ɛ]ʃkitɨrpenu	s[e]ʃkitɨrpenu	0
sessilifloro	sɛsiliflɔru	sesiliflɔru	s[ɛ]siliflɔru	s[e]siliflɔru	0
sessilifoliado	sɛsilifuljadu	sesilifuliadu	s[ɛ]siliful[j]adu	s[e]siliful[i]adu	0
sessilifólio	sɛsilifɔlju	sesilifɔlju	s[ɛ]silifɔlju	s[e]silifɔlju	0
sesso	sesu	sɛsu	s[e]su	s[ɛ]su	0
setada	sɛtadɐ	setadɐ	s[ɛ]tadɐ	s[e]tadɐ	0
seteal	sɛtjaɫ	setiaɫ	s[ɛ]t[j]aɫ	s[e]t[i]aɫ	0
setecentismo	sɛtɨsẽtiʒmu	setɨsẽntiʒmu	s[ɛ]tɨsẽtiʒmu[]	s[e]tɨsẽntiʒm[u]	0
setecentista	sɛtɨsẽtiʃtɐ	setɨsẽntiʃtɐ	s[ɛ]tɨsẽti[ʃ]tɐ[]	s[e]tɨsẽn[]tiʃt[ɐ]	0
sete-estrelo	sɛtɨʃtrelu	sɛtɨʃtrɛlu	sɛtɨʃtr[e]lu	sɛtɨʃtr[ɛ]lu	0
setempedano	sɛtẽpɨdɐnu	setẽmpɨdɐ̃nu	s[ɛ]tẽpɨdɐnu[]	s[e]tẽmpɨdɐ̃n[u]	0
setêmplice	sɛtẽplisɨ	setẽmplisɨ	s[ɛ]tẽplisɨ[]	s[e]tẽmplis[ɨ]	0
setenal	sɛtɨnaɫ	setɨnaɫ	s[ɛ]tɨnaɫ	s[e]tɨnaɫ	0
setenário	sɛtɨnarju	setɨnarju	s[ɛ]tɨnarju	s[e]tɨnarju	0
setena	sɛtenɐ	setenɐ	s[ɛ]tenɐ	s[e]tenɐ	0
setenato	sɛtɨnatu	setɨnatu	s[ɛ]tɨnatu	s[e]tɨnatu	0
setênfluo	sɛtẽflwu	setẽnfluw	s[ɛ]tẽflw[]u[]	s[e]tẽnf[l]u[w]	0
setenial	sɛtɨnjaɫ	setɨniaɫ	s[ɛ]tɨn[j]aɫ	s[e]tɨn[i]aɫ	0
setenvirado	sɛtẽviradu	setẽnviradu	s[ɛ]tẽviradu[]	s[e]tẽnvirad[u]	0
setenviral	sɛtẽviraɫ	setẽnviraɫ	s[ɛ]tẽviraɫ[]	s[e]tẽnvira[ɫ]	0
setenvirato	sɛtẽviratu	setẽnviratu	s[ɛ]tẽviratu[]	s[e]tẽnvirat[u]	0
setênviro	sɛtẽviru	setẽnviru	s[ɛ]tẽviru[]	s[e]tẽnvir[u]	0
seticole	sɛtikɔlɨ	setikɔlɨ	s[ɛ]tikɔlɨ	s[e]tikɔlɨ	0
seticolor	sɛtikulor	setikulor	s[ɛ]tikulor	s[e]tikulor	0
seticorde	sɛtikɔrdɨ	setikɔrdɨ	s[ɛ]tikɔrdɨ	s[e]tikɔrdɨ	0
seticórneo	sɛtikɔrnju	setikɔrniw	s[ɛ]tikɔrnj[u]	s[e]tikɔrni[w]	0
setilhão	sɛtiʎɐ̃w̃	setiʎɐ̃w̃	s[ɛ]tiʎɐ̃w̃	s[e]tiʎɐ̃w̃	0
setilha	sɛtiʎɐ	setiʎɐ	s[ɛ]tiʎɐ	s[e]tiʎɐ	0
setilião	sɛtiljɐ̃w̃	setiliɐ̃w̃	s[ɛ]til[j]ɐ̃w̃	s[e]til[i]ɐ̃w̃	0
setimanista	sɛtimɐniʃtɐ	setimɐniʃtɐ	s[ɛ]timɐniʃtɐ	s[e]timɐniʃtɐ	0
setímano	sɛtimɐnu	setimɐnu	s[ɛ]timɐnu	s[e]timɐnu	0
setimestre	sɛtimɛʃtrɨ	setimɛʃtrɨ	s[ɛ]timɛʃtrɨ	s[e]timɛʃtrɨ	0
setissilábico	sɛtisilabiku	setisilabiku	s[ɛ]tisilabiku	s[e]tisilabiku	0
setissílabo	sɛtisilɐbu	setisilɐbu	s[ɛ]tisilɐbu	s[e]tisilɐbu	0
setíssono	sɛtisunu	setisunu	s[ɛ]tisunu	s[e]tisunu	0
setívoco	sɛtivuku	setivuku	s[ɛ]tivuku	s[e]tivuku	0
setorial	sɛturjaɫ	seturiaɫ	s[ɛ]tur[j]aɫ	s[e]tur[i]aɫ	0
setorização	sɛturizɐsɐ̃w̃	seturizɐsɐ̃w̃	s[ɛ]turizɐsɐ̃w̃	s[e]turizɐsɐ̃w̃	0
setorizar	sɛturizar	seturizar	s[ɛ]turizar	s[e]turizar	0
setuagenário	sɛtwɐʒɨnarju	setuɐʒɨnarju	s[ɛ]t[w]ɐʒɨnarju	s[e]t[u]ɐʒɨnarju	0
setuagésima	sɛtwɐʒɛzimɐ	setuɐʒɛzimɐ	s[ɛ]t[w]ɐʒɛzimɐ	s[e]t[u]ɐʒɛzimɐ	0
setupleta	sɛtuplɛtɐ	setuplɛtɐ	s[ɛ]tuplɛtɐ	s[e]tuplɛtɐ	0
setuplicar	sɛtuplikar	setuplikar	s[ɛ]tuplikar	s[e]tuplikar	0
sevres	sɛvrɨʃ	sevrɨʃ	s[ɛ]vrɨʃ	s[e]vrɨʃ	0
sexagenário	sɛksɐʒɨnarju	seksɐʒɨnarju	s[ɛ]ksɐʒɨnarju	s[e]ksɐʒɨnarju	0
sexagesimal	sɛksɐʒɛzimaɫ	seksɐʒezimaɫ	s[ɛ]ksɐʒ[ɛ]zimaɫ	s[e]ksɐʒ[e]zimaɫ	0
sexagésima	sɛksɐʒɛzimɐ	seksɐʒɛzimɐ	s[ɛ]ksɐʒɛzimɐ	s[e]ksɐʒɛzimɐ	0
sexangulado	sɛksɐ̃ɡuladu	seksɐ̃nɡuladu	s[ɛ]ksɐ̃[]ɡuladu	s[e]ksɐ̃[n]ɡuladu	0
sexangular	sɛksɐ̃ɡular	seksɐ̃nɡular	s[ɛ]ksɐ̃[]ɡular	s[e]ksɐ̃[n]ɡular	0
sexângulo	sɛksɐ̃ɡulu	seksɐ̃nɡulu	s[ɛ]ksɐ̃[]ɡulu	s[e]ksɐ̃[n]ɡulu	0
sexenal	sɛksnaɫ	seksɨnaɫ	s[ɛ]ks[]naɫ	s[e]ks[ɨ]naɫ	0
sexênio	sɛksenju	seksenju	s[ɛ]ksenju	s[e]ksenju	0
sexénio	sɛksɛnju	seksɛnju	s[ɛ]ksɛnju	s[e]ksɛnju	0
sexiparidade	sɛksipɐridadɨ	seksipɐridadɨ	s[ɛ]ksipɐridadɨ	s[e]ksipɐridadɨ	0
sexismo	sɛksiʒmu	seksiʒmu	s[ɛ]ksiʒmu	s[e]ksiʒmu	0
sexista	sɛksiʃtɐ	seksiʃtɐ	s[ɛ]ksiʃtɐ	s[e]ksiʃtɐ	0
sexologia	sɛksuluʒiɐ	seksuluʒiɐ	s[ɛ]ksuluʒiɐ	s[e]ksuluʒiɐ	0
sexológico	sɛksulɔʒiku	seksulɔʒiku	s[ɛ]ksulɔʒiku	s[e]ksulɔʒiku	0
sexologista	sɛksuluʒiʃtɐ	seksuluʒiʃtɐ	s[ɛ]ksuluʒiʃtɐ	s[e]ksuluʒiʃtɐ	0
sexólogo	sɛksɔluɡu	seksɔluɡu	s[ɛ]ksɔluɡu	s[e]ksɔluɡu	0
sexuado	sɛkswadu	seksuadu	s[ɛ]ks[w]adu	s[e]ks[u]adu	0
sexualidade	sɛkswɐlidadɨ	seksuɐlidadɨ	s[ɛ]ks[w]ɐlidadɨ	s[e]ks[u]ɐlidadɨ	0
sexualismo	sɛkswɐliʒmu	seksuɐliʒmu	s[ɛ]ks[w]ɐliʒmu	s[e]ks[u]ɐliʒmu	0
sexualista	sɛkswɐliʃtɐ	seksuɐliʃtɐ	s[ɛ]ks[w]ɐliʃtɐ	s[e]ks[u]ɐliʃtɐ	0
sexualizar	sɛkswɐlizar	seksuɐlizar	s[ɛ]ks[w]ɐlizar	s[e]ks[u]ɐlizar	0
sexualmente	sɛkswaɫmẽtɨ	seksuaɫmẽntɨ	s[ɛ]ks[w]aɫmẽtɨ[]	s[e]ks[u]aɫmẽnt[ɨ]	0
sexual	sɛkswaɫ	seksuaɫ	s[ɛ]ks[w]aɫ	s[e]ks[u]aɫ	0
silepse	silɛpsɨ	silepsɨ	sil[ɛ]psɨ	sil[e]psɨ	0
silerca	silɛrkɐ	silerkɐ	sil[ɛ]rkɐ	sil[e]rkɐ	0
sinadelfo	sinɐdɛɫfu	sinɐdeɫfu	sinɐd[ɛ]ɫfu	sinɐd[e]ɫfu	0
sinestesialgia	sinɨʃtɛziaɫʒiɐ	sinɨʃteziaɫʒiɐ	sinɨʃt[ɛ]ziaɫʒiɐ	sinɨʃt[e]ziaɫʒiɐ	0
sirene	sirɛnɨ	sirenɨ	sir[ɛ]nɨ	sir[e]nɨ	0
soberbete	subɨrbetɨ	subɨrbɛtɨ	subɨrb[e]tɨ	subɨrb[ɛ]tɨ	0
solarego	sulɐreɡu	sulɐrɛɡu	sulɐr[e]ɡu	sulɐr[ɛ]ɡu	0
solene	sulɛnɨ	sulenɨ	sul[ɛ]nɨ	sul[e]nɨ	0
soleta	suletɐ	sulɛtɐ	sul[e]tɐ	sul[ɛ]tɐ	0
sopeso	supezu	supɛzu	sup[e]zu	sup[ɛ]zu	0
sorrelfa	suʀɛɫfɐ	suʀeɫfɐ	suʀ[ɛ]ɫfɐ	suʀ[e]ɫfɐ	0
sorrelfo	suʀɛɫfu	suʀeɫfu	suʀ[ɛ]ɫfu	suʀ[e]ɫfu	0
sossego	suseɡu	susɛɡu	sus[e]ɡu	sus[ɛ]ɡu	0
sovaquete	suvɐketɨ	suvɐkɛtɨ	suvɐk[e]tɨ	suvɐk[ɛ]tɨ	0
stressado	strɛsadu	stresadu	str[ɛ]sadu	str[e]sadu	0
stressante	strɛsɐ̃tɨ	stresɐ̃ntɨ	str[ɛ]sɐ̃[]tɨ	str[e]sɐ̃[n]tɨ	0
stripper	stripɛr	striper	strip[ɛ]r	strip[e]r	0
subdiretoria	subdirɛturiɐ	subdireturiɐ	subdir[ɛ]turiɐ	subdir[e]turiɐ	0
sub-hepático	subɛpatiku	subepatiku	sub[ɛ]patiku	sub[e]patiku	0
sub-reptício	subʀɛptisju	subʀeptisju	subʀ[ɛ]ptisju	subʀ[e]ptisju	0
sumilher	sumiʎɛr	sumiʎer	sumiʎ[ɛ]r	sumiʎ[e]r	0
superavit	supɛravit	superavit	sup[ɛ]ravit	sup[e]ravit	0
superfetação	supɛrfɛtɐsɐ̃w̃	supɛrfetɐsɐ̃w̃	supɛrf[ɛ]tɐsɐ̃w̃	supɛrf[e]tɐsɐ̃w̃	0
supermodelo	supɛrmudelu	supɛrmudɛlu	supɛrmud[e]lu	supɛrmud[ɛ]lu	0
supra-hepático	suprɐɛpatiku	suprɐepatiku	suprɐ[ɛ]patiku	suprɐ[e]patiku	0
tacelo	tɐselu	tɐsɛlu	tɐs[e]lu	tɐs[ɛ]lu	0
tafilete	tɐfiletɨ	tɐfilɛtɨ	tɐfil[e]tɨ	tɐfil[ɛ]tɨ	0
tanaceto	tɐnɐsetu	tɐnɐsɛtu	tɐnɐs[e]tu	tɐnɐs[ɛ]tu	0
tapirete	tɐpiretɨ	tɐpirɛtɨ	tɐpir[e]tɨ	tɐpir[ɛ]tɨ	0
taramelo	tɐrɐmelu	tɐrɐmɛlu	tɐrɐm[e]lu	tɐrɐm[ɛ]lu	0
tardego	tɐrdeɡu	tɐrdɛɡu	tɐrd[e]ɡu	tɐrd[ɛ]ɡu	0
tarelo	tɐrelu	tɐrɛlu	tɐr[e]lu	tɐr[ɛ]lu	0
tarrelo	tɐʀelu	tɐʀɛlu	tɐʀ[e]lu	tɐʀ[ɛ]lu	0
tartamelo	tɐrtɐmelu	tɐrtɐmɛlu	tɐrtɐm[e]lu	tɐrtɐm[ɛ]lu	0
tasselo	tɐselu	tɐsɛlu	tɐs[e]lu	tɐs[ɛ]lu	0
tateto	tɐtetu	tɐtɛtu	tɐt[e]tu	tɐt[ɛ]tu	0
tchetcheno	tʃɛtʃenu	tʃetʃenu	tʃ[ɛ]tʃenu	tʃ[e]tʃenu	0
tecamebas	tɛkɐmɛbɐʃ	tekɐmebɐʃ	t[ɛ]kɐm[ɛ]bɐʃ	t[e]kɐm[e]bɐʃ	0
tecodonte	tɛkɔdõtɨ	tekudõntɨ	t[ɛ]k[ɔ]dõtɨ[]	t[e]k[u]dõnt[ɨ]	0
tecóforo	tɛkɔfuru	tekɔfuru	t[ɛ]kɔfuru	t[e]kɔfuru	0
teflon	tɛflõ	teflom	t[ɛ]flõ[]	t[e]flo[m]	0
telamão	tɛlɐmɐ̃w̃	telɐmɐ̃w̃	t[ɛ]lɐmɐ̃w̃	t[e]lɐmɐ̃w̃	0
telecarregamento	tɛlɛkɐʀɨɡɐmẽtu	telɨkɐʀɨɡɐmẽntu	t[ɛ]l[ɛ]kɐʀɨɡɐmẽtu[]	t[e]l[ɨ]kɐʀɨɡɐmẽnt[u]	0
telecarregar	tɛlɛkɐʀɨɡar	telɨkɐʀɨɡar	t[ɛ]l[ɛ]kɐʀɨɡar	t[e]l[ɨ]kɐʀɨɡar	0
telecinesia	tɛlɛsinɨziɐ	telɨsinɨziɐ	t[ɛ]l[ɛ]sinɨziɐ	t[e]l[ɨ]sinɨziɐ	0
telecinético	tɛlɛsinɛtiku	telɨsinɛtiku	t[ɛ]l[ɛ]sinɛtiku	t[e]l[ɨ]sinɛtiku	0
telecomandar	tɛlɛkumɐ̃dar	telɨkumɐ̃ndar	t[ɛ]l[ɛ]kumɐ̃[]dar	t[e]l[ɨ]kumɐ̃[n]dar	0
telecomando	tɛlɛkumɐ̃du	telɨkumɐ̃ndu	t[ɛ]l[ɛ]kumɐ̃[]du	t[e]l[ɨ]kumɐ̃[n]du	0
telecomércio	tɛlɛkumɛrsju	telɨkumɛrsju	t[ɛ]l[ɛ]kumɛrsju	t[e]l[ɨ]kumɛrsju	0
telecompra	tɛlɛkõprɐ	telɨkõmprɐ	t[ɛ]l[ɛ]kõprɐ[]	t[e]l[ɨ]kõmpr[ɐ]	0
telecomunicações	tɛlɛkumunikɐsõjʃ	telɨkumunikɐsõjʃ	t[ɛ]l[ɛ]kumunikɐsõ[]jʃ	t[e]l[ɨ]kumunikɐso[̃]jʃ	0
teleconduzido	tɛlɛkõduzidu	telɨkõnduzidu	t[ɛ]l[ɛ]kõduzidu[]	t[e]l[ɨ]kõnduzid[u]	0
teleconduzir	tɛlɛkõduzir	telɨkõnduzir	t[ɛ]l[ɛ]kõduzir[]	t[e]l[ɨ]kõnduzi[r]	0
teleconferência	tɛlɛkõfɨrẽsjɐ	telɨkõnfɨrẽnsjɐ	t[ɛ]l[ɛ]kõfɨrẽsjɐ[]	t[e]l[ɨ]kõnfɨrẽnsj[ɐ]	0
telecopiador	tɛlɛkupjɐdor	telɨkupiɐdor	t[ɛ]l[ɛ]kup[j]ɐdor	t[e]l[ɨ]kup[i]ɐdor	0
telecópia	tɛlɛkɔpjɐ	telɨkɔpjɐ	t[ɛ]l[ɛ]kɔpjɐ	t[e]l[ɨ]kɔpjɐ	0
teledeteção	tɛlɛdɨtɛsɐ̃w̃	telɨdɨtɨsɐ̃w̃	t[ɛ]l[ɛ]dɨt[ɛ]sɐ̃w̃	t[e]l[ɨ]dɨt[ɨ]sɐ̃w̃	0
teledetecção	tɛlɛdɨtɛksɐ̃w̃	telɨdɨtɛsɐ̃w̃	t[ɛ]l[ɛ]dɨtɛ[k]sɐ̃w̃	t[e]l[ɨ]dɨtɛ[]sɐ̃w̃	0
teledetectar	tɛlɛdɨtɛtar	telɨdɨtɛtar	t[ɛ]l[ɛ]dɨtɛtar	t[e]l[ɨ]dɨtɛtar	0
teledetetar	tɛlɛdɨtɛtar	telɨdɨtɨtar	t[ɛ]l[ɛ]dɨt[ɛ]tar	t[e]l[ɨ]dɨt[ɨ]tar	0
teledifundir	tɛlɛdifũdir	telɨdifũndir	t[ɛ]l[ɛ]difũdir[]	t[e]l[ɨ]difũndi[r]	0
teledifusão	tɛlɛdifuzɐ̃w̃	telɨdifuzɐ̃w̃	t[ɛ]l[ɛ]difuzɐ̃w̃	t[e]l[ɨ]difuzɐ̃w̃	0
teledinâmica	tɛlɛdinɐmikɐ	telɨdinɐ̃mikɐ	t[ɛ]l[ɛ]dinɐ[]mikɐ	t[e]l[ɨ]dinɐ[̃]mikɐ	0
teledinâmico	tɛlɛdinɐmiku	telɨdinɐ̃miku	t[ɛ]l[ɛ]dinɐ[]miku	t[e]l[ɨ]dinɐ[̃]miku	0
teledirigir	tɛlɛdiriʒir	telɨdiriʒir	t[ɛ]l[ɛ]diriʒir	t[e]l[ɨ]diriʒir	0
teledisco	tɛlɛdiʃku	telɨdiʃku	t[ɛ]l[ɛ]diʃku	t[e]l[ɨ]diʃku	0
telefaxe	tɛlɛfaksɨ	telɨfaksɨ	t[ɛ]l[ɛ]faksɨ	t[e]l[ɨ]faksɨ	0
telefax	tɛlɛfaks	telɨfaks	t[ɛ]l[ɛ]faks	t[e]l[ɨ]faks	0
telefilme	tɛlɛfiɫmɨ	telɨfiɫmɨ	t[ɛ]l[ɛ]fiɫmɨ	t[e]l[ɨ]fiɫmɨ	0
telefotografia	tɛlɛfutuɡrɐfiɐ	telɨfutuɡrɐfiɐ	t[ɛ]l[ɛ]futuɡrɐfiɐ	t[e]l[ɨ]futuɡrɐfiɐ	0
telefotográfico	tɛlɛfutuɡrafiku	telɨfutuɡrafiku	t[ɛ]l[ɛ]futuɡrafiku	t[e]l[ɨ]futuɡrafiku	0
telefotógrafo	tɛlɛfutɔɡrɐfu	telɨfutɔɡrɐfu	t[ɛ]l[ɛ]futɔɡrɐfu	t[e]l[ɨ]futɔɡrɐfu	0
telefotometria	tɛlɛfɔtɔmɨtriɐ	telɨfutumɨtriɐ	t[ɛ]l[ɛ]f[ɔ]t[ɔ]mɨtriɐ	t[e]l[ɨ]f[u]t[u]mɨtriɐ	0
telefoto	tɛlɛfɔtu	telɨfɔtu	t[ɛ]l[ɛ]fɔtu	t[e]l[ɨ]fɔtu	0
telegenia	tɛlɛʒɨniɐ	telɨʒɨniɐ	t[ɛ]l[ɛ]ʒɨniɐ	t[e]l[ɨ]ʒɨniɐ	0
telegênico	tɛlɛʒeniku	telɨʒeniku	t[ɛ]l[ɛ]ʒeniku	t[e]l[ɨ]ʒeniku	0
telegénico	tɛlɛʒɛniku	telɨʒɛniku	t[ɛ]l[ɛ]ʒɛniku	t[e]l[ɨ]ʒɛniku	0
telegestão	tɛlɛʒɨʃtɐ̃w̃	telɨʒɨʃtɐ̃w̃	t[ɛ]l[ɛ]ʒɨʃtɐ̃w̃	t[e]l[ɨ]ʒɨʃtɐ̃w̃	0
telegonia	tɛlɛɡuniɐ	telɨɡuniɐ	t[ɛ]l[ɛ]ɡuniɐ	t[e]l[ɨ]ɡuniɐ	0
teleguiado	tɛlɛɡjadu	telɨɡiadu	t[ɛ]l[ɛ]ɡ[j]adu	t[e]l[ɨ]ɡ[i]adu	0
teleguiar	tɛlɛɡjar	telɨɡiar	t[ɛ]l[ɛ]ɡ[j]ar	t[e]l[ɨ]ɡ[i]ar	0
teleiconográfico	tɛlɛikunuɡrafiku	telɐjkunuɡrafiku	t[ɛ]lɛ[i]kunuɡrafiku	t[e]lɐ[j]kunuɡrafiku	0
teleiconógrafo	tɛlɛikunɔɡrɐfu	telɐjkunɔɡrɐfu	t[ɛ]lɛ[i]kunɔɡrɐfu	t[e]lɐ[j]kunɔɡrɐfu	0
teleimpressor	tɛlɛĩprɨsor	telɨĩmprɨsor	t[ɛ]lɛĩprɨsor[]	t[e]lɨĩmprɨso[r]	0
teleinformática	tɛlɛĩfurmatikɐ	telɨĩnfurmatikɐ	t[ɛ]lɛĩfurmatikɐ[]	t[e]lɨĩnfurmatik[ɐ]	0
telejornalismo	tɛlɛjurnɐliʒmu	telɨʒurnɐliʒmu	t[ɛ]lɛ[j]urnɐliʒmu	t[e]lɨ[ʒ]urnɐliʒmu	0
telejornal	tɛlɛjurnaɫ	telɨʒurnaɫ	t[ɛ]lɛ[j]urnaɫ	t[e]lɨ[ʒ]urnaɫ	0
telemática	tɛlɛmatikɐ	telɨmatikɐ	t[ɛ]l[ɛ]matikɐ	t[e]l[ɨ]matikɐ	0
telemático	tɛlɛmatiku	telɨmatiku	t[ɛ]l[ɛ]matiku	t[e]l[ɨ]matiku	0
telemecânica	tɛlɛmɨkɐnikɐ	telɨmɨkɐ̃nikɐ	t[ɛ]l[ɛ]mɨkɐ[]nikɐ	t[e]l[ɨ]mɨkɐ[̃]nikɐ	0
telemedicina	tɛlɛmɨdisinɐ	telɨmedisinɐ	t[ɛ]l[ɛ]m[ɨ]disinɐ	t[e]l[ɨ]m[e]disinɐ	0
telemetria	tɛlɛmɨtriɐ	telɨmɨtriɐ	t[ɛ]l[ɛ]mɨtriɐ	t[e]l[ɨ]mɨtriɐ	0
telemétrico	tɛlɛmɛtriku	telɨmɛtriku	t[ɛ]l[ɛ]mɛtriku	t[e]l[ɨ]mɛtriku	0
telemetrista	tɛlɛmɨtriʃtɐ	telɨmɨtriʃtɐ	t[ɛ]l[ɛ]mɨtriʃtɐ	t[e]l[ɨ]mɨtriʃtɐ	0
telêmetro	tɛlemɨtru	telemɨtru	t[ɛ]lemɨtru	t[e]lemɨtru	0
telémetro	tɛlɛmɨtru	telɛmɨtru	t[ɛ]lɛmɨtru	t[e]lɛmɨtru	0
telemicrofone	tɛlɛmikrɔfɔnɨ	telɨmikrufonɨ	t[ɛ]l[ɛ]mikr[ɔ]f[ɔ]nɨ	t[e]l[ɨ]mikr[u]f[o]nɨ	0
telemultibanco	tɛlɛmuɫtibɐ̃ku	telɨmuɫtibɐ̃nku	t[ɛ]l[ɛ]muɫtibɐ̃[]ku	t[e]l[ɨ]muɫtibɐ̃[n]ku	0
telencefalização	tɛlẽsɨfɐlizɐsɐ̃w̃	telẽnsefɐlizɐsɐ̃w̃	t[ɛ]lẽsɨfɐlizɐ[s]ɐ̃[w]̃[]	t[e]lẽnsefɐli[z]ɐs[ɐ]̃w[̃]	0
telencéfalo	tɛlẽsɛfɐlu	telẽnsɛfɐlu	t[ɛ]lẽsɛfɐlu[]	t[e]lẽnsɛfɐl[u]	0
telenovela	tɛlɛnuvɛlɐ	telɨnuvɛlɐ	t[ɛ]l[ɛ]nuvɛlɐ	t[e]l[ɨ]nuvɛlɐ	0
teleobjectiva	tɛlɛɔbʒɛtivɐ	teliubʒɛtivɐ	t[ɛ]lɛ[ɔ]bʒɛtivɐ	t[e]li[u]bʒɛtivɐ	0
teleobjetiva	tɛlɛɔbʒɛtivɐ	teliubʒɨtivɐ	t[ɛ]lɛ[ɔ]bʒ[ɛ]tivɐ	t[e]li[u]bʒ[ɨ]tivɐ	0
teleologia	tɛljuluʒiɐ	teliuluʒiɐ	t[ɛ]l[j]uluʒiɐ	t[e]l[i]uluʒiɐ	0
teleológico	tɛljulɔʒiku	teliulɔʒiku	t[ɛ]l[j]ulɔʒiku	t[e]l[i]ulɔʒiku	0
teleossáurio	tɛljɔsawrju	teliusawriw	t[ɛ]lj[ɔ]sawrj[u]	t[e]li[u]sawri[w]	0
teleponto	tɛlɛpõtu	telɨpõntu	t[ɛ]l[ɛ]põtu[]	t[e]l[ɨ]põnt[u]	0
teleprocessamento	tɛlɛprusɨsɐmẽtu	telɨprusɨsɐmẽntu	t[ɛ]l[ɛ]prusɨsɐmẽtu[]	t[e]l[ɨ]prusɨsɐmẽnt[u]	0
teleprojéctil	tɛlɛpruʒɛtiɫ	telɨpruʒɛtiɫ	t[ɛ]l[ɛ]pruʒɛtiɫ	t[e]l[ɨ]pruʒɛtiɫ	0
teleprojétil	tɛlɛpruʒɛtiɫ	telɨpruʒɛtiɫ	t[ɛ]l[ɛ]pruʒɛtiɫ	t[e]l[ɨ]pruʒɛtiɫ	0
telerreceptor	tɛlɛʀɨsɛptor	telɨʀesɨptor	t[ɛ]l[ɛ]ʀ[ɨ]s[ɛ]ptor	t[e]l[ɨ]ʀ[e]s[ɨ]ptor	0
telerrecetor	tɛlɛʀɨsɛtor	telɨʀesɨtor	t[ɛ]l[ɛ]ʀ[ɨ]s[ɛ]tor	t[e]l[ɨ]ʀ[e]s[ɨ]tor	0
telescola	tɛlɛʃkɔlɐ	telɨʃkɔlɐ	t[ɛ]l[ɛ]ʃkɔlɐ	t[e]l[ɨ]ʃkɔlɐ	0
telescritor	tɛlɛʃkritor	telɨʃkritor	t[ɛ]l[ɛ]ʃkritor	t[e]l[ɨ]ʃkritor	0
teleski	tɛlɛski	telɨʃki	t[ɛ]lɛ[s]ki	t[e]lɨ[ʃ]ki	0
telespectador	tɛlɛʃpɛktɐdor	telɨʃpɛtɐdor	t[ɛ]l[ɛ]ʃpɛ[k]tɐdor	t[e]l[ɨ]ʃpɛ[]tɐdor	0
telespetador	tɛlɛʃpɛtɐdor	telɨʃpetɐdor	t[ɛ]l[ɛ]ʃp[ɛ]tɐdor	t[e]l[ɨ]ʃp[e]tɐdor	0
telesqui	tɛlɛʃki	telɨʃki	t[ɛ]l[ɛ]ʃki	t[e]l[ɨ]ʃki	0
telesserviço	tɛlɛsɨrvisu	telɨsɨrvisu	t[ɛ]l[ɛ]sɨrvisu	t[e]l[ɨ]sɨrvisu	0
telessismógrafo	tɛlɛsiʒmɔɡrɐfu	telɨsiʒmɔɡrɐfu	t[ɛ]l[ɛ]siʒmɔɡrɐfu	t[e]l[ɨ]siʒmɔɡrɐfu	0
telessismo	tɛlɛsiʒmu	telɨsiʒmu	t[ɛ]l[ɛ]siʒmu	t[e]l[ɨ]siʒmu	0
telessonda	tɛlɛsõdɐ	telɨsõndɐ	t[ɛ]l[ɛ]sõdɐ[]	t[e]l[ɨ]sõnd[ɐ]	0
telestereógrafo	tɛlɛʃtɛrjɔɡrɐfu	telɨʃterɨɔɡrɐfu	t[ɛ]l[ɛ]ʃt[ɛ]r[j]ɔɡrɐfu	t[e]l[ɨ]ʃt[e]r[ɨ]ɔɡrɐfu	0
telestereoscópio	tɛlɛʃtɛrjɔʃkɔpju	telɨʃteriuʃkɔpju	t[ɛ]l[ɛ]ʃt[ɛ]rj[ɔ]ʃkɔpju	t[e]l[ɨ]ʃt[e]ri[u]ʃkɔpju	0
teletexto	tɛlɛtɐjʃtu	telɨteʃtu	t[ɛ]l[ɛ]tɐ[j]ʃtu	t[e]l[ɨ]te[]ʃtu	0
teletrabalhador	tɛlɛtrɐbɐʎɐdor	telɨtrɐbɐʎɐdor	t[ɛ]l[ɛ]trɐbɐʎɐdor	t[e]l[ɨ]trɐbɐʎɐdor	0
teletrabalhar	tɛlɛtrɐbɐʎar	telɨtrɐbɐʎar	t[ɛ]l[ɛ]trɐbɐʎar	t[e]l[ɨ]trɐbɐʎar	0
teletrabalho	tɛlɛtrɐbaʎu	telɨtrɐbaʎu	t[ɛ]l[ɛ]trɐbaʎu	t[e]l[ɨ]trɐbaʎu	0
teletransportar	tɛlɛtrɐ̃ʃpurtar	telɨtrɐ̃nʃpurtar	t[ɛ]l[ɛ]trɐ̃[]ʃpurtar	t[e]l[ɨ]trɐ̃[n]ʃpurtar	0
televenda	tɛlɛvẽdɐ	telɨvẽndɐ	t[ɛ]l[ɛ]vẽdɐ[]	t[e]l[ɨ]vẽnd[ɐ]	0
telexar	tɛlɛksar	telɨksar	t[ɛ]l[ɛ]ksar	t[e]l[ɨ]ksar	0
telexista	tɛlɛksiʃtɐ	telɨksiʃtɐ	t[ɛ]l[ɛ]ksiʃtɐ	t[e]l[ɨ]ksiʃtɐ	0
telimpressor	tɛlĩprɨsor	telĩmprɨsor	t[ɛ]lĩprɨsor[]	t[e]lĩmprɨso[r]	0
telolecítico	tɛlɔlɨsitiku	telulɨsitiku	t[ɛ]l[ɔ]lɨsitiku	t[e]l[u]lɨsitiku	0
telolécito	tɛlɔlɛsitu	telulɛsitu	t[ɛ]l[ɔ]lɛsitu	t[e]l[u]lɛsitu	0
telorragia	tɛlɔʀɐʒiɐ	teluʀɐʒiɐ	t[ɛ]l[ɔ]ʀɐʒiɐ	t[e]l[u]ʀɐʒiɐ	0
tenectomia	tɛnɛktumiɐ	tenɛtumiɐ	t[ɛ]nɛ[k]tumiɐ	t[e]nɛ[]tumiɐ	0
tenicida	tɛnisidɐ	tenisidɐ	t[ɛ]nisidɐ	t[e]nisidɐ	0
teniobrânquio	tɛnjɔbrɐ̃kju	teniubrɐ̃nkiw	t[ɛ]nj[ɔ]brɐ̃[]kj[u]	t[e]ni[u]brɐ̃[n]ki[w]	0
tenopatia	tɛnɔpɐtiɐ	tenupɐtiɐ	t[ɛ]n[ɔ]pɐtiɐ	t[e]n[u]pɐtiɐ	0
tenotomia	tɛnɔtumiɐ	tenutumiɐ	t[ɛ]n[ɔ]tumiɐ	t[e]n[u]tumiɐ	0
tenotômico	tɛnɔtomiku	tenutomiku	t[ɛ]n[ɔ]tomiku	t[e]n[u]tomiku	0
tenotómico	tɛnɔtɔmiku	tenutɔmiku	t[ɛ]n[ɔ]tɔmiku	t[e]n[u]tɔmiku	0
tepetepe	tɛpɨtɛpɨ	tepɨtɛpɨ	t[ɛ]pɨtɛpɨ	t[e]pɨtɛpɨ	0
terciopelo	tɛrsjupelu	tersiupɛlu	t[ɛ]rs[j]up[e]lu	t[e]rs[i]up[ɛ]lu	0
terciopeludo	tɛrsjupɨludu	tersiupɨludu	t[ɛ]rs[j]upɨludu	t[e]rs[i]upɨludu	0
teriodontes	tɛrjɔdõtɨʃ	teriudõntɨʃ	t[ɛ]rj[ɔ]dõtɨʃ[]	t[e]ri[u]dõntɨ[ʃ]	0
termas	termɐʃ	tɛrmɐʃ	t[e]rmɐʃ	t[ɛ]rmɐʃ	0
terma	termɐ	tɛrmɐ	t[e]rmɐ	t[ɛ]rmɐ	0
termelectricidade	tɛrmilɛtrisidadɨ	termɨlɛtrisidadɨ	t[ɛ]rm[i]lɛtrisidadɨ	t[e]rm[ɨ]lɛtrisidadɨ	0
termeléctrico	tɛrmilɛtriku	termɨlɛtriku	t[ɛ]rm[i]lɛtriku	t[e]rm[ɨ]lɛtriku	0
termeletricidade	tɛrmilɛtrisidadɨ	termɨletrisidadɨ	t[ɛ]rm[i]l[ɛ]trisidadɨ	t[e]rm[ɨ]l[e]trisidadɨ	0
termelétrico	tɛrmilɛtriku	termɨlɛtriku	t[ɛ]rm[i]lɛtriku	t[e]rm[ɨ]lɛtriku	0
termestesia	tɛrmɨʃtɨziɐ	termɨʃtɨziɐ	t[ɛ]rmɨʃtɨziɐ	t[e]rmɨʃtɨziɐ	0
termiônica	tɛrmjonikɐ	termjonikɐ	t[ɛ]rmjonikɐ	t[e]rmjonikɐ	0
termiónica	tɛrmjɔnikɐ	termiɔnikɐ	t[ɛ]rm[j]ɔnikɐ	t[e]rm[i]ɔnikɐ	0
termiônico	tɛrmjoniku	termjoniku	t[ɛ]rmjoniku	t[e]rmjoniku	0
termiónico	tɛrmjɔniku	termiɔniku	t[ɛ]rm[j]ɔniku	t[e]rm[i]ɔniku	0
termíon	tɛrmiɔn	termiõm	t[ɛ]rmiɔn[]	t[e]rmiõ[m]	0
termoacumulador	tɛrmɔɐkumulɐdor	termuɐkumulɐdor	t[ɛ]rm[ɔ]ɐkumulɐdor	t[e]rm[u]ɐkumulɐdor	0
termobarômetro	tɛrmɔbɐromɨtru	termubɐromɨtru	t[ɛ]rm[ɔ]bɐromɨtru	t[e]rm[u]bɐromɨtru	0
termobarómetro	tɛrmɔbɐrɔmɨtru	termubɐrɔmɨtru	t[ɛ]rm[ɔ]bɐrɔmɨtru	t[e]rm[u]bɐrɔmɨtru	0
termocautério	tɛrmɔkawtɛrju	termukawtɛrju	t[ɛ]rm[ɔ]kawtɛrju	t[e]rm[u]kawtɛrju	0
termoclastia	tɛrmɔklɐʃtiɐ	termuklɐʃtiɐ	t[ɛ]rm[ɔ]klɐʃtiɐ	t[e]rm[u]klɐʃtiɐ	0
termodieléctrico	tɛrmɔdiilɛtriku	termudiɨlɛtriku	t[ɛ]rm[ɔ]di[i]lɛtriku	t[e]rm[u]di[ɨ]lɛtriku	0
termodielétrico	tɛrmɔdiilɛtriku	termudiɨlɛtriku	t[ɛ]rm[ɔ]di[i]lɛtriku	t[e]rm[u]di[ɨ]lɛtriku	0
termodinâmica	tɛrmɔdinɐmikɐ	termudinɐ̃mikɐ	t[ɛ]rm[ɔ]dinɐ[]mikɐ	t[e]rm[u]dinɐ[̃]mikɐ	0
termodinâmico	tɛrmɔdinɐmiku	termudinɐ̃miku	t[ɛ]rm[ɔ]dinɐ[]miku	t[e]rm[u]dinɐ[̃]miku	0
termoelectricidade	tɛrmɔilɛtrisidadɨ	termuelɛtrisidadɨ	t[ɛ]rmɔ[i]lɛtrisidadɨ	t[e]rmu[e]lɛtrisidadɨ	0
termoeléctrico	tɛrmɔilɛtriku	termuɨlɛtriku	t[ɛ]rmɔ[i]lɛtriku	t[e]rmu[ɨ]lɛtriku	0
termoeletricidade	tɛrmɔilɛtrisidadɨ	termuelɨtrisidadɨ	t[ɛ]rmɔ[i]l[ɛ]trisidadɨ	t[e]rmu[e]l[ɨ]trisidadɨ	0
termoelétrico	tɛrmɔilɛtriku	termuɨlɛtriku	t[ɛ]rmɔ[i]lɛtriku	t[e]rmu[ɨ]lɛtriku	0
termofobia	tɛrmɔfubiɐ	termufubiɐ	t[ɛ]rm[ɔ]fubiɐ	t[e]rm[u]fubiɐ	0
termofusível	tɛrmɔfuzivɛɫ	termufuzivɛɫ	t[ɛ]rm[ɔ]fuzivɛɫ	t[e]rm[u]fuzivɛɫ	0
termogêneo	tɛrmɔʒenju	termuʒeniw	t[ɛ]rm[ɔ]ʒenj[u]	t[e]rm[u]ʒeni[w]	0
termogéneo	tɛrmɔʒɛnju	termuʒɛniw	t[ɛ]rm[ɔ]ʒɛnj[u]	t[e]rm[u]ʒɛni[w]	0
termogênese	tɛrmɔʒenɨzɨ	termuʒenɨzɨ	t[ɛ]rm[ɔ]ʒenɨzɨ	t[e]rm[u]ʒenɨzɨ	0
termogénese	tɛrmɔʒɛnɨzɨ	termuʒɛnɨzɨ	t[ɛ]rm[ɔ]ʒɛnɨzɨ	t[e]rm[u]ʒɛnɨzɨ	0
termogenia	tɛrmɔʒɨniɐ	termuʒɨniɐ	t[ɛ]rm[ɔ]ʒɨniɐ	t[e]rm[u]ʒɨniɐ	0
termogênico	tɛrmɔʒeniku	termuʒeniku	t[ɛ]rm[ɔ]ʒeniku	t[e]rm[u]ʒeniku	0
termogénico	tɛrmɔʒɛniku	termuʒɛniku	t[ɛ]rm[ɔ]ʒɛniku	t[e]rm[u]ʒɛniku	0
termograma	tɛrmɔɡrɐmɐ	termuɡrɐ̃mɐ	t[ɛ]rm[ɔ]ɡrɐ[]mɐ	t[e]rm[u]ɡrɐ[̃]mɐ	0
termolábil	tɛrmɔlabiɫ	termulabiɫ	t[ɛ]rm[ɔ]labiɫ	t[e]rm[u]labiɫ	0
termomagnético	tɛrmɔmaɡnɛtiku	termumɐɡnɛtiku	t[ɛ]rm[ɔ]m[a]ɡnɛtiku	t[e]rm[u]m[ɐ]ɡnɛtiku	0
termomagnetismo	tɛrmɔmaɡnɨtiʒmu	termumɐɡnɨtiʒmu	t[ɛ]rm[ɔ]m[a]ɡnɨtiʒmu	t[e]rm[u]m[ɐ]ɡnɨtiʒmu	0
termomanômetro	tɛrmɔmɐnomɨtru	termumɐnomɨtru	t[ɛ]rm[ɔ]mɐnomɨtru	t[e]rm[u]mɐnomɨtru	0
termomanómetro	tɛrmɔmɐnɔmɨtru	termumɐnɔmɨtru	t[ɛ]rm[ɔ]mɐnɔmɨtru	t[e]rm[u]mɐnɔmɨtru	0
termometamorfismo	tɛrmɔmɨtɐmurfiʒmu	termumetɐmurfiʒmu	t[ɛ]rm[ɔ]m[ɨ]tɐmurfiʒmu	t[e]rm[u]m[e]tɐmurfiʒmu	0
termometria	tɛrmɔmɨtriɐ	termumɨtriɐ	t[ɛ]rm[ɔ]mɨtriɐ	t[e]rm[u]mɨtriɐ	0
termométrico	tɛrmɔmɛtriku	termumɛtriku	t[ɛ]rm[ɔ]mɛtriku	t[e]rm[u]mɛtriku	0
termometrógrafo	tɛrmɔmɨtrɔɡrɐfu	termumɨtrɔɡrɐfu	t[ɛ]rm[ɔ]mɨtrɔɡrɐfu	t[e]rm[u]mɨtrɔɡrɐfu	0
termomultiplicador	tɛrmɔmuɫtiplikɐdor	termumuɫtiplikɐdor	t[ɛ]rm[ɔ]muɫtiplikɐdor	t[e]rm[u]muɫtiplikɐdor	0
termonuclear	tɛrmɔnukljar	termunukliar	t[ɛ]rm[ɔ]nukl[j]ar	t[e]rm[u]nukl[i]ar	0
termopar	tɛrmɔpar	termupar	t[ɛ]rm[ɔ]par	t[e]rm[u]par	0
termopilha	tɛrmɔpiʎɐ	termupiʎɐ	t[ɛ]rm[ɔ]piʎɐ	t[e]rm[u]piʎɐ	0
termoplástico	tɛrmɔplaʃtiku	termuplaʃtiku	t[ɛ]rm[ɔ]plaʃtiku	t[e]rm[u]plaʃtiku	0
termoquímica	tɛrmɔkimikɐ	termukimikɐ	t[ɛ]rm[ɔ]kimikɐ	t[e]rm[u]kimikɐ	0
termoquímico	tɛrmɔkimiku	termukimiku	t[ɛ]rm[ɔ]kimiku	t[e]rm[u]kimiku	0
termorreceptor	tɛrmɔʀɨsɛptor	termuʀesɨptor	t[ɛ]rm[ɔ]ʀ[ɨ]s[ɛ]ptor	t[e]rm[u]ʀ[e]s[ɨ]ptor	0
termorrecetor	tɛrmɔʀɨsɛtor	termuʀesɨtor	t[ɛ]rm[ɔ]ʀ[ɨ]s[ɛ]tor	t[e]rm[u]ʀ[e]s[ɨ]tor	0
termorregulação	tɛrmɔʀɨɡulɐsɐ̃w̃	termuʀeɡulɐsɐ̃w̃	t[ɛ]rm[ɔ]ʀ[ɨ]ɡulɐsɐ̃w̃	t[e]rm[u]ʀ[e]ɡulɐsɐ̃w̃	0
termorregulador	tɛrmɔʀɨɡulɐdor	termuʀeɡulɐdor	t[ɛ]rm[ɔ]ʀ[ɨ]ɡulɐdor	t[e]rm[u]ʀ[e]ɡulɐdor	0
termorregulável	tɛrmɔʀɨɡulavɛɫ	termuʀeɡulavɛɫ	t[ɛ]rm[ɔ]ʀ[ɨ]ɡulavɛɫ	t[e]rm[u]ʀ[e]ɡulavɛɫ	0
termorresistente	tɛrmɔʀɨziʃtẽtɨ	termuʀeziʃtẽntɨ	t[ɛ]rm[ɔ]ʀ[ɨ]ziʃtẽtɨ[]	t[e]rm[u]ʀ[e]ziʃtẽnt[ɨ]	0
termoscopia	tɛrmɔʃkupiɐ	termuʃkupiɐ	t[ɛ]rm[ɔ]ʃkupiɐ	t[e]rm[u]ʃkupiɐ	0
termoscópico	tɛrmɔʃkɔpiku	termuʃkɔpiku	t[ɛ]rm[ɔ]ʃkɔpiku	t[e]rm[u]ʃkɔpiku	0
termoscópio	tɛrmɔʃkɔpju	termuʃkɔpju	t[ɛ]rm[ɔ]ʃkɔpju	t[e]rm[u]ʃkɔpju	0
termosfera	tɛrmɔʃfɛrɐ	termuʃfɛrɐ	t[ɛ]rm[ɔ]ʃfɛrɐ	t[e]rm[u]ʃfɛrɐ	0
termossifão	tɛrmɔsifɐ̃w̃	termusifɐ̃w̃	t[ɛ]rm[ɔ]sifɐ̃w̃	t[e]rm[u]sifɐ̃w̃	0
termostático	tɛrmɔʃtatiku	termuʃtatiku	t[ɛ]rm[ɔ]ʃtatiku	t[e]rm[u]ʃtatiku	0
termos	tɛrmuʃ	termuʃ	t[ɛ]rmuʃ	t[e]rmuʃ	0
termotactismo	tɛrmɔtɐktiʒmu	termutɐtiʒmu	t[ɛ]rm[ɔ]tɐ[k]tiʒmu	t[e]rm[u]tɐ[]tiʒmu	0
termotatismo	tɛrmɔtɐktiʒmu	termutɐtiʒmu	t[ɛ]rm[ɔ]tɐ[k]tiʒmu	t[e]rm[u]tɐ[]tiʒmu	0
termotaxia	tɛrmɔtaksiɐ	termutɐksiɐ	t[ɛ]rm[ɔ]t[a]ksiɐ	t[e]rm[u]t[ɐ]ksiɐ	0
termoterapia	tɛrmɔtɨrɐpiɐ	termuterɐpiɐ	t[ɛ]rm[ɔ]t[ɨ]rɐpiɐ	t[e]rm[u]t[e]rɐpiɐ	0
termotropismo	tɛrmɔtrupiʒmu	termutrupiʒmu	t[ɛ]rm[ɔ]trupiʒmu	t[e]rm[u]trupiʒmu	0
terninho	tɛrniɲu	terniɲu	t[ɛ]rniɲu	t[e]rniɲu	0
terolero	tɛrulɛru	teruleru	t[ɛ]rul[ɛ]ru	t[e]rul[e]ru	0
teromorfos	tɛrɔmɔrfuʃ	terumorfuʃ	t[ɛ]r[ɔ]m[ɔ]rfuʃ	t[e]r[u]m[o]rfuʃ	0
terpsicórico	tɛrpsikɔriku	terpsikɔriku	t[ɛ]rpsikɔriku	t[e]rpsikɔriku	0
terracota	tɛʀɐkɔtɐ	teʀɐkɔtɐ	t[ɛ]ʀɐkɔtɐ	t[e]ʀɐkɔtɐ	0
terranoveiro	tɛʀɐnuvɐjru	teʀɐnuvɐjru	t[ɛ]ʀɐnuvɐjru	t[e]ʀɐnuvɐjru	0
terraplenado	tɛʀɐplɨnadu	teʀɐplɨnadu	t[ɛ]ʀɐplɨnadu	t[e]ʀɐplɨnadu	0
terraplenagem	tɛʀɐplɨnaʒɐ̃j̃	teʀɐplɨnaʒɐjn	t[ɛ]ʀɐplɨnaʒɐ[̃]j[̃]	t[e]ʀɐplɨnaʒɐ[]j[n]	0
terraplenar	tɛʀɐplɨnar	teʀɐplɨnar	t[ɛ]ʀɐplɨnar	t[e]ʀɐplɨnar	0
terrapleno	tɛʀɐplenu	teʀɐplenu	t[ɛ]ʀɐplenu	t[e]ʀɐplenu	0
terriê	tɛʀje	teʀie	t[ɛ]ʀ[j]e	t[e]ʀ[i]e	0
testosterona	tɛʃtɔʃtɨronɐ	teʃtuʃtɨronɐ	t[ɛ]ʃt[ɔ]ʃtɨronɐ	t[e]ʃt[u]ʃtɨronɐ	0
tetartoedria	tɛtɐrtwɛdriɐ	tetɐrtuɨdriɐ	t[ɛ]tɐrtw[ɛ]driɐ	t[e]tɐrtu[ɨ]driɐ	0
tetartoédrico	tɛtɐrtwɛdriku	tetɐrtuɛdriku	t[ɛ]tɐrt[w]ɛdriku	t[e]tɐrt[u]ɛdriku	0
tetiforme	tɛtifɔrmɨ	tetifɔrmɨ	t[ɛ]tifɔrmɨ	t[e]tifɔrmɨ	0
tetônica	tɛtonikɐ	tetonikɐ	t[ɛ]tonikɐ	t[e]tonikɐ	0
tetônico	tɛtoniku	tetoniku	t[ɛ]toniku	t[e]toniku	0
tetraborato	tɛtrɐburatu	tetrɐburatu	t[ɛ]trɐburatu	t[e]trɐburatu	0
tetrabórico	tɛtrɐbɔriku	tetrɐbɔriku	t[ɛ]trɐbɔriku	t[e]trɐbɔriku	0
tetrabranquiado	tɛtrɐbrɐ̃kjadu	tetrɐbrɐ̃nkiadu	t[ɛ]trɐbrɐ̃[]k[j]adu	t[e]trɐbrɐ̃[n]k[i]adu	0
tetracampeão	tɛtrɐkɐ̃pjɐ̃w̃	tetrɐkɐ̃mpiɐ̃w̃	t[ɛ]trɐkɐ̃[]p[j]ɐ̃w̃	t[e]trɐkɐ̃[m]p[i]ɐ̃w̃	0
tetracampeonato	tɛtrɐkɐ̃pjunatu	tetrɐkɐ̃mpiunatu	t[ɛ]trɐkɐ̃[]p[j]unatu	t[e]trɐkɐ̃[m]p[i]unatu	0
tetracarpo	tɛtrɐkarpu	tetrɐkarpu	t[ɛ]trɐkarpu	t[e]trɐkarpu	0
tetracentráceas	tɛtrɐsẽtrasjɐʃ	tetrɐsẽntrasiɐʃ	t[ɛ]trɐsẽtrasjɐʃ[]	t[e]trɐsẽntrasiɐ[ʃ]	0
tetraciclina	tɛtrɐsiklinɐ	tetrɐsiklinɐ	t[ɛ]trɐsiklinɐ	t[e]trɐsiklinɐ	0
tetracorde	tɛtrɐkɔrdɨ	tetrɐkɔrdɨ	t[ɛ]trɐkɔrdɨ	t[e]trɐkɔrdɨ	0
tetracórdio	tɛtrɐkɔrdju	tetrɐkɔrdju	t[ɛ]trɐkɔrdju	t[e]trɐkɔrdju	0
tetracordo	tɛtrɐkɔrdu	tetrɐkordu	t[ɛ]trɐk[ɔ]rdu	t[e]trɐk[o]rdu	0
tetracromia	tɛtrɐkrumiɐ	tetrɐkrumiɐ	t[ɛ]trɐkrumiɐ	t[e]trɐkrumiɐ	0
tetractinídeo	tɛtrɐktinidju	tetrɐtinidiw	t[ɛ]trɐ[k]tinidj[u]	t[e]trɐ[]tinidi[w]	0
tetradactilia	tɛtrɐdɐktiliɐ	tetrɐdɐtiliɐ	t[ɛ]trɐdɐ[k]tiliɐ	t[e]trɐdɐ[]tiliɐ	0
tetradáctilo	tɛtrɐdaktilu	tetrɐdatilu	t[ɛ]trɐda[k]tilu	t[e]trɐda[]tilu	0
tetradatilia	tɛtrɐdɐtiliɐ	tetrɐdɐtiliɐ	t[ɛ]trɐdɐtiliɐ	t[e]trɐdɐtiliɐ	0
tetradátilo	tɛtrɐdatilu	tetrɐdatilu	t[ɛ]trɐdatilu	t[e]trɐdatilu	0
tetradinâmico	tɛtrɐdinɐmiku	tetrɐdinɐ̃miku	t[ɛ]trɐdinɐ[]miku	t[e]trɐdinɐ[̃]miku	0
tetraédrico	tɛtrɐɛdriku	tetrɐɛdriku	t[ɛ]trɐɛdriku	t[e]trɐɛdriku	0
tetraedrita	tɛtrɐɛdritɐ	tetrɐɨdritɐ	t[ɛ]trɐ[ɛ]dritɐ	t[e]trɐ[ɨ]dritɐ	0
tetraedrite	tɛtrɐɛdritɨ	tetrɐɨdritɨ	t[ɛ]trɐ[ɛ]dritɨ	t[e]trɐ[ɨ]dritɨ	0
tetraedro	tɛtrɐɛdru	tetrɐɛdru	t[ɛ]trɐɛdru	t[e]trɐɛdru	0
tetráfido	tɛtrɐfidu	tetrafidu	t[ɛ]tr[ɐ]fidu	t[e]tr[a]fidu	0
tetrafilo	tɛtrɐfilu	tetrɐfilu	t[ɛ]trɐfilu	t[e]trɐfilu	0
tetragonal	tɛtrɐɡunaɫ	tetrɐɡunaɫ	t[ɛ]trɐɡunaɫ	t[e]trɐɡunaɫ	0
tetragônio	tɛtrɐɡonju	tetrɐɡonju	t[ɛ]trɐɡonju	t[e]trɐɡonju	0
tetragónio	tɛtrɐɡɔnju	tetrɐɡɔnju	t[ɛ]trɐɡɔnju	t[e]trɐɡɔnju	0
tetragonocéfalo	tɛtrɐɡunɔsɛfɐlu	tetrɐɡunusɛfɐlu	t[ɛ]trɐɡun[ɔ]sɛfɐlu	t[e]trɐɡun[u]sɛfɐlu	0
tetrágono	tɛtraɡunu	tetraɡunu	t[ɛ]traɡunu	t[e]traɡunu	0
tetragrama	tɛtrɐɡrɐmɐ	tetrɐɡrɐ̃mɐ	t[ɛ]trɐɡrɐ[]mɐ	t[e]trɐɡrɐ[̃]mɐ	0
tetralogia	tɛtrɐluʒiɐ	tetrɐluʒiɐ	t[ɛ]trɐluʒiɐ	t[e]trɐluʒiɐ	0
tetralógico	tɛtrɐlɔʒiku	tetrɐlɔʒiku	t[ɛ]trɐlɔʒiku	t[e]trɐlɔʒiku	0
tetrâmetro	tɛtrɐmɨtru	tetrɐ̃mɨtru	t[ɛ]trɐ[]mɨtru	t[e]trɐ[̃]mɨtru	0
tetrandria	tɛtrɐ̃driɐ	tetrɐ̃ndriɐ	t[ɛ]trɐ̃[]driɐ	t[e]trɐ̃[n]driɐ	0
tetrândria	tɛtrɐ̃drjɐ	tetrɐ̃ndriɐ	t[ɛ]trɐ̃[]dr[j]ɐ	t[e]trɐ̃[n]dr[i]ɐ	0
tetrandro	tɛtrɐ̃dru	tetrɐ̃ndru	t[ɛ]trɐ̃[]dru	t[e]trɐ̃[n]dru	0
tetraneto	tɛtrɐnɛtu	tetrɐnɛtu	t[ɛ]trɐnɛtu	t[e]trɐnɛtu	0
tetraonídeos	tɛtrɐunidjuʃ	tetrɐunidiwʃ	t[ɛ]trɐunidj[u]ʃ	t[e]trɐunidi[w]ʃ	0
tetraonídeo	tɛtrɐunidju	tetrɐunidiw	t[ɛ]trɐunidj[u]	t[e]trɐunidi[w]	0
tetrapétalo	tɛtrɐpɛtɐlu	tetrɐpɛtɐlu	t[ɛ]trɐpɛtɐlu	t[e]trɐpɛtɐlu	0
tetraplegia	tɛtrɐplɛʒiɐ	tetrɐplɨʒiɐ	t[ɛ]trɐpl[ɛ]ʒiɐ	t[e]trɐpl[ɨ]ʒiɐ	0
tetraplégico	tɛtrɐplɛʒiku	tetrɐplɛʒiku	t[ɛ]trɐplɛʒiku	t[e]trɐplɛʒiku	0
tetraploide	tɛtrɐplɔjdɨ	tetrɐplɔjdɨ	t[ɛ]trɐplɔjdɨ	t[e]trɐplɔjdɨ	0
tetraplóide	tɛtrɐplɔjdɨ	tetrɐplɔjdɨ	t[ɛ]trɐplɔjdɨ	t[e]trɐplɔjdɨ	0
tetraploidia	tɛtrɐplɔjdiɐ	tetrɐplojdiɐ	t[ɛ]trɐpl[ɔ]jdiɐ	t[e]trɐpl[o]jdiɐ	0
tetraquênio	tɛtrɐkenju	tetrɐkwẽnju	t[ɛ]trɐk[]e[]nju	t[e]trɐk[w]e[̃]nju	0
tetraquénio	tɛtrɐkɛnju	tetrɐkɛnju	t[ɛ]trɐkɛnju	t[e]trɐkɛnju	0
tetrarcado	tɛtrɐrkadu	tetrɐrkadu	t[ɛ]trɐrkadu	t[e]trɐrkadu	0
tetrarquia	tɛtrɐrkiɐ	tetrɐrkiɐ	t[ɛ]trɐrkiɐ	t[e]trɐrkiɐ	0
tetrarritmo	tɛtrɐʀitmu	tetrɐʀitmu	t[ɛ]trɐʀitmu	t[e]trɐʀitmu	0
tetraspermo	tɛtrɐʃpɛrmu	tetrɐʃpermu	t[ɛ]trɐʃp[ɛ]rmu	t[e]trɐʃp[e]rmu	0
tetrasporáceas	tɛtrɐʃpurasjɐʃ	tetrɐʃpurasiɐʃ	t[ɛ]trɐʃpuras[j]ɐʃ	t[e]trɐʃpuras[i]ɐʃ	0
tetrasporácea	tɛtrɐʃpurasjɐ	tetrɐʃpurasiɐ	t[ɛ]trɐʃpuras[j]ɐ	t[e]trɐʃpuras[i]ɐ	0
tetrasporângio	tɛtrɐʃpurɐ̃ʒju	tetrɐʃpurɐ̃nʒju	t[ɛ]trɐʃpurɐ̃[]ʒju	t[e]trɐʃpurɐ̃[n]ʒju	0
tetrasporófita	tɛtrɐʃpurɔfitɐ	tetrɐʃpurɔfitɐ	t[ɛ]trɐʃpurɔfitɐ	t[e]trɐʃpurɔfitɐ	0
tetrasporófito	tɛtrɐʃpurɔfitu	tetrɐʃpurɔfitu	t[ɛ]trɐʃpurɔfitu	t[e]trɐʃpurɔfitu	0
tetrassépalo	tɛtrɐsɛpɐlu	tetrɐsɛpɐlu	t[ɛ]trɐsɛpɐlu	t[e]trɐsɛpɐlu	0
tetrassilábico	tɛtrɐsilabiku	tetrɐsilabiku	t[ɛ]trɐsilabiku	t[e]trɐsilabiku	0
tetrassílabo	tɛtrɐsilɐbu	tetrɐsilɐbu	t[ɛ]trɐsilɐbu	t[e]trɐsilɐbu	0
tetrastêmone	tɛtrɐʃtemunɨ	tetrɐʃtemunɨ	t[ɛ]trɐʃtemunɨ	t[e]trɐʃtemunɨ	0
tetrastémone	tɛtrɐʃtɛmunɨ	tetrɐʃtɛmunɨ	t[ɛ]trɐʃtɛmunɨ	t[e]trɐʃtɛmunɨ	0
tetrastilo	tɛtrɐʃtilu	tetrɐʃtilu	t[ɛ]trɐʃtilu	t[e]trɐʃtilu	0
tetratômico	tɛtrɐtomiku	tetrɐtomiku	t[ɛ]trɐtomiku	t[e]trɐtomiku	0
tetratómico	tɛtrɐtɔmiku	tetrɐtɔmiku	t[ɛ]trɐtɔmiku	t[e]trɐtɔmiku	0
tetravalente	tɛtrɐvɐlẽtɨ	tetrɐvɐlẽntɨ	t[ɛ]trɐvɐlẽtɨ[]	t[e]trɐvɐlẽnt[ɨ]	0
tetravô	tɛtrɐvo	tetrɐvo	t[ɛ]trɐvo	t[e]trɐvo	0
tetravó	tɛtrɐvɔ	tetrɐvɔ	t[ɛ]trɐvɔ	t[e]trɐvɔ	0
tetricidade	tɛtrisidadɨ	tetrisidadɨ	t[ɛ]trisidadɨ	t[e]trisidadɨ	0
tetroftalmo	tɛtrɔftaɫmu	tetruftaɫmu	t[ɛ]tr[ɔ]ftaɫmu	t[e]tr[u]ftaɫmu	0
tetróxido	tɛtrɔksidu	tetrɔksidu	t[ɛ]trɔksidu	t[e]trɔksidu	0
tinelo	tinelu	tinɛlu	tin[e]lu	tin[ɛ]lu	0
tirete	tiretɨ	tirɛtɨ	tir[e]tɨ	tir[ɛ]tɨ	0
toleta	tuletɐ	tulɛtɐ	tul[e]tɐ	tul[ɛ]tɐ	0
tomadete	tumɐdetɨ	tumɐdɛtɨ	tumɐd[e]tɨ	tumɐd[ɛ]tɨ	0
tonelete	tunɨletɨ	tunɨlɛtɨ	tunɨl[e]tɨ	tunɨl[ɛ]tɨ	0
topeta	tupetɐ	tupɛtɐ	tup[e]tɐ	tup[ɛ]tɐ	0
tortumelo	turtumelu	turtumɛlu	turtum[e]lu	turtum[ɛ]lu	0
toutelo	towtelu	towtɛlu	towt[e]lu	towt[ɛ]lu	0
trabuquete	trɐbuketɨ	trɐbukɛtɨ	trɐbuk[e]tɨ	trɐbuk[ɛ]tɨ	0
tramelo	trɐmelu	trɐmɛlu	trɐm[e]lu	trɐm[ɛ]lu	0
trasfego	trɐʃfeɡu	trɐʃfɛɡu	trɐʃf[e]ɡu	trɐʃf[ɛ]ɡu	0
trefo	trefu	trɛfu	tr[e]fu	tr[ɛ]fu	0
treme-mão	trɛmɨmɐ̃w̃	tremɨmɐ̃w̃	tr[ɛ]mɨmɐ̃w̃	tr[e]mɨmɐ̃w̃	0
tremolo	trɛmolo	tremolo	tr[ɛ]molo	tr[e]molo	0
tri-hebdomadário	triɛbdumɐdarju	triebdumɐdarju	tri[ɛ]bdumɐdarju	tri[e]bdumɐdarju	0
tripleto	tripletu	triplɛtu	tripl[e]tu	tripl[ɛ]tu	0
trirregno	trirɛɡnu	triʀeɡnu	trir[ɛ]ɡnu	triʀ[e]ɡnu	0
trirreme	triʀɛmɨ	triʀemɨ	triʀ[ɛ]mɨ	triʀ[e]mɨ	0
trispermo	triʃpɛrmu	triʃpermu	triʃp[ɛ]rmu	triʃp[e]rmu	0
tropeço	trupesu	trupɛsu	trup[e]su	trup[ɛ]su	0
troquel	trukɛɫ	trukeɫ	truk[ɛ]ɫ	truk[e]ɫ	0
troquiter	trukitɛr	trukiter	trukit[ɛ]r	trukit[e]r	0
tseco	tseku	tsɛku	ts[e]ku	ts[ɛ]ku	0
tuniquete	tuniketɨ	tunikɛtɨ	tunik[e]tɨ	tunik[ɛ]tɨ	0
unipene	unipɛnɨ	unipenɨ	unip[ɛ]nɨ	unip[e]nɨ	0
unirreme	uniʀɛmɨ	uniʀemɨ	uniʀ[ɛ]mɨ	uniʀ[e]mɨ	0
unispermo	uniʃpɛrmu	uniʃpermu	uniʃp[ɛ]rmu	uniʃp[e]rmu	0
unissexuado	unisɛkswadu	uniseksuadu	unis[ɛ]ks[w]adu	unis[e]ks[u]adu	0
unissexualidade	unisɛkswɐlidadɨ	uniseksuɐlidadɨ	unis[ɛ]ks[w]ɐlidadɨ	unis[e]ks[u]ɐlidadɨ	0
unissexualismo	unisɛkswɐliʒmu	uniseksuɐliʒmu	unis[ɛ]ks[w]ɐliʒmu	unis[e]ks[u]ɐliʒmu	0
unissexual	unisɛkswaɫ	uniseksuaɫ	unis[ɛ]ks[w]aɫ	unis[e]ks[u]aɫ	0
ureterografia	urɨtɛruɡrɐfiɐ	urɨteruɡrɐfiɐ	urɨt[ɛ]ruɡrɐfiɐ	urɨt[e]ruɡrɐfiɐ	0
ureterotomia	urɨtɛrɔtumiɐ	urɨterutumiɐ	urɨt[ɛ]r[ɔ]tumiɐ	urɨt[e]r[u]tumiɐ	0
variegação	vɐrjɛɡɐsɐ̃w̃	vɐrieɡɐsɐ̃w̃	vɐrj[ɛ]ɡɐsɐ̃w̃	vɐri[e]ɡɐsɐ̃w̃	0
vedoria	vɛduriɐ	veduriɐ	v[ɛ]duriɐ	v[e]duriɐ	0
vegetoanimal	vɛʒɨtwɐnimaɫ	veʒɨtuɐnimaɫ	v[ɛ]ʒɨt[w]ɐnimaɫ	v[e]ʒɨt[u]ɐnimaɫ	0
vegetomineral	vɛʒɨtuminɨraɫ	veʒɨtuminɨraɫ	v[ɛ]ʒɨtuminɨraɫ	v[e]ʒɨtuminɨraɫ	0
velcro	vɛɫkru	veɫkru	v[ɛ]ɫkru	v[e]ɫkru	0
velhaças	vɛʎasɐʃ	veʎasɐʃ	v[ɛ]ʎasɐʃ	v[e]ʎasɐʃ	0
velhada	vɛʎadɐ	veʎadɐ	v[ɛ]ʎadɐ	v[e]ʎadɐ	0
velharia	vɛʎɐriɐ	veʎɐriɐ	v[ɛ]ʎɐriɐ	v[e]ʎɐriɐ	0
velhice	vɛʎisɨ	veʎisɨ	v[ɛ]ʎisɨ	v[e]ʎisɨ	0
velhinha	vɛʎiɲɐ	veʎiɲɐ	v[ɛ]ʎiɲɐ	v[e]ʎiɲɐ	0
velhinho	vɛʎiɲu	veʎiɲu	v[ɛ]ʎiɲu	v[e]ʎiɲu	0
velhorro	vɛʎoʀu	veʎoʀu	v[ɛ]ʎoʀu	v[e]ʎoʀu	0
velhote	vɛʎɔtɨ	veʎɔtɨ	v[ɛ]ʎɔtɨ	v[e]ʎɔtɨ	0
velhusco	vɛʎuʃku	veʎuʃku	v[ɛ]ʎuʃku	v[e]ʎuʃku	0
velhustro	vɛʎuʃtru	veʎuʃtru	v[ɛ]ʎuʃtru	v[e]ʎuʃtru	0
velinha	vɛliɲɐ	veliɲɐ	v[ɛ]liɲɐ	v[e]liɲɐ	0
verbomaníaco	vɛrbɔmɐniɐku	verbumɐniɐku	v[ɛ]rb[ɔ]mɐniɐku	v[e]rb[u]mɐniɐku	0
verbomania	vɛrbɔmɐniɐ	verbumɐniɐ	v[ɛ]rb[ɔ]mɐniɐ	v[e]rb[u]mɐniɐ	0
verdisseco	verdiseku	verdisɛku	verdis[e]ku	verdis[ɛ]ku	0
vereação	vɛrjɐsɐ̃w̃	veriɐsɐ̃w̃	v[ɛ]r[j]ɐsɐ̃w̃	v[e]r[i]ɐsɐ̃w̃	0
vereador	vɛrjɐdor	veriɐdor	v[ɛ]r[j]ɐdor	v[e]r[i]ɐdor	0
vereamento	vɛrjɐmẽtu	veriɐmẽntu	v[ɛ]r[j]ɐmẽtu[]	v[e]r[i]ɐmẽnt[u]	0
verear	vɛrjar	veriar	v[ɛ]r[j]ar	v[e]r[i]ar	0
verga-de-ouro	verɡɐdowru	vɛrɡɐdɨowru	v[e]rɡɐd[]owru	v[ɛ]rɡɐd[ɨ]owru	0
vergamota	vɛrɡɐmɔtɐ	verɡɐmɔtɐ	v[ɛ]rɡɐmɔtɐ	v[e]rɡɐmɔtɐ	0
verga	verɡɐ	vɛrɡɐ	v[e]rɡɐ	v[ɛ]rɡɐ	0
vermicida	vɛrmisidɐ	vermisidɐ	v[ɛ]rmisidɐ	v[e]rmisidɐ	0
vermiforme	vɛrmifɔrmɨ	vermifɔrmɨ	v[ɛ]rmifɔrmɨ	v[e]rmifɔrmɨ	0
vermilingue	vɛrmilĩɡɨ	vermilĩnɡɨ	v[ɛ]rmilĩɡɨ[]	v[e]rmilĩnɡ[ɨ]	0
vermilíngue	vɛrmilĩɡwɨ	vermilĩnɡwɨ	v[ɛ]rmilĩɡwɨ[]	v[e]rmilĩnɡw[ɨ]	0
vermilíngüe	vɛrmilĩɡwɨ	vermilĩnɡuɨ	v[ɛ]rmilĩɡwɨ[]	v[e]rmilĩnɡu[ɨ]	0
vermute	vɛrmutɨ	vermutɨ	v[ɛ]rmutɨ	v[e]rmutɨ	0
vero	vɛru	veru	v[ɛ]ru	v[e]ru	0
versa	versɐ	vɛrsɐ	v[e]rsɐ	v[ɛ]rsɐ	0
verste	vɛrstɨ	verstɨ	v[ɛ]rstɨ	v[e]rstɨ	0
vertebrocostal	vɛrtɨbrɔkuʃtaɫ	vertɨbrukuʃtaɫ	v[ɛ]rtɨbr[ɔ]kuʃtaɫ	v[e]rtɨbr[u]kuʃtaɫ	0
vertebroilíaco	vɛrtɨbrɔiliɐku	vertɨbrojliɐku	v[ɛ]rtɨbrɔ[i]liɐku	v[e]rtɨbro[j]liɐku	0
very-light	vɛrilajt	verilajt	v[ɛ]rilajt	v[e]rilajt	0
vetação	vɛtɐsɐ̃w̃	vetɐsɐ̃w̃	v[ɛ]tɐsɐ̃w̃	v[e]tɐsɐ̃w̃	0
veteritestamentário	vɛtɨritɨʃtɐmẽtarju	vetɨritɨʃtɐmẽntarju	v[ɛ]tɨritɨʃtɐmẽtarju[]	v[e]tɨritɨʃtɐmẽntarj[u]	0
veterotestamentário	vɛtɨrɔtɨʃtɐmẽtarju	vetɨrutɨʃtɐmẽntarju	v[ɛ]tɨr[ɔ]tɨʃtɐmẽtarju[]	v[e]tɨr[u]tɨʃtɐmẽntarj[u]	0
vetorial	vɛturjaɫ	veturiaɫ	v[ɛ]tur[j]aɫ	v[e]tur[i]aɫ	0
vetorizar	vɛturizar	veturizar	v[ɛ]turizar	v[e]turizar	0
vetrices	vɛtrisɨʃ	vetrisɨʃ	v[ɛ]trisɨʃ	v[e]trisɨʃ	0
vexação	vɛʃɐsɐ̃w̃	veʃɐsɐ̃w̃	v[ɛ]ʃɐsɐ̃w̃	v[e]ʃɐsɐ̃w̃	0
vexador	vɛʃɐdor	veʃɐdor	v[ɛ]ʃɐdor	v[e]ʃɐdor	0
vexado	vɛʃadu	veʃadu	v[ɛ]ʃadu	v[e]ʃadu	0
vexante	vɛʃɐ̃tɨ	veʃɐ̃ntɨ	v[ɛ]ʃɐ̃[]tɨ	v[e]ʃɐ̃[n]tɨ	0
vexativo	vɛʃɐtivu	veʃɐtivu	v[ɛ]ʃɐtivu	v[e]ʃɐtivu	0
vexatório	vɛʃɐtɔrju	veʃɐtɔrju	v[ɛ]ʃɐtɔrju	v[e]ʃɐtɔrju	0
vinagrete	vinɐɡretɨ	vinɐɡrɛtɨ	vinɐɡr[e]tɨ	vinɐɡr[ɛ]tɨ	0
vinhete	viɲetɨ	viɲɛtɨ	viɲ[e]tɨ	viɲ[ɛ]tɨ	0
vitelo	vitelu	vitɛlu	vit[e]lu	vit[ɛ]lu	0
vitripene	vitripɛnɨ	vitripenɨ	vitrip[ɛ]nɨ	vitrip[e]nɨ	0
vivissecionista	vivisɛsjuniʃtɐ	vivisesjuniʃtɐ	vivis[ɛ]sjuniʃtɐ	vivis[e]sjuniʃtɐ	0
weber	vɛbɛr	vɛber	vɛb[ɛ]r	vɛb[e]r	0
webgrafia	wɛbɡrɐfiɐ	webɡrɐfiɐ	w[ɛ]bɡrɐfiɐ	w[e]bɡrɐfiɐ	0
webliografia	wɛbljuɡrɐfiɐ	webliuɡrɐfiɐ	w[ɛ]bl[j]uɡrɐfiɐ	w[e]bl[i]uɡrɐfiɐ	0
webzine	wɛbzinɨ	webzinɨ	w[ɛ]bzinɨ	w[e]bzinɨ	0
welwitschiáceas	vɛlwitʃjasjɐʃ	welwitʃiasiɐʃ	v[ɛ]lwitʃ[j]as[j]ɐʃ	w[e]lwitʃ[i]as[i]ɐʃ	0
werfeniano	vɛrfɨnjɐnu	werfɨniɐ̃nu	v[ɛ]rfɨn[j]ɐ[]nu	w[e]rfɨn[i]ɐ[̃]nu	0
western	wɛstɛrn	wɛstern	wɛst[ɛ]rn	wɛst[e]rn	0
xecado	ʃɛkadu	ʃekadu	ʃ[ɛ]kadu	ʃ[e]kadu	0
xelma	ʃɛɫmɐ	ʃeɫmɐ	ʃ[ɛ]ɫmɐ	ʃ[e]ɫmɐ	0
xenoglossia	ʃɛnɔɡlusiɐ	ʃenuɡlusiɐ	ʃ[ɛ]n[ɔ]ɡlusiɐ	ʃ[e]n[u]ɡlusiɐ	0
xenotransplante	ʃɛnɔtrɐ̃ʃplɐ̃tɨ	ʃenutrɐ̃nʃplɐ̃ntɨ	ʃ[ɛ]n[ɔ]trɐ̃[]ʃplɐ̃[]tɨ	ʃ[e]n[u]trɐ̃[n]ʃplɐ̃[n]tɨ	0
xereca	ʃɛrɛkɐ	ʃerɛkɐ	ʃ[ɛ]rɛkɐ	ʃ[e]rɛkɐ	0
xerga	ʃerɡɐ	ʃɛrɡɐ	ʃ[e]rɡɐ	ʃ[ɛ]rɡɐ	0
xerocopiar	ʃɛrɔkupjar	ʃerukupiar	ʃ[ɛ]r[ɔ]kup[j]ar	ʃ[e]r[u]kup[i]ar	0
xerocópia	ʃɛrɔkɔpjɐ	ʃerukɔpjɐ	ʃ[ɛ]r[ɔ]kɔpjɐ	ʃ[e]r[u]kɔpjɐ	0
xerodermia	ʃɛrɔdɨrmiɐ	ʃerudɨrmiɐ	ʃ[ɛ]r[ɔ]dɨrmiɐ	ʃ[e]r[u]dɨrmiɐ	0
xerodérmico	ʃɛrɔdɛrmiku	ʃerudɛrmiku	ʃ[ɛ]r[ɔ]dɛrmiku	ʃ[e]r[u]dɛrmiku	0
xerofagia	ʃɛrɔfɐʒiɐ	ʃerufɐʒiɐ	ʃ[ɛ]r[ɔ]fɐʒiɐ	ʃ[e]r[u]fɐʒiɐ	0
xerófago	ʃɛrɔfɐɡu	ʃerɔfɐɡu	ʃ[ɛ]rɔfɐɡu	ʃ[e]rɔfɐɡu	0
xerofilia	ʃɛrɔfiliɐ	ʃerufiliɐ	ʃ[ɛ]r[ɔ]filiɐ	ʃ[e]r[u]filiɐ	0
xerofilismo	ʃɛrɔfiliʒmu	ʃerufiliʒmu	ʃ[ɛ]r[ɔ]filiʒmu	ʃ[e]r[u]filiʒmu	0
xerófilo	ʃɛrɔfilu	ʃerɔfilu	ʃ[ɛ]rɔfilu	ʃ[e]rɔfilu	0
xerofitia	ʃɛrɔfitiɐ	ʃerufitiɐ	ʃ[ɛ]r[ɔ]fitiɐ	ʃ[e]r[u]fitiɐ	0
xerofítico	ʃɛrɔfitiku	ʃerufitiku	ʃ[ɛ]r[ɔ]fitiku	ʃ[e]r[u]fitiku	0
xerofitismo	ʃɛrɔfitiʒmu	ʃerufitiʒmu	ʃ[ɛ]r[ɔ]fitiʒmu	ʃ[e]r[u]fitiʒmu	0
xerófito	ʃɛrɔfitu	ʃerɔfitu	ʃ[ɛ]rɔfitu	ʃ[e]rɔfitu	0
xeroftalmia	ʃɛrɔftaɫmiɐ	ʃeruftaɫmiɐ	ʃ[ɛ]r[ɔ]ftaɫmiɐ	ʃ[e]r[u]ftaɫmiɐ	0
xeroftálmico	ʃɛrɔftaɫmiku	ʃeruftaɫmiku	ʃ[ɛ]r[ɔ]ftaɫmiku	ʃ[e]r[u]ftaɫmiku	0
xerografia	ʃɛrɔɡrɐfiɐ	ʃeruɡrɐfiɐ	ʃ[ɛ]r[ɔ]ɡrɐfiɐ	ʃ[e]r[u]ɡrɐfiɐ	0
xerográfico	ʃɛrɔɡrafiku	ʃeruɡrafiku	ʃ[ɛ]r[ɔ]ɡrafiku	ʃ[e]r[u]ɡrafiku	0
xeromórfico	ʃɛrɔmɔrfiku	ʃerumɔrfiku	ʃ[ɛ]r[ɔ]mɔrfiku	ʃ[e]r[u]mɔrfiku	0
xeromorfo	ʃɛrɔmorfu	ʃerumorfu	ʃ[ɛ]r[ɔ]morfu	ʃ[e]r[u]morfu	0
xerorradiografia	ʃɛrɔʀadjuɡrɐfiɐ	ʃeruʀɐdjuɡrɐfiɐ	ʃ[ɛ]r[ɔ]ʀ[a]djuɡrɐfiɐ	ʃ[e]r[u]ʀ[ɐ]djuɡrɐfiɐ	0
xerorradiográfico	ʃɛrɔʀadjuɡrafiku	ʃeruʀɐdjuɡrafiku	ʃ[ɛ]r[ɔ]ʀ[a]djuɡrafiku	ʃ[e]r[u]ʀ[ɐ]djuɡrafiku	0
xerotermo	ʃɛrɔtɛrmu	ʃerutermu	ʃ[ɛ]r[ɔ]t[ɛ]rmu	ʃ[e]r[u]t[e]rmu	0
xerpas	ʃɛrpɐʃ	ʃerpɐʃ	ʃ[ɛ]rpɐʃ	ʃ[e]rpɐʃ	0
xerpa	ʃɛrpɐ	ʃerpɐ	ʃ[ɛ]rpɐ	ʃ[e]rpɐ	0
xeta	ʃetɐ	ʃɛtɐ	ʃ[e]tɐ	ʃ[ɛ]tɐ	0
xexelento	ʃɛʃɛlẽtu	ʃeʃɨlẽntu	ʃ[ɛ]ʃ[ɛ]lẽtu[]	ʃ[e]ʃ[ɨ]lẽnt[u]	0
xipefo	ʃipefu	ʃipɛfu	ʃip[e]fu	ʃip[ɛ]fu	0
xipene	ʃipɛnɨ	ʃipenɨ	ʃip[ɛ]nɨ	ʃip[e]nɨ	0
yekkeniano	jɛkɨnjɐnu	jekɨniɐ̃nu	j[ɛ]kɨn[j]ɐ[]nu	j[e]kɨn[i]ɐ[̃]nu	0
yersiniano	jɛrsinjɐnu	jersiniɐ̃nu	j[ɛ]rsin[j]ɐ[]nu	j[e]rsin[i]ɐ[̃]nu	0
zagalete	zɐɡɐletɨ	zɐɡɐlɛtɨ	zɐɡɐl[e]tɨ	zɐɡɐl[ɛ]tɨ	0
zagaleto	zɐɡɐletu	zɐɡɐlɛtu	zɐɡɐl[e]tu	zɐɡɐl[ɛ]tu	0
zelotipia	zɛlɔtipiɐ	zelutipiɐ	z[ɛ]l[ɔ]tipiɐ	z[e]l[u]tipiɐ	0
zemiobiose	zɛmjɔbjɔzɨ	zemiubiɔzɨ	z[ɛ]mj[ɔ]b[j]ɔzɨ	z[e]mi[u]b[i]ɔzɨ	0
zemiodemia	zɛmjɔdɨmiɐ	zemiudɨmiɐ	z[ɛ]mj[ɔ]dɨmiɐ	z[e]mi[u]dɨmiɐ	0
zequel	zɨkɛɫ	zɨkeɫ	zɨk[ɛ]ɫ	zɨk[e]ɫ	0
zerbo	zerbu	zɛrbu	z[e]rbu	z[ɛ]rbu	0
zesto	zeʃtu	zɛʃtu	z[e]ʃtu	z[ɛ]ʃtu	0
zibeta	zibetɐ	zibɛtɐ	zib[e]tɐ	zib[ɛ]tɐ	0
zostera	zuʃtɛrɐ	zuʃterɐ	zuʃt[ɛ]rɐ	zuʃt[e]rɐ	0
